id,triggerDesc,deviceCategory
2t_0laov,"This Trigger monitors changes in the current weather condition. When one of those conditions is met the Trigger fires. Currently only these simple conditions are supported: Rain, Snow, Cloudy, Clear. ",Light
A8vwSAns,"This Trigger monitors changes in the current weather condition. When one of those conditions is met the Trigger fires. Currently only these simple conditions are supported: Rain, Snow, Cloudy, Clear. ",Light
AAY7cbwT,This trigger monitors the UbiBot device's built-in temperature sensor readings and fires whenever the temperature rises above or drops below the value you provide.,Generic/Other
ACRXkehA,This Trigger monitors your local temperature and fires whenever the temperature drops below the value you provide.,Thermostat/Heating
AEUdqCiL,"This Trigger monitors changes in the current weather condition. When one of those conditions is met the Trigger fires. Currently only these simple conditions are supported: Rain, Snow, Cloudy, Clear. ",Light
AKUGgTua,Send IFTTT any email at trigger@applet.ifttt.com and this Trigger fires. You can optionally add a single file attachment and IFTTT will create a public URL to the file as an Ingredient. This trigger will reject emails with attachments over 30MB.,Light
ASpW3TGQ,This trigger is fired from the assigned pusher on your Festina watch.,Light
ATR9EuDh,"This Trigger monitors changes in the current weather condition. When one of those conditions is met the Trigger fires. Currently only these simple conditions are supported: Rain, Snow, Cloudy, Clear. ",Light
AU5VKeyd,This Trigger monitors your local temperature and fires whenever the temperature drops below the value you provide.,Generic/Other
AY5hUui7,This Trigger monitors your local temperature and fires whenever the temperature drops below the value you provide.,Thermostat/Heating
Aai3n29k,This Trigger monitors your local temperature and fires whenever the temperature drops below the value you provide.,Light
Adrjbe4C,"This Trigger monitors changes in the current weather condition. When one of those conditions is met the Trigger fires. Currently only these simple conditions are supported: Rain, Snow, Cloudy, Clear. ",Generic/Other
Af6v4My5,Send IFTTT an email at trigger@applet.ifttt.com with a hashtag in the subject (e.g. #IFTTT) and this Trigger fires. You can optionally add a single file attachment and IFTTT will create a public URL to the file as an Ingredient.,Generic/Other
AfrNtPsg,This Trigger monitors changes in your thermostat's measured temperature and fires if it exceeds a certain threshold.,Light
AgaFsChz,This Trigger monitors your local temperature and fires whenever the temperature rises above the value you provide.,Generic/Other
AibFT7xn,"A Trigger that monitors changes in your Facebook profile information. It works with these Facebook profile fields: Name, Profile picture, Location, Website, and Bio.",Light
Aq8WnPB7,"This Trigger monitors changes in the current weather condition. When one of those conditions is met the Trigger fires. Currently only these simple conditions are supported: Rain, Snow, Cloudy, Clear. ",Generic/Other
AqMYG5sV,This Trigger monitors your local temperature and fires whenever the temperature drops below the value you provide.,Generic/Other
AuDpdQXz,"This Trigger monitors changes in the current weather condition. When one of those conditions is met the Trigger fires. Currently only these simple conditions are supported: Rain, Snow, Cloudy, Clear. ",Light
B67BTHXb,Send IFTTT any email at trigger@applet.ifttt.com and this Trigger fires. You can optionally add a single file attachment and IFTTT will create a public URL to the file as an Ingredient. ,Generic/Other
BB5AfjJZ,This trigger recommends a new Applet every day at the time you specify.,Light
BHrVPjZx,"This Trigger monitors changes in the current weather condition. When one of those conditions is met the Trigger fires. Currently only these simple conditions are supported: Rain, Snow, Cloudy, Clear. ",Light
BP4wBtDu,The trigger fires when your smoke detector detects a smoke alarm.,Appliance
BVkreEyb,"This Trigger monitors changes in the current weather condition. When one of those conditions is met the Trigger fires. Currently only these simple conditions are supported: Rain, Snow, Cloudy, Clear. ",Light
BZiwd3xV,"This Trigger monitors changes in the current weather condition. When one of those conditions is met the Trigger fires. Currently only these simple conditions are supported: Rain, Snow, Cloudy, Clear. ",Generic/Other
BefRxUhm,"This Trigger monitors changes in the current weather condition. When one of those conditions is met the Trigger fires. Currently only these simple conditions are supported: Rain, Snow, Cloudy, Clear. ",Light
BtQe5y86,Use this trigger to fire something when your electricity price stays above (or below) your set threshold for a minimum length of time in 30-minute blocks.,Thermostat/Heating
BukRc2V6,"This Trigger retrieves tomorrow's weather report within 5 minutes of the time you specify, depending on when forecast data is updated.",Light
C2hr49wt,Use this trigger to fire something when your electricity price falls or rises past your set threshold and between your preferred time settings.,Generic/Other
CA5UipKN,"When Motion Sensor detected motion or no motion, the SwitchBot motion sensor will try to trigger the service.",Generic/Other
CCQgDJ5B,This Trigger monitors your local temperature and fires whenever the temperature drops below the value you provide.,Generic/Other
CCtmbeKy,Ce trigger se déclenche lorsque la plage tarifaire choisie commence dans votre logement.,Light
CafUFMHk,Send IFTTT any email at trigger@applet.ifttt.com and this Trigger fires. You can optionally add a single file attachment and IFTTT will create a public URL to the file as an Ingredient. ,Generic/Other
CpBm9Jz6,This Triggers fires when your smanos system is armed to stay (home) mode with you and/or your family in the house.,Thermostat/Heating
Crpt4hBN,Send IFTTT a tagged SMS by adding a hashtag symbol anywhere in the message (e.g. #IFTTT). ,Generic/Other
CtrxGjRP,Trigger an Applet when the door is unlocked,Light
D2xWMeyF,"This Trigger monitors changes in the current weather condition. When one of those conditions is met the Trigger fires. Currently only these simple conditions are supported: Rain, Snow, Cloudy, Clear. ",Air/Climate
D3NSA7hZ,This Trigger monitors your local temperature and fires whenever the temperature drops below the value you provide.,Light
DAJUBR7F,Device turned on,Appliance
DAw76jUk,Send IFTTT any email at trigger@applet.ifttt.com and this Trigger fires. You can optionally add a single file attachment and IFTTT will create a public URL to the file as an Ingredient. This trigger will reject emails with attachments over 30MB.,Generic/Other
DKcWa2tM,This Trigger monitors your local temperature and fires whenever the temperature rises above the value you provide.,Thermostat/Heating
DMmPJCW2,This Trigger monitors your local temperature and fires whenever the temperature drops below the value you provide.,Generic/Other
DNwJTaGg,This Trigger monitors your local temperature and fires whenever the temperature drops below the value you provide.,Thermostat/Heating
DQZbrtC7,Ce trigger se déclenche lorsque la plage tarifaire choisie commence dans votre logement.,Light
DR8PhBHf,"This Trigger monitors changes in the current weather condition. When one of those conditions is met the Trigger fires. Currently only these simple conditions are supported: Rain, Snow, Cloudy, Clear. ",Light
DSjvkzW7,This Trigger retrieves today's current weather report within 5 minutes of the time you specify. NOTE: Pollen count available only in the USA.,Light
DU6upsHA,"This Trigger monitors changes in the current weather condition. When one of those conditions is met the Trigger fires. Currently only these simple conditions are supported: Rain, Snow, Cloudy, Clear. ",Light
DVtpvKDF,This trigger is fired from the assigned pusher on your Kronaby watch.,Light
DY6NHLwz,This trigger is run every time a specific Flow has been started on Homey. In order to use this Applet you need to be an owner on your Homey and have the IFTTT Homey App installed.,Generic/Other
DYJQd63x,This Trigger monitors your local humidity and fires every time the humidity rises above the value you specify.,Generic/Other
Da3gqxWQ,"When Motion Sensor detected motion or no motion, the SwitchBot motion sensor will try to trigger the service.",Thermostat/Heating
DdhaVFR2,Send IFTTT an email at trigger@applet.ifttt.com with a hashtag in the subject (e.g. #IFTTT) and this Trigger fires. You can optionally add a single file attachment and IFTTT will create a public URL to the file as an Ingredient.,Light
DqNE8Yyx,Ce trigger se déclenche lorsque la plage tarifaire choisie commence dans votre logement.,Thermostat/Heating
DwB3s5vY,"This Trigger monitors changes in the current weather condition. When one of those conditions is met the Trigger fires. Currently only these simple conditions are supported: Rain, Snow, Cloudy, Clear. ",Light
Dyj9dNwB,The Otiom tag has entered an alarm state,Light
DzDtgMek,This Trigger monitors your local temperature and fires whenever the temperature drops below the value you provide.,Generic/Other
E7AkKVhd,Ce trigger se déclenche lorsque la plage tarifaire choisie commence dans votre logement.,Generic/Other
E8nXTYK3,This Trigger monitors your local temperature and fires whenever the temperature rises above the value you provide.,Generic/Other
EJACfdhL,Send IFTTT any email at trigger@applet.ifttt.com and this Trigger fires. You can optionally add a single file attachment and IFTTT will create a public URL to the file as an Ingredient. This trigger will reject emails with attachments over 30MB.,Light
EKHhQjSr,This Trigger monitors your local temperature and fires whenever the temperature drops below the value you provide.,Thermostat/Heating
EN8ifQrD,Send IFTTT any email at trigger@applet.ifttt.com and this Trigger fires. You can optionally add a single file attachment and IFTTT will create a public URL to the file as an Ingredient. This trigger will reject emails with attachments over 30MB.,Generic/Other
ENimaUAg,Send IFTTT an email at trigger@applet.ifttt.com with a hashtag in the subject (e.g. #IFTTT) and this Trigger fires. You can optionally add a single file attachment and IFTTT will create a public URL to the file as an Ingredient.,Light
EQk9bMGA,This trigger activates whenever Peak Time Savings Hours are announced and during various stages of an event.,Thermostat/Heating
ES9DTueB,This Trigger retrieves today's current weather report within 5 minutes of the time you specify. NOTE: Pollen count available only in the USA.,Light
EY8naUDE,Send IFTTT any email at trigger@applet.ifttt.com and this Trigger fires. You can optionally add a single file attachment and IFTTT will create a public URL to the file as an Ingredient. This trigger will reject emails with attachments over 30MB.,Generic/Other
EbHVeNFM,"This Trigger monitors changes in the current weather condition. When one of those conditions is met the Trigger fires. Currently only these simple conditions are supported: Rain, Snow, Cloudy, Clear. ",Light
Ee2YzbMm,This Trigger monitors your local temperature and fires whenever the temperature drops below the value you provide.,Generic/Other
Egu9M5Zh,Ce trigger se déclenche lorsque la plage tarifaire choisie commence dans votre logement.,Thermostat/Heating
F2HGp6Me,"This Trigger monitors changes in the current weather condition. When one of those conditions is met the Trigger fires. Currently only these simple conditions are supported: Rain, Snow, Cloudy, Clear. ",Light
F65JXvac,This Trigger monitors your local temperature and fires whenever the temperature drops below the value you provide.,Generic/Other
F96ie5Uf,Send IFTTT an email at trigger@applet.ifttt.com with a hashtag in the subject (e.g. #IFTTT) and this Trigger fires. You can optionally add a single file attachment (up to 30MB) and IFTTT will create a public URL to the file as an Ingredient.,Generic/Other
FB375Jkq,when the smart button of the lawnmower has pressed once,Appliance
FL9EwYvn,This Trigger monitors your local temperature and fires whenever the temperature rises above the value you provide.,Light
FSpLvwrC,This Trigger retrieves today's current weather report within 5 minutes of the time you specify. NOTE: Pollen count available only in the USA.,Light
FVcKyBak,Send IFTTT an email at trigger@applet.ifttt.com with a hashtag in the subject (e.g. #IFTTT) and this Trigger fires. You can optionally add a single file attachment and IFTTT will create a public URL to the file as an Ingredient.,Generic/Other
FXbiZPcR,"This Trigger monitors changes in the current weather condition. When one of those conditions is met the Trigger fires. Currently only these simple conditions are supported: Rain, Snow, Cloudy, Clear. ",Light
FYV2Ur59,This trigger is fired from the assigned pusher on your Lotus watch.,Light
FYscf9WB,This Trigger monitors your local temperature and fires whenever the temperature rises above the value you provide.,Thermostat/Heating
FZyqMN3t,This Trigger retrieves today's current weather report within 5 minutes of the time you specify. NOTE: Pollen count available only in the USA.,Light
FdSqDTXf,Send IFTTT an email at trigger@applet.ifttt.com with a hashtag in the subject (e.g. #IFTTT) and this Trigger fires. You can optionally add a single file attachment and IFTTT will create a public URL to the file as an Ingredient.,Light
FrFHeETv,Send IFTTT an email at trigger@applet.ifttt.com with a hashtag in the subject (e.g. #IFTTT) and this Trigger fires. You can optionally add a single file attachment and IFTTT will create a public URL to the file as an Ingredient.,Light
FsatPGUX,Send IFTTT an email at trigger@applet.ifttt.com with a hashtag in the subject (e.g. #IFTTT) and this Trigger fires. You can optionally add a single file attachment and IFTTT will create a public URL to the file as an Ingredient.,Light
FxWKuhPE,This Trigger monitors your local temperature and fires whenever the temperature rises above the value you provide.,Thermostat/Heating
FyL2rbqB,Send IFTTT an email at trigger@applet.ifttt.com with a hashtag in the subject (e.g. #IFTTT) and this Trigger fires. You can optionally add a single file attachment (up to 30MB) and IFTTT will create a public URL to the file as an Ingredient.,Thermostat/Heating
FyNA7bDG,This Trigger monitors your local temperature and fires whenever the temperature drops below the value you provide.,Generic/Other
FzderXAt,This trigger is fired from the assigned pusher on your Jaguar watch.,Generic/Other
G4ewkmnq,"This Trigger monitors changes in the current weather condition. When one of those conditions is met the Trigger fires. Currently only these simple conditions are supported: Rain, Snow, Cloudy, Clear. ",Light
G8XHBhqb,"This Trigger monitors changes in the current weather condition. When one of those conditions is met the Trigger fires. Currently only these simple conditions are supported: Rain, Snow, Cloudy, Clear. ",Light
G8jJPzv5,Ce trigger se déclenche lorsque la plage tarifaire choisie commence dans votre logement.,Thermostat/Heating
GHNhTDyA,This Trigger monitors your local temperature and fires whenever the temperature rises above the value you provide.,Thermostat/Heating
GNRMsmvK,This trigger is run every time a specific Flow has been started on Homey. In order to use this Applet you need to be an owner on your Homey and have the IFTTT Homey App installed.,Thermostat/Heating
GP48dKih,Send IFTTT any email at trigger@applet.ifttt.com and this Trigger fires. You can optionally add a single file attachment and IFTTT will create a public URL to the file as an Ingredient. This trigger will reject emails with attachments over 30MB.,Generic/Other
GeGMnN7U,"This Trigger monitors changes in the current weather condition. When one of those conditions is met the Trigger fires. Currently only these simple conditions are supported: Rain, Snow, Cloudy, Clear. ",Generic/Other
GmA6p8XE,"This Trigger monitors changes in the current weather condition. When one of those conditions is met the Trigger fires. Currently only these simple conditions are supported: Rain, Snow, Cloudy, Clear. ",Generic/Other
GnAZemEF,This trigger monitors the UbiBot device's built-in light sensor readings and fires whenever the light level rises above or drops below the value in lux you provide. ,Light
GrxJkn3q,This Trigger retrieves today's current weather report within 5 minutes of the time you specify. NOTE: Pollen count available only in the USA.,Light
H7c6KCzy,Send IFTTT an email at trigger@applet.ifttt.com with a hashtag in the subject (e.g. #IFTTT) and this Trigger fires. You can optionally add a single file attachment and IFTTT will create a public URL to the file as an Ingredient.,Light
H8eHRWAE,This Trigger monitors your local temperature and fires whenever the temperature drops below the value you provide.,Thermostat/Heating
H9eaiBpZ,This Trigger monitors your local temperature and fires whenever the temperature drops below the value you provide.,Thermostat/Heating
HAchYaEz,Send IFTTT an email at trigger@applet.ifttt.com with a hashtag in the subject (e.g. #IFTTT) and this Trigger fires. You can optionally add a single file attachment (up to 30MB) and IFTTT will create a public URL to the file as an Ingredient.,Generic/Other
HQv2DhTE,Send IFTTT any email at trigger@applet.ifttt.com and this Trigger fires. You can optionally add a single file attachment and IFTTT will create a public URL to the file as an Ingredient. ,Light
HYNBg97n,This Trigger retrieves today's current weather report within 5 minutes of the time you specify. NOTE: Pollen count available only in the USA.,Light
HZCxKUhq,This Trigger monitors your local temperature and fires whenever the temperature rises above the value you provide.,Generic/Other
HbWB8g6a,Send IFTTT an email at trigger@applet.ifttt.com with a hashtag in the subject (e.g. #IFTTT) and this Trigger fires. You can optionally add a single file attachment (up to 30MB) and IFTTT will create a public URL to the file as an Ingredient.,Light
HhpGTP9v,"This Trigger monitors changes in the current weather condition. When one of those conditions is met the Trigger fires. Currently only these simple conditions are supported: Rain, Snow, Cloudy, Clear. ",Light
Hq2dyw3u,The Trigger fires every time your home enters away mode.,Light
HsEqH4zA,This trigger is fired from the assigned pusher on your Jaguar watch.,Thermostat/Heating
HsMVS9yX,Ce trigger se déclenche lorsque la plage tarifaire choisie commence dans votre logement.,Thermostat/Heating
HtRcymg7,"This Trigger monitors changes in the current weather condition. When one of those conditions is met the Trigger fires. Currently only these simple conditions are supported: Rain, Snow, Cloudy, Clear. ",Light
Hzrvt6jZ,Send IFTTT any email at trigger@applet.ifttt.com and this Trigger fires. You can optionally add a single file attachment and IFTTT will create a public URL to the file as an Ingredient. ,Generic/Other
J3D8evtn,This trigger activates whenever Peak Time Savings Hours are announced and during various stages of an event.,Thermostat/Heating
JDAxXhgt,Send IFTTT an email at trigger@applet.ifttt.com with a hashtag in the subject (e.g. #IFTTT) and this Trigger fires. You can optionally add a single file attachment and IFTTT will create a public URL to the file as an Ingredient.,Light
JNmWPZiS,This Trigger monitors your local temperature and fires whenever the temperature drops below the value you provide.,Thermostat/Heating
JQWDTetA,"This Trigger monitors changes in the current weather condition. When one of those conditions is met the Trigger fires. Currently only these simple conditions are supported: Rain, Snow, Cloudy, Clear. ",Light
JUANEcdk,"This Trigger monitors changes in the current weather condition. When one of those conditions is met the Trigger fires. Currently only these simple conditions are supported: Rain, Snow, Cloudy, Clear. ",Light
JUmce3Kj,Send IFTTT any email at trigger@applet.ifttt.com and this Trigger fires. You can optionally add a single file attachment and IFTTT will create a public URL to the file as an Ingredient. This trigger will reject emails with attachments over 30MB.,Light
JW4z5cCv,Send IFTTT any email at trigger@applet.ifttt.com and this Trigger fires. You can optionally add a single file attachment and IFTTT will create a public URL to the file as an Ingredient. This trigger will reject emails with attachments over 30MB.,Generic/Other
JYeTkJsQ,This Trigger monitors your local temperature and fires whenever the temperature rises above the value you provide.,Generic/Other
JdgzFDNh,This Trigger monitors your local temperature and fires whenever the temperature rises above the value you provide.,Generic/Other
JfLcUXVu,This Trigger retrieves today's current weather report within 5 minutes of the time you specify. NOTE: Pollen count available only in the USA.,Light
JmUy3FNL,This Trigger monitors your local pollen levels and fires every time the pollen count rises above the value you specify (1-12). NOTE: Available only in the USA.,Light
JtP67pfh,"This Trigger monitors changes in the current weather condition. When one of those conditions is met the Trigger fires. Currently only these simple conditions are supported: Rain, Snow, Cloudy, Clear. ",Light
JuLmXqE6,This trigger activates whenever Peak Time Savings Hours are announced and during various stages of an event.,Thermostat/Heating
JzK8GyFX,This Trigger retrieves today's current weather report within 5 minutes of the time you specify. NOTE: Pollen count available only in the USA.,Light
KCvTBkVR,"Whenever a preset temperature and/or humidity change detected, SwitchBot Thermometer & Hygrometer (the Meter) will try to trigger the service. E.g. if the temperature is too high, turn on AC with the SwitchBot Hub Plus (the Hub Plus).",Thermostat/Heating
KFu3gAhe,Ce trigger se déclenche lorsque la plage tarifaire choisie commence dans votre logement.,Light
KH5V6cPt,This trigger activates whenever Peak Time Savings Hours are announced and during various stages of an event.,Thermostat/Heating
KHqKX8fP,This Trigger monitors your local temperature and fires whenever the temperature rises above the value you provide.,Thermostat/Heating
KRt8UbQa,This Trigger monitors changes in tomorrow’s forecasted weather condition.,Generic/Other
KS2YdqNH,Send IFTTT an email at trigger@applet.ifttt.com with a hashtag in the subject (e.g. #IFTTT) and this Trigger fires. You can optionally add a single file attachment (up to 30MB) and IFTTT will create a public URL to the file as an Ingredient.,Light
KTJ6kXE2,"This Trigger monitors changes in the current weather condition. When one of those conditions is met the Trigger fires. Currently only these simple conditions are supported: Rain, Snow, Cloudy, Clear. ",Light
KTfaUyBb,The trigger fires when your smoke detector detects a smoke alarm.,Light
KUcQpWNt,"This Trigger monitors changes in the current weather condition. When one of those conditions is met the Trigger fires. Currently only these simple conditions are supported: Rain, Snow, Cloudy, Clear. ",Light
KXkfA6qQ,"When Motion Sensor detected motion or no motion, the SwitchBot motion sensor will try to trigger the service.",Generic/Other
KZnKBFX3,"This Trigger monitors changes in the current weather condition. When one of those conditions is met the Trigger fires. Currently only these simple conditions are supported: Rain, Snow, Cloudy, Clear. ",Light
KiByQvwg,"This Trigger monitors changes in the current weather condition. When one of those conditions is met the Trigger fires. Currently only these simple conditions are supported: Rain, Snow, Cloudy, Clear. ",Thermostat/Heating
Kugptrbn,Send IFTTT an email at trigger@applet.ifttt.com with a hashtag in the subject (e.g. #IFTTT) and this Trigger fires. You can optionally add a single file attachment (up to 30MB) and IFTTT will create a public URL to the file as an Ingredient.,Generic/Other
KxuyWv78,Send IFTTT any email at trigger@applet.ifttt.com and this Trigger fires. You can optionally add a single file attachment and IFTTT will create a public URL to the file as an Ingredient. ,Light
KywJ6YXa,This trigger is fired from the assigned pusher on your Festina watch.,Generic/Other
LJx3r9M2,Send IFTTT an email at trigger@applet.ifttt.com with a hashtag in the subject (e.g. #IFTTT) and this Trigger fires. You can optionally add a single file attachment (up to 30MB) and IFTTT will create a public URL to the file as an Ingredient.,Light
LMzYnVZN,Send IFTTT an email at trigger@applet.ifttt.com with a hashtag in the subject (e.g. #IFTTT) and this Trigger fires. You can optionally add a single file attachment and IFTTT will create a public URL to the file as an Ingredient.,Light
LPaLJxm8,This Trigger monitors your local temperature and fires whenever the temperature drops below the value you provide.,Thermostat/Heating
LXGgwEN6,This Trigger monitors your local temperature and fires whenever the temperature rises above the value you provide.,Air/Climate
LZkij9UC,Send IFTTT an email at trigger@applet.ifttt.com with a hashtag in the subject (e.g. #IFTTT) and this Trigger fires. You can optionally add a single file attachment and IFTTT will create a public URL to the file as an Ingredient.,Generic/Other
Lbxs3GLM,This Trigger monitors your local temperature and fires whenever the temperature rises above the value you provide.,Generic/Other
LeVkxAZa,Send IFTTT any email at trigger@applet.ifttt.com and this Trigger fires. You can optionally add a single file attachment and IFTTT will create a public URL to the file as an Ingredient. ,Light
Litk845F,Send IFTTT an email at trigger@applet.ifttt.com with a hashtag in the subject (e.g. #IFTTT) and this Trigger fires. You can optionally add a single file attachment and IFTTT will create a public URL to the file as an Ingredient.,Generic/Other
LjSeay6Q,Send IFTTT an email at trigger@applet.ifttt.com with a hashtag in the subject (e.g. #IFTTT) and this Trigger fires. You can optionally add a single file attachment and IFTTT will create a public URL to the file as an Ingredient.,Generic/Other
LpYZNAsg,Send IFTTT an email at trigger@applet.ifttt.com with a hashtag in the subject (e.g. #IFTTT) and this Trigger fires. You can optionally add a single file attachment (up to 30MB) and IFTTT will create a public URL to the file as an Ingredient.,Light
Lz2fCkbA,"You can create tags and give them to your Flics, so multiple Flics can be used with a single Recipe.",Light
M3EgLGSj,This Trigger monitors your local temperature and fires whenever the temperature rises above the value you provide.,Generic/Other
M3pcUBHz,This Trigger monitors your local temperature and fires whenever the temperature drops below the value you provide.,Light
M6gHCMSK,"This Trigger monitors changes in the current weather condition. When one of those conditions is met the Trigger fires. Currently only these simple conditions are supported: Rain, Snow, Cloudy, Clear. ",Light
M6iAm29Y,"This Trigger monitors changes in the current weather condition. When one of those conditions is met the Trigger fires. Currently only these simple conditions are supported: Rain, Snow, Cloudy, Clear. ",Light
MCz9nRaS,This Trigger monitors your local temperature and fires whenever the temperature rises above the value you provide.,Generic/Other
MDEvRKCz,This Trigger monitors your local temperature and fires whenever the temperature rises above the value you provide.,Generic/Other
MDRCKv9r,This Trigger monitors your local temperature and fires whenever the temperature drops below the value you provide.,Thermostat/Heating
MNn6SsQg,This Trigger monitors your local temperature and fires whenever the temperature rises above the value you provide.,Thermostat/Heating
MVTjd7Xs,This Trigger monitors your local temperature and fires whenever the temperature rises above the value you provide.,Thermostat/Heating
MWmxThPH,This Triggers fire every time your room enters manual mode.,Thermostat/Heating
McNa5y9W,This Trigger monitors your local temperature and fires whenever the temperature drops below the value you provide.,Generic/Other
MhMWksPB,The trigger fires when your smoke detector detects a smoke alarm.,Light
MiENgJSA,This trigger monitors the UbiBot device's built-in light sensor readings and fires whenever the light level rises above or drops below the value in lux you provide. ,Light
Mt9Gfqc5,This Trigger fire every time your SmartThings device is unlocked.,Generic/Other
Mwe3bi8u,This trigger is run every time a specific Flow has been started on Homey. In order to use this Applet you need to be an owner on your Homey and have the IFTTT Homey App installed.,Generic/Other
N2rcdKsW,Send IFTTT an email at trigger@applet.ifttt.com with a hashtag in the subject (e.g. #IFTTT) and this Trigger fires. You can optionally add a single file attachment (up to 30MB) and IFTTT will create a public URL to the file as an Ingredient.,Generic/Other
N46aLuxj,This Trigger monitors your local temperature and fires whenever the temperature drops below the value you provide.,Air/Climate
N5NQTmEx,"This Trigger monitors changes in the current weather condition. When one of those conditions is met the Trigger fires. Currently only these simple conditions are supported: Rain, Snow, Cloudy, Clear. ",Light
N5SqKZuE,The Trigger fires every time your home enters away mode.,Light
NKCic3kx,This Trigger monitors your local temperature and fires whenever the temperature drops below the value you provide.,Thermostat/Heating
NKHcj9sf,The trigger fires when motion sensor detects occupancy.,Light
NPfYmNSi,Send IFTTT an email at trigger@applet.ifttt.com with a hashtag in the subject (e.g. #IFTTT) and this Trigger fires. You can optionally add a single file attachment and IFTTT will create a public URL to the file as an Ingredient.,Light
NTZEv4c9,This Trigger monitors changes in tomorrow’s forecasted weather condition.,Light
Nce5uERp,"This Trigger monitors changes in the current weather condition. When one of those conditions is met the Trigger fires. Currently only these simple conditions are supported: Rain, Snow, Cloudy, Clear. ",Light
NchAUrtx,Ce trigger se déclenche lorsque la plage tarifaire choisie commence dans votre logement.,Thermostat/Heating
NnTfhbCx,This Trigger monitors your local temperature and fires whenever the temperature rises above the value you provide.,Light
NnheVs5c,This trigger is fired from the assigned pusher on your Kronaby watch.,Generic/Other
NswtqmBA,"This Trigger monitors changes in the current weather condition. When one of those conditions is met the Trigger fires. Currently only these simple conditions are supported: Rain, Snow, Cloudy, Clear. ",Light
PEVypKmB,This Trigger monitors your local temperature and fires whenever the temperature drops below the value you provide.,Light
PJ3Q9nmz,Send IFTTT any email at trigger@applet.ifttt.com and this Trigger fires. You can optionally add a single file attachment and IFTTT will create a public URL to the file as an Ingredient. This trigger will reject emails with attachments over 30MB.,Generic/Other
PKHcd4D8,"This Trigger monitors changes in the current weather condition. When one of those conditions is met the Trigger fires. Currently only these simple conditions are supported: Rain, Snow, Cloudy, Clear. ",Light
PWEhHz4y,Send IFTTT an email at trigger@applet.ifttt.com with a hashtag in the subject (e.g. #IFTTT) and this Trigger fires. You can optionally add a single file attachment (up to 30MB) and IFTTT will create a public URL to the file as an Ingredient.,Generic/Other
PYPBJaM7,"This Trigger monitors changes in the current weather condition. When one of those conditions is met the Trigger fires. Currently only these simple conditions are supported: Rain, Snow, Cloudy, Clear. ",Light
PftaSrk3,"This Trigger monitors changes in the current weather condition. When one of those conditions is met the Trigger fires. Currently only these simple conditions are supported: Rain, Snow, Cloudy, Clear. ",Generic/Other
Py9CmwdR,Send IFTTT an email at trigger@applet.ifttt.com with a hashtag in the subject (e.g. #IFTTT) and this Trigger fires. You can optionally add a single file attachment (up to 30MB) and IFTTT will create a public URL to the file as an Ingredient.,Generic/Other
QDXqnN9R,"This Trigger monitors changes in the current weather condition. When one of those conditions is met the Trigger fires. Currently only these simple conditions are supported: Rain, Snow, Cloudy, Clear. ",Light
QDbHe7AF,"This Trigger monitors changes in the current weather condition. When one of those conditions is met the Trigger fires. Currently only these simple conditions are supported: Rain, Snow, Cloudy, Clear. ",Generic/Other
QSjUsXnb,This Trigger monitors your local temperature and fires whenever the temperature drops below the value you provide.,Thermostat/Heating
QVXe8Jcs,This Trigger monitors your local temperature and fires whenever the temperature drops below the value you provide.,Light
QYkJqdgh,This Trigger monitors your local temperature and fires whenever the temperature drops below the value you provide.,Generic/Other
Qan2iC4e,This Trigger monitors your local temperature and fires whenever the temperature drops below the value you provide.,Light
QcJL5Uy8,"This Trigger monitors changes in the current weather condition. When one of those conditions is met the Trigger fires. Currently only these simple conditions are supported: Rain, Snow, Cloudy, Clear. ",Light
QecqbXxJ,Send IFTTT an email at trigger@applet.ifttt.com with a hashtag in the subject (e.g. #IFTTT) and this Trigger fires. You can optionally add a single file attachment (up to 30MB) and IFTTT will create a public URL to the file as an Ingredient.,Light
QgHBRrap,"This Trigger monitors changes in the current weather condition. When one of those conditions is met the Trigger fires. Currently only these simple conditions are supported: Rain, Snow, Cloudy, Clear. ",Light
QuvEcCgA,Send IFTTT an email at trigger@applet.ifttt.com with a hashtag in the subject (e.g. #IFTTT) and this Trigger fires. You can optionally add a single file attachment and IFTTT will create a public URL to the file as an Ingredient.,Generic/Other
QvQ7LpiJ,This Trigger monitors your local temperature and fires whenever the temperature rises above the value you provide.,Generic/Other
QxH9JchW,Send IFTTT an email at trigger@applet.ifttt.com with a hashtag in the subject (e.g. #IFTTT) and this Trigger fires. You can optionally add a single file attachment and IFTTT will create a public URL to the file as an Ingredient.,Generic/Other
QyuRb6ND,Send IFTTT an email at trigger@applet.ifttt.com with a hashtag in the subject (e.g. #IFTTT) and this Trigger fires. You can optionally add a single file attachment and IFTTT will create a public URL to the file as an Ingredient.,Generic/Other
R3sj6Rze,This Trigger monitors your local temperature and fires whenever the temperature drops below the value you provide.,Generic/Other
R749WECJ,Virtual Device turned on,Air/Climate
R9tCQWxA,"This Trigger monitors changes in the current weather condition. When one of those conditions is met the Trigger fires. Currently only these simple conditions are supported: Rain, Snow, Cloudy, Clear. ",Light
RBMPmw62,"This Trigger monitors changes in the current weather condition. When one of those conditions is met the Trigger fires. Currently only these simple conditions are supported: Rain, Snow, Cloudy, Clear. ",Light
RNpMUQr4,Send IFTTT an email at trigger@applet.ifttt.com with a hashtag in the subject (e.g. #IFTTT) and this Trigger fires. You can optionally add a single file attachment and IFTTT will create a public URL to the file as an Ingredient.,Generic/Other
RNxek9B3,Send IFTTT an email at trigger@applet.ifttt.com with a hashtag in the subject (e.g. #IFTTT) and this Trigger fires. You can optionally add a single file attachment (up to 30MB) and IFTTT will create a public URL to the file as an Ingredient.,Light
RR3ifKVy,This Trigger monitors your local temperature and fires whenever the temperature drops below the value you provide.,Thermostat/Heating
RW3eY74d,Send IFTTT any email at trigger@applet.ifttt.com and this Trigger fires. You can optionally add a single file attachment and IFTTT will create a public URL to the file as an Ingredient. ,Generic/Other
RXM2WwFb,This trigger will only start when a specific value of a specific sensor of your Aura Air device is reached,Light
RbgXDxvY,This Trigger monitors your local temperature and fires whenever the temperature rises above the value you provide.,Generic/Other
Rc2JFhwt,This Trigger monitors your local temperature and fires whenever the temperature rises above the value you provide.,Thermostat/Heating
RmuQ4M9d,This Trigger monitors your local temperature and fires whenever the temperature rises above the value you provide.,Thermostat/Heating
Rq8WtN6r,Ce trigger se déclenche lorsque la plage tarifaire choisie commence dans votre logement.,Generic/Other
RqaXxuBh,Send IFTTT any email at trigger@applet.ifttt.com and this Trigger fires. You can optionally add a single file attachment and IFTTT will create a public URL to the file as an Ingredient. This trigger will reject emails with attachments over 30MB.,Light
RvZpbEaY,Indicates whether the carbon is clean or dirty,Light
S6gUXyD4,"This Trigger monitors changes in the current weather condition. When one of those conditions is met the Trigger fires. Currently only these simple conditions are supported: Rain, Snow, Cloudy, Clear. ",Light
S7PC4KkZ,This trigger is fired from the assigned pusher on your Festina watch.,Generic/Other
SJt4PVwD,Send IFTTT any email at trigger@applet.ifttt.com and this Trigger fires. You can optionally add a single file attachment and IFTTT will create a public URL to the file as an Ingredient. ,Light
SQYSAcNR,Send IFTTT an email at trigger@applet.ifttt.com with a hashtag in the subject (e.g. #IFTTT) and this Trigger fires. You can optionally add a single file attachment and IFTTT will create a public URL to the file as an Ingredient.,Generic/Other
SQsh5zqM,This Trigger monitors your local temperature and fires whenever the temperature drops below the value you provide.,Thermostat/Heating
STmfBG56,"This Trigger monitors changes in the current weather condition. When one of those conditions is met the Trigger fires. Currently only these simple conditions are supported: Rain, Snow, Cloudy, Clear. ",Light
SZYzHqev,This Trigger monitors your local temperature and fires whenever the temperature drops below the value you provide.,Generic/Other
SjKcMS32,Send IFTTT any email at trigger@applet.ifttt.com and this Trigger fires. You can optionally add a single file attachment and IFTTT will create a public URL to the file as an Ingredient. This trigger will reject emails with attachments over 30MB.,Generic/Other
SvGByEU8,"This Trigger monitors changes in the current weather condition. When one of those conditions is met the Trigger fires. Currently only these simple conditions are supported: Rain, Snow, Cloudy, Clear. ",Light
T6Vd8hNZ,"Whenever a preset temperature and/or humidity change detected, SwitchBot Thermometer & Hygrometer (the Meter) will try to trigger the service. E.g. if the temperature is too high, turn on AC with the SwitchBot Hub Plus (the Hub Plus).",Generic/Other
T9EBYZhA,Send IFTTT any email at trigger@applet.ifttt.com and this Trigger fires. You can optionally add a single file attachment and IFTTT will create a public URL to the file as an Ingredient. This trigger will reject emails with attachments over 30MB.,Generic/Other
TEs6diVF,This Trigger retrieves today's current weather report within 5 minutes of the time you specify. NOTE: Pollen count available only in the USA.,Light
TFzGVewY,This Trigger monitors your local temperature and fires whenever the temperature drops below the value you provide.,Light
TLTZBHUp,This Trigger monitors your local temperature and fires whenever the temperature drops below the value you provide.,Generic/Other
TNW7r3dP,This Trigger monitors your local temperature and fires whenever the temperature rises above the value you provide.,Generic/Other
TPdTrRce,This Trigger retrieves today's current weather report within 5 minutes of the time you specify. NOTE: Pollen count available only in the USA.,Light
TbMRjtqa,This trigger will only start when a specific value of a specific sensor of your Aura Air device is reached,Thermostat/Heating
TfPHX2Ze,Send IFTTT any email at trigger@applet.ifttt.com and this Trigger fires. You can optionally add a single file attachment and IFTTT will create a public URL to the file as an Ingredient. ,Generic/Other
TfweH5LM,This Trigger retrieves today's current weather report within 5 minutes of the time you specify. NOTE: Pollen count available only in the USA.,Light
Thby5cJ9,"This Trigger monitors changes in the current weather condition. When one of those conditions is met the Trigger fires. Currently only these simple conditions are supported: Rain, Snow, Cloudy, Clear. ",Generic/Other
TtkhZmTv,"This Trigger monitors changes in the current weather condition. When one of those conditions is met the Trigger fires. Currently only these simple conditions are supported: Rain, Snow, Cloudy, Clear. ",Light
TtuQhJrc,Send IFTTT an email at trigger@applet.ifttt.com with a hashtag in the subject (e.g. #IFTTT) and this Trigger fires. You can optionally add a single file attachment and IFTTT will create a public URL to the file as an Ingredient.,Generic/Other
Tw8ynkTM,"When Motion Sensor detected motion or no motion, the SwitchBot motion sensor will try to trigger the service.",Thermostat/Heating
TxWCPqk4,This Trigger monitors your local temperature and fires whenever the temperature drops below the value you provide.,Light
U3XukMFr,Send IFTTT any email at trigger@applet.ifttt.com and this Trigger fires. You can optionally add a single file attachment and IFTTT will create a public URL to the file as an Ingredient. This trigger will reject emails with attachments over 30MB.,Generic/Other
U9ZsFe7y,This Trigger monitors your local temperature and fires whenever the temperature rises above the value you provide.,Thermostat/Heating
UDhYkvEZ,"This Trigger monitors changes in the current weather condition. When one of those conditions is met the Trigger fires. Currently only these simple conditions are supported: Rain, Snow, Cloudy, Clear. ",Light
UEBjMnzu,This Trigger retrieves today's current weather report within 5 minutes of the time you specify. NOTE: Pollen count available only in the USA.,Light
UJGChemb,Send IFTTT any email at trigger@applet.ifttt.com and this Trigger fires. You can optionally add a single file attachment and IFTTT will create a public URL to the file as an Ingredient. ,Light
UMCUhJvR,Send IFTTT any email at trigger@applet.ifttt.com and this Trigger fires. You can optionally add a single file attachment and IFTTT will create a public URL to the file as an Ingredient. This trigger will reject emails with attachments over 30MB.,Light
UNy5xBqu,This Trigger monitors your local temperature and fires whenever the temperature rises above the value you provide.,Air/Climate
UZ73EhQW,"This Trigger monitors changes in the current weather condition. When one of those conditions is met the Trigger fires. Currently only these simple conditions are supported: Rain, Snow, Cloudy, Clear. ",Generic/Other
UaL2CS8v,"This Trigger monitors changes in the current weather condition. When one of those conditions is met the Trigger fires. Currently only these simple conditions are supported: Rain, Snow, Cloudy, Clear. ",Light
UaQznmJ5,This Trigger monitors your local temperature and fires whenever the temperature drops below the value you provide.,Generic/Other
UcMbetQB,This Trigger monitors your local temperature and fires whenever the temperature rises above the value you provide.,Light
UfQBp5mh,"This Trigger monitors changes in the current weather condition. When one of those conditions is met the Trigger fires. Currently only these simple conditions are supported: Rain, Snow, Cloudy, Clear. ",Light
UfvV8GnX,This Trigger monitors your local temperature and fires whenever the temperature drops below the value you provide.,Thermostat/Heating
UqzRiwT9,"This Trigger monitors changes in the current weather condition. When one of those conditions is met the Trigger fires. Currently only these simple conditions are supported: Rain, Snow, Cloudy, Clear. ",Generic/Other
Us2jKFET,"This Trigger monitors changes in the current weather condition. When one of those conditions is met the Trigger fires. Currently only these simple conditions are supported: Rain, Snow, Cloudy, Clear. ",Light
UsMB7qND,"You can create tags and give them to your Flics, so multiple Flics can be used with a single Recipe.",Light
UsQ2PaWN,Send IFTTT an email at trigger@applet.ifttt.com with a hashtag in the subject (e.g. #IFTTT) and this Trigger fires. You can optionally add a single file attachment (up to 30MB) and IFTTT will create a public URL to the file as an Ingredient.,Light
Uy9SQ6tK,Send IFTTT an email at trigger@applet.ifttt.com with a hashtag in the subject (e.g. #IFTTT) and this Trigger fires. You can optionally add a single file attachment and IFTTT will create a public URL to the file as an Ingredient.,Generic/Other
VEeQgqbr,This trigger monitors the UbiBot device's external DS18B20 temperature probe 1's readings and fires whenever the temperature rises above or drops below the value you provide (Available for WS1 and WS1-PRO devices).  ,Generic/Other
VGVMz7qc,Ce trigger se déclenche lorsque la plage tarifaire choisie commence dans votre logement.,Light
Vg8nfcT6,This Trigger monitors your local temperature and fires whenever the temperature rises above the value you provide.,Thermostat/Heating
VqHFBjVT,Use this trigger to fire something when your electricity price falls or rises past your set threshold and between your preferred time settings.,Generic/Other
VsEQWGix,"This Trigger monitors changes in the current weather condition. When one of those conditions is met the Trigger fires. Currently only these simple conditions are supported: Rain, Snow, Cloudy, Clear. ",Light
VsrmUcgQ,This Trigger monitors your local temperature and fires whenever the temperature drops below the value you provide.,Thermostat/Heating
Vu5fcQvT,"This Trigger monitors changes in the current weather condition. When one of those conditions is met the Trigger fires. Currently only these simple conditions are supported: Rain, Snow, Cloudy, Clear. ",Generic/Other
VuNH9rcT,This Triggers fire every time your room enters manual mode.,Air/Climate
VxNpikbv,This Trigger monitors your local temperature and fires whenever the temperature rises above the value you provide.,Thermostat/Heating
VziqQ3yG,when the smart button of the lawnmower has pressed once,Generic/Other
W4NfiCAB,This Trigger monitors your local UV levels and fires every time the UV index rises above the value you specify (0-16).,Light
W6xSiPNt,This Trigger monitors your local temperature and fires whenever the temperature rises above the value you provide.,Generic/Other
WA7ei8RX,"This Trigger monitors changes in the current weather condition. When one of those conditions is met the Trigger fires. Currently only these simple conditions are supported: Rain, Snow, Cloudy, Clear. ",Light
WAicxwrS,"This Trigger monitors changes in the current weather condition. When one of those conditions is met the Trigger fires. Currently only these simple conditions are supported: Rain, Snow, Cloudy, Clear. ",Light
WCFPh8GN,"This Trigger monitors changes in the current weather condition. When one of those conditions is met the Trigger fires. Currently only these simple conditions are supported: Rain, Snow, Cloudy, Clear. ",Generic/Other
WEJY2fkP,This Trigger monitors your local temperature and fires whenever the temperature rises above the value you provide.,Thermostat/Heating
WG4hUqBj,This Trigger monitors your local temperature and fires whenever the temperature drops below the value you provide.,Thermostat/Heating
WLxhsDmS,"This Trigger monitors changes in the current weather condition. When one of those conditions is met the Trigger fires. Currently only these simple conditions are supported: Rain, Snow, Cloudy, Clear. ",Light
WNukqvVm,Send IFTTT any email at trigger@applet.ifttt.com and this Trigger fires. You can optionally add a single file attachment and IFTTT will create a public URL to the file as an Ingredient. This trigger will reject emails with attachments over 30MB.,Light
WRMHdtLm,Send IFTTT any email at trigger@applet.ifttt.com and this Trigger fires. You can optionally add a single file attachment and IFTTT will create a public URL to the file as an Ingredient. This trigger will reject emails with attachments over 30MB.,Light
WSs5RbrE,Trigger an Applet when the door is unlocked,Light
WZUhHQ8a,Send IFTTT any email at trigger@applet.ifttt.com and this Trigger fires. You can optionally add a single file attachment and IFTTT will create a public URL to the file as an Ingredient. ,Generic/Other
Whc4RW2x,Send IFTTT any email at trigger@applet.ifttt.com and this Trigger fires. You can optionally add a single file attachment and IFTTT will create a public URL to the file as an Ingredient. ,Light
WnD3eJHB,Send IFTTT an email at trigger@applet.ifttt.com with a hashtag in the subject (e.g. #IFTTT) and this Trigger fires. You can optionally add a single file attachment and IFTTT will create a public URL to the file as an Ingredient.,Generic/Other
WyEcB6nX,"This Trigger monitors changes in the current weather condition. When one of those conditions is met the Trigger fires. Currently only these simple conditions are supported: Rain, Snow, Cloudy, Clear. ",Light
X2ieHyUu,,Light
X4uTi6FE,"This Trigger monitors changes in the current weather condition. When one of those conditions is met the Trigger fires. Currently only these simple conditions are supported: Rain, Snow, Cloudy, Clear. ",Light
X73wujMp,"This Trigger monitors changes in the current weather condition. When one of those conditions is met the Trigger fires. Currently only these simple conditions are supported: Rain, Snow, Cloudy, Clear. ",Light
XBVYiZkm,This trigger activates whenever Peak Time Savings Hours are announced and during various stages of an event.,Thermostat/Heating
XKVHESJU,This Trigger monitors your local temperature and fires whenever the temperature rises above the value you provide.,Light
XLuHZj7t,This Trigger monitors your local temperature and fires whenever the temperature rises above the value you provide.,Generic/Other
XPJcCuL4,This Trigger monitors your local temperature and fires whenever the temperature rises above the value you provide.,Thermostat/Heating
XdS8RwqG,This Trigger monitors your local temperature and fires whenever the temperature drops below the value you provide.,Thermostat/Heating
Xeci4y8S,Ce trigger se déclenche lorsque la plage tarifaire choisie commence dans votre logement.,Thermostat/Heating
XvcLfESR,This Trigger monitors your local humidity and fires every time the humidity rises above the value you specify.,Generic/Other
XwFzTAjU,This Trigger monitors changes in tomorrow’s forecasted weather condition.,Light
Y67JLAe8,Send IFTTT any email at trigger@applet.ifttt.com and this Trigger fires. You can optionally add a single file attachment and IFTTT will create a public URL to the file as an Ingredient. This trigger will reject emails with attachments over 30MB.,Generic/Other
Y9s2qdXM,This Trigger monitors your local temperature and fires whenever the temperature drops below the value you provide.,Generic/Other
YBGMiJAt,This Trigger monitors your local temperature and fires whenever the temperature rises above the value you provide.,Thermostat/Heating
YEg89smU,This Trigger monitors your local temperature and fires whenever the temperature rises above the value you provide.,Generic/Other
YJuLrsaS,This Trigger monitors your local temperature and fires whenever the temperature rises above the value you provide.,Generic/Other
YQpF5Yfg,This Trigger monitors your local temperature and fires whenever the temperature rises above the value you provide.,Air/Climate
YQwcnDrp,"This Trigger monitors changes in the current weather condition. When one of those conditions is met the Trigger fires. Currently only these simple conditions are supported: Rain, Snow, Cloudy, Clear. ",Generic/Other
YS63YpVz,This Trigger monitors your local temperature and fires whenever the temperature drops below the value you provide.,Thermostat/Heating
YTu9QDiR,Send IFTTT any email at trigger@applet.ifttt.com and this Trigger fires. You can optionally add a single file attachment and IFTTT will create a public URL to the file as an Ingredient. This trigger will reject emails with attachments over 30MB.,Light
YiMrKF3d,This Trigger monitors changes in tomorrow’s forecasted weather condition.,Generic/Other
YsGPKhfV,This Trigger retrieves today's current weather report within 5 minutes of the time you specify. NOTE: Pollen count available only in the USA.,Light
Z6ti8SuA,Send IFTTT any email at trigger@applet.ifttt.com and this Trigger fires. You can optionally add a single file attachment and IFTTT will create a public URL to the file as an Ingredient. ,Generic/Other
ZAdvrM26,Send IFTTT an email at trigger@applet.ifttt.com with a hashtag in the subject (e.g. #IFTTT) and this Trigger fires. You can optionally add a single file attachment (up to 30MB) and IFTTT will create a public URL to the file as an Ingredient.,Light
ZMdUGm5L,"Whenever a preset temperature and/or humidity change detected, SwitchBot Thermometer & Hygrometer (the Meter) will try to trigger the service. E.g. if the temperature is too high, turn on AC with the SwitchBot Hub Plus (the Hub Plus).",Generic/Other
ZNBrWQjm,This Trigger monitors changes in tomorrow’s forecasted weather condition.,Light
ZX8mBuDd,Send IFTTT an email at trigger@applet.ifttt.com with a hashtag in the subject (e.g. #IFTTT) and this Trigger fires. You can optionally add a single file attachment and IFTTT will create a public URL to the file as an Ingredient.,Light
ZZhbMqW7,"This Trigger monitors changes in the current weather condition. When one of those conditions is met the Trigger fires. Currently only these simple conditions are supported: Rain, Snow, Cloudy, Clear. ",Light
ZizrEBXL,Send IFTTT any email at trigger@applet.ifttt.com and this Trigger fires. You can optionally add a single file attachment and IFTTT will create a public URL to the file as an Ingredient. ,Light
ZmHhW3ng,Send IFTTT any email at trigger@applet.ifttt.com and this Trigger fires. You can optionally add a single file attachment and IFTTT will create a public URL to the file as an Ingredient. ,Light
ZnfTsUNj,This Trigger monitors your local temperature and fires whenever the temperature drops below the value you provide.,Thermostat/Heating
Zp3yvZWC,"This Trigger monitors changes in the current weather condition. When one of those conditions is met the Trigger fires. Currently only these simple conditions are supported: Rain, Snow, Cloudy, Clear. ",Light
ZvCzxQmc,"The Trigger fires every time a new story is published on NPR in the selected category, program, or topic.",Thermostat/Heating
ZzRK2Ltv,"This Trigger monitors changes in the current weather condition. When one of those conditions is met the Trigger fires. Currently only these simple conditions are supported: Rain, Snow, Cloudy, Clear. ",Light
a2ihvQtP,This Trigger monitors your local temperature and fires whenever the temperature drops below the value you provide.,Thermostat/Heating
a4Zqpw2z,This Trigger monitors your local pollen levels and fires every time the pollen count rises above the value you specify (1-12). NOTE: Available only in the USA.,Light
aBAFumnJ,"This Trigger monitors changes in the current weather condition. When one of those conditions is met the Trigger fires. Currently only these simple conditions are supported: Rain, Snow, Cloudy, Clear. ",Generic/Other
aFS8pCix,"This Trigger monitors changes in the current weather condition. When one of those conditions is met the Trigger fires. Currently only these simple conditions are supported: Rain, Snow, Cloudy, Clear. ",Light
aHkx45VU,This trigger is fired when a low battery is detected on the selected Swann wireless security device.,Light
aKxPM4Xv,"This Trigger monitors changes in the current weather condition. When one of those conditions is met the Trigger fires. Currently only these simple conditions are supported: Rain, Snow, Cloudy, Clear. ",Generic/Other
aP6AfwSG,Send IFTTT any email at trigger@applet.ifttt.com and this Trigger fires. You can optionally add a single file attachment and IFTTT will create a public URL to the file as an Ingredient. ,Generic/Other
aPRjn8Wy,"This Trigger monitors changes in the current weather condition. When one of those conditions is met the Trigger fires. Currently only these simple conditions are supported: Rain, Snow, Cloudy, Clear. ",Light
aY2ZaNj8,Send IFTTT any email at trigger@applet.ifttt.com and this Trigger fires. You can optionally add a single file attachment and IFTTT will create a public URL to the file as an Ingredient. ,Light
aYRpJPcq,Child has had money removed,Light
adDEJG9g,This Trigger monitors your local temperature and fires whenever the temperature rises above the value you provide.,Generic/Other
ai8CUQB6,This Trigger retrieves today's current weather report within 5 minutes of the time you specify. NOTE: Pollen count available only in the USA.,Light
ajFgtmwV,This trigger monitors the UbiBot device's built-in humidity sensor readings and fires whenever the humidity rises above or drops below the value you provide. ,Generic/Other
aqu2AST8,Child has had money added,Light
arKHDXhv,This Trigger monitors your local temperature and fires whenever the temperature drops below the value you provide.,Light
asBH3qpS,This trigger activates whenever Peak Time Savings Hours are announced and during various stages of an event.,Light
av7iYDTs,This Trigger monitors changes in tomorrow’s forecasted weather condition.,Light
b8Ypta5B,"This Trigger monitors changes in the current weather condition. When one of those conditions is met the Trigger fires. Currently only these simple conditions are supported: Rain, Snow, Cloudy, Clear. ",Light
b96GRrjF,Send IFTTT an email at trigger@applet.ifttt.com with a hashtag in the subject (e.g. #IFTTT) and this Trigger fires. You can optionally add a single file attachment and IFTTT will create a public URL to the file as an Ingredient.,Thermostat/Heating
bJ52Y46H,Send IFTTT an email at trigger@applet.ifttt.com with a hashtag in the subject (e.g. #IFTTT) and this Trigger fires. You can optionally add a single file attachment (up to 30MB) and IFTTT will create a public URL to the file as an Ingredient.,Light
bKTF63ps,Use this trigger to fire something when your electricity price falls or rises past your set threshold and between your preferred time settings.,Thermostat/Heating
bLWuG26p,This trigger is fired from the assigned pusher on your Kronaby watch.,Generic/Other
bTreX3k6,Ce trigger se déclenche lorsque la plage tarifaire choisie commence dans votre logement.,Light
bdFpVkgc,This Trigger monitors your local temperature and fires whenever the temperature rises above the value you provide.,Generic/Other
biwT7dL4,"This Trigger monitors changes in the current weather condition. When one of those conditions is met the Trigger fires. Currently only these simple conditions are supported: Rain, Snow, Cloudy, Clear. ",Light
c2TymUX3,"This Trigger monitors changes in the current weather condition. When one of those conditions is met the Trigger fires. Currently only these simple conditions are supported: Rain, Snow, Cloudy, Clear. ",Light
c6zjBbsT,This Trigger retrieves today's current weather report within 5 minutes of the time you specify. NOTE: Pollen count available only in the USA.,Light
cEjPWwfm,"This Trigger monitors changes in the current weather condition. When one of those conditions is met the Trigger fires. Currently only these simple conditions are supported: Rain, Snow, Cloudy, Clear. ",Light
cHXAb67k,Indicates whether the carbon is clean or dirty,Generic/Other
cHzkaVZ8,,Light
cMh7gjmQ,"This Trigger monitors changes in the current weather condition. When one of those conditions is met the Trigger fires. Currently only these simple conditions are supported: Rain, Snow, Cloudy, Clear. ",Light
cNT9sWzM,This Trigger monitors your local temperature and fires whenever the temperature drops below the value you provide.,Generic/Other
cT6dZGeN,Send IFTTT an email at trigger@applet.ifttt.com with a hashtag in the subject (e.g. #IFTTT) and this Trigger fires. You can optionally add a single file attachment (up to 30MB) and IFTTT will create a public URL to the file as an Ingredient.,Generic/Other
caumh47g,Send IFTTT any email at trigger@applet.ifttt.com and this Trigger fires. You can optionally add a single file attachment and IFTTT will create a public URL to the file as an Ingredient. ,Light
cbE8zwGY,Send IFTTT an email at trigger@applet.ifttt.com with a hashtag in the subject (e.g. #IFTTT) and this Trigger fires. You can optionally add a single file attachment (up to 30MB) and IFTTT will create a public URL to the file as an Ingredient.,Generic/Other
chPEFk3d,This Trigger monitors your local temperature and fires whenever the temperature rises above the value you provide.,Thermostat/Heating
cq3MptTr,This Trigger monitors your local temperature and fires whenever the temperature rises above the value you provide.,Thermostat/Heating
czPd7nHR,This Trigger retrieves today's current weather report within 5 minutes of the time you specify. NOTE: Pollen count available only in the USA.,Light
czpKc8FR,"This Trigger monitors changes in the current weather condition. When one of those conditions is met the Trigger fires. Currently only these simple conditions are supported: Rain, Snow, Cloudy, Clear. ",Light
dHmN6ubs,Send IFTTT any email at trigger@applet.ifttt.com and this Trigger fires. You can optionally add a single file attachment and IFTTT will create a public URL to the file as an Ingredient. This trigger will reject emails with attachments over 30MB.,Generic/Other
dLqFB2EU,This Trigger retrieves today's current weather report within 5 minutes of the time you specify. NOTE: Pollen count available only in the USA.,Light
dLqeYc3k,This Trigger monitors your local temperature and fires whenever the temperature drops below the value you provide.,Thermostat/Heating
dPTvW9Hg,"This Trigger monitors changes in the current weather condition. When one of those conditions is met the Trigger fires. Currently only these simple conditions are supported: Rain, Snow, Cloudy, Clear. ",Generic/Other
dSv7mk2w,This Trigger retrieves today's current weather report within 5 minutes of the time you specify. NOTE: Pollen count available only in the USA.,Light
dT8Dfuv9,This trigger is fired from the assigned pusher on your Jaguar watch.,Light
dkfQHKuM,This Trigger retrieves today's current weather report within 5 minutes of the time you specify. NOTE: Pollen count available only in the USA.,Light
dm9HhXrt,Send IFTTT any email at trigger@applet.ifttt.com and this Trigger fires. You can optionally add a single file attachment and IFTTT will create a public URL to the file as an Ingredient. This trigger will reject emails with attachments over 30MB.,Generic/Other
dyXcbiPJ,This trigger monitors the UbiBot device's built-in light sensor readings and fires whenever the light level rises above or drops below the value in lux you provide. ,Light
dyrX3Vid,"This Trigger monitors changes in the current weather condition. When one of those conditions is met the Trigger fires. Currently only these simple conditions are supported: Rain, Snow, Cloudy, Clear. ",Light
e2LR3Yn5,This Trigger monitors your local temperature and fires whenever the temperature rises above the value you provide.,Thermostat/Heating
e2SZV6EY,"This Trigger monitors changes in the current weather condition. When one of those conditions is met the Trigger fires. Currently only these simple conditions are supported: Rain, Snow, Cloudy, Clear. ",Light
e4f8t3pb,Send IFTTT any email at trigger@applet.ifttt.com and this Trigger fires. You can optionally add a single file attachment and IFTTT will create a public URL to the file as an Ingredient. ,Generic/Other
e9gYSEaD,This Trigger monitors changes in your thermostat's set temperature and fires if it exceeds a certain threshold.,Light
e9vHVnXb,The trigger fires when the Swann Video Doorbell button is pressed.,Light
eATXy3Vj,"This Trigger retrieves tomorrow's weather report within 5 minutes of the time you specify, depending on when forecast data is updated.",Light
eVp5YWxH,This Trigger monitors your local temperature and fires whenever the temperature drops below the value you provide.,Thermostat/Heating
eniK2YDe,Use this trigger to fire something when your electricity price falls or rises past your set threshold and between your preferred time settings.,Light
etu5dbrs,This Trigger monitors your local temperature and fires whenever the temperature drops below the value you provide.,Thermostat/Heating
evDpy8mT,This trigger is fired from the assigned pusher on your Lotus watch.,Light
evXdBy2N,Send IFTTT an email at trigger@applet.ifttt.com with a hashtag in the subject (e.g. #IFTTT) and this Trigger fires. You can optionally add a single file attachment (up to 30MB) and IFTTT will create a public URL to the file as an Ingredient.,Light
f3FqmJaf,The trigger fires when there is a breaking news alert.,Light
f8Txa9cu,Indicates whether the carbon is clean or dirty,Light
fARgWGvy,"This Trigger monitors changes in the current weather condition. When one of those conditions is met the Trigger fires. Currently only these simple conditions are supported: Rain, Snow, Cloudy, Clear. ",Light
fBC4jwDv,This Trigger monitors your local temperature and fires whenever the temperature rises above the value you provide.,Thermostat/Heating
fF2HqCZe,This Trigger monitors your local temperature and fires whenever the temperature rises above the value you provide.,Thermostat/Heating
fQHhP2dS,This Trigger retrieves today's current weather report within 5 minutes of the time you specify. NOTE: Pollen count available only in the USA.,Light
fSX3Kfbp,This Trigger monitors your local temperature and fires whenever the temperature drops below the value you provide.,Generic/Other
fVdzmR2C,"This Trigger monitors changes in the current weather condition. When one of those conditions is met the Trigger fires. Currently only these simple conditions are supported: Rain, Snow, Cloudy, Clear. ",Light
fckFEZSR,This Trigger monitors your local temperature and fires whenever the temperature drops below the value you provide.,Generic/Other
ffhR4veM,Send IFTTT an email at trigger@applet.ifttt.com with a hashtag in the subject (e.g. #IFTTT) and this Trigger fires. You can optionally add a single file attachment and IFTTT will create a public URL to the file as an Ingredient.,Generic/Other
fkNKxTvp,"This Trigger monitors changes in the current weather condition. When one of those conditions is met the Trigger fires. Currently only these simple conditions are supported: Rain, Snow, Cloudy, Clear. ",Light
fmcW6DjQ,This trigger is fired from the assigned pusher on your Kronaby watch.,Light
frfcKHDs,This Trigger monitors your local temperature and fires whenever the temperature drops below the value you provide.,Thermostat/Heating
fsVCWTtL,This trigger monitors the UbiBot device's built-in temperature sensor readings and fires whenever the temperature rises above or drops below the value you provide.,Generic/Other
ftYbkMG6,This trigger is fired from the assigned pusher on your Jaguar watch.,Generic/Other
g6eKtmL9,This Trigger monitors your local temperature and fires whenever the temperature drops below the value you provide.,Thermostat/Heating
g9tEmzxy,Use this trigger to fire something when your electricity price falls or rises past your set threshold and between your preferred time settings.,Generic/Other
gCzxtgmS,This trigger activates whenever Peak Time Savings Hours are announced and during various stages of an event.,Thermostat/Heating
gD8Va7uG,This trigger is fired from the assigned pusher on your Lotus watch.,Generic/Other
gHxkTAED,This Trigger monitors changes in tomorrow’s forecasted weather condition.,Light
gLUBaV2q,This Trigger monitors your local temperature and fires whenever the temperature rises above the value you provide.,Thermostat/Heating
gPqNexKm,Send IFTTT an email at trigger@applet.ifttt.com with a hashtag in the subject (e.g. #IFTTT) and this Trigger fires. You can optionally add a single file attachment (up to 30MB) and IFTTT will create a public URL to the file as an Ingredient.,Generic/Other
gWXMHwzr,"This Trigger monitors changes in the current weather condition. When one of those conditions is met the Trigger fires. Currently only these simple conditions are supported: Rain, Snow, Cloudy, Clear. ",Generic/Other
gYmNRyGw,"This Trigger monitors changes in the current weather condition. When one of those conditions is met the Trigger fires. Currently only these simple conditions are supported: Rain, Snow, Cloudy, Clear. ",Light
ghwYyxaz,This trigger activates whenever Peak Time Savings Hours are announced and during various stages of an event.,Thermostat/Heating
gnXYdbGq,This Trigger monitors your local temperature and fires whenever the temperature rises above the value you provide.,Thermostat/Heating
gsqHax4d,"This Trigger monitors changes in the current weather condition. When one of those conditions is met the Trigger fires. Currently only these simple conditions are supported: Rain, Snow, Cloudy, Clear. ",Light
gysf5Vah,Send IFTTT any email at trigger@applet.ifttt.com and this Trigger fires. You can optionally add a single file attachment and IFTTT will create a public URL to the file as an Ingredient. ,Light
h3ZzQxPb,Send IFTTT any email at trigger@applet.ifttt.com and this Trigger fires. You can optionally add a single file attachment and IFTTT will create a public URL to the file as an Ingredient. ,Light
h79FLPY4,This Trigger monitors your local temperature and fires whenever the temperature rises above the value you provide.,Light
h8fP6bCi,This Trigger monitors your local temperature and fires whenever the temperature drops below the value you provide.,Thermostat/Heating
hDBK3Nms,This Trigger monitors your local humidity and fires every time the humidity rises above the value you specify.,Air/Climate
hTFmBbcz,Send IFTTT any email at trigger@applet.ifttt.com and this Trigger fires. You can optionally add a single file attachment and IFTTT will create a public URL to the file as an Ingredient. ,Generic/Other
hVfwTLei,"This Trigger monitors changes in the current weather condition. When one of those conditions is met the Trigger fires. Currently only these simple conditions are supported: Rain, Snow, Cloudy, Clear. ",Generic/Other
hbscwxpZ,Send IFTTT an email at trigger@applet.ifttt.com with a hashtag in the subject (e.g. #IFTTT) and this Trigger fires. You can optionally add a single file attachment and IFTTT will create a public URL to the file as an Ingredient.,Light
hdXrhpLn,Send IFTTT any email at trigger@applet.ifttt.com and this Trigger fires. You can optionally add a single file attachment and IFTTT will create a public URL to the file as an Ingredient. This trigger will reject emails with attachments over 30MB.,Generic/Other
hhwHL6CD,"This Trigger monitors changes in the current weather condition. When one of those conditions is met the Trigger fires. Currently only these simple conditions are supported: Rain, Snow, Cloudy, Clear. ",Light
hpvELZFf,"This Trigger monitors changes in the current weather condition. When one of those conditions is met the Trigger fires. Currently only these simple conditions are supported: Rain, Snow, Cloudy, Clear. ",Generic/Other
hq7fk8Ce,Send IFTTT an email at trigger@applet.ifttt.com with a hashtag in the subject (e.g. #IFTTT) and this Trigger fires. You can optionally add a single file attachment and IFTTT will create a public URL to the file as an Ingredient.,Generic/Other
i5WGkChs,This Trigger monitors your local temperature and fires whenever the temperature rises above the value you provide.,Generic/Other
i6W2BxnV,This Trigger monitors your local temperature and fires whenever the temperature rises above the value you provide.,Generic/Other
iBuvida7,This Trigger monitors changes in tomorrow’s forecasted weather condition.,Light
iHaLzeAY,"This Trigger monitors changes in the current weather condition. When one of those conditions is met the Trigger fires. Currently only these simple conditions are supported: Rain, Snow, Cloudy, Clear. ",Generic/Other
iSy9Us4R,This Trigger retrieves today's current weather report within 5 minutes of the time you specify. NOTE: Pollen count available only in the USA.,Light
iXSbGL9i,This Trigger monitors your local temperature and fires whenever the temperature drops below the value you provide.,Thermostat/Heating
iZqN2Hcs,This Trigger monitors your local temperature and fires whenever the temperature drops below the value you provide.,Thermostat/Heating
ihMqpNz9,The trigger fires when the Swann Video Doorbell button is pressed.,Generic/Other
ij4PeXZD,The trigger fires when the Swann Video Doorbell button is pressed.,Light
imakH9fE,This trigger monitors the UbiBot device's built-in humidity sensor readings and fires whenever the humidity rises above or drops below the value you provide. ,Generic/Other
ivHpDJ7d,This Trigger monitors your local temperature and fires whenever the temperature rises above the value you provide.,Light
iwNBF7Mu,Ce trigger se déclenche lorsque la plage tarifaire choisie commence dans votre logement.,Light
ixiwk4f3,This Trigger monitors your local UV levels and fires every time the UV index rises above the value you specify (0-16).,Generic/Other
j32trnBc,Send IFTTT any email at trigger@applet.ifttt.com and this Trigger fires. You can optionally add a single file attachment and IFTTT will create a public URL to the file as an Ingredient. ,Generic/Other
j3c6PDzV,This Trigger retrieves today's current weather report within 5 minutes of the time you specify. NOTE: Pollen count available only in the USA.,Light
j4udbHYf,Use this trigger to fire something when your electricity price falls or rises past your set threshold and between your preferred time settings.,Generic/Other
j6fgQDiZ,This Trigger monitors your local temperature and fires whenever the temperature drops below the value you provide.,Generic/Other
jDHVCti7,This Trigger monitors your local temperature and fires whenever the temperature drops below the value you provide.,Thermostat/Heating
jG6VJcUL,This Trigger monitors your local temperature and fires whenever the temperature rises above the value you provide.,Generic/Other
jNQyKRL9,Send IFTTT any email at trigger@applet.ifttt.com and this Trigger fires. You can optionally add a single file attachment and IFTTT will create a public URL to the file as an Ingredient. This trigger will reject emails with attachments over 30MB.,Generic/Other
jt7JyDRq,This trigger is run every time a specific Flow has been started on Homey. In order to use this Applet you need to be an owner on your Homey and have the IFTTT Homey App installed.,Generic/Other
jy69rHkQ,Send IFTTT an email at trigger@applet.ifttt.com with a hashtag in the subject (e.g. #IFTTT) and this Trigger fires. You can optionally add a single file attachment and IFTTT will create a public URL to the file as an Ingredient.,Thermostat/Heating
jycQhgpb,This Trigger monitors changes in tomorrow’s forecasted weather condition.,Light
k2Bf3JNE,This trigger is run every time a specific Flow has been started on Homey. In order to use this Applet you need to be an owner on your Homey and have the IFTTT Homey App installed.,Generic/Other
k2EcxGuQ,Send IFTTT an email at trigger@applet.ifttt.com with a hashtag in the subject (e.g. #IFTTT) and this Trigger fires. You can optionally add a single file attachment and IFTTT will create a public URL to the file as an Ingredient.,Generic/Other
kEXkntsF,Send IFTTT a tagged SMS by adding a hashtag symbol anywhere in the message (e.g. #IFTTT). ,Generic/Other
kFYE8yhq,This Trigger monitors your local temperature and fires whenever the temperature drops below the value you provide.,Light
kLsKGvCD,This trigger is fired from the assigned pusher on your Kronaby watch.,Thermostat/Heating
kP4DhUiY,Send IFTTT an email at trigger@applet.ifttt.com with a hashtag in the subject (e.g. #IFTTT) and this Trigger fires. You can optionally add a single file attachment and IFTTT will create a public URL to the file as an Ingredient.,Generic/Other
kXtTSc8Y,This triggers fires every time the child lock has deactivated.,Light
kpyre5MG,"This Trigger monitors changes in the current weather condition. When one of those conditions is met the Trigger fires. Currently only these simple conditions are supported: Rain, Snow, Cloudy, Clear. ",Light
kxi2VpRn,This Trigger monitors changes in your thermostat's set temperature and fires if it exceeds a certain threshold.,Light
kxyWNdLG,This Trigger monitors changes in your thermostat's set temperature and fires whenever it changes.,Light
kzRFdkCS,This Trigger monitors your local temperature and fires whenever the temperature rises above the value you provide.,Thermostat/Heating
kzVdkUfP,Trigger an Applet when the door is locked,Light
m5M6Fqpe,"This Trigger monitors changes in the current weather condition. When one of those conditions is met the Trigger fires. Currently only these simple conditions are supported: Rain, Snow, Cloudy, Clear. ",Light
m9Ry4B3A,This trigger activates whenever Peak Time Savings Hours are announced and during various stages of an event.,Thermostat/Heating
mBHqv46y,This Trigger monitors your local temperature and fires whenever the temperature drops below the value you provide.,Thermostat/Heating
mRwcsjBD,Send IFTTT any email at trigger@applet.ifttt.com and this Trigger fires. You can optionally add a single file attachment and IFTTT will create a public URL to the file as an Ingredient. This trigger will reject emails with attachments over 30MB.,Light
mT5axueL,"This Trigger monitors changes in the current weather condition. When one of those conditions is met the Trigger fires. Currently only these simple conditions are supported: Rain, Snow, Cloudy, Clear. ",Generic/Other
mY6ZLjCt,Send IFTTT any email at trigger@applet.ifttt.com and this Trigger fires. You can optionally add a single file attachment and IFTTT will create a public URL to the file as an Ingredient. ,Generic/Other
mgdbmBYt,This Trigger monitors your local temperature and fires whenever the temperature drops below the value you provide.,Generic/Other
mjuXqvBF,This trigger is run every time a specific Flow has been started on Homey. In order to use this Applet you need to be an owner on your Homey and have the IFTTT Homey App installed.,Generic/Other
mnm3Pia7,This Trigger monitors your local temperature and fires whenever the temperature rises above the value you provide.,Generic/Other
mtameshZ,"This Trigger monitors changes in the current weather condition. When one of those conditions is met the Trigger fires. Currently only these simple conditions are supported: Rain, Snow, Cloudy, Clear. ",Light
n85DrpQR,"This Trigger monitors changes in the current weather condition. When one of those conditions is met the Trigger fires. Currently only these simple conditions are supported: Rain, Snow, Cloudy, Clear. ",Light
nC34BcRZ,"This Trigger monitors changes in the current weather condition. When one of those conditions is met the Trigger fires. Currently only these simple conditions are supported: Rain, Snow, Cloudy, Clear. ",Light
nEGSMpje,Send IFTTT any email at trigger@applet.ifttt.com and this Trigger fires. You can optionally add a single file attachment and IFTTT will create a public URL to the file as an Ingredient. ,Generic/Other
nEhaRKCM,Trigger an Applet when the door is unlocked,Generic/Other
nGyzJimM,"This Trigger monitors changes in the current weather condition. When one of those conditions is met the Trigger fires. Currently only these simple conditions are supported: Rain, Snow, Cloudy, Clear. ",Generic/Other
nPAbuyNM,This trigger is fired from the assigned pusher on your Festina watch.,Light
nRTrjmYP,"This Trigger monitors changes in the current weather condition. When one of those conditions is met the Trigger fires. Currently only these simple conditions are supported: Rain, Snow, Cloudy, Clear. ",Generic/Other
nYem6z3T,Ce trigger se déclenche lorsque la plage tarifaire choisie commence dans votre logement.,Light
nsaWmpVi,Send IFTTT an email at trigger@applet.ifttt.com with a hashtag in the subject (e.g. #IFTTT) and this Trigger fires. You can optionally add a single file attachment and IFTTT will create a public URL to the file as an Ingredient.,Light
pk35jpAf,This trigger monitors the UbiBot device's built-in temperature sensor readings and fires whenever the temperature rises above or drops below the value you provide.,Generic/Other
pn3MK4ST,This Trigger monitors your local UV levels and fires every time the UV index rises above the value you specify (0-16).,Light
pygpcKWb,This Trigger monitors changes in tomorrow’s forecasted weather condition.,Light
pzhxfnJB,This Trigger monitors your local temperature and fires whenever the temperature rises above the value you provide.,Generic/Other
q3VP2Nv8,"This Trigger monitors changes in the current weather condition. When one of those conditions is met the Trigger fires. Currently only these simple conditions are supported: Rain, Snow, Cloudy, Clear. ",Light
q7sjfMDJ,"This Trigger monitors changes in the current weather condition. When one of those conditions is met the Trigger fires. Currently only these simple conditions are supported: Rain, Snow, Cloudy, Clear. ",Generic/Other
q8ruRCeT,"Whenever a preset temperature and/or humidity change detected, SwitchBot Thermometer & Hygrometer (the Meter) will try to trigger the service. E.g. if the temperature is too high, turn on AC with the SwitchBot Hub Plus (the Hub Plus).",Generic/Other
qBa5FTQ2,"Any new record in your 'IFTTT Event' SObject can cause this Trigger to fire. You can use the Salesforce UI (web or mobile), Apex Triggers, Process Builder, etc to insert new records thus causing this IFTTT Trigger to fire. Note: You or your Salesforce adm",Light
qFiB5TeA,This trigger monitors the UbiBot device's external DS18B20 temperature probe 1's readings and fires whenever the temperature rises above or drops below the value you provide (Available for WS1 and WS1-PRO devices).  ,Generic/Other
qPd8YgsC,This trigger activates whenever Peak Time Savings Hours are announced and during various stages of an event.,Thermostat/Heating
qQtzPVaT,This Trigger monitors your local temperature and fires whenever the temperature drops below the value you provide.,Thermostat/Heating
qa952vDz,This trigger is fired from the assigned pusher on your Lotus watch.,Generic/Other
qetgKEFx,This Trigger monitors your local temperature and fires whenever the temperature drops below the value you provide.,Thermostat/Heating
qgQKVju9,Send IFTTT any email at trigger@applet.ifttt.com and this Trigger fires. You can optionally add a single file attachment and IFTTT will create a public URL to the file as an Ingredient. This trigger will reject emails with attachments over 30MB.,Light
qhSut9cr,"You can create tags and give them to your Flics, so multiple Flics can be used with a single Recipe.",Light
qiXQepAP,Indicates whether the carbon is clean or dirty,Thermostat/Heating
qs79R4DJ,This Trigger monitors your local temperature and fires whenever the temperature drops below the value you provide.,Generic/Other
quEDLSgG,This trigger activates whenever Peak Time Savings Hours are announced and during various stages of an event.,Thermostat/Heating
quNnirQG,Send IFTTT an email at trigger@applet.ifttt.com with a hashtag in the subject (e.g. #IFTTT) and this Trigger fires. You can optionally add a single file attachment and IFTTT will create a public URL to the file as an Ingredient.,Generic/Other
rBmyLz4q,This Trigger monitors your local temperature and fires whenever the temperature rises above the value you provide.,Generic/Other
rLJvP7fg,This Trigger monitors your local temperature and fires whenever the temperature drops below the value you provide.,Thermostat/Heating
rMrjXTxB,"This Trigger monitors changes in the current weather condition. When one of those conditions is met the Trigger fires. Currently only these simple conditions are supported: Rain, Snow, Cloudy, Clear. ",Light
rNTYShcf,This trigger will only start when a specific value of a specific sensor of your Aura Air device is reached,Generic/Other
rQaYfSk4,"This Trigger monitors changes in the current weather condition. When one of those conditions is met the Trigger fires. Currently only these simple conditions are supported: Rain, Snow, Cloudy, Clear. ",Light
rTXjrecM,"This Trigger monitors changes in the current weather condition. When one of those conditions is met the Trigger fires. Currently only these simple conditions are supported: Rain, Snow, Cloudy, Clear. ",Light
rUXWTk2F,Send IFTTT any email at trigger@applet.ifttt.com and this Trigger fires. You can optionally add a single file attachment and IFTTT will create a public URL to the file as an Ingredient. ,Light
rVfJF8zX,Send IFTTT any email at trigger@applet.ifttt.com and this Trigger fires. You can optionally add a single file attachment and IFTTT will create a public URL to the file as an Ingredient. ,Light
rbJXxvgF,This Trigger monitors your local pollen levels and fires every time the pollen count rises above the value you specify (1-12). NOTE: Available only in the USA.,Light
rhkiF2Kx,This Trigger monitors your local temperature and fires whenever the temperature rises above the value you provide.,Thermostat/Heating
rkSjvT3Z,Send IFTTT an email at trigger@applet.ifttt.com with a hashtag in the subject (e.g. #IFTTT) and this Trigger fires. You can optionally add a single file attachment and IFTTT will create a public URL to the file as an Ingredient.,Generic/Other
rqmxCST2,Send IFTTT an email at trigger@applet.ifttt.com with a hashtag in the subject (e.g. #IFTTT) and this Trigger fires. You can optionally add a single file attachment (up to 30MB) and IFTTT will create a public URL to the file as an Ingredient.,Generic/Other
rqyYKisR,This trigger is fired from the assigned pusher on your Kronaby watch.,Light
rsnimYDd,This Trigger monitors your local temperature and fires whenever the temperature drops below the value you provide.,Thermostat/Heating
rvkhC5a3,Use this trigger to fire something when your electricity price falls or rises past your set threshold and between your preferred time settings.,Generic/Other
rxT8zNgY,"This Trigger monitors changes in the current weather condition. When one of those conditions is met the Trigger fires. Currently only these simple conditions are supported: Rain, Snow, Cloudy, Clear. ",Light
s9UCcBYb,Send IFTTT any email at trigger@applet.ifttt.com and this Trigger fires. You can optionally add a single file attachment and IFTTT will create a public URL to the file as an Ingredient. ,Light
s9mZqiwW,"This Trigger monitors changes in the current weather condition. When one of those conditions is met the Trigger fires. Currently only these simple conditions are supported: Rain, Snow, Cloudy, Clear. ",Light
sQdqcJYN,This Trigger retrieves today's current weather report within 5 minutes of the time you specify. NOTE: Pollen count available only in the USA.,Light
sh9NRUBu,This trigger activates whenever Peak Time Savings Hours are announced and during various stages of an event.,Thermostat/Heating
sk45qN76,This trigger is fired when an enrolled or selected face is detected by the Swann security device.,Light
snFuWg6Z,"This Trigger monitors changes in the current weather condition. When one of those conditions is met the Trigger fires. Currently only these simple conditions are supported: Rain, Snow, Cloudy, Clear. ",Light
svqK9GeU,This Trigger monitors your local temperature and fires whenever the temperature drops below the value you provide.,Thermostat/Heating
syXxDC4Z,This Trigger monitors your local temperature and fires whenever the temperature rises above the value you provide.,Thermostat/Heating
syYbu2KE,"This Trigger monitors changes in the current weather condition. When one of those conditions is met the Trigger fires. Currently only these simple conditions are supported: Rain, Snow, Cloudy, Clear. ",Light
t7pmQtNM,This Trigger monitors your local temperature and fires whenever the temperature drops below the value you provide.,Thermostat/Heating
tHakzTbP,Send IFTTT an email at trigger@applet.ifttt.com with a hashtag in the subject (e.g. #IFTTT) and this Trigger fires. You can optionally add a single file attachment (up to 30MB) and IFTTT will create a public URL to the file as an Ingredient.,Light
tJ7e8VcU,Send IFTTT any email at trigger@applet.ifttt.com and this Trigger fires. You can optionally add a single file attachment and IFTTT will create a public URL to the file as an Ingredient. This trigger will reject emails with attachments over 30MB.,Generic/Other
tJBxGukK,This Trigger monitors your local humidity and fires every time the humidity rises above the value you specify.,Air/Climate
tVwFXdGg,Send IFTTT a tagged SMS by adding a hashtag symbol anywhere in the message (e.g. #IFTTT). ,Light
tX4bFp8N,This Trigger monitors your local temperature and fires whenever the temperature drops below the value you provide.,Light
taj6MtNR,This Trigger monitors your local temperature and fires whenever the temperature rises above the value you provide.,Generic/Other
tcASX8Bg,Send IFTTT any email at trigger@applet.ifttt.com and this Trigger fires. You can optionally add a single file attachment and IFTTT will create a public URL to the file as an Ingredient. This trigger will reject emails with attachments over 30MB.,Light
tjEgctyS,This Trigger retrieves today's current weather report within 5 minutes of the time you specify. NOTE: Pollen count available only in the USA.,Light
tnf4ieTJ,"This Trigger monitors changes in the current weather condition. When one of those conditions is met the Trigger fires. Currently only these simple conditions are supported: Rain, Snow, Cloudy, Clear. ",Light
ts27HLAn,This Trigger monitors your local temperature and fires whenever the temperature drops below the value you provide.,Light
tv5FpUsY,Send IFTTT an email at trigger@applet.ifttt.com with a hashtag in the subject (e.g. #IFTTT) and this Trigger fires. You can optionally add a single file attachment and IFTTT will create a public URL to the file as an Ingredient.,Light
u2b6cuzF,Send IFTTT any email at trigger@applet.ifttt.com and this Trigger fires. You can optionally add a single file attachment and IFTTT will create a public URL to the file as an Ingredient. ,Light
u85PLGph,This Trigger retrieves today's current weather report within 5 minutes of the time you specify. NOTE: Pollen count available only in the USA.,Light
uBZtpEGf,Send IFTTT an email at trigger@applet.ifttt.com with a hashtag in the subject (e.g. #IFTTT) and this Trigger fires. You can optionally add a single file attachment (up to 30MB) and IFTTT will create a public URL to the file as an Ingredient.,Generic/Other
uCK3H6wQ,Trigger an Applet when the door is unlocked,Light
uFA2gD4C,This Trigger monitors your local temperature and fires whenever the temperature rises above the value you provide.,Thermostat/Heating
uFdVX9ub,This Trigger monitors your local temperature and fires whenever the temperature rises above the value you provide.,Thermostat/Heating
uK8sUz6R,Send IFTTT an email at trigger@applet.ifttt.com with a hashtag in the subject (e.g. #IFTTT) and this Trigger fires. You can optionally add a single file attachment (up to 30MB) and IFTTT will create a public URL to the file as an Ingredient.,Generic/Other
uKSZAezb,This Trigger monitors your local temperature and fires whenever the temperature drops below the value you provide.,Generic/Other
ugkvXJS6,Send IFTTT an email at trigger@applet.ifttt.com with a hashtag in the subject (e.g. #IFTTT) and this Trigger fires. You can optionally add a single file attachment and IFTTT will create a public URL to the file as an Ingredient.,Light
unqXAY6r,"This Trigger monitors changes in the current weather condition. When one of those conditions is met the Trigger fires. Currently only these simple conditions are supported: Rain, Snow, Cloudy, Clear. ",Generic/Other
uu9sryiL,This Trigger monitors your local temperature and fires whenever the temperature drops below the value you provide.,Thermostat/Heating
uuLjbTa3,"Whenever a preset temperature and/or humidity change detected, SwitchBot Thermometer & Hygrometer (the Meter) will try to trigger the service. E.g. if the temperature is too high, turn on AC with the SwitchBot Hub Plus (the Hub Plus).",Generic/Other
uuQZ3bcf,This trigger is fired from the assigned pusher on your Festina watch.,Thermostat/Heating
uypR4tiu,This trigger is run every time a specific Flow has been started on Homey. In order to use this Applet you need to be an owner on your Homey and have the IFTTT Homey App installed.,Generic/Other
uzsWUejX,"This Trigger monitors changes in the current weather condition. When one of those conditions is met the Trigger fires. Currently only these simple conditions are supported: Rain, Snow, Cloudy, Clear. ",Generic/Other
v2Z9TGqv,Send IFTTT any email at trigger@applet.ifttt.com and this Trigger fires. You can optionally add a single file attachment and IFTTT will create a public URL to the file as an Ingredient. This trigger will reject emails with attachments over 30MB.,Light
v8unk9vp,This Trigger monitors changes in tomorrow’s forecasted weather condition.,Light
v9Eyx2fk,Send IFTTT an email at trigger@applet.ifttt.com with a hashtag in the subject (e.g. #IFTTT) and this Trigger fires. You can optionally add a single file attachment and IFTTT will create a public URL to the file as an Ingredient.,Light
vE8kFuzq,This Trigger monitors your local temperature and fires whenever the temperature drops below the value you provide.,Generic/Other
vHSUjGm8,The trigger fires when the Swann Video Doorbell button is pressed.,Light
vQV8uHvf,Indicates whether the carbon is clean or dirty,Generic/Other
vTCGgh3i,This Trigger monitors your local pollen levels and fires every time the pollen count rises above the value you specify (1-12). NOTE: Available only in the USA.,Generic/Other
vnEwqbMa,This Trigger monitors your local temperature and fires whenever the temperature rises above the value you provide.,Thermostat/Heating
vpyP947H,Send IFTTT an email at trigger@applet.ifttt.com with a hashtag in the subject (e.g. #IFTTT) and this Trigger fires. You can optionally add a single file attachment (up to 30MB) and IFTTT will create a public URL to the file as an Ingredient.,Light
vrZSmEJF,This Trigger retrieves today's current weather report within 5 minutes of the time you specify. NOTE: Pollen count available only in the USA.,Light
w3n2ZXdr,This Trigger monitors changes in tomorrow’s forecasted weather condition.,Light
w4rySPtw,This Trigger monitors your local temperature and fires whenever the temperature rises above the value you provide.,Generic/Other
w6PGaQy4,This Trigger monitors your local temperature and fires whenever the temperature rises above the value you provide.,Generic/Other
wGAT6FBs,This Trigger retrieves today's current weather report within 5 minutes of the time you specify. NOTE: Pollen count available only in the USA.,Light
wJVdhifZ,This Trigger monitors your local temperature and fires whenever the temperature drops below the value you provide.,Generic/Other
wPZiV6Q7,Trigger an Applet when the door is locked,Generic/Other
wSUCKbZc,"This Trigger monitors changes in the current weather condition. When one of those conditions is met the Trigger fires. Currently only these simple conditions are supported: Rain, Snow, Cloudy, Clear. ",Light
wU3FnJeQ,This Trigger monitors changes in your thermostat's measured temperature and fires if it exceeds a certain threshold.,Light
wVsyekEB,"This Trigger monitors changes in the current weather condition. When one of those conditions is met the Trigger fires. Currently only these simple conditions are supported: Rain, Snow, Cloudy, Clear. ",Light
wZNjBDWm,This Trigger monitors your local temperature and fires whenever the temperature drops below the value you provide.,Generic/Other
waeXVf2B,"This Trigger monitors changes in the current weather condition. When one of those conditions is met the Trigger fires. Currently only these simple conditions are supported: Rain, Snow, Cloudy, Clear. ",Light
wbdKERC6,Send IFTTT an email at trigger@applet.ifttt.com with a hashtag in the subject (e.g. #IFTTT) and this Trigger fires. You can optionally add a single file attachment and IFTTT will create a public URL to the file as an Ingredient.,Generic/Other
wgaGbNt6,Send IFTTT an email at trigger@applet.ifttt.com with a hashtag in the subject (e.g. #IFTTT) and this Trigger fires. You can optionally add a single file attachment (up to 30MB) and IFTTT will create a public URL to the file as an Ingredient.,Generic/Other
wgmnfSyd,"This Trigger monitors changes in the current weather condition. When one of those conditions is met the Trigger fires. Currently only these simple conditions are supported: Rain, Snow, Cloudy, Clear. ",Light
wzguVxUQ,Trigger an Applet when the door is locked,Light
x2qEU3nJ,Send IFTTT an email at trigger@applet.ifttt.com with a hashtag in the subject (e.g. #IFTTT) and this Trigger fires. You can optionally add a single file attachment (up to 30MB) and IFTTT will create a public URL to the file as an Ingredient.,Light
x8B9qhFS,This Trigger monitors your local temperature and fires whenever the temperature drops below the value you provide.,Generic/Other
xCuQFX53,"This Trigger monitors changes in the current weather condition. When one of those conditions is met the Trigger fires. Currently only these simple conditions are supported: Rain, Snow, Cloudy, Clear. ",Light
xE9Vmqcg,This Trigger retrieves today's current weather report within 5 minutes of the time you specify. NOTE: Pollen count available only in the USA.,Light
xLJuNRQU,Send IFTTT an email at trigger@applet.ifttt.com with a hashtag in the subject (e.g. #IFTTT) and this Trigger fires. You can optionally add a single file attachment and IFTTT will create a public URL to the file as an Ingredient.,Generic/Other
xM6kTtUH,"This Trigger monitors changes in the current weather condition. When one of those conditions is met the Trigger fires. Currently only these simple conditions are supported: Rain, Snow, Cloudy, Clear. ",Light
xRvNsu6e,This Trigger monitors your local temperature and fires whenever the temperature rises above the value you provide.,Generic/Other
xa2rXD7E,"This Trigger monitors changes in the current weather condition. When one of those conditions is met the Trigger fires. Currently only these simple conditions are supported: Rain, Snow, Cloudy, Clear. ",Generic/Other
xaMWLTsk,"This Trigger monitors changes in the current weather condition. When one of those conditions is met the Trigger fires. Currently only these simple conditions are supported: Rain, Snow, Cloudy, Clear. ",Light
xfsJknpy,Send IFTTT any email at trigger@applet.ifttt.com and this Trigger fires. You can optionally add a single file attachment and IFTTT will create a public URL to the file as an Ingredient. ,Generic/Other
xm7Ctr5J,Fires when a new incident gets assigned to the current user.,Light
xuCnXpYr,Ce trigger se déclenche lorsque la plage tarifaire choisie commence dans votre logement.,Thermostat/Heating
xxYPthjy,"Whenever a preset temperature and/or humidity change detected, SwitchBot Thermometer & Hygrometer (the Meter) will try to trigger the service. E.g. if the temperature is too high, turn on AC with the SwitchBot Hub Plus (the Hub Plus).",Thermostat/Heating
xzcDYfa5,Send IFTTT an email at trigger@applet.ifttt.com with a hashtag in the subject (e.g. #IFTTT) and this Trigger fires. You can optionally add a single file attachment and IFTTT will create a public URL to the file as an Ingredient.,Light
y4Rz7eY8,Send IFTTT an email at trigger@applet.ifttt.com with a hashtag in the subject (e.g. #IFTTT) and this Trigger fires. You can optionally add a single file attachment (up to 30MB) and IFTTT will create a public URL to the file as an Ingredient.,Generic/Other
y5tUvAGx,"This Trigger monitors changes in the current weather condition. When one of those conditions is met the Trigger fires. Currently only these simple conditions are supported: Rain, Snow, Cloudy, Clear. ",Light
yE4xkupS,"This Trigger monitors changes in the current weather condition. When one of those conditions is met the Trigger fires. Currently only these simple conditions are supported: Rain, Snow, Cloudy, Clear. ",Light
yFsvBLRx,This trigger is fired from the assigned pusher on your Lotus watch.,Thermostat/Heating
yFyTBEQU,Send IFTTT any email at trigger@applet.ifttt.com and this Trigger fires. You can optionally add a single file attachment and IFTTT will create a public URL to the file as an Ingredient. ,Generic/Other
yLzDdPbN,This Trigger monitors your local temperature and fires whenever the temperature rises above the value you provide.,Light
ySEMiQUv,"This Trigger monitors changes in the current weather condition. When one of those conditions is met the Trigger fires. Currently only these simple conditions are supported: Rain, Snow, Cloudy, Clear. ",Light
yWpNRXgJ,Send IFTTT any email at trigger@applet.ifttt.com and this Trigger fires. You can optionally add a single file attachment and IFTTT will create a public URL to the file as an Ingredient. ,Light
yXCFaPt9,"This Trigger monitors changes in the current weather condition. When one of those conditions is met the Trigger fires. Currently only these simple conditions are supported: Rain, Snow, Cloudy, Clear. ",Generic/Other
yXhu85gi,This Trigger retrieves today's current weather report within 5 minutes of the time you specify. NOTE: Pollen count available only in the USA.,Light
yaTcu7QF,Send IFTTT an email at trigger@applet.ifttt.com with a hashtag in the subject (e.g. #IFTTT) and this Trigger fires. You can optionally add a single file attachment and IFTTT will create a public URL to the file as an Ingredient.,Generic/Other
yg2YcrLS,Indicates whether the carbon is clean or dirty,Thermostat/Heating
ygjHUKAB,Use this trigger to fire something when your electricity price stays above (or below) your set threshold for a minimum length of time in 30-minute blocks.,Thermostat/Heating
ywpAJ5VD,"This Trigger monitors changes in the current weather condition. When one of those conditions is met the Trigger fires. Currently only these simple conditions are supported: Rain, Snow, Cloudy, Clear. ",Light
z3QiMWKN,This trigger is fired from the assigned pusher on your Jaguar watch.,Light
z7UfheEu,This Trigger monitors changes in your thermostat's heating mode and fires if it is set to a certain mode.,Light
z7zYGHbW,"This Trigger retrieves tomorrow's weather report within 5 minutes of the time you specify, depending on when forecast data is updated.",Light
zFsYUKRi,This Trigger monitors your local temperature and fires whenever the temperature drops below the value you provide.,Light
zG7fhxBz,This Trigger retrieves today's current weather report within 5 minutes of the time you specify. NOTE: Pollen count available only in the USA.,Light
zRXUx86r,"This Trigger monitors changes in the current weather condition. When one of those conditions is met the Trigger fires. Currently only these simple conditions are supported: Rain, Snow, Cloudy, Clear. ",Light
zS5zKdte,This Trigger monitors your local temperature and fires whenever the temperature rises above the value you provide.,Light
zYHZePpy,"This Trigger monitors changes in the current weather condition. When one of those conditions is met the Trigger fires. Currently only these simple conditions are supported: Rain, Snow, Cloudy, Clear. ",Generic/Other
zaA8NKrn,Send IFTTT an email at trigger@applet.ifttt.com with a hashtag in the subject (e.g. #IFTTT) and this Trigger fires. You can optionally add a single file attachment and IFTTT will create a public URL to the file as an Ingredient.,Generic/Other
zaM652kj,This Trigger monitors your local humidity and fires every time the humidity rises above the value you specify.,Generic/Other
zbzsPnLx,This Trigger monitors your local temperature and fires whenever the temperature rises above the value you provide.,Thermostat/Heating
ziV6MHEA,This Trigger monitors your local temperature and fires whenever the temperature rises above the value you provide.,Thermostat/Heating
zmPsu4p7,"This Trigger monitors changes in the current weather condition. When one of those conditions is met the Trigger fires. Currently only these simple conditions are supported: Rain, Snow, Cloudy, Clear. ",Generic/Other
znAaYJWb,Send IFTTT any email at trigger@applet.ifttt.com and this Trigger fires. You can optionally add a single file attachment and IFTTT will create a public URL to the file as an Ingredient. ,Light
zqeY54XJ,This Trigger monitors your local temperature and fires whenever the temperature rises above the value you provide.,Light
zqzgUmJh,Send IFTTT any email at trigger@applet.ifttt.com and this Trigger fires. You can optionally add a single file attachment and IFTTT will create a public URL to the file as an Ingredient. ,Light
zyNc9k7R,Ce trigger se déclenche lorsque la plage tarifaire choisie commence dans votre logement.,Light
