id,triggerChannelTitle,triggerTitle,triggerDesc,actionChannelTitle,actionTitle,actionDesc,deviceCategory
1DW5W8I_,Foobot,Pollution is high,This Trigger fires when global air pollution is higher than 50.,WeMo Smart Plug,Turn on,"This Action will turn a WeMo Switch on. If the WeMo Switch is already on, it will remain on.",Generic/Other
A38TqjpD,Location,You exit an area,This Trigger fires every time you exit an area you specify.,iRobot,Start robot,This action will start your robot.,Generic/Other
A7tPkTBb,Amazon Alexa,Say a specific phrase,"This trigger fires every time you say 'Alexa trigger' + the phrase that you have defined. For instance, if you set 'party time' as the phrase, you can say 'Alexa trigger party time' to have your lights loop colors.",WeMo Maker,Turn relay on momentarily,This Action will turn a WeMo Maker on for 300 milliseconds. Note: WeMo Maker must be in 'Momentary' mode for this action to work.,Generic/Other
A8haWxeE,Smappee,Power rises above,This Trigger fires every time the power rises above the specified value in watts.,TP-Link Kasa,Turn off,This action will turn off a selected device.,Generic/Other
AAY7cbwT,UbiBot,Temperature Rises above or Drops below,This trigger monitors the UbiBot device's built-in temperature sensor readings and fires whenever the temperature rises above or drops below the value you provide.,WeMo Smart Plug,Turn on,"This Action will turn a WeMo Switch on. If the WeMo Switch is already on, it will remain on.",Generic/Other
ADJ48MdZ,Nest Thermostat,Temperature rises above,This Trigger fires every time the temperature rises above a threshold you specify.,Smart Life,Activate Scene,This action will activate the specified scene.,Generic/Other
AHGbTfDY,Weather Underground,Sunset,This Trigger fires within 15 minutes of the sunset in your location.,SwitchBot,Bot turn on ,This action will trigger the specified Bot to turn on the switch.,Generic/Other
ANGCFaWf,Google Assistant,Say a simple phrase,"This trigger fires when you say “Ok Google” to the Google Assistant followed by a phrase you choose. For example, say “Ok Google, I’m running late” to text a family member that you’re on your way home.",Smart Life,Activate Scene,This action will activate the specified scene.,Generic/Other
ANGyY6bh,Amazon Alexa,Say a specific phrase,"This trigger fires every time you say 'Alexa trigger' + the phrase that you have defined. For instance, if you set 'party time' as the phrase, you can say 'Alexa trigger party time' to have your lights loop colors.",WeMo Insight Switch,Turn on,"This Action will turn a WeMo Insight Switch on. If the WeMo Insight Switch is already on, it will remain on.",Generic/Other
APNVrCA4,Date & Time,Every day at,This Trigger fires every single day at a specific time set by you.,WeMo Smart Plug,Turn off,"This Action will turn a WeMo Switch off. If the WeMo Switch is already off, it will remain off.",Generic/Other
AQ5EKa6d,Google Assistant,Say a simple phrase,"This trigger fires when you say “Ok Google” to the Google Assistant followed by a phrase you choose. For example, say “Ok Google, I’m running late” to text a family member that you’re on your way home.",Smart Life,Turn on,This action will turn on the device/group of your choosing.,Generic/Other
AR7YdFHS,Button widget,Button press,This trigger fires every time you press the button.,TP-Link Kasa,Turn on,This action will turn on a device.,Generic/Other
ATj3Zv7Q,Wyze,Motion Sensor detects motion,This trigger fires when a Motion Sensor detects motion.,Smart Life,Turn on,This action will turn on the device/group of your choosing.,Generic/Other
AU5VKeyd,Weather Underground,Current temperature drops below,This Trigger monitors your local temperature and fires whenever the temperature drops below the value you provide.,TP-Link Kasa,Turn on,This action will turn on a device.,Generic/Other
AdUbMn2L,Date & Time,Every hour at,"This Trigger fires once an hour at :00, :15, :30, or :45 minutes past the hour.",TP-Link Kasa,Toggle,This action will toggle a device.,Generic/Other
Adrjbe4C,Weather Underground,Current condition changes to,"This Trigger monitors changes in the current weather condition. When one of those conditions is met the Trigger fires. Currently only these simple conditions are supported: Rain, Snow, Cloudy, Clear. ",WeMo Smart Plug,Turn off,"This Action will turn a WeMo Switch off. If the WeMo Switch is already off, it will remain off.",Generic/Other
Ads7kvLD,ComEd,Change in Average Price,This trigger fires for an account that is on a dynamic pricing plan such as the Residential Hourly Pricing program or other real time market rates whenever the average price changes.,WeMo Smart Plug,Turn on,"This Action will turn a WeMo Switch on. If the WeMo Switch is already on, it will remain on.",Generic/Other
Af6v4My5,Email,Send IFTTT an email tagged,Send IFTTT an email at trigger@applet.ifttt.com with a hashtag in the subject (e.g. #IFTTT) and this Trigger fires. You can optionally add a single file attachment and IFTTT will create a public URL to the file as an Ingredient.,WeMo Smart Plug,Turn on,"This Action will turn a WeMo Switch on. If the WeMo Switch is already on, it will remain on.",Generic/Other
AgDzRwCs,Date & Time,Every day at,This Trigger fires every single day at a specific time set by you.,Heatzy,Activate the child lock,This action will lock a specific device,Generic/Other
AgaFsChz,Weather Underground,Current temperature rises above,This Trigger monitors your local temperature and fires whenever the temperature rises above the value you provide.,Smart Life,Turn off,This action will turn off the device/group of your choosing.,Generic/Other
AgwL9r8D,Weather Underground,Sunset,This Trigger fires within 15 minutes of the sunset in your location.,WeMo Smart Plug,Turn on,"This Action will turn a WeMo Switch on. If the WeMo Switch is already on, it will remain on.",Generic/Other
Ai3fQzcX,Date & Time,Every day of the week at,This Trigger fires only on specific days of the week at the time you provide.,Smart Life,Turn off,This action will turn off the device/group of your choosing.,Generic/Other
AigcenAN,SmartThings,Brightness drops below,This Trigger fires every time the your SmartThings device detects brightness below a value you specify.,Smart Life,Turn on,This action will turn on the device/group of your choosing.,Generic/Other
Aitg56xS,Google Sheets,Cell updated in spreadsheet,This trigger fires when a particular cell is updated within the spreadsheet you specify.,TP-Link Kasa,Toggle,This action will toggle a device.,Generic/Other
AmBEfdbL,Date & Time,Every day at,This Trigger fires every single day at a specific time set by you.,SwitchBot,Bot turn off,This action will trigger the specified Bot to turn off the switch.,Generic/Other
AmTH8vnp,Google Assistant,Say a simple phrase,"This trigger fires when you say “Ok Google” to the Google Assistant followed by a phrase you choose. For example, say “Ok Google, I’m running late” to text a family member that you’re on your way home.",Wemo Dimmer,Change brightness,This action will change brightness of a Dimmer to a specified level/percentage.,Generic/Other
Amwyg5hE,Google Assistant,Say a simple phrase,"This trigger fires when you say “Ok Google” to the Google Assistant followed by a phrase you choose. For example, say “Ok Google, I’m running late” to text a family member that you’re on your way home.",WeMo Smart Plug,Toggle on/off,This Action will toggle a WeMo Switch on or off.,Generic/Other
Aq8WnPB7,Weather Underground,Current condition changes to,"This Trigger monitors changes in the current weather condition. When one of those conditions is met the Trigger fires. Currently only these simple conditions are supported: Rain, Snow, Cloudy, Clear. ",WeMo Smart Plug,Turn on,"This Action will turn a WeMo Switch on. If the WeMo Switch is already on, it will remain on.",Generic/Other
AqMYG5sV,Weather Underground,Current temperature drops below,This Trigger monitors your local temperature and fires whenever the temperature drops below the value you provide.,WeMo Smart Plug,Turn off,"This Action will turn a WeMo Switch off. If the WeMo Switch is already off, it will remain off.",Generic/Other
Av7kMX46,WeMo Insight Switch,Switched off,This Trigger fires every time your WeMo Insight Switch is turned off.,WeMo Insight Switch,Turn on,"This Action will turn a WeMo Insight Switch on. If the WeMo Insight Switch is already on, it will remain on.",Generic/Other
AwiThzHd,Date & Time,Every day of the week at,This Trigger fires only on specific days of the week at the time you provide.,WeMo Smart Plug,Turn on,"This Action will turn a WeMo Switch on. If the WeMo Switch is already on, it will remain on.",Generic/Other
B2CH84cU,Google Assistant,Say a simple phrase,"This trigger fires when you say “Ok Google” to the Google Assistant followed by a phrase you choose. For example, say “Ok Google, I’m running late” to text a family member that you’re on your way home.",TP-Link Kasa,Turn off,This action will turn off a selected device.,Generic/Other
B2TMR6FE,Date & Time,Every day at,This Trigger fires every single day at a specific time set by you.,WeMo Smart Plug,Turn off,"This Action will turn a WeMo Switch off. If the WeMo Switch is already off, it will remain off.",Generic/Other
B3wqsMPT,Apilio,Receive an event from Apilio,This trigger fires every time IFTTT receives a specific event from Apilio.,TP-Link Kasa,Activate scene,This action will activate a selected Scene from your account.,Generic/Other
B4mfBX9x,Netatmo Weather Station,Temperature drops below,This Trigger fires every time the temperature drops below a value you specify.,WeMo Smart Plug,Turn on,"This Action will turn a WeMo Switch on. If the WeMo Switch is already on, it will remain on.",Generic/Other
B67BTHXb,Email,Send IFTTT any email,Send IFTTT any email at trigger@applet.ifttt.com and this Trigger fires. You can optionally add a single file attachment and IFTTT will create a public URL to the file as an Ingredient. ,WeMo Smart Plug,Toggle on/off,This Action will toggle a WeMo Switch on or off.,Generic/Other
B7hVRr9d,Smappee,Power drops below,This Trigger fires every time the power drops below the specified value in watts.,Smappee,Turn on plug,This Action will turn on a plug for the specified duration.,Generic/Other
B7kiYGN9,Android Battery,Battery drops below 15%,This Trigger fires every time your Android device's battery drops below 15%.,TP-Link Kasa,Turn on,This action will turn on a device.,Generic/Other
B8cHWdFU,Weather Underground,Sunset,This Trigger fires within 15 minutes of the sunset in your location.,Energenie Mi|Home,Power off device,This Action will turn off one of your Mi|Home devices.,Generic/Other
BBuGLzWh,uHoo,uHoo air quality alert,This trigger fires when your air quality goes above or below the target level.,iRobot,Start robot,This action will start your robot.,Generic/Other
BEhFUXSq,Arlo,Motion detected,This Trigger fires when your Arlo device detects motion.,WeMo Smart Plug,Turn on,"This Action will turn a WeMo Switch on. If the WeMo Switch is already on, it will remain on.",Generic/Other
BGqn2kNz,WeMo Light Switch,Long press,This Trigger fires every time your WeMo Light Switch is turned on or off with a long press over two seconds.,WeMo Smart Plug,Turn off,"This Action will turn a WeMo Switch off. If the WeMo Switch is already off, it will remain off.",Generic/Other
BSD2BuCf,Date & Time,Every day at,This Trigger fires every single day at a specific time set by you.,Smart Life,Turn off,This action will turn off the device/group of your choosing.,Generic/Other
BSNPysBu,Google Assistant,Say a simple phrase,"This trigger fires when you say “Ok Google” to the Google Assistant followed by a phrase you choose. For example, say “Ok Google, I’m running late” to text a family member that you’re on your way home.",iRobot,Dock robot,This action will dock your robot.,Generic/Other
BSVcXtwe,Flic,Flic is clicked,This Trigger fires every time you click the selected Flic.,Smappee,Turn on plug,This Action will turn on a plug for the specified duration.,Generic/Other
BSaTfwiX,Nest Cam,New motion event,This Trigger fires every time the camera detects a motion event.,WeMo Insight Switch,Turn on,"This Action will turn a WeMo Insight Switch on. If the WeMo Insight Switch is already on, it will remain on.",Generic/Other
BUiWh9ZH,Location,You enter an area,This Trigger fires every time you enter an area you specify.,WeMo Smart Plug,Turn on,"This Action will turn a WeMo Switch on. If the WeMo Switch is already on, it will remain on.",Generic/Other
BZiwd3xV,Weather Underground,Current condition changes to,"This Trigger monitors changes in the current weather condition. When one of those conditions is met the Trigger fires. Currently only these simple conditions are supported: Rain, Snow, Cloudy, Clear. ",WeMo Smart Plug,Turn on then off,This Action will turn a WeMo Switch on then immediately back off.,Generic/Other
BaSGzdXL,Android Device,Connects to a specific WiFi network,This Trigger fires every time your Android device connects to a WiFi network you specify.,TP-Link Kasa,Turn on,This action will turn on a device.,Generic/Other
BchwJDe6,Google Assistant,Say a simple phrase,"This trigger fires when you say “Ok Google” to the Google Assistant followed by a phrase you choose. For example, say “Ok Google, I’m running late” to text a family member that you’re on your way home.",WeMo Smart Plug,Turn off,"This Action will turn a WeMo Switch off. If the WeMo Switch is already off, it will remain off.",Generic/Other
BeuGbNzt,WeMo Motion,Any new motion,This Trigger fires every time your WeMo Motion sensor detects new motion.,TP-Link Kasa,Turn on,This action will turn on a device.,Generic/Other
BfBMG5T3,Amazon Alexa,Say a specific phrase,"This trigger fires every time you say 'Alexa trigger' + the phrase that you have defined. For instance, if you set 'party time' as the phrase, you can say 'Alexa trigger party time' to have your lights loop colors.",WeMo Smart Plug,Turn off,"This Action will turn a WeMo Switch off. If the WeMo Switch is already off, it will remain off.",Generic/Other
BfT95BPn,Google Assistant,Say a simple phrase,"This trigger fires when you say “Ok Google” to the Google Assistant followed by a phrase you choose. For example, say “Ok Google, I’m running late” to text a family member that you’re on your way home.",iRobot,Start robot,This action will start your robot.,Generic/Other
BgMxrZ89,Date & Time,Every day at,This Trigger fires every single day at a specific time set by you.,WeMo Smart Plug,Turn on,"This Action will turn a WeMo Switch on. If the WeMo Switch is already on, it will remain on.",Generic/Other
Bnx5a864,SmartThings,Any new motion,This Trigger fires every time your SmartThings device senses motion.,Smart Life,Turn on,This action will turn on the device/group of your choosing.,Generic/Other
BpJE5wQZ,Amazon Alexa,Item completed on your To Do List,This Trigger fires every time you complete an item on your To Do List.,WeMo Smart Plug,Turn on then off,This Action will turn a WeMo Switch on then immediately back off.,Generic/Other
BpKVk3ZB,Google Assistant,Say a simple phrase,"This trigger fires when you say “Ok Google” to the Google Assistant followed by a phrase you choose. For example, say “Ok Google, I’m running late” to text a family member that you’re on your way home.",Smart Life,Turn off,This action will turn off the device/group of your choosing.,Generic/Other
BrSdTMh9,Brilliant Smart,Device or group is turned on,This trigger fires when the specified device/group is turned on.,Brilliant Smart,Activate Scene,This action will activate the specified scene.,Generic/Other
BuHUtAae,Wink Relay,Button press,This Trigger fires whenever you press the selected button on your Wink Relay.,WeMo Smart Plug,Toggle on/off,This Action will toggle a WeMo Switch on or off.,Generic/Other
BxsyA2pJ,Android SMS,New SMS received matches search,This Trigger fires every time you receive an SMS on your Android device that matches a search you specify.,WeMo Smart Plug,Toggle on/off,This Action will toggle a WeMo Switch on or off.,Generic/Other
BykEN28q,iOS Calendar,New event added to specific calendar,This trigger fires every time a new event is added to the calendar that you specify.,TP-Link Kasa,Activate scene,This action will activate a selected Scene from your account.,Generic/Other
BzhpS3mM,WeMo Motion,Any new motion,This Trigger fires every time your WeMo Motion sensor detects new motion.,WeMo Smart Plug,Turn on then off,This Action will turn a WeMo Switch on then immediately back off.,Generic/Other
C2hr49wt,Agile Octopus,Energy price change,Use this trigger to fire something when your electricity price falls or rises past your set threshold and between your preferred time settings.,Smart Life,Turn off,This action will turn off the device/group of your choosing.,Generic/Other
C3fzkPje,Google Assistant,Say a simple phrase,"This trigger fires when you say “Ok Google” to the Google Assistant followed by a phrase you choose. For example, say “Ok Google, I’m running late” to text a family member that you’re on your way home.",iRobot,Dock robot,This action will dock your robot.,Generic/Other
C4rqU6v8,Location,You enter an area,This Trigger fires every time you enter an area you specify.,WeMo Smart Plug,Turn on,"This Action will turn a WeMo Switch on. If the WeMo Switch is already on, it will remain on.",Generic/Other
C7vQYxdJ,WeMo Maker,Relay on,This Trigger fires every time your WeMo Maker relay is turned on in toggle mode.,WeMo Maker,Turn relay off,"This Action will turn a WeMo Maker off. If the WeMo Maker is already off, it will remain off.",Generic/Other
C95xKmUk,Amazon Alexa,Say a specific phrase,"This trigger fires every time you say 'Alexa trigger' + the phrase that you have defined. For instance, if you set 'party time' as the phrase, you can say 'Alexa trigger party time' to have your lights loop colors.",WeMo Smart Plug,Turn on,"This Action will turn a WeMo Switch on. If the WeMo Switch is already on, it will remain on.",Generic/Other
CA5UipKN,SwitchBot,Motion detected or no motion detected,"When Motion Sensor detected motion or no motion, the SwitchBot motion sensor will try to trigger the service.",Heatzy,Turn off,This action will turn off a specific device,Generic/Other
CB8vqNjX,Weather Underground,Sunrise,This Trigger fires within 15 minutes of the sunrise in your location.,Wink: Pivot Power Genius,Turn outlet off,"This Action will turn off the Pivot Power Genius outlet you specify. If the outlet is already off, it will remain off.",Generic/Other
CBrMH9fK,Google Assistant,Say a simple phrase,"This trigger fires when you say “Ok Google” to the Google Assistant followed by a phrase you choose. For example, say “Ok Google, I’m running late” to text a family member that you’re on your way home.",Smart Life,Turn off,This action will turn off the device/group of your choosing.,Generic/Other
CCQgDJ5B,Weather Underground,Current temperature drops below,This Trigger monitors your local temperature and fires whenever the temperature drops below the value you provide.,iDevices,Turn on,This action will turn the specified product on.,Generic/Other
CCsn9zcA,Location,You exit an area,This Trigger fires every time you exit an area you specify.,TP-Link Kasa,Turn off,This action will turn off a selected device.,Generic/Other
CCu5jcxU,Location,You enter an area,This Trigger fires every time you enter an area you specify.,TP-Link Kasa,Turn on,This action will turn on a device.,Generic/Other
CD8w573R,Hubitat,Device turns off,This trigger fires when your Hubitat device turns off.,Smart Life,Turn off,This action will turn off the device/group of your choosing.,Generic/Other
CEjPDM3x,Button widget,Button press,This trigger fires every time you press the button.,ThermoSmart,Pause,This Action will pause your ThermoSmart.,Generic/Other
CKzPJ8E6,Android Device,Notification received from a specific app,This trigger fires every time a new notification is received on your Android device from an app that you specify. NOTE: will not fire for IFTTT app notifications.,TP-Link Kasa,Turn on,This action will turn on a device.,Generic/Other
CLg9SR8k,Amazon Alexa,Say a specific phrase,"This trigger fires every time you say 'Alexa trigger' + the phrase that you have defined. For instance, if you set 'party time' as the phrase, you can say 'Alexa trigger party time' to have your lights loop colors.",iRobot,Start robot,This action will start your robot.,Generic/Other
CM97SHr2,Weather Underground,Sunset,This Trigger fires within 15 minutes of the sunset in your location.,WeMo Smart Plug,Turn on,"This Action will turn a WeMo Switch on. If the WeMo Switch is already on, it will remain on.",Generic/Other
CM9VcJZj,Google Assistant,Say a simple phrase,"This trigger fires when you say “Ok Google” to the Google Assistant followed by a phrase you choose. For example, say “Ok Google, I’m running late” to text a family member that you’re on your way home.",TP-Link Kasa,Turn on,This action will turn on a device.,Generic/Other
CTFBbQPR,Amazon Alexa,Say a specific phrase,"This trigger fires every time you say 'Alexa trigger' + the phrase that you have defined. For instance, if you set 'party time' as the phrase, you can say 'Alexa trigger party time' to have your lights loop colors.",WeMo Maker,Turn relay on momentarily,This Action will turn a WeMo Maker on for 300 milliseconds. Note: WeMo Maker must be in 'Momentary' mode for this action to work.,Generic/Other
CYPzZGHF,Google Calendar,Event from search starts,"This Trigger fires a set number of minutes before the starting time of an event on your Google Calendar that contains a specific keyword or phrase. The search looks at the event’s Title, Description, and Location.",WeMo Insight Switch,Turn on,"This Action will turn a WeMo Insight Switch on. If the WeMo Insight Switch is already on, it will remain on.",Generic/Other
CZDTUaxb,Weather Underground,Sunset,This Trigger fires within 15 minutes of the sunset in your location.,WeMo Smart Plug,Turn on,"This Action will turn a WeMo Switch on. If the WeMo Switch is already on, it will remain on.",Generic/Other
CafUFMHk,Email,Send IFTTT any email,Send IFTTT any email at trigger@applet.ifttt.com and this Trigger fires. You can optionally add a single file attachment and IFTTT will create a public URL to the file as an Ingredient. ,WeMo Smart Plug,Toggle on/off,This Action will toggle a WeMo Switch on or off.,Generic/Other
Ch42rx9p,Android Battery,Device is unplugged,This Trigger fires every time your Android device is unplugged.,TP-Link Kasa,Turn off,This action will turn off a selected device.,Generic/Other
ChB4m5v3,Location,You exit an area,This Trigger fires every time you exit an area you specify.,WeMo Smart Plug,Turn off,"This Action will turn a WeMo Switch off. If the WeMo Switch is already off, it will remain off.",Generic/Other
CkevCKNP,Date & Time,Every day at,This Trigger fires every single day at a specific time set by you.,WeMo Smart Plug,Turn on,"This Action will turn a WeMo Switch on. If the WeMo Switch is already on, it will remain on.",Generic/Other
CmXEJbUc,Button widget,Button press,This trigger fires every time you press the button.,Heatzy,Set manual mode,This action will set a specific device on manual mode,Generic/Other
CncLEzZy,Location,You enter or exit an area,This Trigger fires every time you enter or exit an area you specify.,WeMo Smart Plug,Toggle on/off,This Action will toggle a WeMo Switch on or off.,Generic/Other
CnjCKG6s,Date & Time,Every day at,This Trigger fires every single day at a specific time set by you.,WeMo Smart Plug,Turn off,"This Action will turn a WeMo Switch off. If the WeMo Switch is already off, it will remain off.",Generic/Other
Cr6ncWxA,Powered by Viva,We detect that the home is empty,This trigger fires when every family member has left.,WeMo Smart Plug,Turn off,"This Action will turn a WeMo Switch off. If the WeMo Switch is already off, it will remain off.",Generic/Other
CtgRCjWZ,Google Assistant,Say a simple phrase,"This trigger fires when you say “Ok Google” to the Google Assistant followed by a phrase you choose. For example, say “Ok Google, I’m running late” to text a family member that you’re on your way home.",Nature Remo,Control home appliances,This action will send an infrared signal to control your home appliances.,Generic/Other
CvtMhnLb,Android Device,Connects to a specific WiFi network,This Trigger fires every time your Android device connects to a WiFi network you specify.,TP-Link Kasa,Turn on,This action will turn on a device.,Generic/Other
D4iYuBNS,Weather Underground,Sunset,This Trigger fires within 15 minutes of the sunset in your location.,WeMo Smart Plug,Turn on,"This Action will turn a WeMo Switch on. If the WeMo Switch is already on, it will remain on.",Generic/Other
D5bNEyVd,Location,You enter an area,This Trigger fires every time you enter an area you specify.,Heatmiser,Turn neoPlug on,This Action will allow you to switch on the selected neoPlug.,Generic/Other
D6C9Hsj2,Orion - Voice for Teams,Listen for a word or phrase,This trigger fires every time you or someone in your Orion group says a particular word or phrase.,WeMo Smart Plug,Toggle on/off,This Action will toggle a WeMo Switch on or off.,Generic/Other
D7mnUZi3,Weather Underground,Sunset,This Trigger fires within 15 minutes of the sunset in your location.,WeMo Smart Plug,Turn on,"This Action will turn a WeMo Switch on. If the WeMo Switch is already on, it will remain on.",Generic/Other
D8qP5LiA,Button widget,Button press,This trigger fires every time you press the button.,WeMo Insight Switch,Turn off,"This Action will turn a WeMo Switch off. If the WeMo Switch is already off, it will remain off.",Generic/Other
DAYt2uRg,Location,You enter an area,This Trigger fires every time you enter an area you specify.,TP-Link Kasa,Turn on,This action will turn on a device.,Generic/Other
DAw76jUk,Email,Send IFTTT any email,Send IFTTT any email at trigger@applet.ifttt.com and this Trigger fires. You can optionally add a single file attachment and IFTTT will create a public URL to the file as an Ingredient. This trigger will reject emails with attachments over 30MB.,WeMo Smart Plug,Turn on then off,This Action will turn a WeMo Switch on then immediately back off.,Generic/Other
DB6KNLyb,Google Calendar,Event from search starts,"This Trigger fires a set number of minutes before the starting time of an event on your Calendar that contains a specific keyword or phrase in the event’s Title, Description, or Location. Ingredient will be based on the zone set in Google.",WeMo Smart Plug,Turn off,"This Action will turn a WeMo Switch off. If the WeMo Switch is already off, it will remain off.",Generic/Other
DCvwKhbY,Litter-Robot by Whisker,Litter Robot Events,This trigger fires when an event is triggered from your litter robot. ie. Clean Cycle Completes,iRobot,Clean by Room,This action will clean a specific room in your home. For robots with Imprint™ Smart Mapping technology.,Generic/Other
DDVuQJvG,Date & Time,Every hour at,"This Trigger fires once an hour at :00, :15, :30, or :45 minutes past the hour.",WeMo Insight Switch,Turn on,"This Action will turn a WeMo Insight Switch on. If the WeMo Insight Switch is already on, it will remain on.",Generic/Other
DFmSMW9B,Android Device,Notification received from a specific app,This trigger fires every time a new notification is received on your Android device from an app that you specify. NOTE: will not fire for IFTTT app notifications.,Smart Life,Turn on,This action will turn on the device/group of your choosing.,Generic/Other
DGbRmNpc,Netatmo Weather Station,Humidity rises above,This Trigger fires every time the humidity rises above a percentage you specify.,WeMo Insight Switch,Turn on,"This Action will turn a WeMo Insight Switch on. If the WeMo Insight Switch is already on, it will remain on.",Generic/Other
DGgTYv4H,Hubitat,Device turns off,This trigger fires when your Hubitat device turns off.,Smart Life,Turn off,This action will turn off the device/group of your choosing.,Generic/Other
DJCyH7wz,Date & Time,Every day of the week at,This Trigger fires only on specific days of the week at the time you provide.,WeMo Insight Switch,Turn off,"This Action will turn a WeMo Switch off. If the WeMo Switch is already off, it will remain off.",Generic/Other
DKzmP6YS,Button widget,Button press,This trigger fires every time you press the button.,Smart Life,Activate Scene,This action will activate the specified scene.,Generic/Other
DMmPJCW2,Weather Underground,Current temperature drops below,This Trigger monitors your local temperature and fires whenever the temperature drops below the value you provide.,Smart Life,Turn off,This action will turn off the device/group of your choosing.,Generic/Other
DNgdetuZ,Withings Sleep,When I get out of bed,"This trigger fires every time your Withings Sleep detects that you get out of bed, within the start and end time parameters that you specify.",Heatzy,Set eco mode,This action will set a specific device on eco mode,Generic/Other
DPFc8wQj,Button widget,Button press,This trigger fires every time you press the button.,TP-Link Kasa,Turn off,This action will turn off a selected device.,Generic/Other
DRBc2Wqu,Button widget,Button press,This trigger fires every time you press the button.,Smart Life,Activate Scene,This action will activate the specified scene.,Generic/Other
DRFxz8dk,Nest Thermostat,Temperature drops below,This Trigger fires every time the temperature drops below a threshold you specify.,WeMo Smart Plug,Turn on,"This Action will turn a WeMo Switch on. If the WeMo Switch is already on, it will remain on.",Generic/Other
DSkVQzjy,Honeywell Home,Smart Home Security away mode activated,This trigger fires when the home security device enters Away mode.,iRobot,Start robot,This action will start your robot.,Generic/Other
DTw3GDk7,OhmConnect,An #OhmHour starts,This trigger fires when an OhmHour starts,WeMo Smart Plug,Turn off,"This Action will turn a WeMo Switch off. If the WeMo Switch is already off, it will remain off.",Generic/Other
DWnhf2ZS,Apilio,Receive an event from Apilio,This trigger fires every time IFTTT receives a specific event from Apilio.,TP-Link Kasa,Turn on,This action will turn on a device.,Generic/Other
DXadVGMr,Weather Underground,Sunset,This Trigger fires within 15 minutes of the sunset in your location.,iDevices,Turn on,This action will turn the specified product on.,Generic/Other
DY6NHLwz,Homey,A Flow has been started,This trigger is run every time a specific Flow has been started on Homey. In order to use this Applet you need to be an owner on your Homey and have the IFTTT Homey App installed.,Heatzy,Set manual mode,This action will set a specific device on manual mode,Generic/Other
DY7auk2z,Wyze,Contact Sensor closes,This trigger fires when a Contact Sensor closes.,TP-Link Kasa,Activate scene,This action will activate a selected Scene from your account.,Generic/Other
DYJQd63x,Weather Underground,Current humidity level rises above,This Trigger monitors your local humidity and fires every time the humidity rises above the value you specify.,WeMo Smart Plug,Turn on,"This Action will turn a WeMo Switch on. If the WeMo Switch is already on, it will remain on.",Generic/Other
DZw9S4xC,Location,You enter an area,This Trigger fires every time you enter an area you specify.,ThermoSmart,Unpause,"This Action will unpause your ThermoSmart, i.e. set it to either a scheduled program or an exception if there is one for the current time.",Generic/Other
Da9qjsHY,Ring,New Motion Detected,This Trigger fires every time a motion is detected at the given doorbell.,Lutron Caséta and RA2 Select,Set light level,This Action will set a Lutron dimmer or switch to the level you specify.,Generic/Other
Dfc6aUJt,Weather Underground,Sunset,This Trigger fires within 15 minutes of the sunset in your location.,Energenie Mi|Home,Power on device,This Action will turn on one of your Mi|Home devices.,Generic/Other
DmECzwrR,Weather Underground,Sunset,This Trigger fires within 15 minutes of the sunset in your location.,Energenie Mi|Home,Power on device,This Action will turn on one of your Mi|Home devices.,Generic/Other
Dnwv4KDU,Weather Underground,Sunset,This Trigger fires within 15 minutes of the sunset in your location.,WeMo Smart Plug,Turn on,"This Action will turn a WeMo Switch on. If the WeMo Switch is already on, it will remain on.",Generic/Other
DqidhGzN,WeMo Smart Plug,Switched on,This Trigger fires every time your WeMo Switch is turned on.,WeMo Smart Plug,Turn on,"This Action will turn a WeMo Switch on. If the WeMo Switch is already on, it will remain on.",Generic/Other
Dw67cTvp,Weather Underground,Sunset,This Trigger fires within 15 minutes of the sunset in your location.,Energenie Mi|Home,Power on group,This Action will turn on a whole group of Mi|Home devices simultaneously.,Generic/Other
Dy62HwaL,Arlo,Motion detected,This Trigger fires when your Arlo device detects motion.,WeMo Smart Plug,Turn on,"This Action will turn a WeMo Switch on. If the WeMo Switch is already on, it will remain on.",Generic/Other
DzDtgMek,Weather Underground,Current temperature drops below,This Trigger monitors your local temperature and fires whenever the temperature drops below the value you provide.,WeMo Smart Plug,Turn off,"This Action will turn a WeMo Switch off. If the WeMo Switch is already off, it will remain off.",Generic/Other
DzMWUY4D,Google Calendar,Any event ends,This Trigger fires within 15 minutes of the ending time of an event on your Google Calendar.,iRobot,Resume robot,This action will resume your robot.,Generic/Other
DzWRDNmK,Location,You enter or exit an area,This Trigger fires every time you enter or exit an area you specify.,WeMo Smart Plug,Toggle on/off,This Action will toggle a WeMo Switch on or off.,Generic/Other
E2MJLHQs,Weather Underground,Sunrise,This Trigger fires within 15 minutes of the sunrise in your location.,WeMo Smart Plug,Turn off,"This Action will turn a WeMo Switch off. If the WeMo Switch is already off, it will remain off.",Generic/Other
E34dwCWf,Date & Time,Every hour at,"This Trigger fires once an hour at :00, :15, :30, or :45 minutes past the hour.",WeMo Smart Plug,Turn off then on,This Action will turn a WeMo Switch off then immediately back on.,Generic/Other
E4JMgr7k,Button widget,Button press,This trigger fires every time you press the button.,Wink: Pivot Power Genius,Turn outlet on,"This Action will turn on the Pivot Power Genius outlet you specify. If the outlet is already on, it will remain on.",Generic/Other
E4cavJnm,Date & Time,Every day at,This Trigger fires every single day at a specific time set by you.,VeSync Dimmer,Change brightness,This action will change the brightness of a Dimmer to a specified level/percentage.,Generic/Other
E6k2tAWs,SmartThings,Humidity drops below,This Trigger fires every time your SmartThings device detects humidity below a value you specify.,TP-Link Kasa,Turn off,This action will turn off a selected device.,Generic/Other
E7AkKVhd,EDF : vos plages tarifaires,Début de plage tarifaire,Ce trigger se déclenche lorsque la plage tarifaire choisie commence dans votre logement.,WeMo Smart Plug,Turn on,"This Action will turn a WeMo Switch on. If the WeMo Switch is already on, it will remain on.",Generic/Other
E8nXTYK3,Weather Underground,Current temperature rises above,This Trigger monitors your local temperature and fires whenever the temperature rises above the value you provide.,WeMo Smart Plug,Turn on,"This Action will turn a WeMo Switch on. If the WeMo Switch is already on, it will remain on.",Generic/Other
E9KFfhLH,Ambient Weather,Outdoor Temperature rises above,This trigger fires when the outdoor temperature rises above a given value.,TP-Link Kasa,Turn on,This action will turn on a device.,Generic/Other
EBgh8XYb,Date & Time,Every day at,This Trigger fires every single day at a specific time set by you.,WeMo Insight Switch,Turn off,"This Action will turn a WeMo Switch off. If the WeMo Switch is already off, it will remain off.",Generic/Other
ECM6nUQ4,Button widget,Button press,This trigger fires every time you press the button.,Energenie Mi|Home,Power on device,This Action will turn on one of your Mi|Home devices.,Generic/Other
EChQPNsq,Button widget,Button press,This trigger fires every time you press the button.,WeMo Insight Switch,Toggle on/off,This Action will toggle a WeMo Insight Switch on or off.,Generic/Other
EFwAJtL5,Weather Underground,Sunset,This Trigger fires within 15 minutes of the sunset in your location.,WeMo Insight Switch,Turn on,"This Action will turn a WeMo Insight Switch on. If the WeMo Insight Switch is already on, it will remain on.",Generic/Other
EHPiMEWr,Android SMS,Any new SMS received,This Trigger fires every time you receive any new SMS on your Android device.,Smart Life,Activate Scene,This action will activate the specified scene.,Generic/Other
EHV8Nj2X,Nest Protect,Smoke alarm emergency,This Trigger fires every time the Nest Protect you specify detects dangerous smoke levels.,Energenie Mi|Home,Power on device,This Action will turn on one of your Mi|Home devices.,Generic/Other
EJjQzdmX,Withings Sleep,When I get into bed,"This trigger fires every time your Withings Sleep detects that you get into bed, within the start and end time parameters that you specify. ",Heatzy,Turn off,This action will turn off a specific device,Generic/Other
EN8ifQrD,Email,Send IFTTT any email,Send IFTTT any email at trigger@applet.ifttt.com and this Trigger fires. You can optionally add a single file attachment and IFTTT will create a public URL to the file as an Ingredient. This trigger will reject emails with attachments over 30MB.,WeMo Smart Plug,Toggle on/off,This Action will toggle a WeMo Switch on or off.,Generic/Other
EQnzvUFK,Weather Underground,Sunrise,This Trigger fires within 15 minutes of the sunrise in your location.,WeMo Smart Plug,Turn off,"This Action will turn a WeMo Switch off. If the WeMo Switch is already off, it will remain off.",Generic/Other
ESJk4B2E,Date & Time,Every day of the week at,This Trigger fires only on specific days of the week at the time you provide.,WeMo Smart Plug,Turn on,"This Action will turn a WeMo Switch on. If the WeMo Switch is already on, it will remain on.",Generic/Other
EWFwSxsK,Amazon Alexa,Say a specific phrase,"This trigger fires every time you say 'Alexa trigger' + the phrase that you have defined. For instance, if you set 'party time' as the phrase, you can say 'Alexa trigger party time' to have your lights loop colors.",WeMo Smart Plug,Turn on,"This Action will turn a WeMo Switch on. If the WeMo Switch is already on, it will remain on.",Generic/Other
EWRSkJ7Y,Google Assistant,Say a simple phrase,"This trigger fires when you say “Ok Google” to the Google Assistant followed by a phrase you choose. For example, say “Ok Google, I’m running late” to text a family member that you’re on your way home.",WeMo Smart Plug,Turn off,"This Action will turn a WeMo Switch off. If the WeMo Switch is already off, it will remain off.",Generic/Other
EXcZB98S,Wireless Tag,Movement is detected,This Trigger fires when specified PIR KumoSensor detects movement.,WeMo Insight Switch,Turn on,"This Action will turn a WeMo Insight Switch on. If the WeMo Insight Switch is already on, it will remain on.",Generic/Other
EY8naUDE,Email,Send IFTTT any email,Send IFTTT any email at trigger@applet.ifttt.com and this Trigger fires. You can optionally add a single file attachment and IFTTT will create a public URL to the file as an Ingredient. This trigger will reject emails with attachments over 30MB.,WeMo Smart Plug,Toggle on/off,This Action will toggle a WeMo Switch on or off.,Generic/Other
EaR7nhKu,Date & Time,Every day at,This Trigger fires every single day at a specific time set by you.,Lutron Caséta and RA2 Select,Set light level,This Action will set a Lutron dimmer or switch to the level you specify.,Generic/Other
Ee2YzbMm,Weather Underground,Current temperature drops below,This Trigger monitors your local temperature and fires whenever the temperature drops below the value you provide.,WeMo Smart Plug,Turn on,"This Action will turn a WeMo Switch on. If the WeMo Switch is already on, it will remain on.",Generic/Other
Ef7qUz4E,Nest Thermostat,Nest set to Home,This Trigger fires every time the home you specify is set to Home.,WeMo Smart Plug,Turn on,"This Action will turn a WeMo Switch on. If the WeMo Switch is already on, it will remain on.",Generic/Other
Eh5fA9bN,Scout Alarm,Alarm triggered,This Trigger fires when the alarm for a specific mode is triggered.,TP-Link Kasa,Turn on,This action will turn on a device.,Generic/Other
Eih6ZszP,Google Assistant,Say a simple phrase,"This trigger fires when you say “Ok Google” to the Google Assistant followed by a phrase you choose. For example, say “Ok Google, I’m running late” to text a family member that you’re on your way home.",Smart Life,Turn off,This action will turn off the device/group of your choosing.,Generic/Other
EkvDdghC,Location,You enter an area,This Trigger fires every time you enter an area you specify.,WeMo Smart Plug,Turn on,"This Action will turn a WeMo Switch on. If the WeMo Switch is already on, it will remain on.",Generic/Other
EqRcT42X,Weather Underground,Sunset,This Trigger fires within 15 minutes of the sunset in your location.,WeMo Smart Plug,Turn on,"This Action will turn a WeMo Switch on. If the WeMo Switch is already on, it will remain on.",Generic/Other
ErU7pFEd,Wyze,Motion Sensor becomes clear,This trigger fires when a Motion Sensor becomes clear.,Smart Life,Turn off,This action will turn off the device/group of your choosing.,Generic/Other
ErULjt3J,OhmConnect,An #OhmHour ends,This trigger fires when an OhmHour ends.,Smart Life,Activate Scene,This action will activate the specified scene.,Generic/Other
EsTFdMti,Amazon Alexa,Say a specific phrase,"This trigger fires every time you say 'Alexa trigger' + the phrase that you have defined. For instance, if you set 'party time' as the phrase, you can say 'Alexa trigger party time' to have your lights loop colors.",Nefit Easy,Set auto mode,"This Action will set your Nefit Easy to auto mode. The auto mode (e.g. clock mode, holiday mode) sets the temperatures accordingly.",Generic/Other
EtMmcyAC,Arlo,Motion detected,This Trigger fires when your Arlo device detects motion.,WeMo Smart Plug,Turn on,"This Action will turn a WeMo Switch on. If the WeMo Switch is already on, it will remain on.",Generic/Other
Etz4KVMC,WeMo Smart Plug,Switched off,This Trigger fires every time your WeMo Switch is turned off.,WeMo Smart Plug,Toggle on/off,This Action will toggle a WeMo Switch on or off.,Generic/Other
EvLeaZSB,Date & Time,Every day at,This Trigger fires every single day at a specific time set by you.,WeMo Smart Plug,Turn off,"This Action will turn a WeMo Switch off. If the WeMo Switch is already off, it will remain off.",Generic/Other
EvLwqGRn,Android Device,Notification received from a specific app,This trigger fires every time a new notification is received on your Android device from an app that you specify. NOTE: will not fire for IFTTT app notifications.,Smart Life,Activate Scene,This action will activate the specified scene.,Generic/Other
EvdL47uy,Weather Underground,Sunset,This Trigger fires within 15 minutes of the sunset in your location.,VeSync Dimmer,Change brightness,This action will change the brightness of a Dimmer to a specified level/percentage.,Generic/Other
EvrUQqp3,Location,You enter an area,This Trigger fires every time you enter an area you specify.,WeMo Insight Switch,Turn on,"This Action will turn a WeMo Insight Switch on. If the WeMo Insight Switch is already on, it will remain on.",Generic/Other
F4iMuFHg,Amazon Alexa,Say a specific phrase,"This trigger fires every time you say 'Alexa trigger' + the phrase that you have defined. For instance, if you set 'party time' as the phrase, you can say 'Alexa trigger party time' to have your lights loop colors.",WeMo Smart Plug,Turn on,"This Action will turn a WeMo Switch on. If the WeMo Switch is already on, it will remain on.",Generic/Other
F65JXvac,Weather Underground,Current temperature drops below,This Trigger monitors your local temperature and fires whenever the temperature drops below the value you provide.,WeMo Smart Plug,Turn on,"This Action will turn a WeMo Switch on. If the WeMo Switch is already on, it will remain on.",Generic/Other
F96ie5Uf,Email,Send IFTTT an email tagged,Send IFTTT an email at trigger@applet.ifttt.com with a hashtag in the subject (e.g. #IFTTT) and this Trigger fires. You can optionally add a single file attachment (up to 30MB) and IFTTT will create a public URL to the file as an Ingredient.,Sensibo,Turn A/C off,Turn your A/C off,Generic/Other
FBDVFX93,WeMo Insight Switch,Switched off,This Trigger fires every time your WeMo Insight Switch is turned off.,WeMo Insight Switch,Turn on,"This Action will turn a WeMo Insight Switch on. If the WeMo Insight Switch is already on, it will remain on.",Generic/Other
FDpSx7wX,Knocki,Gesture with task matching ID occurs,This trigger fires if you tap a gesture with a custom IFTTT task matching the ID of this trigger.,TP-Link Kasa,Toggle,This action will toggle a device.,Generic/Other
FDqBQG5p,WeMo Lighting,Light switched off,This Trigger fires every time your WeMo light switches off.,WeMo Smart Plug,Turn off,"This Action will turn a WeMo Switch off. If the WeMo Switch is already off, it will remain off.",Generic/Other
FDtkBHsg,Date & Time,Every day at,This Trigger fires every single day at a specific time set by you.,WeMo Smart Plug,Turn off,"This Action will turn a WeMo Switch off. If the WeMo Switch is already off, it will remain off.",Generic/Other
FMJa3euY,Weather Underground,Sunrise,This Trigger fires within 15 minutes of the sunrise in your location.,WeMo Smart Plug,Toggle on/off,This Action will toggle a WeMo Switch on or off.,Generic/Other
FMN4qynm,Wink Relay,Button press,This Trigger fires whenever you press the selected button on your Wink Relay.,WeMo Smart Plug,Turn on,"This Action will turn a WeMo Switch on. If the WeMo Switch is already on, it will remain on.",Generic/Other
FN6wm73D,Amazon Alexa,Say a specific phrase,"This trigger fires every time you say 'Alexa trigger' + the phrase that you have defined. For instance, if you set 'party time' as the phrase, you can say 'Alexa trigger party time' to have your lights loop colors.",WeMo Smart Plug,Turn off,"This Action will turn a WeMo Switch off. If the WeMo Switch is already off, it will remain off.",Generic/Other
FNe3qiuE,Date & Time,Every day at,This Trigger fires every single day at a specific time set by you.,Smart Life,Activate Scene,This action will activate the specified scene.,Generic/Other
FVcKyBak,Email,Send IFTTT an email tagged,Send IFTTT an email at trigger@applet.ifttt.com with a hashtag in the subject (e.g. #IFTTT) and this Trigger fires. You can optionally add a single file attachment and IFTTT will create a public URL to the file as an Ingredient.,WeMo Smart Plug,Turn on,"This Action will turn a WeMo Switch on. If the WeMo Switch is already on, it will remain on.",Generic/Other
FZM8xB4K,Google Calendar,New event from search ends,"This Trigger fires within 15 minutes of the ending time of an event on your Google Calendar that contains a specific keyword or phrase. The search looks at the event’s Title, Description, and Location. Ingredient will be based on the zone set in Google.",Heatzy,Set manual mode,This action will set a specific device on manual mode,Generic/Other
FfeLiZ42,Button widget,Button press,This trigger fires every time you press the button.,Smart Life,Activate Scene,This action will activate the specified scene.,Generic/Other
FhNvEFux,Google Assistant,Say a simple phrase,"This trigger fires when you say “Ok Google” to the Google Assistant followed by a phrase you choose. For example, say “Ok Google, I’m running late” to text a family member that you’re on your way home.",WeMo Smart Plug,Turn off,"This Action will turn a WeMo Switch off. If the WeMo Switch is already off, it will remain off.",Generic/Other
FhzMEf9V,Date & Time,Every day of the week at,This Trigger fires only on specific days of the week at the time you provide.,WeMo Smart Plug,Turn off,"This Action will turn a WeMo Switch off. If the WeMo Switch is already off, it will remain off.",Generic/Other
FnhfX8kG,WeMo Light Switch,Switched on,This Trigger fires every time your WeMo Light Switch is turned on.,WeMo Smart Plug,Turn on,"This Action will turn a WeMo Switch on. If the WeMo Switch is already on, it will remain on.",Generic/Other
Fsgt8xvn,Date & Time,Every hour at,"This Trigger fires once an hour at :00, :15, :30, or :45 minutes past the hour.",WeMo Smart Plug,Turn off then on,This Action will turn a WeMo Switch off then immediately back on.,Generic/Other
FujBXPRm,WeMo Smart Plug,Switched on,This Trigger fires every time your WeMo Switch is turned on.,WeMo Smart Plug,Turn off,"This Action will turn a WeMo Switch off. If the WeMo Switch is already off, it will remain off.",Generic/Other
FvJxR4Mc,Location,You exit an area,This Trigger fires every time you exit an area you specify.,ThermoSmart,Pause,This Action will pause your ThermoSmart.,Generic/Other
FxLGXLsC,SpotCam,Audio event detected,This Trigger fires every time an audio event is detected.,WeMo Smart Plug,Turn off,"This Action will turn a WeMo Switch off. If the WeMo Switch is already off, it will remain off.",Generic/Other
FyNA7bDG,Weather Underground,Current temperature drops below,This Trigger monitors your local temperature and fires whenever the temperature drops below the value you provide.,WeMo Insight Switch,Turn on,"This Action will turn a WeMo Insight Switch on. If the WeMo Insight Switch is already on, it will remain on.",Generic/Other
FzderXAt,Jaguar Watches,Pusher pressed,This trigger is fired from the assigned pusher on your Jaguar watch.,WeMo Insight Switch,Toggle on/off,This Action will toggle a WeMo Insight Switch on or off.,Generic/Other
G3QgfwcL,Netatmo Weather Station,Temperature rises above,This Trigger fires every time the temperature rises above a value you specify.,WeMo Insight Switch,Turn off,"This Action will turn a WeMo Switch off. If the WeMo Switch is already off, it will remain off.",Generic/Other
G5zFfcgL,Weather Underground,Sunrise,This Trigger fires within 15 minutes of the sunrise in your location.,WeMo Insight Switch,Turn off,"This Action will turn a WeMo Switch off. If the WeMo Switch is already off, it will remain off.",Generic/Other
G6ghF5c9,OhmConnect,An #OhmHour starts,This trigger fires when an OhmHour starts,Smart Life,Activate Scene,This action will activate the specified scene.,Generic/Other
G9QK6Haz,Awair,Low temperature alert,This Trigger fires when the temperature measured from your Awair drops below the threshold you specified for more than 30 seconds.,Sensibo,Turn A/C off,Turn your A/C off,Generic/Other
G9fSgqKU,SmartThings,Presence detected,This Trigger fires every time your SmartThings device's presence is detected.,TP-Link Kasa,Turn on,This action will turn on a device.,Generic/Other
GACukMTq,Button widget,Button press,This trigger fires every time you press the button.,iRobot,Clean by Room,This action will clean a specific room in your home. For robots with Imprint™ Smart Mapping technology.,Generic/Other
GDgJ4ve5,Date & Time,Every day of the week at,This Trigger fires only on specific days of the week at the time you provide.,WeMo Smart Plug,Turn on,"This Action will turn a WeMo Switch on. If the WeMo Switch is already on, it will remain on.",Generic/Other
GJd3kr6j,WeMo Smart Plug,Switched on,This Trigger fires every time your WeMo Switch is turned on.,WeMo Smart Plug,Turn off,"This Action will turn a WeMo Switch off. If the WeMo Switch is already off, it will remain off.",Generic/Other
GLWwVJcX,Android Device,Disconnects from a specific WiFi network,This Trigger fires every time your Android device disconnects from a WiFi network you specify.,TP-Link Kasa,Turn off,This action will turn off a selected device.,Generic/Other
GLawYkEP,Location,You enter an area,This Trigger fires every time you enter an area you specify.,WeMo Smart Plug,Turn on,"This Action will turn a WeMo Switch on. If the WeMo Switch is already on, it will remain on.",Generic/Other
GNbVXYes,Location,You exit an area,This Trigger fires every time you exit an area you specify.,Smart Life,Activate Scene,This action will activate the specified scene.,Generic/Other
GP48dKih,Email,Send IFTTT any email,Send IFTTT any email at trigger@applet.ifttt.com and this Trigger fires. You can optionally add a single file attachment and IFTTT will create a public URL to the file as an Ingredient. This trigger will reject emails with attachments over 30MB.,WeMo Smart Plug,Turn on,"This Action will turn a WeMo Switch on. If the WeMo Switch is already on, it will remain on.",Generic/Other
GPbh7WDa,Date & Time,Every day at,This Trigger fires every single day at a specific time set by you.,Energenie Mi|Home,Power on device,This Action will turn on one of your Mi|Home devices.,Generic/Other
GS7WJ5HG,Flic,Flic is clicked,This Trigger fires every time you click the selected Flic.,WeMo Smart Plug,Turn off,"This Action will turn a WeMo Switch off. If the WeMo Switch is already off, it will remain off.",Generic/Other
GSBXzuTW,Button widget,Button press,This trigger fires every time you press the button.,ThermoSmart,Pause,This Action will pause your ThermoSmart.,Generic/Other
GSbJeCYZ,Twitter,New tweet by you with hashtag,This Trigger fires every time you post a new tweet with a specific hashtag.,iRobot,Start robot,This action will start your robot.,Generic/Other
GSpTYZyU,Weather Underground,Wind speed rises above,This Trigger fires every time the wind speed rises above a value you specify in your location.,Lutron Caséta and RA2 Select,Set light level,This Action will set a Lutron dimmer or switch to the level you specify.,Generic/Other
GVj28X9S,Date & Time,Every day at,This Trigger fires every single day at a specific time set by you.,WeMo Smart Plug,Turn on,"This Action will turn a WeMo Switch on. If the WeMo Switch is already on, it will remain on.",Generic/Other
GXUAqnzx,WeMo Light Switch,Switched on,This Trigger fires every time your WeMo Light Switch is turned on.,WeMo Insight Switch,Turn on,"This Action will turn a WeMo Insight Switch on. If the WeMo Insight Switch is already on, it will remain on.",Generic/Other
GXYqfF5a,Twitter,New tweet by you with hashtag,This Trigger fires every time you post a new tweet with a specific hashtag.,WeMo Smart Plug,Toggle on/off,This Action will toggle a WeMo Switch on or off.,Generic/Other
GYdGkqPe,Total Connect 2.0,Total Connect security panel arming mode has changed,This trigger fires when my Total Connect security panel has been armed or disarmed.,iRobot,Start robot,This action will start your robot.,Generic/Other
GeGMnN7U,Weather Underground,Current condition changes to,"This Trigger monitors changes in the current weather condition. When one of those conditions is met the Trigger fires. Currently only these simple conditions are supported: Rain, Snow, Cloudy, Clear. ",WeMo Smart Plug,Turn on,"This Action will turn a WeMo Switch on. If the WeMo Switch is already on, it will remain on.",Generic/Other
GeUKx4p3,Netatmo Weather Station,Temperature drops below,This Trigger fires every time the temperature drops below a value you specify.,Sensibo,Turn A/C off,Turn your A/C off,Generic/Other
GfRYWuJb,WeMo Smart Plug,Switched on,This Trigger fires every time your WeMo Switch is turned on.,WeMo Smart Plug,Turn on then off,This Action will turn a WeMo Switch on then immediately back off.,Generic/Other
GfujXDZN,Amazon Alexa,Your Alarm goes off,This Trigger fires every time your alarm goes off.,WeMo Smart Plug,Turn on,"This Action will turn a WeMo Switch on. If the WeMo Switch is already on, it will remain on.",Generic/Other
GmA6p8XE,Weather Underground,Current condition changes to,"This Trigger monitors changes in the current weather condition. When one of those conditions is met the Trigger fires. Currently only these simple conditions are supported: Rain, Snow, Cloudy, Clear. ",TP-Link Kasa,Turn off,This action will turn off a selected device.,Generic/Other
GrdDPGke,Nexia,Nexia automation runs,This trigger fires when a Nexia automation runs.,GE Appliances GeoSpring™,Set operating mode,This Action will set the operating mode of your GE water heater.,Generic/Other
GsFeYCSy,WeMo Smart Plug,Switched on,This Trigger fires every time your WeMo Switch is turned on.,WeMo Smart Plug,Turn off,"This Action will turn a WeMo Switch off. If the WeMo Switch is already off, it will remain off.",Generic/Other
GsjzdkJY,Weather Underground,Sunset,This Trigger fires within 15 minutes of the sunset in your location.,Energenie Mi|Home,Power on device,This Action will turn on one of your Mi|Home devices.,Generic/Other
GtYNVJB7,Google Calendar,Event from search starts,"This Trigger fires a set number of minutes before the starting time of an event on your Calendar that contains a specific keyword or phrase in the event’s Title, Description, or Location. Ingredient will be based on the zone set in Google.",WeMo Smart Plug,Turn on,"This Action will turn a WeMo Switch on. If the WeMo Switch is already on, it will remain on.",Generic/Other
Gu74fxr2,Date & Time,Every day of the week at,This Trigger fires only on specific days of the week at the time you provide.,GE Appliances GeoSpring™,Set operating mode,This Action will set the operating mode of your GE water heater.,Generic/Other
Gv6fxNte,Date & Time,Every day at,This Trigger fires every single day at a specific time set by you.,WeMo Smart Plug,Turn off,"This Action will turn a WeMo Switch off. If the WeMo Switch is already off, it will remain off.",Generic/Other
Gz4EpiN2,Amazon Alexa,Your Alarm goes off,This Trigger fires every time your alarm goes off.,WeMo Smart Plug,Turn on,"This Action will turn a WeMo Switch on. If the WeMo Switch is already on, it will remain on.",Generic/Other
H2FqrzfJ,Button widget,Button press,This trigger fires every time you press the button.,Energenie Mi|Home,Power off device,This Action will turn off one of your Mi|Home devices.,Generic/Other
H89EWdsX,Google Assistant,Say a simple phrase,"This trigger fires when you say “Ok Google” to the Google Assistant followed by a phrase you choose. For example, say “Ok Google, I’m running late” to text a family member that you’re on your way home.",Smart Life,Turn on,This action will turn on the device/group of your choosing.,Generic/Other
HAchYaEz,Email,Send IFTTT an email tagged,Send IFTTT an email at trigger@applet.ifttt.com with a hashtag in the subject (e.g. #IFTTT) and this Trigger fires. You can optionally add a single file attachment (up to 30MB) and IFTTT will create a public URL to the file as an Ingredient.,WeMo Smart Plug,Turn on,"This Action will turn a WeMo Switch on. If the WeMo Switch is already on, it will remain on.",Generic/Other
HBNmxtgG,tadoº Heating,tado⁠° switches to Away Mode,This trigger fires when tado⁠° switches to Away Mode.,WeMo Smart Plug,Turn off,"This Action will turn a WeMo Switch off. If the WeMo Switch is already off, it will remain off.",Generic/Other
HET6iLtf,tadoº Heating,tado⁠° switches to Home Mode,This trigger fires when tado⁠° switches to Home Mode.,WeMo Smart Plug,Turn on,"This Action will turn a WeMo Switch on. If the WeMo Switch is already on, it will remain on.",Generic/Other
HFTQH96f,Nest Thermostat,Temperature drops below,This Trigger fires every time the temperature drops below a threshold you specify.,WeMo Insight Switch,Turn on,"This Action will turn a WeMo Insight Switch on. If the WeMo Insight Switch is already on, it will remain on.",Generic/Other
HG6dfUKL,Google Calendar,Any event starts,This Trigger fires a set number of minutes before the starting time of any event on your Google Calendar. Note: The time in the ingredient will be based on the timezone set in Google Calendar.,Energenie Mi|Home,Power on device,This Action will turn on one of your Mi|Home devices.,Generic/Other
HPDpCUd6,Date & Time,Every day at,This Trigger fires every single day at a specific time set by you.,WeMo Smart Plug,Turn on then off,This Action will turn a WeMo Switch on then immediately back off.,Generic/Other
HSp6sM5N,Amazon Alexa,Say a specific phrase,"This trigger fires every time you say 'Alexa trigger' + the phrase that you have defined. For instance, if you set 'party time' as the phrase, you can say 'Alexa trigger party time' to have your lights loop colors.",Heatzy,Activate the child lock,This action will lock a specific device,Generic/Other
HVBrF8XG,FIBARO,Opened,This trigger fires when the device connected to FIBARO Home Center  is opened.,TP-Link Kasa,Activate scene,This action will activate a selected Scene from your account.,Generic/Other
HYCicfTz,Weather Underground,Sunset,This Trigger fires within 15 minutes of the sunset in your location.,WeMo Smart Plug,Turn on,"This Action will turn a WeMo Switch on. If the WeMo Switch is already on, it will remain on.",Generic/Other
HZCxKUhq,Weather Underground,Current temperature rises above,This Trigger monitors your local temperature and fires whenever the temperature rises above the value you provide.,Smart Life,Turn on,This action will turn on the device/group of your choosing.,Generic/Other
HaLNeP7k,Date & Time,Every day at,This Trigger fires every single day at a specific time set by you.,WeMo Smart Plug,Turn off,"This Action will turn a WeMo Switch off. If the WeMo Switch is already off, it will remain off.",Generic/Other
HcLfyVhH,Honeywell Home,Smart Home Security home mode activated,This trigger fires when the home security device enters Home mode,iRobot,Dock robot,This action will dock your robot.,Generic/Other
HcyvXCPK,Zoom,Any scheduled meeting starts,This trigger fires when a scheduled meeting starts.,iRobot,Pause robot,This action will pause your robot.,Generic/Other
Hd6AsfE2,Date & Time,Every day at,This Trigger fires every single day at a specific time set by you.,WeMo Smart Plug,Turn on,"This Action will turn a WeMo Switch on. If the WeMo Switch is already on, it will remain on.",Generic/Other
HgunQTXw,Google Assistant,Say a simple phrase,"This trigger fires when you say “Ok Google” to the Google Assistant followed by a phrase you choose. For example, say “Ok Google, I’m running late” to text a family member that you’re on your way home.",SwitchBot,Bot press,This action will trigger the specified Bot to press the switch.,Generic/Other
HkDFiCqX,WeMo Smart Plug,Switched on,This Trigger fires every time your WeMo Switch is turned on.,WeMo Smart Plug,Toggle on/off,This Action will toggle a WeMo Switch on or off.,Generic/Other
HmyJG7ER,Date & Time,Every day at,This Trigger fires every single day at a specific time set by you.,Smart Life,Turn off,This action will turn off the device/group of your choosing.,Generic/Other
HqSPyXbC,SpotCam,Audio event detected,This Trigger fires every time an audio event is detected.,WeMo Insight Switch,Turn off,"This Action will turn a WeMo Switch off. If the WeMo Switch is already off, it will remain off.",Generic/Other
Hs7PqKZ6,Wyze,Motion Sensor becomes clear,This trigger fires when a Motion Sensor becomes clear.,Hubitat,Close a device,This action will close a Hubitat device.,Generic/Other
Hu8nryaU,WeMo Smart Plug,Switched on,This Trigger fires every time your WeMo Switch is turned on.,WeMo Smart Plug,Turn off,"This Action will turn a WeMo Switch off. If the WeMo Switch is already off, it will remain off.",Generic/Other
Hx8WC37w,Date & Time,Every day at,This Trigger fires every single day at a specific time set by you.,WeMo Smart Plug,Turn off,"This Action will turn a WeMo Switch off. If the WeMo Switch is already off, it will remain off.",Generic/Other
HykZqQa5,Date & Time,Every day of the week at,This Trigger fires only on specific days of the week at the time you provide.,WeMo Smart Plug,Turn on,"This Action will turn a WeMo Switch on. If the WeMo Switch is already on, it will remain on.",Generic/Other
HzhjCs9Q,Location,You enter an area,This Trigger fires every time you enter an area you specify.,WeMo Smart Plug,Turn on,"This Action will turn a WeMo Switch on. If the WeMo Switch is already on, it will remain on.",Generic/Other
Hzrvt6jZ,Email,Send IFTTT any email,Send IFTTT any email at trigger@applet.ifttt.com and this Trigger fires. You can optionally add a single file attachment and IFTTT will create a public URL to the file as an Ingredient. ,WeMo Smart Plug,Toggle on/off,This Action will toggle a WeMo Switch on or off.,Generic/Other
J3kU5bPZ,Flic,Flic is clicked,This Trigger fires every time you click the selected Flic.,Hubitat,Lock a device,This action will lock a Hubitat device.,Generic/Other
J4K8yeEx,Button widget,Button press,This trigger fires every time you press the button.,Hubitat,Change Mode,This action will change Hubitat's mode.,Generic/Other
J6ynmDaQ,VeSync Dimmer,Turned off,This trigger fires when the device turns off.,VeSync Dimmer,Turn off,This action will turn off a device.,Generic/Other
J8Xk3eJc,Date & Time,Every day at,This Trigger fires every single day at a specific time set by you.,WeMo Smart Plug,Turn off,"This Action will turn a WeMo Switch off. If the WeMo Switch is already off, it will remain off.",Generic/Other
J8d6GJwr,Date & Time,Every day at,This Trigger fires every single day at a specific time set by you.,Wink: Pivot Power Genius,Turn outlet off,"This Action will turn off the Pivot Power Genius outlet you specify. If the outlet is already off, it will remain off.",Generic/Other
J8m4SkyF,Weather Underground,Sunset,This Trigger fires within 15 minutes of the sunset in your location.,WeMo Insight Switch,Turn on,"This Action will turn a WeMo Insight Switch on. If the WeMo Insight Switch is already on, it will remain on.",Generic/Other
J9mFeJBr,iDevices,Ambient temperature reached,This trigger fires when the ambient temperature read on your device is above or below the configured value.,iDevices,Turn on,This action will turn the specified product on.,Generic/Other
JApHgQC7,HAVEN IAQ,Relative Humidity threshold is crossed,This Trigger fires whenever the measured Relative Humidity (RH) is above or below the threshold.,TP-Link Kasa,Turn on,This action will turn on a device.,Generic/Other
JArW4pnP,Google Assistant,Say a simple phrase,"This trigger fires when you say “Ok Google” to the Google Assistant followed by a phrase you choose. For example, say “Ok Google, I’m running late” to text a family member that you’re on your way home.",iRobot,Stop robot,This action will stop your robot.,Generic/Other
JAuLwTaj,Flic,Flic is clicked,This Trigger fires every time you click the selected Flic.,WeMo Smart Plug,Turn on,"This Action will turn a WeMo Switch on. If the WeMo Switch is already on, it will remain on.",Generic/Other
JGH8R2wT,Wyze,Contact Sensor opens,This trigger fires when a Contact Sensor opens.,TP-Link Kasa,Activate scene,This action will activate a selected Scene from your account.,Generic/Other
JHPQ9LGi,Wyze,Motion is detected,This trigger fires when a Wyze Cam detects motion. The minimum firmware version required is v3.9.3.62 for v1 and v4.9.1.60 for v2.,WeMo Smart Plug,Turn on,"This Action will turn a WeMo Switch on. If the WeMo Switch is already on, it will remain on.",Generic/Other
JK4XVSrd,Android SMS,New SMS sent matches search,This Trigger fires every time you send an SMS on your Android device that matches a search you specify.,ThermoSmart,Unpause,"This Action will unpause your ThermoSmart, i.e. set it to either a scheduled program or an exception if there is one for the current time.",Generic/Other
JM95FGuW,WeMo Motion,Any new motion,This Trigger fires every time your WeMo Motion sensor detects new motion.,WeMo Smart Plug,Turn on,"This Action will turn a WeMo Switch on. If the WeMo Switch is already on, it will remain on.",Generic/Other
JQuHFfAK,Knocki,Gesture with task matching ID occurs,This trigger fires if you tap a gesture with a custom IFTTT task matching the ID of this trigger.,Smart Life,Turn on,This action will turn on the device/group of your choosing.,Generic/Other
JSxqBrQn,Google Assistant,Say a simple phrase,"This trigger fires when you say “Ok Google” to the Google Assistant followed by a phrase you choose. For example, say “Ok Google, I’m running late” to text a family member that you’re on your way home.",iRobot,Dock robot,This action will dock your robot.,Generic/Other
JUTAbVPX,Amazon Alexa,Say a specific phrase,"This trigger fires every time you say 'Alexa trigger' + the phrase that you have defined. For instance, if you set 'party time' as the phrase, you can say 'Alexa trigger party time' to have your lights loop colors.",Optoma,Turn on/off my projector,This action will turn on/off my projector.,Generic/Other
JW4z5cCv,Email,Send IFTTT any email,Send IFTTT any email at trigger@applet.ifttt.com and this Trigger fires. You can optionally add a single file attachment and IFTTT will create a public URL to the file as an Ingredient. This trigger will reject emails with attachments over 30MB.,WeMo Smart Plug,Turn on,"This Action will turn a WeMo Switch on. If the WeMo Switch is already on, it will remain on.",Generic/Other
JYeTkJsQ,Weather Underground,Current temperature rises above,This Trigger monitors your local temperature and fires whenever the temperature rises above the value you provide.,WeMo Smart Plug,Turn on,"This Action will turn a WeMo Switch on. If the WeMo Switch is already on, it will remain on.",Generic/Other
JZqKnCrk,Location,You exit an area,This Trigger fires every time you exit an area you specify.,WeMo Insight Switch,Turn off,"This Action will turn a WeMo Switch off. If the WeMo Switch is already off, it will remain off.",Generic/Other
JacKN79F,Amazon Alexa,Say a specific phrase,"This trigger fires every time you say 'Alexa trigger' + the phrase that you have defined. For instance, if you set 'party time' as the phrase, you can say 'Alexa trigger party time' to have your lights loop colors.",GE Appliances GeoSpring™,Set operating mode,This Action will set the operating mode of your GE water heater.,Generic/Other
JdgzFDNh,Weather Underground,Current temperature rises above,This Trigger monitors your local temperature and fires whenever the temperature rises above the value you provide.,WeMo Smart Plug,Turn on,"This Action will turn a WeMo Switch on. If the WeMo Switch is already on, it will remain on.",Generic/Other
JeW5yDKi,Flic,Flic is clicked,This Trigger fires every time you click the selected Flic.,Heatmiser,Set Away Mode,This Action will activate Away Mode on your neoHub,Generic/Other
JjXS72sc,Google Calendar,Any event ends,This Trigger fires within 15 minutes of the ending time of an event on your Google Calendar. Note: The time in the ingredient will be based on the timezone set in Google Calendar.,Heatzy,Turn off,This action will turn off a specific device,Generic/Other
Jm5fXebj,Netatmo Weather Station,Temperature drops below,This Trigger fires every time the temperature drops below a value you specify.,WeMo Smart Plug,Turn on,"This Action will turn a WeMo Switch on. If the WeMo Switch is already on, it will remain on.",Generic/Other
JmtNfshv,Phone Call (US only),Leave IFTTT any voicemail,This Trigger fires every time you leave any voicemail at your IFTTT phone number.,iRobot,Dock robot,This action will dock your robot.,Generic/Other
JqRGhsW3,Location,You enter or exit an area,This Trigger fires every time you enter or exit an area you specify.,WeMo Smart Plug,Toggle on/off,This Action will toggle a WeMo Switch on or off.,Generic/Other
Js9vw6DW,Netatmo Weather Station,Humidity rises above,This Trigger fires every time the humidity rises above a percentage you specify.,Smart Life,Turn on,This action will turn on the device/group of your choosing.,Generic/Other
Ju6ZGEcq,Weather Underground,Sunrise,This Trigger fires within 15 minutes of the sunrise in your location.,Wemo Dimmer,Turn on,"This action will turn a WeMo Dimmer on. If the WeMo Dimmer is already on, it will remain on.",Generic/Other
JvYCVifg,SmartThings,Any new motion,This Trigger fires every time your SmartThings device senses motion.,WeMo Smart Plug,Turn on,"This Action will turn a WeMo Switch on. If the WeMo Switch is already on, it will remain on.",Generic/Other
K2nG97Qg,Knocki,Gesture with task matching ID occurs,This trigger fires if you tap a gesture with a custom IFTTT task matching the ID of this trigger.,WeMo Smart Plug,Turn off,"This Action will turn a WeMo Switch off. If the WeMo Switch is already off, it will remain off.",Generic/Other
K376NuJa,Mitsubishi Electric kumo cloud,Zone turned off,This trigger fires when a Mitsubishi Electric zone turns off.,TP-Link Kasa,Turn off,This action will turn off a selected device.,Generic/Other
K38CGem7,Amazon Alexa,Say a specific phrase,"This trigger fires every time you say 'Alexa trigger' + the phrase that you have defined. For instance, if you set 'party time' as the phrase, you can say 'Alexa trigger party time' to have your lights loop colors.",WeMo Smart Plug,Turn on,"This Action will turn a WeMo Switch on. If the WeMo Switch is already on, it will remain on.",Generic/Other
K3EBZcWX,Location,You enter an area,This Trigger fires every time you enter an area you specify.,TP-Link Kasa,Turn on,This action will turn on a device.,Generic/Other
K4ZuMaqN,Date & Time,Every day at,This Trigger fires every single day at a specific time set by you.,Lutron Caséta and RA2 Select,Set light level,This Action will set a Lutron dimmer or switch to the level you specify.,Generic/Other
K7B6KrVm,Date & Time,Every day at,This Trigger fires every single day at a specific time set by you.,WeMo Insight Switch,Turn on,"This Action will turn a WeMo Insight Switch on. If the WeMo Insight Switch is already on, it will remain on.",Generic/Other
K8tgYiTR,Amazon Alexa,Say a specific phrase,"This trigger fires every time you say 'Alexa trigger' + the phrase that you have defined. For instance, if you set 'party time' as the phrase, you can say 'Alexa trigger party time' to have your lights loop colors.",SwitchBot,Bot press,This action will trigger the specified Bot to press the switch.,Generic/Other
KCFuK5y2,MyQ,Door opened,This trigger fires when a door is opened.,WeMo Smart Plug,Turn on,"This Action will turn a WeMo Switch on. If the WeMo Switch is already on, it will remain on.",Generic/Other
KDRQKUsq,ecobee,Thermostat indoor humidity is less than,This trigger fires every time your ecobee thermostat senses that the indoor humidity is less than a specific value you supply.,WeMo Smart Plug,Turn on,"This Action will turn a WeMo Switch on. If the WeMo Switch is already on, it will remain on.",Generic/Other
KGWp6ZJB,Brilliant Smart,Device or group is turned off,This trigger fires when the specified device/group is turned off.,Brilliant Smart,Turn off,This action will turn off the device/group of your choosing.,Generic/Other
KGd8U9ar,Date & Time,Every day at,This Trigger fires every single day at a specific time set by you.,WeMo Smart Plug,Turn off,"This Action will turn a WeMo Switch off. If the WeMo Switch is already off, it will remain off.",Generic/Other
KLFTZDiH,August,Lock unlocked,This Trigger fires every time the specified lock is unlocked.,WeMo Smart Plug,Turn on,"This Action will turn a WeMo Switch on. If the WeMo Switch is already on, it will remain on.",Generic/Other
KRhbZavS,Google Assistant,Say a simple phrase,"This trigger fires when you say “Ok Google” to the Google Assistant followed by a phrase you choose. For example, say “Ok Google, I’m running late” to text a family member that you’re on your way home.",WeMo Smart Plug,Turn off,"This Action will turn a WeMo Switch off. If the WeMo Switch is already off, it will remain off.",Generic/Other
KRqfnxFU,Google Calendar,Event from search starts,"This Trigger fires a set number of minutes before the starting time of an event on your Calendar that contains a specific keyword or phrase in the event’s Title, Description, or Location. Ingredient will be based on the zone set in Google.",WeMo Smart Plug,Turn on,"This Action will turn a WeMo Switch on. If the WeMo Switch is already on, it will remain on.",Generic/Other
KRt8UbQa,Weather Underground,Tomorrow's forecast calls for,This Trigger monitors changes in tomorrow’s forecasted weather condition.,WeMo Smart Plug,Turn on,"This Action will turn a WeMo Switch on. If the WeMo Switch is already on, it will remain on.",Generic/Other
KSQedEsH,Date & Time,Every day of the week at,This Trigger fires only on specific days of the week at the time you provide.,WeMo Smart Plug,Turn on,"This Action will turn a WeMo Switch on. If the WeMo Switch is already on, it will remain on.",Generic/Other
KTKvaXUJ,Button widget,Button press,This trigger fires every time you press the button.,WeMo Smart Plug,Turn off,"This Action will turn a WeMo Switch off. If the WeMo Switch is already off, it will remain off.",Generic/Other
KTXdzmcv,Date & Time,Every day at,This Trigger fires every single day at a specific time set by you.,WeMo Smart Plug,Turn off,"This Action will turn a WeMo Switch off. If the WeMo Switch is already off, it will remain off.",Generic/Other
KW9w4dfk,Location,You enter an area,This Trigger fires every time you enter an area you specify.,Wink: Pivot Power Genius,Turn outlet on,"This Action will turn on the Pivot Power Genius outlet you specify. If the outlet is already on, it will remain on.",Generic/Other
KXQtZLCH,Google Calendar,New event from search ends,"This Trigger fires within 15 minutes of the ending time of an event on your Google Calendar that contains a specific keyword or phrase. The search looks at the event’s Title, Description, and Location. Ingredient will be based on the zone set in Google.",Heatzy,Set manual mode,This action will set a specific device on manual mode,Generic/Other
KXkfA6qQ,SwitchBot,Motion detected or no motion detected,"When Motion Sensor detected motion or no motion, the SwitchBot motion sensor will try to trigger the service.",Heatzy,Set eco mode,This action will set a specific device on eco mode,Generic/Other
KabrBvus,Amazon Alexa,Say a specific phrase,"This trigger fires every time you say 'Alexa trigger' + the phrase that you have defined. For instance, if you set 'party time' as the phrase, you can say 'Alexa trigger party time' to have your lights loop colors.",SwitchBot,Bot press,This action will trigger the specified Bot to press the switch.,Generic/Other
KcuxeEhK,Google Calendar,Event from search starts,"This Trigger fires a set number of minutes before the starting time of an event on your Calendar that contains a specific keyword or phrase in the event’s Title, Description, or Location. Ingredient will be based on the zone set in Google.",WeMo Smart Plug,Turn on,"This Action will turn a WeMo Switch on. If the WeMo Switch is already on, it will remain on.",Generic/Other
KdHVvW5J,Wireless Tag,Temperature is too high,This Trigger fires when a specified tag senses that its ambient temperature exceeds an upper threshold configured at temperature options screen inside the WirelessTag app.,WeMo Smart Plug,Turn on,"This Action will turn a WeMo Switch on. If the WeMo Switch is already on, it will remain on.",Generic/Other
Kej6Z5AC,Flic,Flic is clicked,This Trigger fires every time you click the selected Flic.,Hubitat,Turn on a device,This Action will turn on a device attached to your Hubitat Elevation system.,Generic/Other
KgFXGs5t,Google Assistant,Say a simple phrase,"This trigger fires when you say “Ok Google” to the Google Assistant followed by a phrase you choose. For example, say “Ok Google, I’m running late” to text a family member that you’re on your way home.",WeMo Smart Plug,Toggle on/off,This Action will toggle a WeMo Switch on or off.,Generic/Other
Ki5HUnSA,Location,You enter or exit an area,This Trigger fires every time you enter or exit an area you specify.,WeMo Smart Plug,Toggle on/off,This Action will toggle a WeMo Switch on or off.,Generic/Other
Kugptrbn,Email,Send IFTTT an email tagged,Send IFTTT an email at trigger@applet.ifttt.com with a hashtag in the subject (e.g. #IFTTT) and this Trigger fires. You can optionally add a single file attachment (up to 30MB) and IFTTT will create a public URL to the file as an Ingredient.,WeMo Smart Plug,Toggle on/off,This Action will toggle a WeMo Switch on or off.,Generic/Other
KyjAnHFe,Ring,New Motion Detected,This Trigger fires every time a motion is detected at the given doorbell.,Hubitat,Turn on a device,This Action will turn on a device attached to your Hubitat Elevation system.,Generic/Other
KywJ6YXa,Festina Watches,Pusher pressed,This trigger is fired from the assigned pusher on your Festina watch.,WeMo Insight Switch,Turn off,"This Action will turn a WeMo Switch off. If the WeMo Switch is already off, it will remain off.",Generic/Other
KzZdhjWs,Date & Time,Every day at,This Trigger fires every single day at a specific time set by you.,WeMo Smart Plug,Turn off,"This Action will turn a WeMo Switch off. If the WeMo Switch is already off, it will remain off.",Generic/Other
L2nydrjL,Google Assistant,Say a phrase with a text ingredient,This trigger fires when you say “Ok Google” to the Google Assistant followed by a phrase like “Post a tweet saying ‘New high score.’” **Use the $ symbol to specify where you'll say the text ingredient,Smart Life,Turn off,This action will turn off the device/group of your choosing.,Generic/Other
L3ejcZ5f,WeMo Light Switch,Long press,This Trigger fires every time your WeMo Light Switch is turned on or off with a long press over two seconds.,WeMo Insight Switch,Toggle on/off,This Action will toggle a WeMo Insight Switch on or off.,Generic/Other
L3hKcMEV,Google Assistant,Say a simple phrase,"This trigger fires when you say “Ok Google” to the Google Assistant followed by a phrase you choose. For example, say “Ok Google, I’m running late” to text a family member that you’re on your way home.",Smart Life,Turn off,This action will turn off the device/group of your choosing.,Generic/Other
L4qnsMkY,Weather Underground,Sunset,This Trigger fires within 15 minutes of the sunset in your location.,WeMo Insight Switch,Turn on,"This Action will turn a WeMo Insight Switch on. If the WeMo Insight Switch is already on, it will remain on.",Generic/Other
L6YCN8sh,Nest Thermostat,Nest set to Home,This Trigger fires every time the home you specify is set to Home.,TP-Link Kasa,Turn on,This action will turn on a device.,Generic/Other
LAZEKrSB,Weather Underground,Sunrise,This Trigger fires within 15 minutes of the sunrise in your location.,WeMo Smart Plug,Turn off,"This Action will turn a WeMo Switch off. If the WeMo Switch is already off, it will remain off.",Generic/Other
LB6KtVLH,Date & Time,Every day of the week at,This Trigger fires only on specific days of the week at the time you provide.,WeMo Smart Plug,Turn off,"This Action will turn a WeMo Switch off. If the WeMo Switch is already off, it will remain off.",Generic/Other
LBnxefRy,Android Device,Connects to a specific WiFi network,This Trigger fires every time your Android device connects to a WiFi network you specify.,Smart Life,Activate Scene,This action will activate the specified scene.,Generic/Other
LCdGeYrq,Telldus Live!,Temperature drops below,This trigger fires every time the temperature drops below the chosen value.,Smart Life,Turn on,This action will turn on the device/group of your choosing.,Generic/Other
LE92cTyC,Amazon Alexa,Say a specific phrase,"This trigger fires every time you say 'Alexa trigger' + the phrase that you have defined. For instance, if you set 'party time' as the phrase, you can say 'Alexa trigger party time' to have your lights loop colors.",WeMo Smart Plug,Turn on,"This Action will turn a WeMo Switch on. If the WeMo Switch is already on, it will remain on.",Generic/Other
LLKstha2,Awair,Low humidity alert,This Trigger fires when the humidity measured from your Awair device dropped below the threshold you specified for more than 30 seconds.,WeMo Insight Switch,Turn off,"This Action will turn a WeMo Switch off. If the WeMo Switch is already off, it will remain off.",Generic/Other
LM2mYqxt,Google Assistant,Say a simple phrase,"This trigger fires when you say “Ok Google” to the Google Assistant followed by a phrase you choose. For example, say “Ok Google, I’m running late” to text a family member that you’re on your way home.",WeMo Smart Plug,Turn on,"This Action will turn a WeMo Switch on. If the WeMo Switch is already on, it will remain on.",Generic/Other
LMrRBnuA,iOS Reminders,Reminder completed in list,This Trigger fires every time a new reminder is completed in a list you specify.,WeMo Smart Plug,Turn off,"This Action will turn a WeMo Switch off. If the WeMo Switch is already off, it will remain off.",Generic/Other
LPYjuG8H,Twitter,New mention of you,This Trigger fires every time you are @mentioned in a tweet.,WeMo Smart Plug,Turn on then off,This Action will turn a WeMo Switch on then immediately back off.,Generic/Other
LRAgwfYy,Weather Underground,Sunrise,This Trigger fires within 15 minutes of the sunrise in your location.,TP-Link Kasa,Turn off,This action will turn off a selected device.,Generic/Other
LRv4UNp8,Date & Time,Every day at,This Trigger fires every single day at a specific time set by you.,SwitchBot,Bot turn on ,This action will trigger the specified Bot to turn on the switch.,Generic/Other
LTLj5cSR,Date & Time,Every day of the week at,This Trigger fires only on specific days of the week at the time you provide.,WeMo Smart Plug,Turn on,"This Action will turn a WeMo Switch on. If the WeMo Switch is already on, it will remain on.",Generic/Other
LWMJdCPL,Button widget,Button press,This trigger fires every time you press the button.,Heatzy,Turn off,This action will turn off a specific device,Generic/Other
LZkij9UC,Email,Send IFTTT an email tagged,Send IFTTT an email at trigger@applet.ifttt.com with a hashtag in the subject (e.g. #IFTTT) and this Trigger fires. You can optionally add a single file attachment and IFTTT will create a public URL to the file as an Ingredient.,Wink: Pivot Power Genius,Toggle on/off,This Action will toggle the Pivot Power Genius outlet you specific on or off.,Generic/Other
LagNFGDC,Weather Underground,Sunset,This Trigger fires within 15 minutes of the sunset in your location.,WeMo Smart Plug,Turn on,"This Action will turn a WeMo Switch on. If the WeMo Switch is already on, it will remain on.",Generic/Other
Lbxs3GLM,Weather Underground,Current temperature rises above,This Trigger monitors your local temperature and fires whenever the temperature rises above the value you provide.,WeMo Insight Switch,Turn off,"This Action will turn a WeMo Switch off. If the WeMo Switch is already off, it will remain off.",Generic/Other
LcPL3Bfm,Amazon Alexa,Say a specific phrase,"This trigger fires every time you say 'Alexa trigger' + the phrase that you have defined. For instance, if you set 'party time' as the phrase, you can say 'Alexa trigger party time' to have your lights loop colors.",WeMo Smart Plug,Turn off,"This Action will turn a WeMo Switch off. If the WeMo Switch is already off, it will remain off.",Generic/Other
LdiWgezG,WeMo Smart Plug,Switched on,This Trigger fires every time your WeMo Switch is turned on.,WeMo Smart Plug,Turn off,"This Action will turn a WeMo Switch off. If the WeMo Switch is already off, it will remain off.",Generic/Other
Litk845F,Email,Send IFTTT an email tagged,Send IFTTT an email at trigger@applet.ifttt.com with a hashtag in the subject (e.g. #IFTTT) and this Trigger fires. You can optionally add a single file attachment and IFTTT will create a public URL to the file as an Ingredient.,TP-Link Kasa,Turn off,This action will turn off a selected device.,Generic/Other
LjSeay6Q,Email,Send IFTTT an email tagged,Send IFTTT an email at trigger@applet.ifttt.com with a hashtag in the subject (e.g. #IFTTT) and this Trigger fires. You can optionally add a single file attachment and IFTTT will create a public URL to the file as an Ingredient.,WeMo Smart Plug,Turn off,"This Action will turn a WeMo Switch off. If the WeMo Switch is already off, it will remain off.",Generic/Other
Lm84jKqc,Location,You exit an area,This Trigger fires every time you exit an area you specify.,Smart Life,Turn off,This action will turn off the device/group of your choosing.,Generic/Other
LpNvb95c,Niko Home Control,Routine activated,This trigger fires when a Routine is activated.,iRobot,Start robot,This action will start your robot.,Generic/Other
Lv82irs9,Date & Time,Every day at,This Trigger fires every single day at a specific time set by you.,AQUAREA Smart Cloud,Start/Stop Quiet Mode,This action will set your device in Quiet Mode.,Generic/Other
LvGmiZ4z,Weather Underground,Sunset,This Trigger fires within 15 minutes of the sunset in your location.,WeMo Smart Plug,Turn on,"This Action will turn a WeMo Switch on. If the WeMo Switch is already on, it will remain on.",Generic/Other
LvTxba7p,Google Assistant,Say a simple phrase,"This trigger fires when you say “Ok Google” to the Google Assistant followed by a phrase you choose. For example, say “Ok Google, I’m running late” to text a family member that you’re on your way home.",iRobot,Start robot,This action will start your robot.,Generic/Other
Lydvme28,Google Wifi,Device Disconnects,This Trigger fires every time a device disconnects from Google Wifi.,WeMo Insight Switch,Turn off,"This Action will turn a WeMo Switch off. If the WeMo Switch is already off, it will remain off.",Generic/Other
Lyhfk2V8,Facebook,You are tagged in a photo,This Trigger fires every time you are tagged you in a new photo. NOTE: Facebook privacy settings may block IFTTT’s access to some photos you are tagged in.,WeMo Smart Plug,Toggle on/off,This Action will toggle a WeMo Switch on or off.,Generic/Other
M34kPvAh,Weather Underground,Sunset,This Trigger fires within 15 minutes of the sunset in your location.,WeMo Smart Plug,Turn on,"This Action will turn a WeMo Switch on. If the WeMo Switch is already on, it will remain on.",Generic/Other
M3EgLGSj,Weather Underground,Current temperature rises above,This Trigger monitors your local temperature and fires whenever the temperature rises above the value you provide.,iDevices,Turn on,This action will turn the specified product on.,Generic/Other
M6BCH9fJ,Date & Time,Every day at,This Trigger fires every single day at a specific time set by you.,Smart Life,Turn off,This action will turn off the device/group of your choosing.,Generic/Other
M8uPXnxY,Location,You exit an area,This Trigger fires every time you exit an area you specify.,TP-Link Kasa,Turn off,This action will turn off a selected device.,Generic/Other
MArTk4QR,WeMo Smart Plug,Switched off,This Trigger fires every time your WeMo Switch is turned off.,WeMo Smart Plug,Turn on then off,This Action will turn a WeMo Switch on then immediately back off.,Generic/Other
MAvD5CSB,Wireless Tag,Movement is detected,This Trigger fires when specified PIR KumoSensor detects movement.,WeMo Smart Plug,Turn on,"This Action will turn a WeMo Switch on. If the WeMo Switch is already on, it will remain on.",Generic/Other
MCX7NytJ,Google Calendar,New event from search ends,"This Trigger fires within 15 minutes of the ending time of an event on your Google Calendar that contains a specific keyword or phrase. The search looks at the event’s Title, Description, and Location.",Smart Life,Turn on,This action will turn on the device/group of your choosing.,Generic/Other
MCz9nRaS,Weather Underground,Current temperature rises above,This Trigger monitors your local temperature and fires whenever the temperature rises above the value you provide.,WeMo Smart Plug,Turn on,"This Action will turn a WeMo Switch on. If the WeMo Switch is already on, it will remain on.",Generic/Other
MDEvRKCz,Weather Underground,Current temperature rises above,This Trigger monitors your local temperature and fires whenever the temperature rises above the value you provide.,Energenie Mi|Home,Power off device,This Action will turn off one of your Mi|Home devices.,Generic/Other
MG6EWqYV,Ring,New Motion Detected,This Trigger fires every time a motion is detected at the given doorbell.,Wemo Dimmer,Turn on,"This action will turn a WeMo Dimmer on. If the WeMo Dimmer is already on, it will remain on.",Generic/Other
MHN7CBSW,Logitech POP,Double Press,This Trigger fires every time you do a double press on the configured Logi Button.,Sensibo,Turn A/C off,Turn your A/C off,Generic/Other
MHvJ9D8g,Date & Time,Every day at,This Trigger fires every single day at a specific time set by you.,WeMo Smart Plug,Turn on,"This Action will turn a WeMo Switch on. If the WeMo Switch is already on, it will remain on.",Generic/Other
MNZEQ6va,Weather Underground,Sunset,This Trigger fires within 15 minutes of the sunset in your location.,WeMo Smart Plug,Turn on,"This Action will turn a WeMo Switch on. If the WeMo Switch is already on, it will remain on.",Generic/Other
MPULavsb,Button widget,Button press,This trigger fires every time you press the button.,WeMo Insight Switch,Toggle on/off,This Action will toggle a WeMo Insight Switch on or off.,Generic/Other
MPdcv3YA,EZVIZ,An alarm event occurred,This Trigger fires when an alarm event occurs.,WeMo Smart Plug,Turn on,"This Action will turn a WeMo Switch on. If the WeMo Switch is already on, it will remain on.",Generic/Other
MWhRutgs,Date & Time,Every day of the week at,This Trigger fires only on specific days of the week at the time you provide.,WeMo Insight Switch,Turn on,"This Action will turn a WeMo Insight Switch on. If the WeMo Insight Switch is already on, it will remain on.",Generic/Other
MYQqh5Tj,Amazon Alexa,Say a specific phrase,"This trigger fires every time you say 'Alexa trigger' + the phrase that you have defined. For instance, if you set 'party time' as the phrase, you can say 'Alexa trigger party time' to have your lights loop colors.",WeMo Smart Plug,Turn on,"This Action will turn a WeMo Switch on. If the WeMo Switch is already on, it will remain on.",Generic/Other
MdgCzJnt,Weather Underground,Sunset,This Trigger fires within 15 minutes of the sunset in your location.,WeMo Smart Plug,Turn on,"This Action will turn a WeMo Switch on. If the WeMo Switch is already on, it will remain on.",Generic/Other
MgDEZiRF,Date & Time,Every day at,This Trigger fires every single day at a specific time set by you.,WeMo Smart Plug,Turn on,"This Action will turn a WeMo Switch on. If the WeMo Switch is already on, it will remain on.",Generic/Other
MhsTLxQU,HAVEN IAQ,Relative Humidity threshold is crossed,This Trigger fires whenever the measured Relative Humidity (RH) is above or below the threshold.,TP-Link Kasa,Turn off,This action will turn off a selected device.,Generic/Other
MiDbqmjw,Weather Underground,Sunset,This Trigger fires within 15 minutes of the sunset in your location.,WeMo Smart Plug,Turn off,"This Action will turn a WeMo Switch off. If the WeMo Switch is already off, it will remain off.",Generic/Other
Mt9Gfqc5,SmartThings,Unlocked,This Trigger fire every time your SmartThings device is unlocked.,TP-Link Kasa,Turn on,This action will turn on a device.,Generic/Other
Mwe3bi8u,Homey,A Flow has been started,This trigger is run every time a specific Flow has been started on Homey. In order to use this Applet you need to be an owner on your Homey and have the IFTTT Homey App installed.,Smart Life,Turn off,This action will turn off the device/group of your choosing.,Generic/Other
MxFmLfMg,Weather Underground,Sunrise,This Trigger fires within 15 minutes of the sunrise in your location.,iDevices,Turn off,This action will turn the specified product off.,Generic/Other
MzXFWc2R,Weather Underground,Sunset,This Trigger fires within 15 minutes of the sunset in your location.,WeMo Smart Plug,Turn on,"This Action will turn a WeMo Switch on. If the WeMo Switch is already on, it will remain on.",Generic/Other
N296S3Rn,WeMo Smart Plug,Switched on,This Trigger fires every time your WeMo Switch is turned on.,WeMo Smart Plug,Turn off,"This Action will turn a WeMo Switch off. If the WeMo Switch is already off, it will remain off.",Generic/Other
N2rcdKsW,Email,Send IFTTT an email tagged,Send IFTTT an email at trigger@applet.ifttt.com with a hashtag in the subject (e.g. #IFTTT) and this Trigger fires. You can optionally add a single file attachment (up to 30MB) and IFTTT will create a public URL to the file as an Ingredient.,WeMo Smart Plug,Turn on,"This Action will turn a WeMo Switch on. If the WeMo Switch is already on, it will remain on.",Generic/Other
N3vL6Dk9,Button widget,Button press,This trigger fires every time you press the button.,TP-Link Kasa,Activate scene,This action will activate a selected Scene from your account.,Generic/Other
N49iJ3Bd,Location,You enter an area,This Trigger fires every time you enter an area you specify.,Smart Life,Turn on,This action will turn on the device/group of your choosing.,Generic/Other
N4TinAfH,Date & Time,Every day at,This Trigger fires every single day at a specific time set by you.,TP-Link Kasa,Activate scene,This action will activate a selected Scene from your account.,Generic/Other
N6RKePsM,Google Assistant,Say a simple phrase,"This trigger fires when you say “Ok Google” to the Google Assistant followed by a phrase you choose. For example, say “Ok Google, I’m running late” to text a family member that you’re on your way home.",Smart Life,Activate Scene,This action will activate the specified scene.,Generic/Other
NAGNaUXi,SpotCam,Motion event detected,This Trigger fires every time a motion event is detected.,WeMo Insight Switch,Turn on,"This Action will turn a WeMo Insight Switch on. If the WeMo Insight Switch is already on, it will remain on.",Generic/Other
NEwqPD4r,Google Assistant,Say a simple phrase,"This trigger fires when you say “Ok Google” to the Google Assistant followed by a phrase you choose. For example, say “Ok Google, I’m running late” to text a family member that you’re on your way home.",Smart Life,Turn on,This action will turn on the device/group of your choosing.,Generic/Other
NKtkwZsr,Button widget,Button press,This trigger fires every time you press the button.,Heatzy,Set auto mode,This action will set a specific device on auto mode,Generic/Other
NSHF8TVK,Wireless Tag,Humidity or moisture is too low,"This Trigger fires when a specified tag with humidity or moisture monitoring enabled, detects 'too dry' state. Adjust the threshold from the humidity/moisture options screen inside the WirelessTag app.",WeMo Smart Plug,Turn on,"This Action will turn a WeMo Switch on. If the WeMo Switch is already on, it will remain on.",Generic/Other
NU5pQC8M,MyQ,Door opened,This trigger fires when a door is opened.,WeMo Smart Plug,Turn on then off,This Action will turn a WeMo Switch on then immediately back off.,Generic/Other
NUAzeZGD,Amazon Alexa,Say a specific phrase,"This trigger fires every time you say 'Alexa trigger' + the phrase that you have defined. For instance, if you set 'party time' as the phrase, you can say 'Alexa trigger party time' to have your lights loop colors.",Smart Life,Activate Scene,This action will activate the specified scene.,Generic/Other
NUb5JwvY,Smart Life,Device or group is turned off,This trigger fires when the specified device/group is turned off.,Smart Life,Turn off,This action will turn off the device/group of your choosing.,Generic/Other
NXkzaH2C,Location,You enter an area,This Trigger fires every time you enter an area you specify.,Optoma,Turn on/off my projector,This action will turn on/off my projector.,Generic/Other
Nd8PsgTW,Weather Underground,Sunrise,This Trigger fires within 15 minutes of the sunrise in your location.,VeSync Dimmer,Turn off,This action will turn off a device.,Generic/Other
NfneQrJ3,WeMo Light Switch,Switched on,This Trigger fires every time your WeMo Light Switch is turned on.,WeMo Smart Plug,Turn on,"This Action will turn a WeMo Switch on. If the WeMo Switch is already on, it will remain on.",Generic/Other
NhbAnLmV,Date & Time,Every day at,This Trigger fires every single day at a specific time set by you.,WeMo Smart Plug,Turn on,"This Action will turn a WeMo Switch on. If the WeMo Switch is already on, it will remain on.",Generic/Other
NiwTBn4K,EZVIZ,An alarm event occurred,This Trigger fires when an alarm event occurs.,WeMo Smart Plug,Turn on,"This Action will turn a WeMo Switch on. If the WeMo Switch is already on, it will remain on.",Generic/Other
NmBwLeqk,Button widget,Button press,This trigger fires every time you press the button.,Wink: Pivot Power Genius,Turn outlet off,"This Action will turn off the Pivot Power Genius outlet you specify. If the outlet is already off, it will remain off.",Generic/Other
NmwpD6Zs,Button widget,Button press,This trigger fires every time you press the button.,iRobot,Start robot,This action will start your robot.,Generic/Other
NnheVs5c,Kronaby,Pusher pressed,This trigger is fired from the assigned pusher on your Kronaby watch.,WeMo Insight Switch,Turn off,"This Action will turn a WeMo Switch off. If the WeMo Switch is already off, it will remain off.",Generic/Other
NptcVD9y,Google Calendar,New event from search ends,"This Trigger fires within 15 minutes of the ending time of an event on your Google Calendar that contains a specific keyword or phrase. The search looks at the event’s Title, Description, and Location. Ingredient will be based on the zone set in Google.",Heatzy,Set auto mode,This action will set a specific device on auto mode,Generic/Other
NrqsCJE6,Weather Underground,Sunrise,This Trigger fires within 15 minutes of the sunrise in your location.,WeMo Smart Plug,Turn on,"This Action will turn a WeMo Switch on. If the WeMo Switch is already on, it will remain on.",Generic/Other
NutywzJa,Nest Thermostat,Temperature rises above,This Trigger fires every time the temperature rises above a threshold you specify.,TP-Link Kasa,Turn on,This action will turn on a device.,Generic/Other
Nv5LThbU,SmartThings,Any new motion,This Trigger fires every time your SmartThings device senses motion.,WeMo Insight Switch,Turn on,"This Action will turn a WeMo Insight Switch on. If the WeMo Insight Switch is already on, it will remain on.",Generic/Other
NvNm6pxB,Button widget,Button press,This trigger fires every time you press the button.,TP-Link Kasa,Turn on,This action will turn on a device.,Generic/Other
NxPEi67R,Location,You exit an area,This Trigger fires every time you exit an area you specify.,Smart Life,Turn off,This action will turn off the device/group of your choosing.,Generic/Other
Ny8Mswn6,Ring,New Motion Detected,This Trigger fires every time a motion is detected at the given doorbell.,Smart Life,Turn on,This action will turn on the device/group of your choosing.,Generic/Other
Nz732P4Y,ThermoSmart,Temperature rises above,This Trigger fires every time the temperature rises above a threshold you specify.,ThermoSmart,Pause,This Action will pause your ThermoSmart.,Generic/Other
P2Xcy345,Google Calendar,Event from search starts,"This Trigger fires a set number of minutes before the starting time of an event on your Calendar that contains a specific keyword or phrase in the event’s Title, Description, or Location. Ingredient will be based on the zone set in Google.",Heatzy,Set auto mode,This action will set a specific device on auto mode,Generic/Other
P3QCcaYz,Telldus Live!,Temperature rises above,This trigger fires every time the temperature rises above the chosen value.,Smart Life,Turn off,This action will turn off the device/group of your choosing.,Generic/Other
P8RXa53d,Weather Underground,Sunrise,This Trigger fires within 15 minutes of the sunrise in your location.,WeMo Smart Plug,Turn off,"This Action will turn a WeMo Switch off. If the WeMo Switch is already off, it will remain off.",Generic/Other
P8xt3kaf,Google Assistant,Say a simple phrase,"This trigger fires when you say “Ok Google” to the Google Assistant followed by a phrase you choose. For example, say “Ok Google, I’m running late” to text a family member that you’re on your way home.",WeMo Smart Plug,Turn off,"This Action will turn a WeMo Switch off. If the WeMo Switch is already off, it will remain off.",Generic/Other
PAkYH6VL,Weather Underground,Sunset,This Trigger fires within 15 minutes of the sunset in your location.,Energenie Mi|Home,Power on device,This Action will turn on one of your Mi|Home devices.,Generic/Other
PErfZBh7,Android Battery,Device is plugged in,This Trigger fires every time your Android device is plugged in.,Lutron Caséta and RA2 Select,Set light level,This Action will set a Lutron dimmer or switch to the level you specify.,Generic/Other
PHgjuSDT,Weather Underground,Sunset,This Trigger fires within 15 minutes of the sunset in your location.,iDevices,Turn off,This action will turn the specified product off.,Generic/Other
PJ3Q9nmz,Email,Send IFTTT any email,Send IFTTT any email at trigger@applet.ifttt.com and this Trigger fires. You can optionally add a single file attachment and IFTTT will create a public URL to the file as an Ingredient. This trigger will reject emails with attachments over 30MB.,WeMo Smart Plug,Turn on then off,This Action will turn a WeMo Switch on then immediately back off.,Generic/Other
PMahi6uX,Google Assistant,Say a simple phrase,"This trigger fires when you say “Ok Google” to the Google Assistant followed by a phrase you choose. For example, say “Ok Google, I’m running late” to text a family member that you’re on your way home.",WeMo Smart Plug,Turn on,"This Action will turn a WeMo Switch on. If the WeMo Switch is already on, it will remain on.",Generic/Other
PWEhHz4y,Email,Send IFTTT an email tagged,Send IFTTT an email at trigger@applet.ifttt.com with a hashtag in the subject (e.g. #IFTTT) and this Trigger fires. You can optionally add a single file attachment (up to 30MB) and IFTTT will create a public URL to the file as an Ingredient.,WeMo Smart Plug,Toggle on/off,This Action will toggle a WeMo Switch on or off.,Generic/Other
PXkhnaYx,Weather Underground,Sunrise,This Trigger fires within 15 minutes of the sunrise in your location.,Energenie Mi|Home,Power off device,This Action will turn off one of your Mi|Home devices.,Generic/Other
PZJMrmAe,Wemo Dimmer,Long press,This trigger fires every time your WeMo Dimmer is turned on or off with a long press over two seconds.,Wemo Dimmer,Turn off,"This action will turn a WeMo Dimmer off. If the WeMo Dimmer is already off, it will remain off.",Generic/Other
Pcpt29YC,Android Device,Disconnects from a specific WiFi network,This Trigger fires every time your Android device disconnects from a WiFi network you specify.,ThermoSmart,Pause,This Action will pause your ThermoSmart.,Generic/Other
PdycPBGr,Google Assistant,Say a simple phrase,"This trigger fires when you say “Ok Google” to the Google Assistant followed by a phrase you choose. For example, say “Ok Google, I’m running late” to text a family member that you’re on your way home.",Smart Life,Activate Scene,This action will activate the specified scene.,Generic/Other
PfHW5PNA,Button widget,Button press,This trigger fires every time you press the button.,Heatzy,Deactivate the child lock,This action will unlock a specific device,Generic/Other
PftaSrk3,Weather Underground,Current condition changes to,"This Trigger monitors changes in the current weather condition. When one of those conditions is met the Trigger fires. Currently only these simple conditions are supported: Rain, Snow, Cloudy, Clear. ",WeMo Insight Switch,Turn on,"This Action will turn a WeMo Insight Switch on. If the WeMo Insight Switch is already on, it will remain on.",Generic/Other
PmCPDYSM,Android Phone Call,Any incoming phone call ends,This Trigger fires every time you answer a phone call on your Android device.,WeMo Smart Plug,Turn on,"This Action will turn a WeMo Switch on. If the WeMo Switch is already on, it will remain on.",Generic/Other
PrL3RCAY,Wyze,Contact Sensor opens,This trigger fires when a Contact Sensor opens.,Smart Life,Turn on,This action will turn on the device/group of your choosing.,Generic/Other
PuNA2gmF,Telegram,New message with key phrase to @IFTTT,This trigger fires when you send a text message with a key phrase to the @IFTTT bot on Telegram.,WeMo Smart Plug,Toggle on/off,This Action will toggle a WeMo Switch on or off.,Generic/Other
Pv3NzM4t,WeMo Motion,New motion after quiet period,This Trigger fires every time your WeMo Motion sensor detects new motion after a specific period of inactivity.,WeMo Smart Plug,Turn on then off,This Action will turn a WeMo Switch on then immediately back off.,Generic/Other
PwqXfSEr,Amazon Alexa,Say a specific phrase,"This trigger fires every time you say 'Alexa trigger' + the phrase that you have defined. For instance, if you set 'party time' as the phrase, you can say 'Alexa trigger party time' to have your lights loop colors.",WeMo Smart Plug,Turn on,"This Action will turn a WeMo Switch on. If the WeMo Switch is already on, it will remain on.",Generic/Other
Py9CmwdR,Email,Send IFTTT an email tagged,Send IFTTT an email at trigger@applet.ifttt.com with a hashtag in the subject (e.g. #IFTTT) and this Trigger fires. You can optionally add a single file attachment (up to 30MB) and IFTTT will create a public URL to the file as an Ingredient.,WeMo Smart Plug,Toggle on/off,This Action will toggle a WeMo Switch on or off.,Generic/Other
Pz6pirtw,Google Assistant,Say a simple phrase,"This trigger fires when you say “Ok Google” to the Google Assistant followed by a phrase you choose. For example, say “Ok Google, I’m running late” to text a family member that you’re on your way home.",WeMo Smart Plug,Turn on,"This Action will turn a WeMo Switch on. If the WeMo Switch is already on, it will remain on.",Generic/Other
Q4dNeGfF,Facebook,You are tagged in a photo,This Trigger fires every time you are tagged you in a new photo. NOTE: Facebook privacy settings may block IFTTT’s access to some photos you are tagged in.,WeMo Smart Plug,Toggle on/off,This Action will toggle a WeMo Switch on or off.,Generic/Other
Q5Ca3kye,Ooma,Incoming call from known number,This Trigger fires every time you receive an incoming call from a phone number in your contact list.,WeMo Smart Plug,Turn on then off,This Action will turn a WeMo Switch on then immediately back off.,Generic/Other
Q5frUMcu,Wyze,Motion Sensor becomes clear,This trigger fires when a Motion Sensor becomes clear.,Lutron Caséta and RA2 Select,Set light level,This Action will set a Lutron dimmer or switch to the level you specify.,Generic/Other
QD9wvRpi,VeSync Dimmer,Turned off,This trigger fires when the device turns off.,VeSync Dimmer,Change brightness,This action will change the brightness of a Dimmer to a specified level/percentage.,Generic/Other
QDbHe7AF,Weather Underground,Current condition changes to,"This Trigger monitors changes in the current weather condition. When one of those conditions is met the Trigger fires. Currently only these simple conditions are supported: Rain, Snow, Cloudy, Clear. ",Smart Life,Activate Scene,This action will activate the specified scene.,Generic/Other
QFWXUVxc,HAVEN IAQ,VOC threshold is crossed,This Trigger fires whenever the measured Volatile Organic Compounds (VOCs) is above or below the threshold.,TP-Link Kasa,Turn on,This action will turn on a device.,Generic/Other
QLXyJYme,Date & Time,Every day at,This Trigger fires every single day at a specific time set by you.,TP-Link Kasa,Turn off,This action will turn off a selected device.,Generic/Other
QLrGgyNJ,Google Calendar,Event from search starts,"This Trigger fires a set number of minutes before the starting time of an event on your Google Calendar that contains a specific keyword or phrase. The search looks at the event’s Title, Description, and Location.",iRobot,Start robot,This action will start your robot.,Generic/Other
QMencxLr,Date & Time,Every year on,This Trigger fires once a year on the date and time you specify.,Smart Life,Activate Scene,This action will activate the specified scene.,Generic/Other
QNYZ8sdr,Date & Time,Every day at,This Trigger fires every single day at a specific time set by you.,SwitchBot,Bot turn off,This action will trigger the specified Bot to turn off the switch.,Generic/Other
QTUFc4yz,Date & Time,Every day at,This Trigger fires every single day at a specific time set by you.,WeMo Smart Plug,Turn on,"This Action will turn a WeMo Switch on. If the WeMo Switch is already on, it will remain on.",Generic/Other
QWHNKavB,Date & Time,Every day of the week at,This Trigger fires only on specific days of the week at the time you provide.,Smart Life,Turn on,This action will turn on the device/group of your choosing.,Generic/Other
QWhsT74U,Date & Time,Every day at,This Trigger fires every single day at a specific time set by you.,Heatzy,Deactivate the child lock,This action will unlock a specific device,Generic/Other
QXKL4D5b,Nest Cam,New sound or motion event,This Trigger fires every time the camera detects a sound or motion event.,Hubitat,Turn on a device,This Action will turn on a device attached to your Hubitat Elevation system.,Generic/Other
QYkJqdgh,Weather Underground,Current temperature drops below,This Trigger monitors your local temperature and fires whenever the temperature drops below the value you provide.,WeMo Smart Plug,Turn off,"This Action will turn a WeMo Switch off. If the WeMo Switch is already off, it will remain off.",Generic/Other
QZG5Scdy,Location,You exit an area,This Trigger fires every time you exit an area you specify.,TP-Link Kasa,Activate scene,This action will activate a selected Scene from your account.,Generic/Other
Qc3mqvRf,Google Assistant,Say a simple phrase,"This trigger fires when you say “Ok Google” to the Google Assistant followed by a phrase you choose. For example, say “Ok Google, I’m running late” to text a family member that you’re on your way home.",Smart Life,Turn off,This action will turn off the device/group of your choosing.,Generic/Other
QdqDsBC3,Zoom,Any scheduled meeting starts,This trigger fires when a scheduled meeting starts.,Smart Life,Turn on,This action will turn on the device/group of your choosing.,Generic/Other
QeD9wjJz,Amazon Alexa,Say a specific phrase,"This trigger fires every time you say 'Alexa trigger' + the phrase that you have defined. For instance, if you set 'party time' as the phrase, you can say 'Alexa trigger party time' to have your lights loop colors.",WeMo Smart Plug,Turn off,"This Action will turn a WeMo Switch off. If the WeMo Switch is already off, it will remain off.",Generic/Other
QfzNXMPg,Nest Protect,Smoke alarm warning,This Trigger fires every time the Nest Protect you specify detects warning smoke levels.,WeMo Smart Plug,Turn on,"This Action will turn a WeMo Switch on. If the WeMo Switch is already on, it will remain on.",Generic/Other
QgQdXueB,Google Calendar,Any event starts,This Trigger fires a set number of minutes before the starting time of any event on your Google Calendar.,iRobot,Pause robot,This action will pause your robot.,Generic/Other
QmBtAS7f,Gira Smart Home,Switched off,This trigger fires when a KNX device or binary switch is turned off.,iRobot,Start robot,This action will start your robot.,Generic/Other
QuZepxXV,Sense Energy Monitor,Device turned On/Off,This trigger fires every time a device in your house turns on or off.,WeMo Smart Plug,Turn on then off,This Action will turn a WeMo Switch on then immediately back off.,Generic/Other
QuvEcCgA,Email,Send IFTTT an email tagged,Send IFTTT an email at trigger@applet.ifttt.com with a hashtag in the subject (e.g. #IFTTT) and this Trigger fires. You can optionally add a single file attachment and IFTTT will create a public URL to the file as an Ingredient.,WeMo Smart Plug,Turn on,"This Action will turn a WeMo Switch on. If the WeMo Switch is already on, it will remain on.",Generic/Other
QvQ7LpiJ,Weather Underground,Current temperature rises above,This Trigger monitors your local temperature and fires whenever the temperature rises above the value you provide.,WeMo Smart Plug,Turn on,"This Action will turn a WeMo Switch on. If the WeMo Switch is already on, it will remain on.",Generic/Other
Qw9fZYPs,Google Assistant,Say a phrase with a text ingredient,This trigger fires when you say “Ok Google” to the Google Assistant followed by a phrase like “Post a tweet saying ‘New high score.’” **Use the $ symbol to specify where you'll say the text ingredient,Smart Life,Activate Scene,This action will activate the specified scene.,Generic/Other
QwfZaRnF,Date & Time,Every day of the week at,This Trigger fires only on specific days of the week at the time you provide.,WeMo Smart Plug,Turn off,"This Action will turn a WeMo Switch off. If the WeMo Switch is already off, it will remain off.",Generic/Other
QxH9JchW,Email,Send IFTTT an email tagged,Send IFTTT an email at trigger@applet.ifttt.com with a hashtag in the subject (e.g. #IFTTT) and this Trigger fires. You can optionally add a single file attachment and IFTTT will create a public URL to the file as an Ingredient.,WeMo Insight Switch,Turn on,"This Action will turn a WeMo Insight Switch on. If the WeMo Insight Switch is already on, it will remain on.",Generic/Other
QyVWpvuj,iOS Calendar,New event added to specific calendar,This trigger fires every time a new event is added to the calendar that you specify.,TP-Link Kasa,Activate scene,This action will activate a selected Scene from your account.,Generic/Other
QyuRb6ND,Email,Send IFTTT an email tagged,Send IFTTT an email at trigger@applet.ifttt.com with a hashtag in the subject (e.g. #IFTTT) and this Trigger fires. You can optionally add a single file attachment and IFTTT will create a public URL to the file as an Ingredient.,Heatmiser,Boost Timer,This Action will activate a Timer Boost on the selected Heatmiser Timer.,Generic/Other
R3sj6Rze,Weather Underground,Current temperature drops below,This Trigger monitors your local temperature and fires whenever the temperature drops below the value you provide.,Smart Life,Turn on,This action will turn on the device/group of your choosing.,Generic/Other
R6NXxtBG,Weather Underground,Sunrise,This Trigger fires within 15 minutes of the sunrise in your location.,WeMo Smart Plug,Turn off,"This Action will turn a WeMo Switch off. If the WeMo Switch is already off, it will remain off.",Generic/Other
R6cadfj3,Weather Underground,Sunrise,This Trigger fires within 15 minutes of the sunrise in your location.,Wink: Pivot Power Genius,Turn outlet on,"This Action will turn on the Pivot Power Genius outlet you specify. If the outlet is already on, it will remain on.",Generic/Other
R7MRQzqi,ecobee,Thermostat indoor temperature is greater than,This trigger fires every time your ecobee thermostat senses that the indoor temperature is greater than a specific value you supply.,WeMo Smart Plug,Turn on,"This Action will turn a WeMo Switch on. If the WeMo Switch is already on, it will remain on.",Generic/Other
R8eqUisC,Date & Time,Every day of the week at,This Trigger fires only on specific days of the week at the time you provide.,WeMo Smart Plug,Turn off,"This Action will turn a WeMo Switch off. If the WeMo Switch is already off, it will remain off.",Generic/Other
R8sx7NM4,Smart Life,Device or group is turned off,This trigger fires when the specified device/group is turned off.,Smart Life,Turn on,This action will turn on the device/group of your choosing.,Generic/Other
REHyswBd,Android Phone Call,Any incoming phone call missed,This Trigger fires every time you miss a phone call on your Android device.,WeMo Smart Plug,Toggle on/off,This Action will toggle a WeMo Switch on or off.,Generic/Other
REytBF8i,Location,You exit an area,This Trigger fires every time you exit an area you specify.,WeMo Insight Switch,Turn off,"This Action will turn a WeMo Switch off. If the WeMo Switch is already off, it will remain off.",Generic/Other
RLYEdAvJ,Location,You exit an area,This Trigger fires every time you exit an area you specify.,WeMo Insight Switch,Turn off,"This Action will turn a WeMo Switch off. If the WeMo Switch is already off, it will remain off.",Generic/Other
RNpMUQr4,Email,Send IFTTT an email tagged,Send IFTTT an email at trigger@applet.ifttt.com with a hashtag in the subject (e.g. #IFTTT) and this Trigger fires. You can optionally add a single file attachment and IFTTT will create a public URL to the file as an Ingredient.,WeMo Smart Plug,Turn off,"This Action will turn a WeMo Switch off. If the WeMo Switch is already off, it will remain off.",Generic/Other
RPmfangE,WeMo Smart Plug,Switched off,This Trigger fires every time your WeMo Switch is turned off.,WeMo Smart Plug,Turn on then off,This Action will turn a WeMo Switch on then immediately back off.,Generic/Other
RQRnT5qH,Nest Thermostat,Temperature drops below,This Trigger fires every time the temperature drops below a threshold you specify.,WeMo Insight Switch,Turn off,"This Action will turn a WeMo Switch off. If the WeMo Switch is already off, it will remain off.",Generic/Other
RQW3gtJG,ecobee,Thermostat indoor temperature is greater than,This trigger fires every time your ecobee thermostat senses that the indoor temperature is greater than a specific value you supply.,WeMo Smart Plug,Turn on,"This Action will turn a WeMo Switch on. If the WeMo Switch is already on, it will remain on.",Generic/Other
RV28HijT,Google Assistant,Say a phrase with a text ingredient,This trigger fires when you say “Ok Google” to the Google Assistant followed by a phrase like “Post a tweet saying ‘New high score.’” **Use the $ symbol to specify where you'll say the text ingredient,WeMo Maker,Turn relay off then on,"This Action will turn a Wemo Maker off then on. If the WeMo Maker is already off, it will remain off.",Generic/Other
RW3eY74d,Email,Send IFTTT any email,Send IFTTT any email at trigger@applet.ifttt.com and this Trigger fires. You can optionally add a single file attachment and IFTTT will create a public URL to the file as an Ingredient. ,WeMo Smart Plug,Toggle on/off,This Action will toggle a WeMo Switch on or off.,Generic/Other
RZ7dtf82,Date & Time,Every day at,This Trigger fires every single day at a specific time set by you.,Smart Life,Turn on,This action will turn on the device/group of your choosing.,Generic/Other
RZX7JDHT,Google Calendar,Event from search starts,"This Trigger fires a set number of minutes before the starting time of an event on your Google Calendar that contains a specific keyword or phrase. The search looks at the event’s Title, Description, and Location.",Smart Life,Turn off,This action will turn off the device/group of your choosing.,Generic/Other
RaAcZ5xw,Date & Time,Every day at,This Trigger fires every single day at a specific time set by you.,WeMo Smart Plug,Turn on,"This Action will turn a WeMo Switch on. If the WeMo Switch is already on, it will remain on.",Generic/Other
RazgCeSY,Amazon Alexa,Your Alarm goes off,This Trigger fires every time your alarm goes off.,WeMo Insight Switch,Turn on,"This Action will turn a WeMo Insight Switch on. If the WeMo Insight Switch is already on, it will remain on.",Generic/Other
Rbd45ufq,ComEd,Manage your Carbon Footprint - Change in carbon intensity,"This trigger fires whenever the carbon intensity changes for the ComEd service territory, use this trigger to help lower your carbon footprint by reducing your energy during high carbon times",WeMo Smart Plug,Turn off,"This Action will turn a WeMo Switch off. If the WeMo Switch is already off, it will remain off.",Generic/Other
RbgXDxvY,Weather Underground,Current temperature rises above,This Trigger monitors your local temperature and fires whenever the temperature rises above the value you provide.,WeMo Smart Plug,Turn off,"This Action will turn a WeMo Switch off. If the WeMo Switch is already off, it will remain off.",Generic/Other
RbshBUZm,ComEd,Manage your Carbon Footprint - Change in carbon intensity,"This trigger fires whenever the carbon intensity changes for the ComEd service territory, use this trigger to help lower your carbon footprint by reducing your energy during high carbon times",WeMo Smart Plug,Turn on,"This Action will turn a WeMo Switch on. If the WeMo Switch is already on, it will remain on.",Generic/Other
RcEZ9Brp,Date & Time,Every day at,This Trigger fires every single day at a specific time set by you.,AQUAREA Smart Cloud,Start/Stop Quiet Mode,This action will set your device in Quiet Mode.,Generic/Other
RcMWGkK3,eWeLink Smart Home,1-Channel Switch turned on or off,This trigger fires when your eWeLink Support 1-Channel Switch is turned on or off.,TP-Link Kasa,Turn on,This action will turn on a device.,Generic/Other
RiatGYQy,SpotCam,Motion event detected,This Trigger fires every time a motion event is detected.,WeMo Insight Switch,Turn on,"This Action will turn a WeMo Insight Switch on. If the WeMo Insight Switch is already on, it will remain on.",Generic/Other
Rjp4qU2s,Location,You exit an area,This Trigger fires every time you exit an area you specify.,WeMo Insight Switch,Turn off,"This Action will turn a WeMo Switch off. If the WeMo Switch is already off, it will remain off.",Generic/Other
Rq8WtN6r,EDF : vos plages tarifaires,Début de plage tarifaire,Ce trigger se déclenche lorsque la plage tarifaire choisie commence dans votre logement.,WeMo Smart Plug,Turn off,"This Action will turn a WeMo Switch off. If the WeMo Switch is already off, it will remain off.",Generic/Other
RqAhnXkp,Netatmo Weather Station,Carbon dioxide rises above,This Trigger fires every time the carbon dioxide rises above a value you specify.,WeMo Insight Switch,Turn on,"This Action will turn a WeMo Insight Switch on. If the WeMo Insight Switch is already on, it will remain on.",Generic/Other
RrZPW3uv,Android Phone Call,Outgoing phone call to a specific number ends,This Trigger fires every time you place a phone call on your Android device to a number you specify.,WeMo Insight Switch,Toggle on/off,This Action will toggle a WeMo Insight Switch on or off.,Generic/Other
Ru58jJnX,Amazon Alexa,Say a specific phrase,"This trigger fires every time you say 'Alexa trigger' + the phrase that you have defined. For instance, if you set 'party time' as the phrase, you can say 'Alexa trigger party time' to have your lights loop colors.",Wink: Aros,Turn A/C off,This Action will turn your Aros A/C off.,Generic/Other
RvujgkNL,Button widget,Button press,This trigger fires every time you press the button.,WeMo Insight Switch,Turn on,"This Action will turn a WeMo Insight Switch on. If the WeMo Insight Switch is already on, it will remain on.",Generic/Other
S4tqQW5F,Ring,New Motion Detected,This Trigger fires every time a motion is detected at the given doorbell.,WeMo Smart Plug,Toggle on/off,This Action will toggle a WeMo Switch on or off.,Generic/Other
S7PC4KkZ,Festina Watches,Pusher pressed,This trigger is fired from the assigned pusher on your Festina watch.,WeMo Insight Switch,Toggle on/off,This Action will toggle a WeMo Insight Switch on or off.,Generic/Other
S7yX6ViG,Weather Underground,Sunset,This Trigger fires within 15 minutes of the sunset in your location.,Energenie Mi|Home,Power on group,This Action will turn on a whole group of Mi|Home devices simultaneously.,Generic/Other
SA9nZ3XL,Weather Underground,Sunset,This Trigger fires within 15 minutes of the sunset in your location.,Wink: Pivot Power Genius,Turn outlet on,"This Action will turn on the Pivot Power Genius outlet you specify. If the outlet is already on, it will remain on.",Generic/Other
SCXszwUV,Google Assistant,Say a simple phrase,"This trigger fires when you say “Ok Google” to the Google Assistant followed by a phrase you choose. For example, say “Ok Google, I’m running late” to text a family member that you’re on your way home.",WeMo Smart Plug,Turn on,"This Action will turn a WeMo Switch on. If the WeMo Switch is already on, it will remain on.",Generic/Other
SGWA2YEt,Amazon Alexa,Say a specific phrase,"This trigger fires every time you say 'Alexa trigger' + the phrase that you have defined. For instance, if you set 'party time' as the phrase, you can say 'Alexa trigger party time' to have your lights loop colors.",Lutron Caséta and RA2 Select,Set light level,This Action will set a Lutron dimmer or switch to the level you specify.,Generic/Other
SHEL7FR2,Date & Time,Every day at,This Trigger fires every single day at a specific time set by you.,WeMo Smart Plug,Turn off,"This Action will turn a WeMo Switch off. If the WeMo Switch is already off, it will remain off.",Generic/Other
SJcdWjqn,YouTube,New Super Chat message,This trigger fires when there is a new Super Chat message in a live chat during a live stream on your channel.,SwitchBot,Bot press,This action will trigger the specified Bot to press the switch.,Generic/Other
SKQhDr7t,Nest Thermostat,Temperature rises above,This Trigger fires every time the temperature rises above a threshold you specify.,Wink: Pivot Power Genius,Turn outlet on,"This Action will turn on the Pivot Power Genius outlet you specify. If the outlet is already on, it will remain on.",Generic/Other
SKVNCr37,Nest Thermostat,Nest set to Away,This Trigger fires every time the home you specify is set to Away.,Wink: Pivot Power Genius,Turn outlet off,"This Action will turn off the Pivot Power Genius outlet you specify. If the outlet is already off, it will remain off.",Generic/Other
SNEvWXf6,Apilio,Receive an event from Apilio,This trigger fires every time IFTTT receives a specific event from Apilio.,WeMo Smart Plug,Turn off,"This Action will turn a WeMo Switch off. If the WeMo Switch is already off, it will remain off.",Generic/Other
SNU6BfdL,Google Assistant,Say a simple phrase,"This trigger fires when you say “Ok Google” to the Google Assistant followed by a phrase you choose. For example, say “Ok Google, I’m running late” to text a family member that you’re on your way home.",WeMo Smart Plug,Turn on,"This Action will turn a WeMo Switch on. If the WeMo Switch is already on, it will remain on.",Generic/Other
SQYSAcNR,Email,Send IFTTT an email tagged,Send IFTTT an email at trigger@applet.ifttt.com with a hashtag in the subject (e.g. #IFTTT) and this Trigger fires. You can optionally add a single file attachment and IFTTT will create a public URL to the file as an Ingredient.,WeMo Insight Switch,Turn off,"This Action will turn a WeMo Switch off. If the WeMo Switch is already off, it will remain off.",Generic/Other
SUCJBhb3,Twitter,New tweet by you with hashtag,This Trigger fires every time you post a new tweet with a specific hashtag.,WeMo Smart Plug,Toggle on/off,This Action will toggle a WeMo Switch on or off.,Generic/Other
SW3ifyM2,Misfit,Flash button double pressed,This Trigger fires every time you double press your Misfit Flash button.,WeMo Smart Plug,Toggle on/off,This Action will toggle a WeMo Switch on or off.,Generic/Other
SWPXA64D,Location,You enter an area,This Trigger fires every time you enter an area you specify.,WeMo Smart Plug,Turn on,"This Action will turn a WeMo Switch on. If the WeMo Switch is already on, it will remain on.",Generic/Other
SX5TAU8i,Location,You enter an area,This Trigger fires every time you enter an area you specify.,Lutron Caséta and RA2 Select,Set light level,This Action will set a Lutron dimmer or switch to the level you specify.,Generic/Other
SYqyuvtc,iRobot,Job Complete,This trigger fires when your robot completes a job.,iRobot,Clean by Room,This action will clean a specific room in your home. For robots with Imprint™ Smart Mapping technology.,Generic/Other
SZYzHqev,Weather Underground,Current temperature drops below,This Trigger monitors your local temperature and fires whenever the temperature drops below the value you provide.,TP-Link Kasa,Turn on,This action will turn on a device.,Generic/Other
SdBnEWJA,Android SMS,New SMS sent matches search,This Trigger fires every time you send an SMS on your Android device that matches a search you specify.,ThermoSmart,Pause,This Action will pause your ThermoSmart.,Generic/Other
SjKcMS32,Email,Send IFTTT any email,Send IFTTT any email at trigger@applet.ifttt.com and this Trigger fires. You can optionally add a single file attachment and IFTTT will create a public URL to the file as an Ingredient. This trigger will reject emails with attachments over 30MB.,WeMo Smart Plug,Turn on then off,This Action will turn a WeMo Switch on then immediately back off.,Generic/Other
SjPebdG8,Smart Life,Leak detected,This trigger fires when water leak detected.,Smart Life,Turn on,This action will turn on the device/group of your choosing.,Generic/Other
SmwJH9cs,Amazon Alexa,Your Alarm goes off,This Trigger fires every time your alarm goes off.,TP-Link Kasa,Turn on,This action will turn on a device.,Generic/Other
Sp6UMNRG,Amazon Alexa,Say a specific phrase,"This trigger fires every time you say 'Alexa trigger' + the phrase that you have defined. For instance, if you set 'party time' as the phrase, you can say 'Alexa trigger party time' to have your lights loop colors.",Smart Life,Turn on,This action will turn on the device/group of your choosing.,Generic/Other
SpAFHgf8,Ring,New Ring Detected,This Trigger fires every time somebody rings your Ring Doorbell.,WeMo Smart Plug,Turn on,"This Action will turn a WeMo Switch on. If the WeMo Switch is already on, it will remain on.",Generic/Other
SqmyzcRX,Withings Sleep,When I get into bed,"This trigger fires every time your Withings Sleep detects that you get into bed, within the start and end time parameters that you specify. ",Heatzy,Activate the child lock,This action will lock a specific device,Generic/Other
SruUaxDv,Weather Underground,Sunrise,This Trigger fires within 15 minutes of the sunrise in your location.,WeMo Smart Plug,Turn off,"This Action will turn a WeMo Switch off. If the WeMo Switch is already off, it will remain off.",Generic/Other
Stv7iLzu,WeMo Smart Plug,Switched off,This Trigger fires every time your WeMo Switch is turned off.,WeMo Smart Plug,Turn on,"This Action will turn a WeMo Switch on. If the WeMo Switch is already on, it will remain on.",Generic/Other
Sv76UFdA,WeMo Motion,Any new motion,This Trigger fires every time your WeMo Motion sensor detects new motion.,WeMo Smart Plug,Turn on,"This Action will turn a WeMo Switch on. If the WeMo Switch is already on, it will remain on.",Generic/Other
SvuJhU25,Google Assistant,Say a simple phrase,"This trigger fires when you say “Ok Google” to the Google Assistant followed by a phrase you choose. For example, say “Ok Google, I’m running late” to text a family member that you’re on your way home.",Nature Remo,Control home appliances,This action will send an infrared signal to control your home appliances.,Generic/Other
T2Sih4Je,Knocki,Gesture with task matching ID occurs,This trigger fires if you tap a gesture with a custom IFTTT task matching the ID of this trigger.,TP-Link Kasa,Activate scene,This action will activate a selected Scene from your account.,Generic/Other
T2bkmKfT,Weather Underground,Sunrise,This Trigger fires within 15 minutes of the sunrise in your location.,Energenie Mi|Home,Power off device,This Action will turn off one of your Mi|Home devices.,Generic/Other
T38NGgdD,Button widget,Button press,This trigger fires every time you press the button.,Hubitat,Turn on a device,This Action will turn on a device attached to your Hubitat Elevation system.,Generic/Other
T43LMzBr,Location,You enter an area,This Trigger fires every time you enter an area you specify.,WeMo Smart Plug,Turn on,"This Action will turn a WeMo Switch on. If the WeMo Switch is already on, it will remain on.",Generic/Other
T4beEDHC,Google Assistant,Say a phrase with a text ingredient,This trigger fires when you say “Ok Google” to the Google Assistant followed by a phrase like “Post a tweet saying ‘New high score.’” **Use the $ symbol to specify where you'll say the text ingredient,Smart Life,Turn off,This action will turn off the device/group of your choosing.,Generic/Other
T5MYBbGV,Wireless Tag,Sensor detects water,"This Trigger fires when specified water sensor tag detects water with its resistive sensor, or when you short circuit its tip.",Hubitat,Close a device,This action will close a Hubitat device.,Generic/Other
T6Vd8hNZ,SwitchBot,Temperature or humidity changes,"Whenever a preset temperature and/or humidity change detected, SwitchBot Thermometer & Hygrometer (the Meter) will try to trigger the service. E.g. if the temperature is too high, turn on AC with the SwitchBot Hub Plus (the Hub Plus).",Heatzy,Set eco mode,This action will set a specific device on eco mode,Generic/Other
T6Ycghqe,Amazon Alexa,Your Alarm goes off,This Trigger fires every time your alarm goes off.,WeMo Smart Plug,Turn on,"This Action will turn a WeMo Switch on. If the WeMo Switch is already on, it will remain on.",Generic/Other
T6cjFYRk,Scout Alarm,Mode armed,This Trigger fires when a mode is armed.,Hubitat,Change Mode,This action will change Hubitat's mode.,Generic/Other
T9EBYZhA,Email,Send IFTTT any email,Send IFTTT any email at trigger@applet.ifttt.com and this Trigger fires. You can optionally add a single file attachment and IFTTT will create a public URL to the file as an Ingredient. This trigger will reject emails with attachments over 30MB.,WeMo Smart Plug,Turn on,"This Action will turn a WeMo Switch on. If the WeMo Switch is already on, it will remain on.",Generic/Other
T9gcnwPZ,HAVEN IAQ,PM2.5 threshold is crossed ,This Trigger fires whenever the measured Particulate Matter of 2.5 microns in size (PM2.5) is above or below the threshold.,TP-Link Kasa,Turn off,This action will turn off a selected device.,Generic/Other
TBnu2gzw,Google Calendar,Event from search starts,"This Trigger fires a set number of minutes before the starting time of an event on your Google Calendar that contains a specific keyword or phrase. The search looks at the event’s Title, Description, and Location.",Smart Life,Activate Scene,This action will activate the specified scene.,Generic/Other
TGzM3dkJ,Location,You exit an area,This Trigger fires every time you exit an area you specify.,iDevices,Turn off,This action will turn the specified product off.,Generic/Other
THzGngej,Google Assistant,Say a simple phrase,"This trigger fires when you say “Ok Google” to the Google Assistant followed by a phrase you choose. For example, say “Ok Google, I’m running late” to text a family member that you’re on your way home.",Lutron Caséta and RA2 Select,Set light level,This Action will set a Lutron dimmer or switch to the level you specify.,Generic/Other
TJKUctuw,Date & Time,Every hour at,"This Trigger fires once an hour at :00, :15, :30, or :45 minutes past the hour.",WeMo Smart Plug,Turn on,"This Action will turn a WeMo Switch on. If the WeMo Switch is already on, it will remain on.",Generic/Other
TKA7WcMS,WeMo Motion,Any new motion,This Trigger fires every time your WeMo Motion sensor detects new motion.,WeMo Smart Plug,Turn off,"This Action will turn a WeMo Switch off. If the WeMo Switch is already off, it will remain off.",Generic/Other
TLTZBHUp,Weather Underground,Current temperature drops below,This Trigger monitors your local temperature and fires whenever the temperature drops below the value you provide.,Smappee,Turn off plug,This Action will turn off a plug for the specified duration.,Generic/Other
TQFeYtca,Knocki,Gesture with task matching ID occurs,This trigger fires if you tap a gesture with a custom IFTTT task matching the ID of this trigger.,WeMo Smart Plug,Toggle on/off,This Action will toggle a WeMo Switch on or off.,Generic/Other
TREN7suT,Fitbit,Daily step goal achieved,This Trigger fires every time you achieve your daily step goal.,WeMo Smart Plug,Turn on,"This Action will turn a WeMo Switch on. If the WeMo Switch is already on, it will remain on.",Generic/Other
TT7nNS9D,Date & Time,Every day at,This Trigger fires every single day at a specific time set by you.,Smart Life,Turn off,This action will turn off the device/group of your choosing.,Generic/Other
TUYe3BwJ,Location,You exit an area,This Trigger fires every time you exit an area you specify.,TP-Link Kasa,Activate scene,This action will activate a selected Scene from your account.,Generic/Other
TUrCYyWG,Weather Underground,Sunset,This Trigger fires within 15 minutes of the sunset in your location.,WeMo Smart Plug,Turn on,"This Action will turn a WeMo Switch on. If the WeMo Switch is already on, it will remain on.",Generic/Other
TXDj5hWE,Google Assistant,Say a simple phrase,"This trigger fires when you say “Ok Google” to the Google Assistant followed by a phrase you choose. For example, say “Ok Google, I’m running late” to text a family member that you’re on your way home.",Energenie Mi|Home,Power off group,This Action will turn off a whole group of Mi|Home devices simultaneously.,Generic/Other
TXYEdFgU,Bouncie,Geo-Circle was exited,This trigger fires when a vehicle exits one of its geo-circles,iRobot,Start robot,This action will start your robot.,Generic/Other
TYVz2rPJ,Google Assistant,Say a simple phrase,"This trigger fires when you say “Ok Google” to the Google Assistant followed by a phrase you choose. For example, say “Ok Google, I’m running late” to text a family member that you’re on your way home.",iRobot,Stop robot,This action will stop your robot.,Generic/Other
TYh27twZ,Amazon Alexa,Say a specific phrase,"This trigger fires every time you say 'Alexa trigger' + the phrase that you have defined. For instance, if you set 'party time' as the phrase, you can say 'Alexa trigger party time' to have your lights loop colors.",SwitchBot,Bot press,This action will trigger the specified Bot to press the switch.,Generic/Other
TZjPqkzF,Location,You exit an area,This Trigger fires every time you exit an area you specify.,Smart Life,Turn off,This action will turn off the device/group of your choosing.,Generic/Other
TZvy8MBz,Weather Underground,Sunset,This Trigger fires within 15 minutes of the sunset in your location.,WeMo Smart Plug,Turn on,"This Action will turn a WeMo Switch on. If the WeMo Switch is already on, it will remain on.",Generic/Other
TcMg872W,Total Connect 2.0,Total Connect security panel alarm detected,This trigger fires when my Total Connect security panel receives an alarm,Lutron Caséta and RA2 Select,Set light level,This Action will set a Lutron dimmer or switch to the level you specify.,Generic/Other
Tef52Qmx,MyQ,Door closed,This trigger fires when a door is closed.,TP-Link Kasa,Turn off,This action will turn off a selected device.,Generic/Other
TfPHX2Ze,Email,Send IFTTT any email,Send IFTTT any email at trigger@applet.ifttt.com and this Trigger fires. You can optionally add a single file attachment and IFTTT will create a public URL to the file as an Ingredient. ,WeMo Insight Switch,Toggle on/off,This Action will toggle a WeMo Insight Switch on or off.,Generic/Other
ThBTM2JY,Weather Underground,Sunset,This Trigger fires within 15 minutes of the sunset in your location.,WeMo Smart Plug,Turn on,"This Action will turn a WeMo Switch on. If the WeMo Switch is already on, it will remain on.",Generic/Other
Thby5cJ9,Weather Underground,Current condition changes to,"This Trigger monitors changes in the current weather condition. When one of those conditions is met the Trigger fires. Currently only these simple conditions are supported: Rain, Snow, Cloudy, Clear. ",WeMo Smart Plug,Turn on,"This Action will turn a WeMo Switch on. If the WeMo Switch is already on, it will remain on.",Generic/Other
TmvNeBRt,Date & Time,Every day at,This Trigger fires every single day at a specific time set by you.,WeMo Smart Plug,Turn off then on,This Action will turn a WeMo Switch off then immediately back on.,Generic/Other
Tn7wRrDZ,Weather Underground,Sunset,This Trigger fires within 15 minutes of the sunset in your location.,WeMo Smart Plug,Turn on,"This Action will turn a WeMo Switch on. If the WeMo Switch is already on, it will remain on.",Generic/Other
TnjaNvi6,Weather Underground,Sunset,This Trigger fires within 15 minutes of the sunset in your location.,WeMo Smart Plug,Turn on,"This Action will turn a WeMo Switch on. If the WeMo Switch is already on, it will remain on.",Generic/Other
TnxGdKrY,August,Lock unlocked,This Trigger fires every time the specified lock is unlocked.,SwitchBot,Bot turn on ,This action will trigger the specified Bot to turn on the switch.,Generic/Other
Tr2M6uyc,Apilio,Receive an event from Apilio,This trigger fires every time IFTTT receives a specific event from Apilio.,WeMo Smart Plug,Turn on,"This Action will turn a WeMo Switch on. If the WeMo Switch is already on, it will remain on.",Generic/Other
TuM6D5Aq,Google Assistant,Say a simple phrase,"This trigger fires when you say “Ok Google” to the Google Assistant followed by a phrase you choose. For example, say “Ok Google, I’m running late” to text a family member that you’re on your way home.",Smart Life,Activate Scene,This action will activate the specified scene.,Generic/Other
TwF9yLCu,Location,You exit an area,This Trigger fires every time you exit an area you specify.,ThermoSmart,Pause,This Action will pause your ThermoSmart.,Generic/Other
TwQVj9iB,SmartThings,Switched off,This Trigger fires every time your SmartThings device is switched off.,Smart Life,Turn off,This action will turn off the device/group of your choosing.,Generic/Other
Tx3kQAJW,WeMo Light Switch,Switched off,This Trigger fires every time your WeMo Light Switch is turned off.,WeMo Insight Switch,Turn off,"This Action will turn a WeMo Switch off. If the WeMo Switch is already off, it will remain off.",Generic/Other
Tx9mdBiE,Weather Underground,Sunset,This Trigger fires within 15 minutes of the sunset in your location.,WeMo Smart Plug,Turn on,"This Action will turn a WeMo Switch on. If the WeMo Switch is already on, it will remain on.",Generic/Other
TzwprWQE,Date & Time,Every year on,This Trigger fires once a year on the date and time you specify.,TP-Link Kasa,Turn on,This action will turn on a device.,Generic/Other
U2LRkaxd,Smart Life,Device or group is turned off,This trigger fires when the specified device/group is turned off.,Smart Life,Turn on,This action will turn on the device/group of your choosing.,Generic/Other
U3XukMFr,Email,Send IFTTT any email,Send IFTTT any email at trigger@applet.ifttt.com and this Trigger fires. You can optionally add a single file attachment and IFTTT will create a public URL to the file as an Ingredient. This trigger will reject emails with attachments over 30MB.,WeMo Smart Plug,Toggle on/off,This Action will toggle a WeMo Switch on or off.,Generic/Other
U4RekapQ,Nest Thermostat,Temperature rises above,This Trigger fires every time the temperature rises above a threshold you specify.,Wink: Pivot Power Genius,Turn outlet off,"This Action will turn off the Pivot Power Genius outlet you specify. If the outlet is already off, it will remain off.",Generic/Other
U4UbBpcM,VeSync Dimmer,Turned on,This trigger fires when the device turns on.,VeSync Dimmer,Change brightness,This action will change the brightness of a Dimmer to a specified level/percentage.,Generic/Other
U5pHDhMv,Location,You enter an area,This Trigger fires every time you enter an area you specify.,TP-Link Kasa,Activate scene,This action will activate a selected Scene from your account.,Generic/Other
U6Xq5Yfc,ecobee,Thermostat indoor temperature is less than,This trigger fires every time your ecobee thermostat senses that the indoor temperature is less than a specific value you supply.,TP-Link Kasa,Turn off,This action will turn off a selected device.,Generic/Other
U7umtqe8,Button widget,Button press,This trigger fires every time you press the button.,Wink: Aros,Turn A/C off,This Action will turn your Aros A/C off.,Generic/Other
UAeGZcXp,Date & Time,Every day of the week at,This Trigger fires only on specific days of the week at the time you provide.,Energenie Mi|Home,Power off group,This Action will turn off a whole group of Mi|Home devices simultaneously.,Generic/Other
UHXKwDe2,Google Calendar,Any event ends,This Trigger fires within 15 minutes of the ending time of an event on your Google Calendar.,Smart Life,Turn on,This action will turn on the device/group of your choosing.,Generic/Other
UJWqtaSA,Weather Underground,Sunset,This Trigger fires within 15 minutes of the sunset in your location.,WeMo Smart Plug,Turn on,"This Action will turn a WeMo Switch on. If the WeMo Switch is already on, it will remain on.",Generic/Other
UKbX9ZAj,Nest Thermostat,Nest set to Home,This Trigger fires every time the home you specify is set to Home.,Wink: Pivot Power Genius,Turn outlet off,"This Action will turn off the Pivot Power Genius outlet you specify. If the outlet is already off, it will remain off.",Generic/Other
UMX2qD6C,Date & Time,Every day at,This Trigger fires every single day at a specific time set by you.,WeMo Smart Plug,Turn off,"This Action will turn a WeMo Switch off. If the WeMo Switch is already off, it will remain off.",Generic/Other
UNnacbTS,Weather Underground,Sunrise,This Trigger fires within 15 minutes of the sunrise in your location.,iRobot,Start robot,This action will start your robot.,Generic/Other
UPrF9qXM,Date & Time,Every day at,This Trigger fires every single day at a specific time set by you.,WeMo Smart Plug,Turn off,"This Action will turn a WeMo Switch off. If the WeMo Switch is already off, it will remain off.",Generic/Other
URg5NeYf,Date & Time,Every day at,This Trigger fires every single day at a specific time set by you.,WeMo Smart Plug,Turn off,"This Action will turn a WeMo Switch off. If the WeMo Switch is already off, it will remain off.",Generic/Other
UUTZ6mQx,Date & Time,Every day of the week at,This Trigger fires only on specific days of the week at the time you provide.,Smappee,Turn off plug,This Action will turn off a plug for the specified duration.,Generic/Other
UVqcfSk4,Android Device,Disconnects from a Bluetooth device,This Trigger fires every time your Android device disconnects from a Bluetooth device.,Smart Life,Turn on,This action will turn on the device/group of your choosing.,Generic/Other
UXEJUGCN,Netatmo Weather Station,Temperature rises above,This Trigger fires every time the temperature rises above a value you specify.,WeMo Smart Plug,Turn on,"This Action will turn a WeMo Switch on. If the WeMo Switch is already on, it will remain on.",Generic/Other
UYCmy5rT,Phone Call (US only),Leave IFTTT any voicemail,This Trigger fires every time you leave any voicemail at your IFTTT phone number.,WeMo Smart Plug,Toggle on/off,This Action will toggle a WeMo Switch on or off.,Generic/Other
UZ73EhQW,Weather Underground,Current condition changes to,"This Trigger monitors changes in the current weather condition. When one of those conditions is met the Trigger fires. Currently only these simple conditions are supported: Rain, Snow, Cloudy, Clear. ",WeMo Smart Plug,Turn on,"This Action will turn a WeMo Switch on. If the WeMo Switch is already on, it will remain on.",Generic/Other
Ua3vR9hj,Flic,Flic is clicked,This Trigger fires every time you click the selected Flic.,Hubitat,Change Mode,This action will change Hubitat's mode.,Generic/Other
UaQznmJ5,Weather Underground,Current temperature drops below,This Trigger monitors your local temperature and fires whenever the temperature drops below the value you provide.,Smart Life,Turn on,This action will turn on the device/group of your choosing.,Generic/Other
UbpRDXyd,Weather Underground,Sunset,This Trigger fires within 15 minutes of the sunset in your location.,WeMo Smart Plug,Turn on,"This Action will turn a WeMo Switch on. If the WeMo Switch is already on, it will remain on.",Generic/Other
Udynh2iv,Amazon Alexa,Say a specific phrase,"This trigger fires every time you say 'Alexa trigger' + the phrase that you have defined. For instance, if you set 'party time' as the phrase, you can say 'Alexa trigger party time' to have your lights loop colors.",WeMo Smart Plug,Turn on,"This Action will turn a WeMo Switch on. If the WeMo Switch is already on, it will remain on.",Generic/Other
Ug2YWati,Date & Time,Every day at,This Trigger fires every single day at a specific time set by you.,WeMo Insight Switch,Turn off,"This Action will turn a WeMo Switch off. If the WeMo Switch is already off, it will remain off.",Generic/Other
UhRsPEUN,Google Assistant,Say a phrase with a text ingredient,This trigger fires when you say “Ok Google” to the Google Assistant followed by a phrase like “Post a tweet saying ‘New high score.’” **Use the $ symbol to specify where you'll say the text ingredient,TP-Link Kasa,Turn on,This action will turn on a device.,Generic/Other
UqRFMzDk,Amazon Alexa,Say a specific phrase,"This trigger fires every time you say 'Alexa trigger' + the phrase that you have defined. For instance, if you set 'party time' as the phrase, you can say 'Alexa trigger party time' to have your lights loop colors.",TP-Link Kasa,Turn off,This action will turn off a selected device.,Generic/Other
UqzRiwT9,Weather Underground,Current condition changes to,"This Trigger monitors changes in the current weather condition. When one of those conditions is met the Trigger fires. Currently only these simple conditions are supported: Rain, Snow, Cloudy, Clear. ",TP-Link Kasa,Turn off,This action will turn off a selected device.,Generic/Other
Ut7rjKHy,Nest Thermostat,Nest set to Away,This Trigger fires every time the home you specify is set to Away.,WeMo Smart Plug,Turn off,"This Action will turn a WeMo Switch off. If the WeMo Switch is already off, it will remain off.",Generic/Other
UvJZKCmE,Wemo Dimmer,Switched off,This trigger fires every time your Dimmer is turned off.,Wemo Dimmer,Turn on,"This action will turn a WeMo Dimmer on. If the WeMo Dimmer is already on, it will remain on.",Generic/Other
Uy9SQ6tK,Email,Send IFTTT an email tagged,Send IFTTT an email at trigger@applet.ifttt.com with a hashtag in the subject (e.g. #IFTTT) and this Trigger fires. You can optionally add a single file attachment and IFTTT will create a public URL to the file as an Ingredient.,WeMo Smart Plug,Turn off,"This Action will turn a WeMo Switch off. If the WeMo Switch is already off, it will remain off.",Generic/Other
V42AYCwX,Google Assistant,Say a simple phrase,"This trigger fires when you say “Ok Google” to the Google Assistant followed by a phrase you choose. For example, say “Ok Google, I’m running late” to text a family member that you’re on your way home.",Nature Remo,Control home appliances,This action will send an infrared signal to control your home appliances.,Generic/Other
V5NB94ry,Google Assistant,Say a simple phrase,"This trigger fires when you say “Ok Google” to the Google Assistant followed by a phrase you choose. For example, say “Ok Google, I’m running late” to text a family member that you’re on your way home.",Smart Life,Activate Scene,This action will activate the specified scene.,Generic/Other
V5WLFAtz,Location,You enter an area,This Trigger fires every time you enter an area you specify.,Smart Life,Activate Scene,This action will activate the specified scene.,Generic/Other
V6Kk9gYW,Weather Underground,Sunset,This Trigger fires within 15 minutes of the sunset in your location.,WeMo Smart Plug,Turn on,"This Action will turn a WeMo Switch on. If the WeMo Switch is already on, it will remain on.",Generic/Other
V8QJtsYu,HAVEN IAQ,PM2.5 threshold is crossed ,This Trigger fires whenever the measured Particulate Matter of 2.5 microns in size (PM2.5) is above or below the threshold.,TP-Link Kasa,Turn on,This action will turn on a device.,Generic/Other
V8r9Axk6,Google Assistant,Say a simple phrase,"This trigger fires when you say “Ok Google” to the Google Assistant followed by a phrase you choose. For example, say “Ok Google, I’m running late” to text a family member that you’re on your way home.",Smart Life,Turn off,This action will turn off the device/group of your choosing.,Generic/Other
VBVcafki,Wyze,Contact Sensor opens,This trigger fires when a Contact Sensor opens.,TP-Link Kasa,Turn on,This action will turn on a device.,Generic/Other
VCN53zG9,Location,You enter an area,This Trigger fires every time you enter an area you specify.,TP-Link Kasa,Activate scene,This action will activate a selected Scene from your account.,Generic/Other
VEeQgqbr,UbiBot,External-DS18B20-Temperature-Probe-1 Rises above or Drops below,This trigger monitors the UbiBot device's external DS18B20 temperature probe 1's readings and fires whenever the temperature rises above or drops below the value you provide (Available for WS1 and WS1-PRO devices).  ,Smart Life,Turn off,This action will turn off the device/group of your choosing.,Generic/Other
VKxNdjLJ,Location,You enter an area,This Trigger fires every time you enter an area you specify.,WeMo Insight Switch,Turn on,"This Action will turn a WeMo Insight Switch on. If the WeMo Insight Switch is already on, it will remain on.",Generic/Other
VMs5CaVT,RSS Feed,New feed item,This Trigger fires every time a new item is added to the feed you specify.,WeMo Smart Plug,Turn on then off,This Action will turn a WeMo Switch on then immediately back off.,Generic/Other
VPc3YqZT,Button widget,Button press,This trigger fires every time you press the button.,Smart Life,Turn off,This action will turn off the device/group of your choosing.,Generic/Other
VQ9Xt3Ew,Date & Time,Every day at,This Trigger fires every single day at a specific time set by you.,Smart Life,Turn on,This action will turn on the device/group of your choosing.,Generic/Other
VSU8jYTX,Google Assistant,Say a simple phrase,"This trigger fires when you say “Ok Google” to the Google Assistant followed by a phrase you choose. For example, say “Ok Google, I’m running late” to text a family member that you’re on your way home.",Smart Life,Turn on,This action will turn on the device/group of your choosing.,Generic/Other
VTnjM8bD,Location,You exit an area,This Trigger fires every time you exit an area you specify.,Wink: Aros,Turn A/C off,This Action will turn your Aros A/C off.,Generic/Other
VVBNW7at,WeMo Smart Plug,Switched off,This Trigger fires every time your WeMo Switch is turned off.,WeMo Smart Plug,Turn off,"This Action will turn a WeMo Switch off. If the WeMo Switch is already off, it will remain off.",Generic/Other
VVNXzeDa,SpotCam,Motion event detected,This Trigger fires every time a motion event is detected.,WeMo Smart Plug,Turn off,"This Action will turn a WeMo Switch off. If the WeMo Switch is already off, it will remain off.",Generic/Other
VXEb6ynP,Amazon Alexa,Say a specific phrase,"This trigger fires every time you say 'Alexa trigger' + the phrase that you have defined. For instance, if you set 'party time' as the phrase, you can say 'Alexa trigger party time' to have your lights loop colors.",iRobot,Start robot,This action will start your robot.,Generic/Other
VYTGFDnA,Google Assistant,Say a simple phrase,"This trigger fires when you say “Ok Google” to the Google Assistant followed by a phrase you choose. For example, say “Ok Google, I’m running late” to text a family member that you’re on your way home.",Smart Life,Turn on,This action will turn on the device/group of your choosing.,Generic/Other
VbJkvSHf,MESH,Event from MESH app received,This Trigger fires every time your IFTTT Tag on MESH app receives an input signal from the other Tag.,WeMo Smart Plug,Turn on,"This Action will turn a WeMo Switch on. If the WeMo Switch is already on, it will remain on.",Generic/Other
VcXZK6U2,Weather Underground,Sunset,This Trigger fires within 15 minutes of the sunset in your location.,WeMo Smart Plug,Turn on,"This Action will turn a WeMo Switch on. If the WeMo Switch is already on, it will remain on.",Generic/Other
VdYBn2FG,Amazon Alexa,Your Alarm goes off,This Trigger fires every time your alarm goes off.,Nature Remo,Execute scene,This action will execute a scene to control multiple appliances at once.,Generic/Other
VkDZi36x,Location,You enter or exit an area,This Trigger fires every time you enter or exit an area you specify.,WeMo Smart Plug,Toggle on/off,This Action will toggle a WeMo Switch on or off.,Generic/Other
VkuJHPYQ,Scout Alarm,Alarm triggered,This Trigger fires when the alarm for a specific mode is triggered.,WeMo Smart Plug,Turn on,"This Action will turn a WeMo Switch on. If the WeMo Switch is already on, it will remain on.",Generic/Other
VnYKhzxN,Nest Thermostat,Nest set to Home,This Trigger fires every time the home you specify is set to Home.,WeMo Smart Plug,Turn off,"This Action will turn a WeMo Switch off. If the WeMo Switch is already off, it will remain off.",Generic/Other
VqFeJdCn,Button widget,Button press,This trigger fires every time you press the button.,WeMo Insight Switch,Turn off then on,This Action will turn a WeMo Switch off then immediately back on.,Generic/Other
VqHFBjVT,Agile Octopus,Energy price change,Use this trigger to fire something when your electricity price falls or rises past your set threshold and between your preferred time settings.,TP-Link Kasa,Turn on,This action will turn on a device.,Generic/Other
VqdiAtHS,WeMo Smart Plug,Switched off,This Trigger fires every time your WeMo Switch is turned off.,WeMo Smart Plug,Turn off then on,This Action will turn a WeMo Switch off then immediately back on.,Generic/Other
VrYguqbj,Date & Time,Every day at,This Trigger fires every single day at a specific time set by you.,WeMo Smart Plug,Turn off,"This Action will turn a WeMo Switch off. If the WeMo Switch is already off, it will remain off.",Generic/Other
VtpdBH9N,Google Assistant,Say a phrase with a text ingredient,This trigger fires when you say “Ok Google” to the Google Assistant followed by a phrase like “Post a tweet saying ‘New high score.’” **Use the $ symbol to specify where you'll say the text ingredient,Smart Life,Turn off,This action will turn off the device/group of your choosing.,Generic/Other
Vu5fcQvT,Weather Underground,Current condition changes to,"This Trigger monitors changes in the current weather condition. When one of those conditions is met the Trigger fires. Currently only these simple conditions are supported: Rain, Snow, Cloudy, Clear. ",WeMo Smart Plug,Turn off,"This Action will turn a WeMo Switch off. If the WeMo Switch is already off, it will remain off.",Generic/Other
VzVSrAC9,Location,You enter an area,This Trigger fires every time you enter an area you specify.,Smappee,Turn on plug,This Action will turn on a plug for the specified duration.,Generic/Other
VziqQ3yG,AL-KO Smart Garden,Smart lawnmower button press once,when the smart button of the lawnmower has pressed once,iRobot,Start robot,This action will start your robot.,Generic/Other
W3MRp4Zt,Litter-Robot by Whisker,Litter Robot Events,This trigger fires when an event is triggered from your litter robot. ie. Clean Cycle Completes,iRobot,Start robot,This action will start your robot.,Generic/Other
W3QxM4GU,Amazon Alexa,Say a specific phrase,"This trigger fires every time you say 'Alexa trigger' + the phrase that you have defined. For instance, if you set 'party time' as the phrase, you can say 'Alexa trigger party time' to have your lights loop colors.",WeMo Smart Plug,Turn on,"This Action will turn a WeMo Switch on. If the WeMo Switch is already on, it will remain on.",Generic/Other
W3bHQTnM,Ring,New Motion Detected,This Trigger fires every time a motion is detected at the given doorbell.,WeMo Smart Plug,Turn off then on,This Action will turn a WeMo Switch off then immediately back on.,Generic/Other
W4YWK23V,Button widget,Button press,This trigger fires every time you press the button.,Smart Life,Turn on,This action will turn on the device/group of your choosing.,Generic/Other
W5ztXJm3,Amazon Alexa,Say a specific phrase,"This trigger fires every time you say 'Alexa trigger' + the phrase that you have defined. For instance, if you set 'party time' as the phrase, you can say 'Alexa trigger party time' to have your lights loop colors.",Brilliant Smart,Turn on,This action will turn on the device/group of your choosing.,Generic/Other
W6xSiPNt,Weather Underground,Current temperature rises above,This Trigger monitors your local temperature and fires whenever the temperature rises above the value you provide.,WeMo Insight Switch,Turn on,"This Action will turn a WeMo Insight Switch on. If the WeMo Insight Switch is already on, it will remain on.",Generic/Other
W7Gymbjn,ecobee,Thermostat indoor temperature is less than,This trigger fires every time your ecobee thermostat senses that the indoor temperature is less than a specific value you supply.,WeMo Smart Plug,Turn off,"This Action will turn a WeMo Switch off. If the WeMo Switch is already off, it will remain off.",Generic/Other
W96UEHu8,Button widget,Button press,This trigger fires every time you press the button.,Heatzy,Activate the child lock,This action will lock a specific device,Generic/Other
W9sCuR2Y,Wireless Tag,Temperature is too low,This Trigger fires when a specified tag senses that its ambient temperature falls below an lower threshold configured at temperature options screen inside the WirelessTag app.,WeMo Insight Switch,Turn on,"This Action will turn a WeMo Insight Switch on. If the WeMo Insight Switch is already on, it will remain on.",Generic/Other
WBAicDp2,Google Calendar,Event from search starts,"This Trigger fires a set number of minutes before the starting time of an event on your Calendar that contains a specific keyword or phrase in the event’s Title, Description, or Location. Ingredient will be based on the zone set in Google.",WeMo Smart Plug,Turn on,"This Action will turn a WeMo Switch on. If the WeMo Switch is already on, it will remain on.",Generic/Other
WBusGnxM,Date & Time,Every day at,This Trigger fires every single day at a specific time set by you.,WeMo Insight Switch,Turn on,"This Action will turn a WeMo Insight Switch on. If the WeMo Insight Switch is already on, it will remain on.",Generic/Other
WCFPh8GN,Weather Underground,Current condition changes to,"This Trigger monitors changes in the current weather condition. When one of those conditions is met the Trigger fires. Currently only these simple conditions are supported: Rain, Snow, Cloudy, Clear. ",WeMo Insight Switch,Turn on,"This Action will turn a WeMo Insight Switch on. If the WeMo Insight Switch is already on, it will remain on.",Generic/Other
WDAUeR7X,Date & Time,Every day of the week at,This Trigger fires only on specific days of the week at the time you provide.,Smappee,Turn on plug,This Action will turn on a plug for the specified duration.,Generic/Other
WDPL6dWK,Location,You exit an area,This Trigger fires every time you exit an area you specify.,iRobot,Start robot,This action will start your robot.,Generic/Other
WJNP8kru,Fort Collins Utilities Time of Day Pricing,Time of Day Peak Rates START/END,This trigger fires when time-of-day peak rates start or end.,WeMo Smart Plug,Turn off,"This Action will turn a WeMo Switch off. If the WeMo Switch is already off, it will remain off.",Generic/Other
WTJuxmSF,Facebook,You are tagged in a photo,This Trigger fires every time you are tagged you in a new photo. NOTE: Facebook privacy settings may block IFTTT’s access to some photos you are tagged in.,WeMo Smart Plug,Turn off then on,This Action will turn a WeMo Switch off then immediately back on.,Generic/Other
WYiuZq3F,WeMo Smart Plug,Switched on,This Trigger fires every time your WeMo Switch is turned on.,WeMo Smart Plug,Turn on then off,This Action will turn a WeMo Switch on then immediately back off.,Generic/Other
WYtEWe9Z,Smart Life,Door sensor is open,This trigger fires when the door sensor is open.,Smart Life,Turn on,This action will turn on the device/group of your choosing.,Generic/Other
WZUhHQ8a,Email,Send IFTTT any email,Send IFTTT any email at trigger@applet.ifttt.com and this Trigger fires. You can optionally add a single file attachment and IFTTT will create a public URL to the file as an Ingredient. ,WeMo Smart Plug,Toggle on/off,This Action will toggle a WeMo Switch on or off.,Generic/Other
WfSdrx8N,Button widget,Button press,This trigger fires every time you press the button.,Heatzy,Set eco mode,This action will set a specific device on eco mode,Generic/Other
Wfg7eGpM,Date & Time,Every day at,This Trigger fires every single day at a specific time set by you.,WeMo Smart Plug,Turn on,"This Action will turn a WeMo Switch on. If the WeMo Switch is already on, it will remain on.",Generic/Other
WirdNYwJ,Android Device,Connects to a specific WiFi network,This Trigger fires every time your Android device connects to a WiFi network you specify.,Smart Life,Turn on,This action will turn on the device/group of your choosing.,Generic/Other
WnD3eJHB,Email,Send IFTTT an email tagged,Send IFTTT an email at trigger@applet.ifttt.com with a hashtag in the subject (e.g. #IFTTT) and this Trigger fires. You can optionally add a single file attachment and IFTTT will create a public URL to the file as an Ingredient.,WeMo Smart Plug,Turn on,"This Action will turn a WeMo Switch on. If the WeMo Switch is already on, it will remain on.",Generic/Other
WqZLFt9B,Scout Alarm,Mode disarmed,This Trigger fires when a mode is disarmed.,Hubitat,Change Mode,This action will change Hubitat's mode.,Generic/Other
WqzUheS3,Location,You enter an area,This Trigger fires every time you enter an area you specify.,WeMo Smart Plug,Turn on,"This Action will turn a WeMo Switch on. If the WeMo Switch is already on, it will remain on.",Generic/Other
WvPmthMy,Nest Thermostat,Nest set to Home,This Trigger fires every time the home you specify is set to Home.,Wink: Pivot Power Genius,Turn outlet on,"This Action will turn on the Pivot Power Genius outlet you specify. If the outlet is already on, it will remain on.",Generic/Other
Wx5ZsTji,Date & Time,Every day of the week at,This Trigger fires only on specific days of the week at the time you provide.,WeMo Smart Plug,Turn off,"This Action will turn a WeMo Switch off. If the WeMo Switch is already off, it will remain off.",Generic/Other
WzNpyZux,Android Phone Call,Any incoming phone call missed,This Trigger fires every time you miss a phone call on your Android device.,WeMo Smart Plug,Toggle on/off,This Action will toggle a WeMo Switch on or off.,Generic/Other
X3repwiJ,WeMo Smart Plug,Switched off,This Trigger fires every time your WeMo Switch is turned off.,WeMo Smart Plug,Turn on,"This Action will turn a WeMo Switch on. If the WeMo Switch is already on, it will remain on.",Generic/Other
X68k2apw,SmartThings,Presence detected,This Trigger fires every time your SmartThings device's presence is detected.,SwitchBot,Bot turn on ,This action will trigger the specified Bot to turn on the switch.,Generic/Other
X8N43Xw2,Weather Underground,Sunset,This Trigger fires within 15 minutes of the sunset in your location.,WeMo Smart Plug,Turn off,"This Action will turn a WeMo Switch off. If the WeMo Switch is already off, it will remain off.",Generic/Other
X9QBzZch,Energenie Mi|Home,Device powered on,This Trigger fires every time one of your Mi|Home devices is powered on.,Energenie Mi|Home,Power on device,This Action will turn on one of your Mi|Home devices.,Generic/Other
XEuY3G2P,Location,You enter an area,This Trigger fires every time you enter an area you specify.,TP-Link Kasa,Activate scene,This action will activate a selected Scene from your account.,Generic/Other
XLJgziqX,Blink,Motion detected,This Trigger fires when your Blink camera detects motion.,Hubitat,Turn on a device,This Action will turn on a device attached to your Hubitat Elevation system.,Generic/Other
XLuHZj7t,Weather Underground,Current temperature rises above,This Trigger monitors your local temperature and fires whenever the temperature rises above the value you provide.,Smart Life,Turn on,This action will turn on the device/group of your choosing.,Generic/Other
XMsgdLBS,Date & Time,Every day at,This Trigger fires every single day at a specific time set by you.,WeMo Smart Plug,Turn off,"This Action will turn a WeMo Switch off. If the WeMo Switch is already off, it will remain off.",Generic/Other
XULgsXKT,Weather Underground,Sunrise,This Trigger fires within 15 minutes of the sunrise in your location.,WeMo Insight Switch,Turn on,"This Action will turn a WeMo Insight Switch on. If the WeMo Insight Switch is already on, it will remain on.",Generic/Other
XVWGu85E,Smart Life,Door sensor is open,This trigger fires when the door sensor is open.,Smart Life,Turn on,This action will turn on the device/group of your choosing.,Generic/Other
XWRgJAUL,ecobee,Thermostat indoor temperature is greater than,This trigger fires every time your ecobee thermostat senses that the indoor temperature is greater than a specific value you supply.,Lutron Caséta and RA2 Select,Set light level,This Action will set a Lutron dimmer or switch to the level you specify.,Generic/Other
XXY4kF9i,WeMo Light Switch,Switched off,This Trigger fires every time your WeMo Light Switch is turned off.,WeMo Smart Plug,Turn off,"This Action will turn a WeMo Switch off. If the WeMo Switch is already off, it will remain off.",Generic/Other
XXv7ZBPw,Knocki,Gesture with task matching ID occurs,This trigger fires if you tap a gesture with a custom IFTTT task matching the ID of this trigger.,TP-Link Kasa,Turn on,This action will turn on a device.,Generic/Other
XbNLwyDs,Weather Underground,Sunrise,This Trigger fires within 15 minutes of the sunrise in your location.,WeMo Insight Switch,Turn off,"This Action will turn a WeMo Switch off. If the WeMo Switch is already off, it will remain off.",Generic/Other
XbeLc3fW,Google Assistant,Say a simple phrase,"This trigger fires when you say “Ok Google” to the Google Assistant followed by a phrase you choose. For example, say “Ok Google, I’m running late” to text a family member that you’re on your way home.",Smart Life,Turn on,This action will turn on the device/group of your choosing.,Generic/Other
XdeMxHPb,Weather Underground,Sunset,This Trigger fires within 15 minutes of the sunset in your location.,WeMo Smart Plug,Turn on,"This Action will turn a WeMo Switch on. If the WeMo Switch is already on, it will remain on.",Generic/Other
XdvrFsS2,WeMo Light Switch,Switched off,This Trigger fires every time your WeMo Light Switch is turned off.,WeMo Smart Plug,Turn off,"This Action will turn a WeMo Switch off. If the WeMo Switch is already off, it will remain off.",Generic/Other
Xe4rV7HT,Energenie Mi|Home,Motion detected,This Trigger fires whenever a motion sensor detects movement nearby.,Energenie Mi|Home,Power on device,This Action will turn on one of your Mi|Home devices.,Generic/Other
XemMnRkq,Google Assistant,Say a simple phrase,"This trigger fires when you say “Ok Google” to the Google Assistant followed by a phrase you choose. For example, say “Ok Google, I’m running late” to text a family member that you’re on your way home.",Smart Life,Turn on,This action will turn on the device/group of your choosing.,Generic/Other
XmJMxPk5,Weather Underground,Sunrise,This Trigger fires within 15 minutes of the sunrise in your location.,WeMo Smart Plug,Turn off,"This Action will turn a WeMo Switch off. If the WeMo Switch is already off, it will remain off.",Generic/Other
XmkW3GpJ,Date & Time,Every hour at,"This Trigger fires once an hour at :00, :15, :30, or :45 minutes past the hour.",WeMo Smart Plug,Toggle on/off,This Action will toggle a WeMo Switch on or off.,Generic/Other
XsLG8Xju,Button widget,Button press,This trigger fires every time you press the button.,iRobot,Start robot,This action will start your robot.,Generic/Other
Xu2Sn7bM,Wireless Tag,Humidity or moisture returns to normal,"This Trigger fires when a specified tag with humidity or moisture monitoring enabled, returns within normal humidity range. Adjust the upper/lower thresholds from the humidity/moisture options screen inside the WirelessTag app.",WeMo Smart Plug,Turn off,"This Action will turn a WeMo Switch off. If the WeMo Switch is already off, it will remain off.",Generic/Other
XvcLfESR,Weather Underground,Current humidity level rises above,This Trigger monitors your local humidity and fires every time the humidity rises above the value you specify.,WeMo Smart Plug,Turn off,"This Action will turn a WeMo Switch off. If the WeMo Switch is already off, it will remain off.",Generic/Other
XwK3ksgu,SpotCam,Audio event detected,This Trigger fires every time an audio event is detected.,WeMo Smart Plug,Turn on,"This Action will turn a WeMo Switch on. If the WeMo Switch is already on, it will remain on.",Generic/Other
XxXB5Tnd,Location,You enter an area,This Trigger fires every time you enter an area you specify.,Heatzy,Turn on,This action will turn on a specific device,Generic/Other
XxhjYcAE,Twitter,New tweet by you with hashtag,This Trigger fires every time you post a new tweet with a specific hashtag.,Wink: Aros,Turn A/C off,This Action will turn your Aros A/C off.,Generic/Other
Y3ZkjvYJ,Blue by ADT,A device or network issue,"This trigger fires when an issue occurs, such as Low Battery, Device Offline, etc.",iRobot,Start robot,This action will start your robot.,Generic/Other
Y3seQEYj,Weather Underground,Sunset,This Trigger fires within 15 minutes of the sunset in your location.,WeMo Insight Switch,Turn on,"This Action will turn a WeMo Insight Switch on. If the WeMo Insight Switch is already on, it will remain on.",Generic/Other
Y4QydwXa,Location,You exit an area,This Trigger fires every time you exit an area you specify.,iRobot,Start robot,This action will start your robot.,Generic/Other
Y4zQK29i,Google Assistant,Say a simple phrase,"This trigger fires when you say “Ok Google” to the Google Assistant followed by a phrase you choose. For example, say “Ok Google, I’m running late” to text a family member that you’re on your way home.",WeMo Smart Plug,Turn on,"This Action will turn a WeMo Switch on. If the WeMo Switch is already on, it will remain on.",Generic/Other
Y5FYNPWC,Date & Time,Every day at,This Trigger fires every single day at a specific time set by you.,WeMo Smart Plug,Turn on,"This Action will turn a WeMo Switch on. If the WeMo Switch is already on, it will remain on.",Generic/Other
Y67JLAe8,Email,Send IFTTT any email,Send IFTTT any email at trigger@applet.ifttt.com and this Trigger fires. You can optionally add a single file attachment and IFTTT will create a public URL to the file as an Ingredient. This trigger will reject emails with attachments over 30MB.,WeMo Smart Plug,Toggle on/off,This Action will toggle a WeMo Switch on or off.,Generic/Other
Y7Te9khz,Button widget,Button press,This trigger fires every time you press the button.,GE Appliances GeoSpring™,Set operating mode,This Action will set the operating mode of your GE water heater.,Generic/Other
Y9gG5dTW,HAVEN IAQ,PM2.5 threshold is crossed ,This Trigger fires whenever the measured Particulate Matter of 2.5 microns in size (PM2.5) is above or below the threshold.,TP-Link Kasa,Turn off,This action will turn off a selected device.,Generic/Other
Y9s2qdXM,Weather Underground,Current temperature drops below,This Trigger monitors your local temperature and fires whenever the temperature drops below the value you provide.,Heatzy,Set auto mode,This action will set a specific device on auto mode,Generic/Other
YEg89smU,Weather Underground,Current temperature rises above,This Trigger monitors your local temperature and fires whenever the temperature rises above the value you provide.,WeMo Smart Plug,Turn on,"This Action will turn a WeMo Switch on. If the WeMo Switch is already on, it will remain on.",Generic/Other
YFhCKLDN,Date & Time,Every hour at,"This Trigger fires once an hour at :00, :15, :30, or :45 minutes past the hour.",WeMo Smart Plug,Toggle on/off,This Action will toggle a WeMo Switch on or off.,Generic/Other
YFwbEPrW,Netatmo Weather Station,Temperature drops below,This Trigger fires every time the temperature drops below a value you specify.,Sensibo,Turn A/C off,Turn your A/C off,Generic/Other
YJuLrsaS,Weather Underground,Current temperature rises above,This Trigger monitors your local temperature and fires whenever the temperature rises above the value you provide.,ThermoSmart,Pause,This Action will pause your ThermoSmart.,Generic/Other
YKLAPeqX,ecobee,Thermostat enters Smart Home/Away,This trigger fires every time your ecobee thermostat and Room Sensors change to Smart Home or Smart Away comfort profiles.,WeMo Smart Plug,Turn on,"This Action will turn a WeMo Switch on. If the WeMo Switch is already on, it will remain on.",Generic/Other
YMsGzWHd,Date & Time,Every day at,This Trigger fires every single day at a specific time set by you.,WeMo Smart Plug,Turn on,"This Action will turn a WeMo Switch on. If the WeMo Switch is already on, it will remain on.",Generic/Other
YPMyaTi2,Location,You exit an area,This Trigger fires every time you exit an area you specify.,Smart Life,Turn off,This action will turn off the device/group of your choosing.,Generic/Other
YQwcnDrp,Weather Underground,Current condition changes to,"This Trigger monitors changes in the current weather condition. When one of those conditions is met the Trigger fires. Currently only these simple conditions are supported: Rain, Snow, Cloudy, Clear. ",WeMo Insight Switch,Turn on,"This Action will turn a WeMo Insight Switch on. If the WeMo Insight Switch is already on, it will remain on.",Generic/Other
YS5vAnpd,Airthings,Radon level above threshold,This trigger fires when the radon level for a device rises above the provided threshold.,WeMo Smart Plug,Turn on,"This Action will turn a WeMo Switch on. If the WeMo Switch is already on, it will remain on.",Generic/Other
YT4sQVw6,Location,You enter an area,This Trigger fires every time you enter an area you specify.,TP-Link Kasa,Activate scene,This action will activate a selected Scene from your account.,Generic/Other
YVTCYmht,Netatmo Weather Station,Carbon dioxide rises above,This Trigger fires every time the carbon dioxide rises above a value you specify.,WeMo Smart Plug,Turn on,"This Action will turn a WeMo Switch on. If the WeMo Switch is already on, it will remain on.",Generic/Other
YYmA8T3p,Date & Time,Every day of the week at,This Trigger fires only on specific days of the week at the time you provide.,WeMo Smart Plug,Turn off,"This Action will turn a WeMo Switch off. If the WeMo Switch is already off, it will remain off.",Generic/Other
YZ5FzRw9,Amazon Alexa,Say a specific phrase,"This trigger fires every time you say 'Alexa trigger' + the phrase that you have defined. For instance, if you set 'party time' as the phrase, you can say 'Alexa trigger party time' to have your lights loop colors.",Wink: Pivot Power Genius,Toggle on/off,This Action will toggle the Pivot Power Genius outlet you specific on or off.,Generic/Other
YeJKgU8T,Space,ISS passes over a specific location,This Trigger fires every time the International Space Station passes over a location you specify. NOTE: the ISS completes 15.5 orbits per day.,Smart Life,Turn off,This action will turn off the device/group of your choosing.,Generic/Other
Yi3FmRgA,Location,You exit an area,This Trigger fires every time you exit an area you specify.,iRobot,Start robot,This action will start your robot.,Generic/Other
YiAdxkzC,Location,You enter an area,This Trigger fires every time you enter an area you specify.,WeMo Smart Plug,Turn on,"This Action will turn a WeMo Switch on. If the WeMo Switch is already on, it will remain on.",Generic/Other
YiMrKF3d,Weather Underground,Tomorrow's forecast calls for,This Trigger monitors changes in tomorrow’s forecasted weather condition.,WeMo Smart Plug,Turn on then off,This Action will turn a WeMo Switch on then immediately back off.,Generic/Other
YjkDicr7,Weather Underground,Sunrise,This Trigger fires within 15 minutes of the sunrise in your location.,Energenie Mi|Home,Power off group,This Action will turn off a whole group of Mi|Home devices simultaneously.,Generic/Other
YkEvYfna,Foobot,Pollution is high,This Trigger fires when global air pollution is higher than 50.,WeMo Smart Plug,Turn on,"This Action will turn a WeMo Switch on. If the WeMo Switch is already on, it will remain on.",Generic/Other
YkdjN8R9,Smart Life,Device or group is turned on,This trigger fires when the specified device/group is turned on.,Smart Life,Turn off,This action will turn off the device/group of your choosing.,Generic/Other
YmKEi7x6,Flic,Flic is clicked,This Trigger fires every time you click the selected Flic.,TP-Link Kasa,Toggle,This action will toggle a device.,Generic/Other
YqUFZkCy,Weather Underground,Sunset,This Trigger fires within 15 minutes of the sunset in your location.,WeMo Smart Plug,Turn on,"This Action will turn a WeMo Switch on. If the WeMo Switch is already on, it will remain on.",Generic/Other
YrXy79qQ,Button widget,Button press,This trigger fires every time you press the button.,ThermoSmart,Unpause,"This Action will unpause your ThermoSmart, i.e. set it to either a scheduled program or an exception if there is one for the current time.",Generic/Other
YvKESMq8,Google Assistant,Say a simple phrase,"This trigger fires when you say “Ok Google” to the Google Assistant followed by a phrase you choose. For example, say “Ok Google, I’m running late” to text a family member that you’re on your way home.",Nature Remo,Control home appliances,This action will send an infrared signal to control your home appliances.,Generic/Other
Z27kBbnq,Weather Underground,Sunset,This Trigger fires within 15 minutes of the sunset in your location.,WeMo Smart Plug,Turn on,"This Action will turn a WeMo Switch on. If the WeMo Switch is already on, it will remain on.",Generic/Other
Z2VrMXcD,Date & Time,Every day at,This Trigger fires every single day at a specific time set by you.,WeMo Smart Plug,Turn on,"This Action will turn a WeMo Switch on. If the WeMo Switch is already on, it will remain on.",Generic/Other
Z6ti8SuA,Email,Send IFTTT any email,Send IFTTT any email at trigger@applet.ifttt.com and this Trigger fires. You can optionally add a single file attachment and IFTTT will create a public URL to the file as an Ingredient. ,WeMo Smart Plug,Turn on,"This Action will turn a WeMo Switch on. If the WeMo Switch is already on, it will remain on.",Generic/Other
ZGv4eRFS,Weather Underground,Sunset,This Trigger fires within 15 minutes of the sunset in your location.,WeMo Insight Switch,Turn on,"This Action will turn a WeMo Insight Switch on. If the WeMo Insight Switch is already on, it will remain on.",Generic/Other
ZHJSsjMx,Google Assistant,Say a simple phrase,"This trigger fires when you say “Ok Google” to the Google Assistant followed by a phrase you choose. For example, say “Ok Google, I’m running late” to text a family member that you’re on your way home.",Nature Remo,Control home appliances,This action will send an infrared signal to control your home appliances.,Generic/Other
ZHfwRKLE,YouTube,New channel membership,This trigger fires when there is a new membership for your channel.,SwitchBot,Bot press,This action will trigger the specified Bot to press the switch.,Generic/Other
ZKSAmxeD,Knocki,Gesture with task matching ID occurs,This trigger fires if you tap a gesture with a custom IFTTT task matching the ID of this trigger.,WeMo Smart Plug,Turn on,"This Action will turn a WeMo Switch on. If the WeMo Switch is already on, it will remain on.",Generic/Other
ZLm38sWY,Location,You enter an area,This Trigger fires every time you enter an area you specify.,WeMo Smart Plug,Turn on,"This Action will turn a WeMo Switch on. If the WeMo Switch is already on, it will remain on.",Generic/Other
ZMdUGm5L,SwitchBot,Temperature or humidity changes,"Whenever a preset temperature and/or humidity change detected, SwitchBot Thermometer & Hygrometer (the Meter) will try to trigger the service. E.g. if the temperature is too high, turn on AC with the SwitchBot Hub Plus (the Hub Plus).",Smart Life,Turn off,This action will turn off the device/group of your choosing.,Generic/Other
ZWP7wRph,Date & Time,Every day at,This Trigger fires every single day at a specific time set by you.,Wink: Aros,Turn A/C off,This Action will turn your Aros A/C off.,Generic/Other
ZZrLdVyA,Date & Time,Every day of the week at,This Trigger fires only on specific days of the week at the time you provide.,iRobot,Start robot,This action will start your robot.,Generic/Other
ZaE3Ne96,Google Assistant,Say a phrase with a text ingredient,This trigger fires when you say “Ok Google” to the Google Assistant followed by a phrase like “Post a tweet saying ‘New high score.’” **Use the $ symbol to specify where you'll say the text ingredient,Smart Life,Turn on,This action will turn on the device/group of your choosing.,Generic/Other
ZbKthuc7,SmartThings,Opened,This Trigger fires every time your SmartThings device is opened.,Smart Life,Turn on,This action will turn on the device/group of your choosing.,Generic/Other
Zc3nkJgv,Android Device,Connects to a specific WiFi network,This Trigger fires every time your Android device connects to a WiFi network you specify.,TP-Link Kasa,Turn on,This action will turn on a device.,Generic/Other
ZfhiTt9r,Google Assistant,Say a simple phrase,"This trigger fires when you say “Ok Google” to the Google Assistant followed by a phrase you choose. For example, say “Ok Google, I’m running late” to text a family member that you’re on your way home.",WeMo Smart Plug,Turn on,"This Action will turn a WeMo Switch on. If the WeMo Switch is already on, it will remain on.",Generic/Other
Zfjm3YRV,Amazon Alexa,Say a specific phrase,"This trigger fires every time you say 'Alexa trigger' + the phrase that you have defined. For instance, if you set 'party time' as the phrase, you can say 'Alexa trigger party time' to have your lights loop colors.",TP-Link Kasa,Turn on,This action will turn on a device.,Generic/Other
ZgNUcKEz,YouTube,New Super Chat message,This trigger fires when there is a new Super Chat message in a live chat during a live stream on your channel.,WeMo Insight Switch,Turn on,"This Action will turn a WeMo Insight Switch on. If the WeMo Insight Switch is already on, it will remain on.",Generic/Other
Zr6ARwJ5,Amazon Alexa,Say a specific phrase,"This trigger fires every time you say 'Alexa trigger' + the phrase that you have defined. For instance, if you set 'party time' as the phrase, you can say 'Alexa trigger party time' to have your lights loop colors.",Wemo Dimmer,Turn off,"This action will turn a WeMo Dimmer off. If the WeMo Dimmer is already off, it will remain off.",Generic/Other
Zt8MPw9Q,Button widget,Button press,This trigger fires every time you press the button.,ThermoSmart,Unpause,"This Action will unpause your ThermoSmart, i.e. set it to either a scheduled program or an exception if there is one for the current time.",Generic/Other
ZvHdrTZg,Google Assistant,Say a simple phrase,"This trigger fires when you say “Ok Google” to the Google Assistant followed by a phrase you choose. For example, say “Ok Google, I’m running late” to text a family member that you’re on your way home.",Smart Life,Turn off,This action will turn off the device/group of your choosing.,Generic/Other
Zxb2n9d6,MyQ,Door opened,This trigger fires when a door is opened.,TP-Link Kasa,Turn on,This action will turn on a device.,Generic/Other
ZxhzWgsS,Smappee,Power rises above,This Trigger fires every time the power rises above the specified value in watts.,WeMo Smart Plug,Turn off,"This Action will turn a WeMo Switch off. If the WeMo Switch is already off, it will remain off.",Generic/Other
ZzxksNBT,Somfy Protect,Alarm initiated,"This Trigger fires every time your Myfox security system receives an alarm (detection, intrusion, silent alert, ...).",WeMo Smart Plug,Turn on,"This Action will turn a WeMo Switch on. If the WeMo Switch is already on, it will remain on.",Generic/Other
a57zU3qe,Amazon Alexa,Say a specific phrase,"This trigger fires every time you say 'Alexa trigger' + the phrase that you have defined. For instance, if you set 'party time' as the phrase, you can say 'Alexa trigger party time' to have your lights loop colors.",Smart Life,Turn off,This action will turn off the device/group of your choosing.,Generic/Other
a5qYyjTL,WeMo Insight Switch,Daily minutes on is longer than,This Trigger fires when the device attached to your WeMo Insight Switch is turned on longer than the minutes you specify.,WeMo Insight Switch,Turn off,"This Action will turn a WeMo Switch off. If the WeMo Switch is already off, it will remain off.",Generic/Other
a6Au4zkK,Location,You enter an area,This Trigger fires every time you enter an area you specify.,ThermoSmart,Unpause,"This Action will unpause your ThermoSmart, i.e. set it to either a scheduled program or an exception if there is one for the current time.",Generic/Other
a6Wcvi4m,Litter-Robot by Whisker,Litter Robot Events,This trigger fires when an event is triggered from your litter robot. ie. Clean Cycle Completes,iRobot,Start robot,This action will start your robot.,Generic/Other
a7wXMr6Z,Google Assistant,Say a simple phrase,"This trigger fires when you say “Ok Google” to the Google Assistant followed by a phrase you choose. For example, say “Ok Google, I’m running late” to text a family member that you’re on your way home.",Lutron Caséta and RA2 Select,Set light level,This Action will set a Lutron dimmer or switch to the level you specify.,Generic/Other
aACMV5Kd,Google Assistant,Say a simple phrase,"This trigger fires when you say “Ok Google” to the Google Assistant followed by a phrase you choose. For example, say “Ok Google, I’m running late” to text a family member that you’re on your way home.",iRobot,Start robot,This action will start your robot.,Generic/Other
aBAFumnJ,Weather Underground,Current condition changes to,"This Trigger monitors changes in the current weather condition. When one of those conditions is met the Trigger fires. Currently only these simple conditions are supported: Rain, Snow, Cloudy, Clear. ",WeMo Smart Plug,Turn off,"This Action will turn a WeMo Switch off. If the WeMo Switch is already off, it will remain off.",Generic/Other
aCQE7SjZ,Date & Time,Every day of the week at,This Trigger fires only on specific days of the week at the time you provide.,Smappee,Turn on plug,This Action will turn on a plug for the specified duration.,Generic/Other
aHE3xBNb,Wink: Spotter,Temperature drops below,This Trigger fires every time the temperature measured by your Spotter drops below the value you specify.,Wink: Pivot Power Genius,Turn outlet off,"This Action will turn off the Pivot Power Genius outlet you specify. If the outlet is already off, it will remain off.",Generic/Other
aJ46cZe3,WeMo Insight Switch,Daily minutes on is longer than,This Trigger fires when the device attached to your WeMo Insight Switch is turned on longer than the minutes you specify.,WeMo Insight Switch,Turn off,"This Action will turn a WeMo Switch off. If the WeMo Switch is already off, it will remain off.",Generic/Other
aJ9dTi43,tadoº Heating,tado⁠° switches to Away Mode,This trigger fires when tado⁠° switches to Away Mode.,Energenie Mi|Home,Power off device,This Action will turn off one of your Mi|Home devices.,Generic/Other
aKxPM4Xv,Weather Underground,Current condition changes to,"This Trigger monitors changes in the current weather condition. When one of those conditions is met the Trigger fires. Currently only these simple conditions are supported: Rain, Snow, Cloudy, Clear. ",WeMo Smart Plug,Turn off then on,This Action will turn a WeMo Switch off then immediately back on.,Generic/Other
aLXwYabj,Weather Underground,Sunset,This Trigger fires within 15 minutes of the sunset in your location.,Energenie Mi|Home,Power on device,This Action will turn on one of your Mi|Home devices.,Generic/Other
aNtxmvT9,Weather Underground,Sunset,This Trigger fires within 15 minutes of the sunset in your location.,WeMo Smart Plug,Turn on,"This Action will turn a WeMo Switch on. If the WeMo Switch is already on, it will remain on.",Generic/Other
aP6AfwSG,Email,Send IFTTT any email,Send IFTTT any email at trigger@applet.ifttt.com and this Trigger fires. You can optionally add a single file attachment and IFTTT will create a public URL to the file as an Ingredient. ,WeMo Smart Plug,Toggle on/off,This Action will toggle a WeMo Switch on or off.,Generic/Other
aPSZfjwm,Knocki,Gesture with task matching ID occurs,This trigger fires if you tap a gesture with a custom IFTTT task matching the ID of this trigger.,TP-Link Kasa,Turn off,This action will turn off a selected device.,Generic/Other
aPWdLNrm,Fitbit,Daily goal not achieved by __:__,This Trigger fires every time you do not achieve a daily goal you choose at the time you specify. NOTE: Updated on the first Fitbit tracker sync after the time you specify.,Wink: Aros,Turn A/C off,This Action will turn your Aros A/C off.,Generic/Other
aRSpyaEN,Heatzy,Device is set to heat mode ,This trigger fires when the specified device is set to heat mode,Heatzy,Set eco mode,This action will set a specific device on eco mode,Generic/Other
aSQx6wd5,Location,You enter an area,This Trigger fires every time you enter an area you specify.,TP-Link Kasa,Turn on,This action will turn on a device.,Generic/Other
aT74wFXR,WeMo Light Switch,Switched on,This Trigger fires every time your WeMo Light Switch is turned on.,WeMo Insight Switch,Turn on,"This Action will turn a WeMo Insight Switch on. If the WeMo Insight Switch is already on, it will remain on.",Generic/Other
aTDeimyu,Location,You enter an area,This Trigger fires every time you enter an area you specify.,TP-Link Kasa,Turn on,This action will turn on a device.,Generic/Other
adDEJG9g,Weather Underground,Current temperature rises above,This Trigger monitors your local temperature and fires whenever the temperature rises above the value you provide.,TP-Link Kasa,Turn off,This action will turn off a selected device.,Generic/Other
aizvhMwy,Weather Underground,Sunset,This Trigger fires within 15 minutes of the sunset in your location.,TP-Link Kasa,Turn on,This action will turn on a device.,Generic/Other
ajFgtmwV,UbiBot,Humidity Rises above or Drops below ,This trigger monitors the UbiBot device's built-in humidity sensor readings and fires whenever the humidity rises above or drops below the value you provide. ,WeMo Smart Plug,Turn on,"This Action will turn a WeMo Switch on. If the WeMo Switch is already on, it will remain on.",Generic/Other
akhg2tAz,Wyze,Motion Sensor becomes clear,This trigger fires when a Motion Sensor becomes clear.,TP-Link Kasa,Turn off,This action will turn off a selected device.,Generic/Other
amtjRqC5,SpotCam,Audio event detected,This Trigger fires every time an audio event is detected.,WeMo Insight Switch,Turn on,"This Action will turn a WeMo Insight Switch on. If the WeMo Insight Switch is already on, it will remain on.",Generic/Other
ar2Lnq9b,WeMo Smart Plug,Switched off,This Trigger fires every time your WeMo Switch is turned off.,Wemo Dimmer,Change brightness,This action will change brightness of a Dimmer to a specified level/percentage.,Generic/Other
astigkN2,Flic,Flic is clicked,This Trigger fires every time you click the selected Flic.,Brilliant Smart,Activate Scene,This action will activate the specified scene.,Generic/Other
auMpzD6J,Location,You exit an area,This Trigger fires every time you exit an area you specify.,WeMo Insight Switch,Turn off,"This Action will turn a WeMo Switch off. If the WeMo Switch is already off, it will remain off.",Generic/Other
b2HSEaA8,Location,You enter an area,This Trigger fires every time you enter an area you specify.,Optoma,Turn on/off my projector,This action will turn on/off my projector.,Generic/Other
b7dgRuia,Location,You enter or exit an area,This Trigger fires every time you enter or exit an area you specify.,WeMo Smart Plug,Toggle on/off,This Action will toggle a WeMo Switch on or off.,Generic/Other
b7pk35mA,Nest Thermostat,Temperature drops below,This Trigger fires every time the temperature drops below a threshold you specify.,Smart Life,Activate Scene,This action will activate the specified scene.,Generic/Other
b82RbaQ4,Litter-Robot by Whisker,Litter Robot Events,This trigger fires when an event is triggered from your litter robot. ie. Clean Cycle Completes,iRobot,Start robot,This action will start your robot.,Generic/Other
b89YwbWi,Button widget,Button press,This trigger fires every time you press the button.,Hubitat,Dim a device,This action will change a device's dimmer level.,Generic/Other
b9BsxG4i,Location,You enter or exit an area,This Trigger fires every time you enter or exit an area you specify.,WeMo Smart Plug,Toggle on/off,This Action will toggle a WeMo Switch on or off.,Generic/Other
bA234tuT,Google Assistant,Say a simple phrase,"This trigger fires when you say “Ok Google” to the Google Assistant followed by a phrase you choose. For example, say “Ok Google, I’m running late” to text a family member that you’re on your way home.",SwitchBot,Bot turn on ,This action will trigger the specified Bot to turn on the switch.,Generic/Other
bA78nW5j,August,Lock locked,This Trigger fires every time the specified lock is locked.,SwitchBot,Bot turn off,This action will trigger the specified Bot to turn off the switch.,Generic/Other
bAb73Yda,Date & Time,Every day at,This Trigger fires every single day at a specific time set by you.,Sensibo,Turn A/C off,Turn your A/C off,Generic/Other
bERe9PZU,Date & Time,Every day at,This Trigger fires every single day at a specific time set by you.,WeMo Smart Plug,Turn off,"This Action will turn a WeMo Switch off. If the WeMo Switch is already off, it will remain off.",Generic/Other
bJcP5i2b,Wyze,Motion is detected,This trigger fires when a Wyze Cam detects motion. The minimum firmware version required is v3.9.3.62 for v1 and v4.9.1.60 for v2.,TP-Link Kasa,Turn on,This action will turn on a device.,Generic/Other
bLWuG26p,Kronaby,Pusher pressed,This trigger is fired from the assigned pusher on your Kronaby watch.,WeMo Insight Switch,Toggle on/off,This Action will toggle a WeMo Insight Switch on or off.,Generic/Other
bPRmsQbc,Fitbit,New sleep logged,This Trigger fires every time your Fitbit logs new sleep.,WeMo Insight Switch,Turn on,"This Action will turn a WeMo Insight Switch on. If the WeMo Insight Switch is already on, it will remain on.",Generic/Other
bQRDpu5N,Wyze,Contact Sensor closes,This trigger fires when a Contact Sensor closes.,Hubitat,Close a device,This action will close a Hubitat device.,Generic/Other
bTvjGkpy,Date & Time,Every day at,This Trigger fires every single day at a specific time set by you.,SwitchBot,Bot press,This action will trigger the specified Bot to press the switch.,Generic/Other
bVQDJYR7,Weather Underground,Sunset,This Trigger fires within 15 minutes of the sunset in your location.,WeMo Smart Plug,Turn on,"This Action will turn a WeMo Switch on. If the WeMo Switch is already on, it will remain on.",Generic/Other
bXwU8VG6,Weather Underground,Sunset,This Trigger fires within 15 minutes of the sunset in your location.,WeMo Smart Plug,Turn on,"This Action will turn a WeMo Switch on. If the WeMo Switch is already on, it will remain on.",Generic/Other
bdFpVkgc,Weather Underground,Current temperature rises above,This Trigger monitors your local temperature and fires whenever the temperature rises above the value you provide.,WeMo Smart Plug,Turn on,"This Action will turn a WeMo Switch on. If the WeMo Switch is already on, it will remain on.",Generic/Other
bfk5YGes,Location,You enter an area,This Trigger fires every time you enter an area you specify.,TP-Link Kasa,Turn on,This action will turn on a device.,Generic/Other
bgZdvTi7,Location,You exit an area,This Trigger fires every time you exit an area you specify.,Wink: Pivot Power Genius,Turn outlet off,"This Action will turn off the Pivot Power Genius outlet you specify. If the outlet is already off, it will remain off.",Generic/Other
bgrtUZXP,Powered by Viva,At least one person arrives home,This trigger fires when at least one family member has come home.,iRobot,Stop robot,This action will stop your robot.,Generic/Other
bhG2KJzM,ecobee,Thermostat indoor temperature is greater than,This trigger fires every time your ecobee thermostat senses that the indoor temperature is greater than a specific value you supply.,WeMo Smart Plug,Turn on,"This Action will turn a WeMo Switch on. If the WeMo Switch is already on, it will remain on.",Generic/Other
bhrK3H79,Amazon Alexa,Say a specific phrase,"This trigger fires every time you say 'Alexa trigger' + the phrase that you have defined. For instance, if you set 'party time' as the phrase, you can say 'Alexa trigger party time' to have your lights loop colors.",Lutron Caséta and RA2 Select,Set light level,This Action will set a Lutron dimmer or switch to the level you specify.,Generic/Other
bicgpKBX,WeMo Light Switch,Long press,This Trigger fires every time your WeMo Light Switch is turned on or off with a long press over two seconds.,WeMo Smart Plug,Toggle on/off,This Action will toggle a WeMo Switch on or off.,Generic/Other
bjvh6gPE,WeMo Light Switch,Long press,This Trigger fires every time your WeMo Light Switch is turned on or off with a long press over two seconds.,WeMo Smart Plug,Toggle on/off,This Action will toggle a WeMo Switch on or off.,Generic/Other
bmCbuyjP,Location,You exit an area,This Trigger fires every time you exit an area you specify.,WeMo Insight Switch,Turn off,"This Action will turn a WeMo Switch off. If the WeMo Switch is already off, it will remain off.",Generic/Other
bmvSQJsw,Weather Underground,Sunset,This Trigger fires within 15 minutes of the sunset in your location.,WeMo Smart Plug,Turn on,"This Action will turn a WeMo Switch on. If the WeMo Switch is already on, it will remain on.",Generic/Other
burEMfKV,Date & Time,Every day at,This Trigger fires every single day at a specific time set by you.,WeMo Smart Plug,Turn off,"This Action will turn a WeMo Switch off. If the WeMo Switch is already off, it will remain off.",Generic/Other
byYhpcAU,Airthings,Radon level below threshold,This trigger fires when radon level of a device falls below the provided threshold.,WeMo Smart Plug,Turn off,"This Action will turn a WeMo Switch off. If the WeMo Switch is already off, it will remain off.",Generic/Other
bz8XvxP6,Button widget,Button press,This trigger fires every time you press the button.,SwitchBot,Bot turn off,This action will trigger the specified Bot to turn off the switch.,Generic/Other
bzFfS3xZ,Location,You exit an area,This Trigger fires every time you exit an area you specify.,WeMo Smart Plug,Turn off,"This Action will turn a WeMo Switch off. If the WeMo Switch is already off, it will remain off.",Generic/Other
c8eJEH9c,Android Battery,Battery drops below 15%,This Trigger fires every time your Android device's battery drops below 15%.,TP-Link Kasa,Turn on,This action will turn on a device.,Generic/Other
c9P5Xj3z,Location,You enter an area,This Trigger fires every time you enter an area you specify.,WeMo Insight Switch,Turn on,"This Action will turn a WeMo Insight Switch on. If the WeMo Insight Switch is already on, it will remain on.",Generic/Other
cD5VsXJY,Weather Underground,Sunset,This Trigger fires within 15 minutes of the sunset in your location.,WeMo Smart Plug,Turn on,"This Action will turn a WeMo Switch on. If the WeMo Switch is already on, it will remain on.",Generic/Other
cFXNKRp6,Hubitat,Device turns on,This trigger fires when your Hubitat device turns on.,Smart Life,Turn on,This action will turn on the device/group of your choosing.,Generic/Other
cFnYGrjx,Button widget,Button press,This trigger fires every time you press the button.,WeMo Smart Plug,Turn off,"This Action will turn a WeMo Switch off. If the WeMo Switch is already off, it will remain off.",Generic/Other
cGJiZ3h5,Location,You exit an area,This Trigger fires every time you exit an area you specify.,WeMo Smart Plug,Turn off,"This Action will turn a WeMo Switch off. If the WeMo Switch is already off, it will remain off.",Generic/Other
cHXAb67k,ComEd,Carbon Quality,Indicates whether the carbon is clean or dirty,WeMo Smart Plug,Turn on,"This Action will turn a WeMo Switch on. If the WeMo Switch is already on, it will remain on.",Generic/Other
cJpdv7sA,Wireless Tag,Motion sensor has timed out,This Trigger fires when specified PIR KumoSensor or regular motion sensor tag detects no movement for a time-out period.,WeMo Insight Switch,Turn off,"This Action will turn a WeMo Switch off. If the WeMo Switch is already off, it will remain off.",Generic/Other
cNT9sWzM,Weather Underground,Current temperature drops below,This Trigger monitors your local temperature and fires whenever the temperature drops below the value you provide.,TP-Link Kasa,Turn on,This action will turn on a device.,Generic/Other
cRE8sbMx,Google Assistant,Say a simple phrase,"This trigger fires when you say “Ok Google” to the Google Assistant followed by a phrase you choose. For example, say “Ok Google, I’m running late” to text a family member that you’re on your way home.",Nature Remo,Control home appliances,This action will send an infrared signal to control your home appliances.,Generic/Other
cRK3nvUz,WeMo Smart Plug,Switched on,This Trigger fires every time your WeMo Switch is turned on.,WeMo Smart Plug,Turn on then off,This Action will turn a WeMo Switch on then immediately back off.,Generic/Other
cT6dZGeN,Email,Send IFTTT an email tagged,Send IFTTT an email at trigger@applet.ifttt.com with a hashtag in the subject (e.g. #IFTTT) and this Trigger fires. You can optionally add a single file attachment (up to 30MB) and IFTTT will create a public URL to the file as an Ingredient.,WeMo Smart Plug,Toggle on/off,This Action will toggle a WeMo Switch on or off.,Generic/Other
cXKnesMr,Amazon Alexa,Say a specific phrase,"This trigger fires every time you say 'Alexa trigger' + the phrase that you have defined. For instance, if you set 'party time' as the phrase, you can say 'Alexa trigger party time' to have your lights loop colors.",Heatmiser,Set Away Mode,This Action will activate Away Mode on your neoHub,Generic/Other
cYkfTg5d,WeMo Smart Plug,Switched off,This Trigger fires every time your WeMo Switch is turned off.,WeMo Smart Plug,Turn on,"This Action will turn a WeMo Switch on. If the WeMo Switch is already on, it will remain on.",Generic/Other
cYr3Nhye,Twitter,New tweet by you with hashtag,This Trigger fires every time you post a new tweet with a specific hashtag.,WeMo Smart Plug,Turn on,"This Action will turn a WeMo Switch on. If the WeMo Switch is already on, it will remain on.",Generic/Other
cYrAE7FG,Date & Time,Every day of the week at,This Trigger fires only on specific days of the week at the time you provide.,Smart Life,Turn on,This action will turn on the device/group of your choosing.,Generic/Other
cZNJrK7u,Location,You enter an area,This Trigger fires every time you enter an area you specify.,VeSync Dimmer,Change brightness,This action will change the brightness of a Dimmer to a specified level/percentage.,Generic/Other
cb2Brg7R,Nest Protect,Smoke alarm warning,This Trigger fires every time the Nest Protect you specify detects warning smoke levels.,WeMo Smart Plug,Turn on,"This Action will turn a WeMo Switch on. If the WeMo Switch is already on, it will remain on.",Generic/Other
cb47hqVP,Date & Time,Every year on,This Trigger fires once a year on the date and time you specify.,WeMo Smart Plug,Turn on,"This Action will turn a WeMo Switch on. If the WeMo Switch is already on, it will remain on.",Generic/Other
cbE8zwGY,Email,Send IFTTT an email tagged,Send IFTTT an email at trigger@applet.ifttt.com with a hashtag in the subject (e.g. #IFTTT) and this Trigger fires. You can optionally add a single file attachment (up to 30MB) and IFTTT will create a public URL to the file as an Ingredient.,Smappee,Turn on plug,This Action will turn on a plug for the specified duration.,Generic/Other
ccqbFzsZ,Wink: Spotter,Temperature drops below,This Trigger fires every time the temperature measured by your Spotter drops below the value you specify.,Wink: Aros,Turn A/C off,This Action will turn your Aros A/C off.,Generic/Other
ce3FgY68,WeMo Motion,Any new motion,This Trigger fires every time your WeMo Motion sensor detects new motion.,WeMo Smart Plug,Turn on,"This Action will turn a WeMo Switch on. If the WeMo Switch is already on, it will remain on.",Generic/Other
cfKBdb7n,Google Assistant,Say a simple phrase,"This trigger fires when you say “Ok Google” to the Google Assistant followed by a phrase you choose. For example, say “Ok Google, I’m running late” to text a family member that you’re on your way home.",Optoma,Turn on/off my projector,This action will turn on/off my projector.,Generic/Other
cfedBZh9,Google Assistant,Say a simple phrase,"This trigger fires when you say “Ok Google” to the Google Assistant followed by a phrase you choose. For example, say “Ok Google, I’m running late” to text a family member that you’re on your way home.",WeMo Smart Plug,Turn off,"This Action will turn a WeMo Switch off. If the WeMo Switch is already off, it will remain off.",Generic/Other
chdUkLzN,Arlo,Motion detected,This Trigger fires when your Arlo device detects motion.,Smart Life,Turn on,This action will turn on the device/group of your choosing.,Generic/Other
cibK9NM2,Weather Underground,Sunset,This Trigger fires within 15 minutes of the sunset in your location.,Wink: Pivot Power Genius,Turn outlet off,"This Action will turn off the Pivot Power Genius outlet you specify. If the outlet is already off, it will remain off.",Generic/Other
ctwRNZBc,Zoom,Any scheduled meeting ends,This trigger fires when a scheduled meeting ends.,iRobot,Resume robot,This action will resume your robot.,Generic/Other
ctyE4qaB,Netatmo Weather Station,Temperature drops below,This Trigger fires every time the temperature drops below a value you specify.,Smappee,Turn on plug,This Action will turn on a plug for the specified duration.,Generic/Other
cuJQMpCG,Awair,High humidity alert,This Trigger fires when the humidity measured from your Awair device rises above the threshold you specified for more than 30 seconds.,WeMo Insight Switch,Turn on,"This Action will turn a WeMo Insight Switch on. If the WeMo Insight Switch is already on, it will remain on.",Generic/Other
cumdUP4c,iRobot,Robot Started,This trigger fires when your robot starts a job.,iRobot,Start robot,This action will start your robot.,Generic/Other
d23VGfnw,Ring,New Motion Detected,This Trigger fires every time a motion is detected at the given doorbell.,WeMo Smart Plug,Turn on,"This Action will turn a WeMo Switch on. If the WeMo Switch is already on, it will remain on.",Generic/Other
d3uhXk7G,Nest Thermostat,Nest set to Home,This Trigger fires every time the home you specify is set to Home.,TP-Link Kasa,Activate scene,This action will activate a selected Scene from your account.,Generic/Other
d5JgRM9r,Nest Protect,Smoke alarm emergency,This Trigger fires every time the Nest Protect you specify detects dangerous smoke levels.,WeMo Smart Plug,Turn on,"This Action will turn a WeMo Switch on. If the WeMo Switch is already on, it will remain on.",Generic/Other
d6Vn4gt5,Google Assistant,Say a simple phrase,"This trigger fires when you say “Ok Google” to the Google Assistant followed by a phrase you choose. For example, say “Ok Google, I’m running late” to text a family member that you’re on your way home.",WeMo Smart Plug,Toggle on/off,This Action will toggle a WeMo Switch on or off.,Generic/Other
d8j79xsL,WeMo Motion,Any new motion,This Trigger fires every time your WeMo Motion sensor detects new motion.,WeMo Smart Plug,Turn on,"This Action will turn a WeMo Switch on. If the WeMo Switch is already on, it will remain on.",Generic/Other
d9L6sHTj,Android Phone Call,Any incoming phone call missed,This Trigger fires every time you miss a phone call on your Android device.,Smart Life,Activate Scene,This action will activate the specified scene.,Generic/Other
dFEXBQ5d,Date & Time,Every day at,This Trigger fires every single day at a specific time set by you.,WeMo Smart Plug,Turn off,"This Action will turn a WeMo Switch off. If the WeMo Switch is already off, it will remain off.",Generic/Other
dHmN6ubs,Email,Send IFTTT any email,Send IFTTT any email at trigger@applet.ifttt.com and this Trigger fires. You can optionally add a single file attachment and IFTTT will create a public URL to the file as an Ingredient. This trigger will reject emails with attachments over 30MB.,WeMo Smart Plug,Turn on then off,This Action will turn a WeMo Switch on then immediately back off.,Generic/Other
dKg8Hf54,Nest Cam,New sound or motion event,This Trigger fires every time the camera detects a sound or motion event.,WeMo Smart Plug,Turn on,"This Action will turn a WeMo Switch on. If the WeMo Switch is already on, it will remain on.",Generic/Other
dPhKArjB,eWeLink Smart Home,RF Bridge Alarm activated,This trigger fires when an alarm of your RF Bridge is activated.,TP-Link Kasa,Turn on,This action will turn on a device.,Generic/Other
dT2NAaHP,Date & Time,Every day at,This Trigger fires every single day at a specific time set by you.,WeMo Smart Plug,Turn on,"This Action will turn a WeMo Switch on. If the WeMo Switch is already on, it will remain on.",Generic/Other
dTA6DRwN,Ring,New Motion Detected,This Trigger fires every time a motion is detected at the given doorbell.,WeMo Smart Plug,Turn on,"This Action will turn a WeMo Switch on. If the WeMo Switch is already on, it will remain on.",Generic/Other
dVTrEWMZ,MESH,Event from MESH app received,This Trigger fires every time your IFTTT Tag on MESH app receives an input signal from the other Tag.,WeMo Smart Plug,Turn on,"This Action will turn a WeMo Switch on. If the WeMo Switch is already on, it will remain on.",Generic/Other
dVwrF4si,Nest Thermostat,Temperature rises above,This Trigger fires every time the temperature rises above a threshold you specify.,WeMo Smart Plug,Turn off,"This Action will turn a WeMo Switch off. If the WeMo Switch is already off, it will remain off.",Generic/Other
dYw3hZXi,uHoo,uHoo air quality alert,This trigger fires when your air quality goes above or below the target level.,Lutron Caséta and RA2 Select,Set light level,This Action will set a Lutron dimmer or switch to the level you specify.,Generic/Other
dm9HhXrt,Email,Send IFTTT any email,Send IFTTT any email at trigger@applet.ifttt.com and this Trigger fires. You can optionally add a single file attachment and IFTTT will create a public URL to the file as an Ingredient. This trigger will reject emails with attachments over 30MB.,Wink: Pivot Power Genius,Toggle on/off,This Action will toggle the Pivot Power Genius outlet you specific on or off.,Generic/Other
dmJWL9jH,Weather Underground,Sunset,This Trigger fires within 15 minutes of the sunset in your location.,Smart Life,Turn on,This action will turn on the device/group of your choosing.,Generic/Other
dnza4GLp,Weather Underground,Sunset,This Trigger fires within 15 minutes of the sunset in your location.,WeMo Smart Plug,Turn on,"This Action will turn a WeMo Switch on. If the WeMo Switch is already on, it will remain on.",Generic/Other
druLP9DZ,WeMo Motion,Any new motion,This Trigger fires every time your WeMo Motion sensor detects new motion.,WeMo Smart Plug,Toggle on/off,This Action will toggle a WeMo Switch on or off.,Generic/Other
dvw45Bim,WeMo Light Switch,Long press,This Trigger fires every time your WeMo Light Switch is turned on or off with a long press over two seconds.,WeMo Smart Plug,Toggle on/off,This Action will toggle a WeMo Switch on or off.,Generic/Other
dwRq4QFr,Date & Time,Every day of the week at,This Trigger fires only on specific days of the week at the time you provide.,Smart Life,Turn off,This action will turn off the device/group of your choosing.,Generic/Other
dyu7CwB5,WeMo Smart Plug,Switched off,This Trigger fires every time your WeMo Switch is turned off.,WeMo Smart Plug,Turn on,"This Action will turn a WeMo Switch on. If the WeMo Switch is already on, it will remain on.",Generic/Other
e2QeJSK9,Date & Time,Every hour at,"This Trigger fires once an hour at :00, :15, :30, or :45 minutes past the hour.",WeMo Smart Plug,Turn off,"This Action will turn a WeMo Switch off. If the WeMo Switch is already off, it will remain off.",Generic/Other
e2ZNGvXs,ecobee,Thermostat indoor temperature is less than,This trigger fires every time your ecobee thermostat senses that the indoor temperature is less than a specific value you supply.,WeMo Smart Plug,Turn off,"This Action will turn a WeMo Switch off. If the WeMo Switch is already off, it will remain off.",Generic/Other
e3AeFWME,Android Device,Disconnects from a specific WiFi network,This Trigger fires every time your Android device disconnects from a WiFi network you specify.,Smart Life,Activate Scene,This action will activate the specified scene.,Generic/Other
e45mG7bY,Android SMS,New SMS sent matches search,This Trigger fires every time you send an SMS on your Android device that matches a search you specify.,WeMo Smart Plug,Turn on,"This Action will turn a WeMo Switch on. If the WeMo Switch is already on, it will remain on.",Generic/Other
e4f8t3pb,Email,Send IFTTT any email,Send IFTTT any email at trigger@applet.ifttt.com and this Trigger fires. You can optionally add a single file attachment and IFTTT will create a public URL to the file as an Ingredient. ,WeMo Smart Plug,Toggle on/off,This Action will toggle a WeMo Switch on or off.,Generic/Other
e57aSGcL,Button widget,Button press,This trigger fires every time you press the button.,TP-Link Kasa,Toggle,This action will toggle a device.,Generic/Other
e7da8ueB,Nest Thermostat,Nest set to Away,This Trigger fires every time the home you specify is set to Away.,WeMo Smart Plug,Turn off,"This Action will turn a WeMo Switch off. If the WeMo Switch is already off, it will remain off.",Generic/Other
eBeKQgnr,Amazon Alexa,Say a specific phrase,"This trigger fires every time you say 'Alexa trigger' + the phrase that you have defined. For instance, if you set 'party time' as the phrase, you can say 'Alexa trigger party time' to have your lights loop colors.",Nefit Easy,Set manual mode,This Action will set your Nefit Easy to manual mode.,Generic/Other
eCKStMVE,Amazon Alexa,Your Alarm goes off,This Trigger fires every time your alarm goes off.,WeMo Smart Plug,Turn on,"This Action will turn a WeMo Switch on. If the WeMo Switch is already on, it will remain on.",Generic/Other
eGDZXjK8,iHome Enhance,iHome Enhance button is pressed,This trigger fires when an iHome Enhance button is pressed,Lutron Caséta and RA2 Select,Set light level,This Action will set a Lutron dimmer or switch to the level you specify.,Generic/Other
eKaMVQtW,Date & Time,Every day at,This Trigger fires every single day at a specific time set by you.,WeMo Insight Switch,Turn on,"This Action will turn a WeMo Insight Switch on. If the WeMo Insight Switch is already on, it will remain on.",Generic/Other
eSByquLr,OhmConnect,An #OhmHour ends,This trigger fires when an OhmHour ends.,WeMo Smart Plug,Turn on,"This Action will turn a WeMo Switch on. If the WeMo Switch is already on, it will remain on.",Generic/Other
eTkyu72A,Nest Thermostat,Temperature rises above,This Trigger fires every time the temperature rises above a threshold you specify.,WeMo Smart Plug,Turn on,"This Action will turn a WeMo Switch on. If the WeMo Switch is already on, it will remain on.",Generic/Other
eX6pejKv,Location,You exit an area,This Trigger fires every time you exit an area you specify.,Wemo Dimmer,Turn off,"This action will turn a WeMo Dimmer off. If the WeMo Dimmer is already off, it will remain off.",Generic/Other
eadxJCHA,Fitbit,Daily step goal achieved,This Trigger fires every time you achieve your daily step goal.,WeMo Smart Plug,Turn on then off,This Action will turn a WeMo Switch on then immediately back off.,Generic/Other
ecap4L79,Google Assistant,Say a simple phrase,"This trigger fires when you say “Ok Google” to the Google Assistant followed by a phrase you choose. For example, say “Ok Google, I’m running late” to text a family member that you’re on your way home.",Smart Life,Turn off,This action will turn off the device/group of your choosing.,Generic/Other
efKcDgNr,Location,You exit an area,This Trigger fires every time you exit an area you specify.,TP-Link Kasa,Activate scene,This action will activate a selected Scene from your account.,Generic/Other
enpMx8Pw,Nest Thermostat,Nest set to Away,This Trigger fires every time the home you specify is set to Away.,WeMo Smart Plug,Turn on,"This Action will turn a WeMo Switch on. If the WeMo Switch is already on, it will remain on.",Generic/Other
eufMK6JD,Google Assistant,Say a simple phrase,"This trigger fires when you say “Ok Google” to the Google Assistant followed by a phrase you choose. For example, say “Ok Google, I’m running late” to text a family member that you’re on your way home.",Nature Remo,Control home appliances,This action will send an infrared signal to control your home appliances.,Generic/Other
evNut5kx,Wireless Tag,Temperature returns to normal,This Trigger fires when a specified tag senses that its ambient temperature returns between the upper and lower thresholds configured at temperature options screen inside the WirelessTag app.,WeMo Smart Plug,Turn off,"This Action will turn a WeMo Switch off. If the WeMo Switch is already off, it will remain off.",Generic/Other
evTCXn7G,Smart Life,Device or group is turned on,This trigger fires when the specified device/group is turned on.,Smart Life,Turn off,This action will turn off the device/group of your choosing.,Generic/Other
exLSN8gj,Button widget,Button press,This trigger fires every time you press the button.,WeMo Smart Plug,Toggle on/off,This Action will toggle a WeMo Switch on or off.,Generic/Other
eySjKDsr,Myfox HomeControl,System detects a household risk,This Trigger fires every time your Myfox security system detects a household risk.,WeMo Smart Plug,Turn off,"This Action will turn a WeMo Switch off. If the WeMo Switch is already off, it will remain off.",Generic/Other
f4iBvPZV,Mitsubishi Electric kumo cloud,Zone turned on,This trigger fires when a Mitsubishi Electric zone turns on.,TP-Link Kasa,Turn on,This action will turn on a device.,Generic/Other
f9eRb6Dw,Weather Underground,Sunset,This Trigger fires within 15 minutes of the sunset in your location.,Smart Life,Turn on,This action will turn on the device/group of your choosing.,Generic/Other
fBgXMKbj,Location,You exit an area,This Trigger fires every time you exit an area you specify.,WeMo Smart Plug,Turn off,"This Action will turn a WeMo Switch off. If the WeMo Switch is already off, it will remain off.",Generic/Other
fCafMVbF,WeMo Light Switch,Switched off,This Trigger fires every time your WeMo Light Switch is turned off.,WeMo Smart Plug,Turn on,"This Action will turn a WeMo Switch on. If the WeMo Switch is already on, it will remain on.",Generic/Other
fDU6ebxc,Phone Call (US only),Leave IFTTT any voicemail,This Trigger fires every time you leave any voicemail at your IFTTT phone number.,WeMo Smart Plug,Toggle on/off,This Action will toggle a WeMo Switch on or off.,Generic/Other
fEsSQPGh,Date & Time,Every day at,This Trigger fires every single day at a specific time set by you.,SwitchBot,Bot turn on ,This action will trigger the specified Bot to turn on the switch.,Generic/Other
fFvMr6Hi,Flic,Flic is clicked,This Trigger fires every time you click the selected Flic.,WeMo Smart Plug,Toggle on/off,This Action will toggle a WeMo Switch on or off.,Generic/Other
fGAW3Sqy,Google Assistant,Say a simple phrase,"This trigger fires when you say “Ok Google” to the Google Assistant followed by a phrase you choose. For example, say “Ok Google, I’m running late” to text a family member that you’re on your way home.",Smart Life,Turn off,This action will turn off the device/group of your choosing.,Generic/Other
fHUA9RSs,Location,You exit an area,This Trigger fires every time you exit an area you specify.,iRobot,Start robot,This action will start your robot.,Generic/Other
fJ7KpPSC,Android Device,Disconnects from any WiFi network,This Trigger fires every time your Android device disconnects from any WiFi network.,WeMo Insight Switch,Turn on,"This Action will turn a WeMo Insight Switch on. If the WeMo Insight Switch is already on, it will remain on.",Generic/Other
fKMeLC9h,Weather Underground,Sunset,This Trigger fires within 15 minutes of the sunset in your location.,WeMo Smart Plug,Turn on,"This Action will turn a WeMo Switch on. If the WeMo Switch is already on, it will remain on.",Generic/Other
fSX3Kfbp,Weather Underground,Current temperature drops below,This Trigger monitors your local temperature and fires whenever the temperature drops below the value you provide.,WeMo Smart Plug,Turn on,"This Action will turn a WeMo Switch on. If the WeMo Switch is already on, it will remain on.",Generic/Other
fYh6ykj9,WeMo Smart Plug,Switched off,This Trigger fires every time your WeMo Switch is turned off.,WeMo Smart Plug,Turn on,"This Action will turn a WeMo Switch on. If the WeMo Switch is already on, it will remain on.",Generic/Other
fZxe53dH,Amazon Alexa,Your Alarm goes off,This Trigger fires every time your alarm goes off.,TP-Link Kasa,Turn on,This action will turn on a device.,Generic/Other
fckFEZSR,Weather Underground,Current temperature drops below,This Trigger monitors your local temperature and fires whenever the temperature drops below the value you provide.,WeMo Smart Plug,Turn on,"This Action will turn a WeMo Switch on. If the WeMo Switch is already on, it will remain on.",Generic/Other
ffhR4veM,Email,Send IFTTT an email tagged,Send IFTTT an email at trigger@applet.ifttt.com with a hashtag in the subject (e.g. #IFTTT) and this Trigger fires. You can optionally add a single file attachment and IFTTT will create a public URL to the file as an Ingredient.,WeMo Smart Plug,Turn on,"This Action will turn a WeMo Switch on. If the WeMo Switch is already on, it will remain on.",Generic/Other
fhJdARHN,Zoom,Any scheduled meeting ends,This trigger fires when a scheduled meeting ends.,Smart Life,Turn off,This action will turn off the device/group of your choosing.,Generic/Other
fht5YHRu,Location,You exit an area,This Trigger fires every time you exit an area you specify.,Nature Remo,Control home appliances,This action will send an infrared signal to control your home appliances.,Generic/Other
fjksUhKu,Weather Underground,Sunset,This Trigger fires within 15 minutes of the sunset in your location.,TP-Link Kasa,Turn on,This action will turn on a device.,Generic/Other
fp2u6aUe,VeSync Dimmer,Turned on,This trigger fires when the device turns on.,VeSync Dimmer,Turn off,This action will turn off a device.,Generic/Other
fsVCWTtL,UbiBot,Temperature Rises above or Drops below,This trigger monitors the UbiBot device's built-in temperature sensor readings and fires whenever the temperature rises above or drops below the value you provide.,WeMo Smart Plug,Turn off,"This Action will turn a WeMo Switch off. If the WeMo Switch is already off, it will remain off.",Generic/Other
ftYbkMG6,Jaguar Watches,Pusher pressed,This trigger is fired from the assigned pusher on your Jaguar watch.,WeMo Insight Switch,Turn off,"This Action will turn a WeMo Switch off. If the WeMo Switch is already off, it will remain off.",Generic/Other
ftc6N5TQ,Date & Time,Every day at,This Trigger fires every single day at a specific time set by you.,Wink: Pivot Power Genius,Turn outlet on,"This Action will turn on the Pivot Power Genius outlet you specify. If the outlet is already on, it will remain on.",Generic/Other
fvG4aqBT,RSS Feed,New feed item,This Trigger fires every time a new item is added to the feed you specify.,WeMo Smart Plug,Turn on then off,This Action will turn a WeMo Switch on then immediately back off.,Generic/Other
fyHKM7b3,Android SMS,New SMS received matches search,This Trigger fires every time you receive an SMS on your Android device that matches a search you specify.,TP-Link Kasa,Toggle,This action will toggle a device.,Generic/Other
g2LCsHgD,Location,You enter an area,This Trigger fires every time you enter an area you specify.,WeMo Smart Plug,Turn on,"This Action will turn a WeMo Switch on. If the WeMo Switch is already on, it will remain on.",Generic/Other
g3c4gdkW,iDevices,Ambient temperature reached,This trigger fires when the ambient temperature read on your device is above or below the configured value.,iDevices,Turn on,This action will turn the specified product on.,Generic/Other
g45dNxzD,Swann Security,Motion detected,This trigger fires when the selected Swann security device detects  motion.,TP-Link Kasa,Turn on,This action will turn on a device.,Generic/Other
g9tEmzxy,Agile Octopus,Energy price change,Use this trigger to fire something when your electricity price falls or rises past your set threshold and between your preferred time settings.,WeMo Insight Switch,Turn on,"This Action will turn a WeMo Insight Switch on. If the WeMo Insight Switch is already on, it will remain on.",Generic/Other
gAzpEeCH,Date & Time,Every day at,This Trigger fires every single day at a specific time set by you.,WeMo Insight Switch,Turn on then off,This Action will turn a WeMo Insight Switch on then immediately back off.,Generic/Other
gBWdnzhY,WeMo Smart Plug,Switched on,This Trigger fires every time your WeMo Switch is turned on.,WeMo Smart Plug,Turn on,"This Action will turn a WeMo Switch on. If the WeMo Switch is already on, it will remain on.",Generic/Other
gC4m6JMH,Android Device,Connects to a specific WiFi network,This Trigger fires every time your Android device connects to a WiFi network you specify.,ThermoSmart,Unpause,"This Action will unpause your ThermoSmart, i.e. set it to either a scheduled program or an exception if there is one for the current time.",Generic/Other
gD8Va7uG,Lotus Watches,Pusher pressed,This trigger is fired from the assigned pusher on your Lotus watch.,WeMo Insight Switch,Turn off,"This Action will turn a WeMo Switch off. If the WeMo Switch is already off, it will remain off.",Generic/Other
gFjMVDwL,Google Assistant,Say a simple phrase,"This trigger fires when you say “Ok Google” to the Google Assistant followed by a phrase you choose. For example, say “Ok Google, I’m running late” to text a family member that you’re on your way home.",WeMo Smart Plug,Turn off,"This Action will turn a WeMo Switch off. If the WeMo Switch is already off, it will remain off.",Generic/Other
gJmtqnvB,Google Assistant,Say a simple phrase,"This trigger fires when you say “Ok Google” to the Google Assistant followed by a phrase you choose. For example, say “Ok Google, I’m running late” to text a family member that you’re on your way home.",Smart Life,Turn off,This action will turn off the device/group of your choosing.,Generic/Other
gKNyMACQ,Blink,Motion detected,This Trigger fires when your Blink camera detects motion.,WeMo Smart Plug,Turn on,"This Action will turn a WeMo Switch on. If the WeMo Switch is already on, it will remain on.",Generic/Other
gM8QWALU,Google Assistant,Say a simple phrase,"This trigger fires when you say “Ok Google” to the Google Assistant followed by a phrase you choose. For example, say “Ok Google, I’m running late” to text a family member that you’re on your way home.",Smart Life,Turn on,This action will turn on the device/group of your choosing.,Generic/Other
gPqNexKm,Email,Send IFTTT an email tagged,Send IFTTT an email at trigger@applet.ifttt.com with a hashtag in the subject (e.g. #IFTTT) and this Trigger fires. You can optionally add a single file attachment (up to 30MB) and IFTTT will create a public URL to the file as an Ingredient.,WeMo Smart Plug,Turn off,"This Action will turn a WeMo Switch off. If the WeMo Switch is already off, it will remain off.",Generic/Other
gRv6pqwP,SpotCam,Motion event detected,This Trigger fires every time a motion event is detected.,WeMo Smart Plug,Turn on,"This Action will turn a WeMo Switch on. If the WeMo Switch is already on, it will remain on.",Generic/Other
gSnkaTYW,Button widget,Button press,This trigger fires every time you press the button.,SwitchBot,Bot press,This action will trigger the specified Bot to press the switch.,Generic/Other
gWHLxXb5,Nest Cam,New motion event,This Trigger fires every time the camera detects a motion event.,TP-Link Kasa,Toggle,This action will toggle a device.,Generic/Other
gWXMHwzr,Weather Underground,Current condition changes to,"This Trigger monitors changes in the current weather condition. When one of those conditions is met the Trigger fires. Currently only these simple conditions are supported: Rain, Snow, Cloudy, Clear. ",TP-Link Kasa,Turn on,This action will turn on a device.,Generic/Other
gXHhMCB3,Date & Time,Every day at,This Trigger fires every single day at a specific time set by you.,WeMo Smart Plug,Turn on,"This Action will turn a WeMo Switch on. If the WeMo Switch is already on, it will remain on.",Generic/Other
gZJ7CpVx,Button widget,Button press,This trigger fires every time you press the button.,Sensibo,Turn A/C off,Turn your A/C off,Generic/Other
gdDNmZs8,Google Assistant,Say a simple phrase,"This trigger fires when you say “Ok Google” to the Google Assistant followed by a phrase you choose. For example, say “Ok Google, I’m running late” to text a family member that you’re on your way home.",WeMo Smart Plug,Turn off,"This Action will turn a WeMo Switch off. If the WeMo Switch is already off, it will remain off.",Generic/Other
geX5WAir,Location,You enter an area,This Trigger fires every time you enter an area you specify.,SwitchBot,Bot turn on ,This action will trigger the specified Bot to turn on the switch.,Generic/Other
gh7eVAjq,iOS Reminders,New reminder added to list,This Trigger fires every time a new reminder is added to the list you specify.,WeMo Smart Plug,Turn on,"This Action will turn a WeMo Switch on. If the WeMo Switch is already on, it will remain on.",Generic/Other
gkuKmbnQ,Date & Time,Every day at,This Trigger fires every single day at a specific time set by you.,Energenie Mi|Home,Power off device,This Action will turn off one of your Mi|Home devices.,Generic/Other
gmjt3KPQ,Weather Underground,Sunset,This Trigger fires within 15 minutes of the sunset in your location.,WeMo Smart Plug,Turn on,"This Action will turn a WeMo Switch on. If the WeMo Switch is already on, it will remain on.",Generic/Other
gtWmcw5Q,Button widget,Button press,This trigger fires every time you press the button.,SwitchBot,Bot press,This action will trigger the specified Bot to press the switch.,Generic/Other
gu9WfFkL,Weather Underground,Sunset,This Trigger fires within 15 minutes of the sunset in your location.,Wink: Aros,Turn A/C off,This Action will turn your Aros A/C off.,Generic/Other
gyYSpH64,Knocki,Gesture with task matching ID occurs,This trigger fires if you tap a gesture with a custom IFTTT task matching the ID of this trigger.,WeMo Insight Switch,Turn off,"This Action will turn a WeMo Switch off. If the WeMo Switch is already off, it will remain off.",Generic/Other
gzbdFPap,Android Phone Call,Any incoming phone call ends,This Trigger fires every time you answer a phone call on your Android device.,iRobot,Pause robot,This action will pause your robot.,Generic/Other
h5FAmYbK,Amazon Alexa,Item added to your To Do List,This Trigger fires every time you add an item to your To Do List.,ThermoSmart,Pause,This Action will pause your ThermoSmart.,Generic/Other
h6RmTHMy,Arlo,Motion detected,This Trigger fires when your Arlo device detects motion.,TP-Link Kasa,Turn on,This action will turn on a device.,Generic/Other
h6hgDQeR,Date & Time,Every day at,This Trigger fires every single day at a specific time set by you.,Energenie Mi|Home,Power on device,This Action will turn on one of your Mi|Home devices.,Generic/Other
h7EFjTD4,Weather Underground,Sunset,This Trigger fires within 15 minutes of the sunset in your location.,WeMo Smart Plug,Turn on,"This Action will turn a WeMo Switch on. If the WeMo Switch is already on, it will remain on.",Generic/Other
h7c5ZfdT,Amazon Alexa,Your Alarm goes off,This Trigger fires every time your alarm goes off.,WeMo Insight Switch,Turn on,"This Action will turn a WeMo Insight Switch on. If the WeMo Insight Switch is already on, it will remain on.",Generic/Other
h7hdaEej,Weather Underground,Sunset,This Trigger fires within 15 minutes of the sunset in your location.,Energenie Mi|Home,Power on device,This Action will turn on one of your Mi|Home devices.,Generic/Other
h8CGEdL4,Withings Sleep,When I get out of bed,"This trigger fires every time your Withings Sleep detects that you get out of bed, within the start and end time parameters that you specify.",Heatzy,Deactivate the child lock,This action will unlock a specific device,Generic/Other
hCqmy5hG,Nest Cam,New motion event,This Trigger fires every time the camera detects a motion event.,WeMo Smart Plug,Turn on,"This Action will turn a WeMo Switch on. If the WeMo Switch is already on, it will remain on.",Generic/Other
hGRdAHxE,Location,You enter an area,This Trigger fires every time you enter an area you specify.,TP-Link Kasa,Activate scene,This action will activate a selected Scene from your account.,Generic/Other
hJZeB54v,Date & Time,Every day of the week at,This Trigger fires only on specific days of the week at the time you provide.,Smart Life,Turn off,This action will turn off the device/group of your choosing.,Generic/Other
hLNF4XTA,Ring,New Ring Detected,This Trigger fires every time somebody rings your Ring Doorbell.,iRobot,Pause robot,This action will pause your robot.,Generic/Other
hTFmBbcz,Email,Send IFTTT any email,Send IFTTT any email at trigger@applet.ifttt.com and this Trigger fires. You can optionally add a single file attachment and IFTTT will create a public URL to the file as an Ingredient. ,WeMo Smart Plug,Toggle on/off,This Action will toggle a WeMo Switch on or off.,Generic/Other
hUcnFjtM,Date & Time,Every day of the week at,This Trigger fires only on specific days of the week at the time you provide.,WeMo Smart Plug,Turn on,"This Action will turn a WeMo Switch on. If the WeMo Switch is already on, it will remain on.",Generic/Other
hVfwTLei,Weather Underground,Current condition changes to,"This Trigger monitors changes in the current weather condition. When one of those conditions is met the Trigger fires. Currently only these simple conditions are supported: Rain, Snow, Cloudy, Clear. ",WeMo Smart Plug,Turn off then on,This Action will turn a WeMo Switch off then immediately back on.,Generic/Other
hXCpEUyW,WeMo Insight Switch,Daily cost rises above,This Trigger fires when the cost of the device attached to your WeMo Insight Switch rises above the daily value you specify.,WeMo Insight Switch,Turn off,"This Action will turn a WeMo Switch off. If the WeMo Switch is already off, it will remain off.",Generic/Other
hdXrhpLn,Email,Send IFTTT any email,Send IFTTT any email at trigger@applet.ifttt.com and this Trigger fires. You can optionally add a single file attachment and IFTTT will create a public URL to the file as an Ingredient. This trigger will reject emails with attachments over 30MB.,WeMo Smart Plug,Toggle on/off,This Action will toggle a WeMo Switch on or off.,Generic/Other
hfqg83h4,Wyze,Contact Sensor opens,This trigger fires when a Contact Sensor opens.,Smart Life,Turn on,This action will turn on the device/group of your choosing.,Generic/Other
hgVnG3Y8,Weather Underground,Sunset,This Trigger fires within 15 minutes of the sunset in your location.,WeMo Smart Plug,Turn on,"This Action will turn a WeMo Switch on. If the WeMo Switch is already on, it will remain on.",Generic/Other
hhiZk46D,Date & Time,Every day at,This Trigger fires every single day at a specific time set by you.,WeMo Smart Plug,Turn on,"This Action will turn a WeMo Switch on. If the WeMo Switch is already on, it will remain on.",Generic/Other
hjbfhJ78,Weather Underground,Sunset,This Trigger fires within 15 minutes of the sunset in your location.,WeMo Smart Plug,Turn on,"This Action will turn a WeMo Switch on. If the WeMo Switch is already on, it will remain on.",Generic/Other
hkZRS2f8,Nuki Smart Lock,Leave home,This trigger fires every time someone locks the door with Lock 'n' Go by pressing the button on the Smart Lock twice.,Heatzy,Turn off,This action will turn off a specific device,Generic/Other
hpvELZFf,Weather Underground,Current condition changes to,"This Trigger monitors changes in the current weather condition. When one of those conditions is met the Trigger fires. Currently only these simple conditions are supported: Rain, Snow, Cloudy, Clear. ",Smart Life,Activate Scene,This action will activate the specified scene.,Generic/Other
hq7fk8Ce,Email,Send IFTTT an email tagged,Send IFTTT an email at trigger@applet.ifttt.com with a hashtag in the subject (e.g. #IFTTT) and this Trigger fires. You can optionally add a single file attachment and IFTTT will create a public URL to the file as an Ingredient.,WeMo Smart Plug,Turn off,"This Action will turn a WeMo Switch off. If the WeMo Switch is already off, it will remain off.",Generic/Other
hrYQT6ey,Button widget,Button press,This trigger fires every time you press the button.,Smart Life,Turn on,This action will turn on the device/group of your choosing.,Generic/Other
hs95qRnd,Phone Call (US only),Leave IFTTT any voicemail,This Trigger fires every time you leave any voicemail at your IFTTT phone number.,WeMo Smart Plug,Toggle on/off,This Action will toggle a WeMo Switch on or off.,Generic/Other
hvNJcCQx,WeMo Insight Switch,Switched off,This Trigger fires every time your WeMo Insight Switch is turned off.,WeMo Insight Switch,Turn on,"This Action will turn a WeMo Insight Switch on. If the WeMo Insight Switch is already on, it will remain on.",Generic/Other
hvzxTrJZ,Location,You enter or exit an area,This Trigger fires every time you enter or exit an area you specify.,WeMo Smart Plug,Toggle on/off,This Action will toggle a WeMo Switch on or off.,Generic/Other
hwq7xRJ6,WeMo Motion,New motion after quiet period,This Trigger fires every time your WeMo Motion sensor detects new motion after a specific period of inactivity.,WeMo Smart Plug,Turn on,"This Action will turn a WeMo Switch on. If the WeMo Switch is already on, it will remain on.",Generic/Other
i5WGkChs,Weather Underground,Current temperature rises above,This Trigger monitors your local temperature and fires whenever the temperature rises above the value you provide.,WeMo Smart Plug,Turn on,"This Action will turn a WeMo Switch on. If the WeMo Switch is already on, it will remain on.",Generic/Other
i5cMsHFR,Knocki,Gesture with task matching ID occurs,This trigger fires if you tap a gesture with a custom IFTTT task matching the ID of this trigger.,WeMo Insight Switch,Turn on,"This Action will turn a WeMo Insight Switch on. If the WeMo Insight Switch is already on, it will remain on.",Generic/Other
i6W2BxnV,Weather Underground,Current temperature rises above,This Trigger monitors your local temperature and fires whenever the temperature rises above the value you provide.,Smart Life,Turn off,This action will turn off the device/group of your choosing.,Generic/Other
i7EFVUzP,Button widget,Button press,This trigger fires every time you press the button.,WeMo Smart Plug,Turn on,"This Action will turn a WeMo Switch on. If the WeMo Switch is already on, it will remain on.",Generic/Other
iHaLzeAY,Weather Underground,Current condition changes to,"This Trigger monitors changes in the current weather condition. When one of those conditions is met the Trigger fires. Currently only these simple conditions are supported: Rain, Snow, Cloudy, Clear. ",Smart Life,Turn on,This action will turn on the device/group of your choosing.,Generic/Other
iJXDGk7e,Google Wifi,Device Connects,This Trigger fires every time a device connects to Google Wifi.,WeMo Smart Plug,Turn on,"This Action will turn a WeMo Switch on. If the WeMo Switch is already on, it will remain on.",Generic/Other
iKJDmPYq,Nest Cam,New sound or motion event,This Trigger fires every time the camera detects a sound or motion event.,Lutron Caséta and RA2 Select,Set light level,This Action will set a Lutron dimmer or switch to the level you specify.,Generic/Other
iKVvQXxg,Hubitat,Device turns on,This trigger fires when your Hubitat device turns on.,Smart Life,Turn on,This action will turn on the device/group of your choosing.,Generic/Other
iS476QgZ,Aquanta,A leak was detected,This trigger fires when a leak is detected by the specified device.,WeMo Smart Plug,Turn on,"This Action will turn a WeMo Switch on. If the WeMo Switch is already on, it will remain on.",Generic/Other
iZQ9NnaD,Ring,New Motion Detected,This Trigger fires every time a motion is detected at the given doorbell.,iRobot,Dock robot,This action will dock your robot.,Generic/Other
iZifSzAK,Ring,New Ring Detected,This Trigger fires every time somebody rings your Ring Doorbell.,Hubitat,Turn on a device,This Action will turn on a device attached to your Hubitat Elevation system.,Generic/Other
icUF3wqi,Weather Underground,Sunset,This Trigger fires within 15 minutes of the sunset in your location.,Energenie Mi|Home,Power on group,This Action will turn on a whole group of Mi|Home devices simultaneously.,Generic/Other
ihMqpNz9,Swann Security,Doorbell button pressed,The trigger fires when the Swann Video Doorbell button is pressed.,iRobot,Pause robot,This action will pause your robot.,Generic/Other
iiL7BYpe,Date & Time,Every day at,This Trigger fires every single day at a specific time set by you.,Smart Life,Turn off,This action will turn off the device/group of your choosing.,Generic/Other
ikXpDeg4,Location,You enter an area,This Trigger fires every time you enter an area you specify.,Smart Life,Turn on,This action will turn on the device/group of your choosing.,Generic/Other
imakH9fE,UbiBot,Humidity Rises above or Drops below ,This trigger monitors the UbiBot device's built-in humidity sensor readings and fires whenever the humidity rises above or drops below the value you provide. ,Smart Life,Turn on,This action will turn on the device/group of your choosing.,Generic/Other
indX3geJ,Nest Protect,Smoke alarm emergency,This Trigger fires every time the Nest Protect you specify detects dangerous smoke levels.,WeMo Insight Switch,Turn on,"This Action will turn a WeMo Insight Switch on. If the WeMo Insight Switch is already on, it will remain on.",Generic/Other
insC9wuz,WeMo Motion,Any new motion,This Trigger fires every time your WeMo Motion sensor detects new motion.,Wemo Dimmer,Turn on,"This action will turn a WeMo Dimmer on. If the WeMo Dimmer is already on, it will remain on.",Generic/Other
ipFhkaXc,Wireless Tag,Temperature is too low,This Trigger fires when a specified tag senses that its ambient temperature falls below an lower threshold configured at temperature options screen inside the WirelessTag app.,WeMo Smart Plug,Turn on,"This Action will turn a WeMo Switch on. If the WeMo Switch is already on, it will remain on.",Generic/Other
iqGaTrCR,Weather Underground,Sunset,This Trigger fires within 15 minutes of the sunset in your location.,WeMo Insight Switch,Turn on,"This Action will turn a WeMo Insight Switch on. If the WeMo Insight Switch is already on, it will remain on.",Generic/Other
irmkg3MW,Android Device,Disconnects from a specific WiFi network,This Trigger fires every time your Android device disconnects from a WiFi network you specify.,Sensibo,Turn A/C off,Turn your A/C off,Generic/Other
ixiwk4f3,Weather Underground,Current UV index rises above,This Trigger monitors your local UV levels and fires every time the UV index rises above the value you specify (0-16).,WeMo Smart Plug,Turn on then off,This Action will turn a WeMo Switch on then immediately back off.,Generic/Other
izfWEPAc,iRobot,Job Complete,This trigger fires when your robot completes a job.,iRobot,Start robot,This action will start your robot.,Generic/Other
j32trnBc,Email,Send IFTTT any email,Send IFTTT any email at trigger@applet.ifttt.com and this Trigger fires. You can optionally add a single file attachment and IFTTT will create a public URL to the file as an Ingredient. ,WeMo Smart Plug,Toggle on/off,This Action will toggle a WeMo Switch on or off.,Generic/Other
j3hGHqcF,WeMo Light Switch,Long press,This Trigger fires every time your WeMo Light Switch is turned on or off with a long press over two seconds.,WeMo Smart Plug,Toggle on/off,This Action will toggle a WeMo Switch on or off.,Generic/Other
j3ixwBVU,Date & Time,Every day at,This Trigger fires every single day at a specific time set by you.,WeMo Smart Plug,Turn on,"This Action will turn a WeMo Switch on. If the WeMo Switch is already on, it will remain on.",Generic/Other
j4udbHYf,Agile Octopus,Energy price change,Use this trigger to fire something when your electricity price falls or rises past your set threshold and between your preferred time settings.,Smart Life,Turn on,This action will turn on the device/group of your choosing.,Generic/Other
j5tBaF82,Amazon Alexa,Your Alarm goes off,This Trigger fires every time your alarm goes off.,WeMo Smart Plug,Turn on,"This Action will turn a WeMo Switch on. If the WeMo Switch is already on, it will remain on.",Generic/Other
j6fgQDiZ,Weather Underground,Current temperature drops below,This Trigger monitors your local temperature and fires whenever the temperature drops below the value you provide.,Wink: Aros,Turn A/C off,This Action will turn your Aros A/C off.,Generic/Other
j7PaFW9i,Ring,New Ring Detected,This Trigger fires every time somebody rings your Ring Doorbell.,WeMo Smart Plug,Turn off then on,This Action will turn a WeMo Switch off then immediately back on.,Generic/Other
j7ZebpUq,Amazon Alexa,Say a specific phrase,"This trigger fires every time you say 'Alexa trigger' + the phrase that you have defined. For instance, if you set 'party time' as the phrase, you can say 'Alexa trigger party time' to have your lights loop colors.",WeMo Smart Plug,Turn on,"This Action will turn a WeMo Switch on. If the WeMo Switch is already on, it will remain on.",Generic/Other
j7ygjZuV,Android SMS,New SMS sent matches search,This Trigger fires every time you send an SMS on your Android device that matches a search you specify.,WeMo Smart Plug,Turn off,"This Action will turn a WeMo Switch off. If the WeMo Switch is already off, it will remain off.",Generic/Other
jE4ACRqz,Location,You enter an area,This Trigger fires every time you enter an area you specify.,WeMo Smart Plug,Turn on,"This Action will turn a WeMo Switch on. If the WeMo Switch is already on, it will remain on.",Generic/Other
jEMh3Wac,Facebook,New status message by you,This Trigger fires every time you create a new plain text status message on Facebook.,WeMo Smart Plug,Turn on then off,This Action will turn a WeMo Switch on then immediately back off.,Generic/Other
jFMGHP5A,Wink: Spotter,Temperature drops below,This Trigger fires every time the temperature measured by your Spotter drops below the value you specify.,Wink: Pivot Power Genius,Turn outlet on,"This Action will turn on the Pivot Power Genius outlet you specify. If the outlet is already on, it will remain on.",Generic/Other
jFTZtEH7,Google Assistant,Say a simple phrase,"This trigger fires when you say “Ok Google” to the Google Assistant followed by a phrase you choose. For example, say “Ok Google, I’m running late” to text a family member that you’re on your way home.",Lutron Caséta and RA2 Select,Set light level,This Action will set a Lutron dimmer or switch to the level you specify.,Generic/Other
jG6VJcUL,Weather Underground,Current temperature rises above,This Trigger monitors your local temperature and fires whenever the temperature rises above the value you provide.,WeMo Smart Plug,Turn on,"This Action will turn a WeMo Switch on. If the WeMo Switch is already on, it will remain on.",Generic/Other
jJ3AUS85,Google Assistant,Say a simple phrase,"This trigger fires when you say “Ok Google” to the Google Assistant followed by a phrase you choose. For example, say “Ok Google, I’m running late” to text a family member that you’re on your way home.",Smart Life,Turn off,This action will turn off the device/group of your choosing.,Generic/Other
jNQyKRL9,Email,Send IFTTT any email,Send IFTTT any email at trigger@applet.ifttt.com and this Trigger fires. You can optionally add a single file attachment and IFTTT will create a public URL to the file as an Ingredient. This trigger will reject emails with attachments over 30MB.,WeMo Smart Plug,Toggle on/off,This Action will toggle a WeMo Switch on or off.,Generic/Other
jSHMstQC,Weather Underground,Sunset,This Trigger fires within 15 minutes of the sunset in your location.,WeMo Smart Plug,Turn on,"This Action will turn a WeMo Switch on. If the WeMo Switch is already on, it will remain on.",Generic/Other
jUDmAYQz,Google Assistant,Say a simple phrase,"This trigger fires when you say “Ok Google” to the Google Assistant followed by a phrase you choose. For example, say “Ok Google, I’m running late” to text a family member that you’re on your way home.",WeMo Smart Plug,Turn off,"This Action will turn a WeMo Switch off. If the WeMo Switch is already off, it will remain off.",Generic/Other
jW3R4jaw,Location,You enter an area,This Trigger fires every time you enter an area you specify.,Smart Life,Turn on,This action will turn on the device/group of your choosing.,Generic/Other
jWPMeqCD,Fort Collins Utilities Time of Day Pricing,Time of Day Peak Rates START/END,This trigger fires when time-of-day peak rates start or end.,TP-Link Kasa,Turn on,This action will turn on a device.,Generic/Other
jWZ9Y4VB,WeMo Maker,Relay on,This Trigger fires every time your WeMo Maker relay is turned on in toggle mode.,WeMo Smart Plug,Turn off,"This Action will turn a WeMo Switch off. If the WeMo Switch is already off, it will remain off.",Generic/Other
jWrKhbfL,Google Assistant,Say a simple phrase,"This trigger fires when you say “Ok Google” to the Google Assistant followed by a phrase you choose. For example, say “Ok Google, I’m running late” to text a family member that you’re on your way home.",Smart Life,Turn on,This action will turn on the device/group of your choosing.,Generic/Other
jWrctCY2,Date & Time,Every day at,This Trigger fires every single day at a specific time set by you.,WeMo Smart Plug,Turn on,"This Action will turn a WeMo Switch on. If the WeMo Switch is already on, it will remain on.",Generic/Other
jXUTAavE,WeMo Light Switch,Switched on,This Trigger fires every time your WeMo Light Switch is turned on.,WeMo Insight Switch,Turn on,"This Action will turn a WeMo Insight Switch on. If the WeMo Insight Switch is already on, it will remain on.",Generic/Other
jaQc8SY3,Location,You exit an area,This Trigger fires every time you exit an area you specify.,Sensibo,Turn A/C off,Turn your A/C off,Generic/Other
jdM4QEwK,Wireless Tag,Temperature is too low,This Trigger fires when a specified tag senses that its ambient temperature falls below an lower threshold configured at temperature options screen inside the WirelessTag app.,Sensibo,Turn A/C off,Turn your A/C off,Generic/Other
jjnvZgm5,Android Device,Connects to a specific WiFi network,This Trigger fires every time your Android device connects to a WiFi network you specify.,TP-Link Kasa,Turn off,This action will turn off a selected device.,Generic/Other
jqRpUdFM,Date & Time,Every day at,This Trigger fires every single day at a specific time set by you.,TP-Link Kasa,Turn on,This action will turn on a device.,Generic/Other
jqfQDTjN,Smappee,Power rises above,This Trigger fires every time the power rises above the specified value in watts.,Smappee,Turn off plug,This Action will turn off a plug for the specified duration.,Generic/Other
jrhcA8d9,Google Assistant,Say a simple phrase,"This trigger fires when you say “Ok Google” to the Google Assistant followed by a phrase you choose. For example, say “Ok Google, I’m running late” to text a family member that you’re on your way home.",SwitchBot,Bot turn on ,This action will trigger the specified Bot to turn on the switch.,Generic/Other
jt7JyDRq,Homey,A Flow has been started,This trigger is run every time a specific Flow has been started on Homey. In order to use this Applet you need to be an owner on your Homey and have the IFTTT Homey App installed.,Heatzy,Set auto mode,This action will set a specific device on auto mode,Generic/Other
jvCX4bJc,Weather Underground,Sunset,This Trigger fires within 15 minutes of the sunset in your location.,Wink: Pivot Power Genius,Turn outlet on,"This Action will turn on the Pivot Power Genius outlet you specify. If the outlet is already on, it will remain on.",Generic/Other
jw7jRQqi,Google Assistant,Say a phrase with a text ingredient,This trigger fires when you say “Ok Google” to the Google Assistant followed by a phrase like “Post a tweet saying ‘New high score.’” **Use the $ symbol to specify where you'll say the text ingredient,TP-Link Kasa,Activate scene,This action will activate a selected Scene from your account.,Generic/Other
k2Bf3JNE,Homey,A Flow has been started,This trigger is run every time a specific Flow has been started on Homey. In order to use this Applet you need to be an owner on your Homey and have the IFTTT Homey App installed.,Heatzy,Set eco mode,This action will set a specific device on eco mode,Generic/Other
k2EcxGuQ,Email,Send IFTTT an email tagged,Send IFTTT an email at trigger@applet.ifttt.com with a hashtag in the subject (e.g. #IFTTT) and this Trigger fires. You can optionally add a single file attachment and IFTTT will create a public URL to the file as an Ingredient.,WeMo Smart Plug,Turn off,"This Action will turn a WeMo Switch off. If the WeMo Switch is already off, it will remain off.",Generic/Other
k2RCmh3a,Weather Underground,Sunrise,This Trigger fires within 15 minutes of the sunrise in your location.,TP-Link Kasa,Activate scene,This action will activate a selected Scene from your account.,Generic/Other
k6pBjD7K,Android Device,Disconnects from a specific WiFi network,This Trigger fires every time your Android device disconnects from a WiFi network you specify.,TP-Link Kasa,Activate scene,This action will activate a selected Scene from your account.,Generic/Other
k78EL3gG,AiDot,Motion sensor,This Trigger fires when Motion sensor is triggered/ untriggered.,TP-Link Kasa,Turn on,This action will turn on a device.,Generic/Other
k7YG5Tew,Weather Underground,Sunset,This Trigger fires within 15 minutes of the sunset in your location.,Energenie Mi|Home,Power on device,This Action will turn on one of your Mi|Home devices.,Generic/Other
kBVzjDQM,Netatmo Weather Station,Noise level drops below,This Trigger fires every time the noise drops below a decibel value you specify.,Smappee,Turn off plug,This Action will turn off a plug for the specified duration.,Generic/Other
kFCNZTn8,Wyze,Motion Sensor detects motion,This trigger fires when a Motion Sensor detects motion.,TP-Link Kasa,Turn on,This action will turn on a device.,Generic/Other
kLv5UGgB,Location,You exit an area,This Trigger fires every time you exit an area you specify.,Brilliant Smart,Turn on,This action will turn on the device/group of your choosing.,Generic/Other
kMqixRCZ,Button widget,Button press,This trigger fires every time you press the button.,WeMo Insight Switch,Turn on then off,This Action will turn a WeMo Insight Switch on then immediately back off.,Generic/Other
kP4DhUiY,Email,Send IFTTT an email tagged,Send IFTTT an email at trigger@applet.ifttt.com with a hashtag in the subject (e.g. #IFTTT) and this Trigger fires. You can optionally add a single file attachment and IFTTT will create a public URL to the file as an Ingredient.,WeMo Smart Plug,Turn on,"This Action will turn a WeMo Switch on. If the WeMo Switch is already on, it will remain on.",Generic/Other
kQAeWxcT,Ring,New Motion Detected,This Trigger fires every time a motion is detected at the given doorbell.,Smart Life,Activate Scene,This action will activate the specified scene.,Generic/Other
kRfr3wSy,Withings Sleep,When I get into bed,"This trigger fires every time your Withings Sleep detects that you get into bed, within the start and end time parameters that you specify. ",Heatzy,Set eco mode,This action will set a specific device on eco mode,Generic/Other
kSzC7beZ,Amazon Alexa,Say a specific phrase,"This trigger fires every time you say 'Alexa trigger' + the phrase that you have defined. For instance, if you set 'party time' as the phrase, you can say 'Alexa trigger party time' to have your lights loop colors.",TP-Link Kasa,Turn on,This action will turn on a device.,Generic/Other
kUKYjprC,Nest Protect,Carbon monoxide warning,This Trigger fires every time the Nest Protect you specify detects warning carbon monoxide levels.,WeMo Insight Switch,Toggle on/off,This Action will toggle a WeMo Insight Switch on or off.,Generic/Other
kVdRQ6Sk,Weather Underground,Sunrise,This Trigger fires within 15 minutes of the sunrise in your location.,Smart Life,Turn off,This action will turn off the device/group of your choosing.,Generic/Other
kbLdjcg9,Location,You enter an area,This Trigger fires every time you enter an area you specify.,Lutron Caséta and RA2 Select,Set light level,This Action will set a Lutron dimmer or switch to the level you specify.,Generic/Other
kcTENrpY,Google Assistant,Say a simple phrase,"This trigger fires when you say “Ok Google” to the Google Assistant followed by a phrase you choose. For example, say “Ok Google, I’m running late” to text a family member that you’re on your way home.",WeMo Smart Plug,Toggle on/off,This Action will toggle a WeMo Switch on or off.,Generic/Other
kecKxtZr,Apilio,Receive an event from Apilio,This trigger fires every time IFTTT receives a specific event from Apilio.,TP-Link Kasa,Turn off,This action will turn off a selected device.,Generic/Other
khR6wgNM,Nuki Smart Lock,Door closed,This trigger fires every time someone closes the door. (Only supported for activated door sensor.),Heatzy,Set auto mode,This action will set a specific device on auto mode,Generic/Other
kjbdKx5S,Location,You enter an area,This Trigger fires every time you enter an area you specify.,WeMo Insight Switch,Turn on,"This Action will turn a WeMo Insight Switch on. If the WeMo Insight Switch is already on, it will remain on.",Generic/Other
ksQm2EKx,Google Assistant,Say a phrase with a text ingredient,This trigger fires when you say “Ok Google” to the Google Assistant followed by a phrase like “Post a tweet saying ‘New high score.’” **Use the $ symbol to specify where you'll say the text ingredient,Smart Life,Activate Scene,This action will activate the specified scene.,Generic/Other
ksvuTFnK,Ring,New Motion Detected,This Trigger fires every time a motion is detected at the given doorbell.,WeMo Smart Plug,Turn on,"This Action will turn a WeMo Switch on. If the WeMo Switch is already on, it will remain on.",Generic/Other
kuFmCfRL,Google Assistant,Say a simple phrase,"This trigger fires when you say “Ok Google” to the Google Assistant followed by a phrase you choose. For example, say “Ok Google, I’m running late” to text a family member that you’re on your way home.",iRobot,Start robot,This action will start your robot.,Generic/Other
kvHeazWn,MESH,Event from MESH app received,This Trigger fires every time your IFTTT Tag on MESH app receives an input signal from the other Tag.,SwitchBot,Bot press,This action will trigger the specified Bot to press the switch.,Generic/Other
m2tH73BV,Weather Underground,Sunset,This Trigger fires within 15 minutes of the sunset in your location.,Smart Life,Turn on,This action will turn on the device/group of your choosing.,Generic/Other
m7HfjDdk,tadoº Heating,tado⁠° switches to Home Mode,This trigger fires when tado⁠° switches to Home Mode.,TP-Link Kasa,Turn on,This action will turn on a device.,Generic/Other
m7ajyeRZ,Google Assistant,Say a simple phrase,"This trigger fires when you say “Ok Google” to the Google Assistant followed by a phrase you choose. For example, say “Ok Google, I’m running late” to text a family member that you’re on your way home.",WeMo Insight Switch,Turn off,"This Action will turn a WeMo Switch off. If the WeMo Switch is already off, it will remain off.",Generic/Other
m7wkcfN6,Weather Underground,Sunset,This Trigger fires within 15 minutes of the sunset in your location.,WeMo Smart Plug,Turn on,"This Action will turn a WeMo Switch on. If the WeMo Switch is already on, it will remain on.",Generic/Other
mChVD2cp,Location,You enter an area,This Trigger fires every time you enter an area you specify.,Heatmiser,Turn neoPlug on,This Action will allow you to switch on the selected neoPlug.,Generic/Other
mFAivwh9,SmartThings,Presence no longer detected,This Trigger fires every time your SmartThings device's presence is no longer detected.,iRobot,Start robot,This action will start your robot.,Generic/Other
mGrvsPdW,Weather Underground,Sunset,This Trigger fires within 15 minutes of the sunset in your location.,Wink: Pivot Power Genius,Turn outlet on,"This Action will turn on the Pivot Power Genius outlet you specify. If the outlet is already on, it will remain on.",Generic/Other
mHdLPpuN,Ooma,Incoming call from unknown number,This Trigger fires every time you receive an incoming call from a number that is not in your contact list.,WeMo Smart Plug,Turn on then off,This Action will turn a WeMo Switch on then immediately back off.,Generic/Other
mJwKjF5E,Location,You exit an area,This Trigger fires every time you exit an area you specify.,TP-Link Kasa,Turn on,This action will turn on a device.,Generic/Other
mLCnAYyE,Wyze,Contact Sensor closes,This trigger fires when a Contact Sensor closes.,Hubitat,Close a device,This action will close a Hubitat device.,Generic/Other
mM4hQ6bK,Wyze,Contact Sensor opens,This trigger fires when a Contact Sensor opens.,Hubitat,Open a device,This action will open a Hubitat device.,Generic/Other
mQRYGE5k,Nest Thermostat,Nest set to Away,This Trigger fires every time the home you specify is set to Away.,WeMo Smart Plug,Turn off,"This Action will turn a WeMo Switch off. If the WeMo Switch is already off, it will remain off.",Generic/Other
mT5axueL,Weather Underground,Current condition changes to,"This Trigger monitors changes in the current weather condition. When one of those conditions is met the Trigger fires. Currently only these simple conditions are supported: Rain, Snow, Cloudy, Clear. ",WeMo Smart Plug,Turn on,"This Action will turn a WeMo Switch on. If the WeMo Switch is already on, it will remain on.",Generic/Other
mVzfb5FX,WeMo Insight Switch,Daily minutes on is longer than,This Trigger fires when the device attached to your WeMo Insight Switch is turned on longer than the minutes you specify.,WeMo Insight Switch,Turn off,"This Action will turn a WeMo Switch off. If the WeMo Switch is already off, it will remain off.",Generic/Other
mY6ZLjCt,Email,Send IFTTT any email,Send IFTTT any email at trigger@applet.ifttt.com and this Trigger fires. You can optionally add a single file attachment and IFTTT will create a public URL to the file as an Ingredient. ,WeMo Smart Plug,Toggle on/off,This Action will toggle a WeMo Switch on or off.,Generic/Other
mYnVdwZW,Amazon Alexa,Say a specific phrase,"This trigger fires every time you say 'Alexa trigger' + the phrase that you have defined. For instance, if you set 'party time' as the phrase, you can say 'Alexa trigger party time' to have your lights loop colors.",WeMo Smart Plug,Toggle on/off,This Action will toggle a WeMo Switch on or off.,Generic/Other
mZrdNzxQ,Android Device,Disconnects from a specific WiFi network,This Trigger fires every time your Android device disconnects from a WiFi network you specify.,WeMo Maker,Turn relay on momentarily,This Action will turn a WeMo Maker on for 300 milliseconds. Note: WeMo Maker must be in 'Momentary' mode for this action to work.,Generic/Other
mfvwDr2Q,Apilio,Receive an event from Apilio,This trigger fires every time IFTTT receives a specific event from Apilio.,iRobot,Start robot,This action will start your robot.,Generic/Other
mgZYbLQa,Hubitat,Device turns off,This trigger fires when your Hubitat device turns off.,Smart Life,Turn off,This action will turn off the device/group of your choosing.,Generic/Other
mgdbmBYt,Weather Underground,Current temperature drops below,This Trigger monitors your local temperature and fires whenever the temperature drops below the value you provide.,Energenie Mi|Home,Power on device,This Action will turn on one of your Mi|Home devices.,Generic/Other
mjhNs6dT,August,Lock locked by specific person,This Trigger fires every time your lock is locked by a specific person.,Lutron Caséta and RA2 Select,Set light level,This Action will set a Lutron dimmer or switch to the level you specify.,Generic/Other
mjuXqvBF,Homey,A Flow has been started,This trigger is run every time a specific Flow has been started on Homey. In order to use this Applet you need to be an owner on your Homey and have the IFTTT Homey App installed.,Smart Life,Turn on,This action will turn on the device/group of your choosing.,Generic/Other
mnm3Pia7,Weather Underground,Current temperature rises above,This Trigger monitors your local temperature and fires whenever the temperature rises above the value you provide.,WeMo Smart Plug,Turn on,"This Action will turn a WeMo Switch on. If the WeMo Switch is already on, it will remain on.",Generic/Other
mtdKzGZa,Date & Time,Every day at,This Trigger fires every single day at a specific time set by you.,WeMo Smart Plug,Turn on,"This Action will turn a WeMo Switch on. If the WeMo Switch is already on, it will remain on.",Generic/Other
mvKxesXZ,Amazon Alexa,Say a specific phrase,"This trigger fires every time you say 'Alexa trigger' + the phrase that you have defined. For instance, if you set 'party time' as the phrase, you can say 'Alexa trigger party time' to have your lights loop colors.",TP-Link Kasa,Turn on,This action will turn on a device.,Generic/Other
mwAu5NRq,August,Lock unlocked by specific person,This Trigger fires every time your lock is unlocked by a specific person.,Wemo Dimmer,Change brightness,This action will change brightness of a Dimmer to a specified level/percentage.,Generic/Other
mwTSgc4r,Location,You exit an area,This Trigger fires every time you exit an area you specify.,TP-Link Kasa,Turn off,This action will turn off a selected device.,Generic/Other
mypeXVqw,Location,You enter an area,This Trigger fires every time you enter an area you specify.,iRobot,Stop robot,This action will stop your robot.,Generic/Other
mzH3FEks,Date & Time,Every day at,This Trigger fires every single day at a specific time set by you.,WeMo Smart Plug,Turn on,"This Action will turn a WeMo Switch on. If the WeMo Switch is already on, it will remain on.",Generic/Other
n5kMsbEt,Date & Time,Every day at,This Trigger fires every single day at a specific time set by you.,Smart Life,Turn on,This action will turn on the device/group of your choosing.,Generic/Other
nAMbTf3B,Date & Time,Every day of the week at,This Trigger fires only on specific days of the week at the time you provide.,WeMo Insight Switch,Turn off then on,This Action will turn a WeMo Switch off then immediately back on.,Generic/Other
nAcp4V2n,Google Wifi,Device Disconnects,This Trigger fires every time a device disconnects from Google Wifi.,WeMo Smart Plug,Turn off,"This Action will turn a WeMo Switch off. If the WeMo Switch is already off, it will remain off.",Generic/Other
nApDqHVf,Amazon Alexa,Say a specific phrase,"This trigger fires every time you say 'Alexa trigger' + the phrase that you have defined. For instance, if you set 'party time' as the phrase, you can say 'Alexa trigger party time' to have your lights loop colors.",WeMo Smart Plug,Turn on,"This Action will turn a WeMo Switch on. If the WeMo Switch is already on, it will remain on.",Generic/Other
nDtQLwZG,Date & Time,Every hour at,"This Trigger fires once an hour at :00, :15, :30, or :45 minutes past the hour.",TP-Link Kasa,Toggle,This action will toggle a device.,Generic/Other
nDvPknML,Ooma,Incoming call from known number,This Trigger fires every time you receive an incoming call from a phone number in your contact list.,WeMo Smart Plug,Turn on then off,This Action will turn a WeMo Switch on then immediately back off.,Generic/Other
nEGSMpje,Email,Send IFTTT any email,Send IFTTT any email at trigger@applet.ifttt.com and this Trigger fires. You can optionally add a single file attachment and IFTTT will create a public URL to the file as an Ingredient. ,WeMo Smart Plug,Turn on,"This Action will turn a WeMo Switch on. If the WeMo Switch is already on, it will remain on.",Generic/Other
nEhaRKCM,Kubu Smart,Door is Unlocked,Trigger an Applet when the door is unlocked,TP-Link Kasa,Turn on,This action will turn on a device.,Generic/Other
nGtSEVmp,Ooma,Any incoming call,This Trigger fires every time you receive an incoming call.,WeMo Smart Plug,Turn on then off,This Action will turn a WeMo Switch on then immediately back off.,Generic/Other
nGyzJimM,Weather Underground,Current condition changes to,"This Trigger monitors changes in the current weather condition. When one of those conditions is met the Trigger fires. Currently only these simple conditions are supported: Rain, Snow, Cloudy, Clear. ",Smart Life,Activate Scene,This action will activate the specified scene.,Generic/Other
nMmjVGnB,Location,You exit an area,This Trigger fires every time you exit an area you specify.,WeMo Smart Plug,Turn off,"This Action will turn a WeMo Switch off. If the WeMo Switch is already off, it will remain off.",Generic/Other
nQDqNeBZ,Weather Underground,Sunrise,This Trigger fires within 15 minutes of the sunrise in your location.,MagicHue,Activate Scene,This action will activate your scene.,Generic/Other
nQZmSrH4,Google Assistant,Say a simple phrase,"This trigger fires when you say “Ok Google” to the Google Assistant followed by a phrase you choose. For example, say “Ok Google, I’m running late” to text a family member that you’re on your way home.",Smart Life,Turn on,This action will turn on the device/group of your choosing.,Generic/Other
nRTrjmYP,Weather Underground,Current condition changes to,"This Trigger monitors changes in the current weather condition. When one of those conditions is met the Trigger fires. Currently only these simple conditions are supported: Rain, Snow, Cloudy, Clear. ",WeMo Smart Plug,Turn on,"This Action will turn a WeMo Switch on. If the WeMo Switch is already on, it will remain on.",Generic/Other
nRbrCBGX,Button widget,Button press,This trigger fires every time you press the button.,Lutron Caséta and RA2 Select,Set light level,This Action will set a Lutron dimmer or switch to the level you specify.,Generic/Other
nRn75pWA,Button widget,Button press,This trigger fires every time you press the button.,GE Appliances GeoSpring™,Set vacation mode,This Action will set your GE water heater to vacation mode for the desired number of days.,Generic/Other
nRxEv2DC,Fort Collins Utilities Time of Day Pricing,Time of Day Peak Rates START/END,This trigger fires when time-of-day peak rates start or end.,TP-Link Kasa,Turn off,This action will turn off a selected device.,Generic/Other
nSDTb9xt,Nest Protect,Carbon monoxide warning,This Trigger fires every time the Nest Protect you specify detects warning carbon monoxide levels.,WeMo Smart Plug,Turn on,"This Action will turn a WeMo Switch on. If the WeMo Switch is already on, it will remain on.",Generic/Other
nTFV9Am3,Button widget,Button press,This trigger fires every time you press the button.,SwitchBot,Bot press,This action will trigger the specified Bot to press the switch.,Generic/Other
nV2XbAS7,Weather Underground,Sunset,This Trigger fires within 15 minutes of the sunset in your location.,WeMo Smart Plug,Turn on,"This Action will turn a WeMo Switch on. If the WeMo Switch is already on, it will remain on.",Generic/Other
nVqz5fGw,Date & Time,Every day at,This Trigger fires every single day at a specific time set by you.,WeMo Smart Plug,Turn off,"This Action will turn a WeMo Switch off. If the WeMo Switch is already off, it will remain off.",Generic/Other
nXR3wdSh,Button widget,Button press,This trigger fires every time you press the button.,TP-Link Kasa,Turn on,This action will turn on a device.,Generic/Other
nYK7Lra4,Amazon Alexa,Say a specific phrase,"This trigger fires every time you say 'Alexa trigger' + the phrase that you have defined. For instance, if you set 'party time' as the phrase, you can say 'Alexa trigger party time' to have your lights loop colors.",WeMo Insight Switch,Turn off,"This Action will turn a WeMo Switch off. If the WeMo Switch is already off, it will remain off.",Generic/Other
naJDhusP,uHoo,uHoo air quality alert,This trigger fires when your air quality goes above or below the target level.,WeMo Smart Plug,Turn on,"This Action will turn a WeMo Switch on. If the WeMo Switch is already on, it will remain on.",Generic/Other
ncKzdLHA,Google Wifi,Device Connects,This Trigger fires every time a device connects to Google Wifi.,WeMo Smart Plug,Turn on,"This Action will turn a WeMo Switch on. If the WeMo Switch is already on, it will remain on.",Generic/Other
ndQArVZY,Button widget,Button press,This trigger fires every time you press the button.,SwitchBot,Bot turn on ,This action will trigger the specified Bot to turn on the switch.,Generic/Other
neuMWjtr,Twitter,New tweet by you,This Trigger fires every time you post a new tweet.,WeMo Smart Plug,Turn on,"This Action will turn a WeMo Switch on. If the WeMo Switch is already on, it will remain on.",Generic/Other
nh9CevAK,Hubitat,Device turns on,This trigger fires when your Hubitat device turns on.,Smart Life,Turn on,This action will turn on the device/group of your choosing.,Generic/Other
nqbDG8RQ,Arlo,Motion detected,This Trigger fires when your Arlo device detects motion.,TP-Link Kasa,Turn on,This action will turn on a device.,Generic/Other
nrXLN4FC,Date & Time,Every hour at,"This Trigger fires once an hour at :00, :15, :30, or :45 minutes past the hour.",Wink: Aros,Turn A/C off,This Action will turn your Aros A/C off.,Generic/Other
nrnvqcfm,Location,You enter an area,This Trigger fires every time you enter an area you specify.,iDevices,Turn on,This action will turn the specified product on.,Generic/Other
nt5rgsjP,Date & Time,Every day at,This Trigger fires every single day at a specific time set by you.,WeMo Smart Plug,Turn off,"This Action will turn a WeMo Switch off. If the WeMo Switch is already off, it will remain off.",Generic/Other
nwu4Czkj,Date & Time,Every day of the week at,This Trigger fires only on specific days of the week at the time you provide.,WeMo Smart Plug,Turn off,"This Action will turn a WeMo Switch off. If the WeMo Switch is already off, it will remain off.",Generic/Other
nwxv8Bb3,Date & Time,Every day at,This Trigger fires every single day at a specific time set by you.,WeMo Smart Plug,Turn off,"This Action will turn a WeMo Switch off. If the WeMo Switch is already off, it will remain off.",Generic/Other
p3zJMSeq,Amazon Alexa,Say a specific phrase,"This trigger fires every time you say 'Alexa trigger' + the phrase that you have defined. For instance, if you set 'party time' as the phrase, you can say 'Alexa trigger party time' to have your lights loop colors.",TP-Link Kasa,Activate scene,This action will activate a selected Scene from your account.,Generic/Other
pDn38uhY,Date & Time,Every day of the week at,This Trigger fires only on specific days of the week at the time you provide.,WeMo Smart Plug,Toggle on/off,This Action will toggle a WeMo Switch on or off.,Generic/Other
pEQ74HU5,Date & Time,Every day at,This Trigger fires every single day at a specific time set by you.,WeMo Smart Plug,Turn on,"This Action will turn a WeMo Switch on. If the WeMo Switch is already on, it will remain on.",Generic/Other
pJsgREv6,Google Calendar,Event from search starts,"This Trigger fires a set number of minutes before the starting time of an event on your Calendar that contains a specific keyword or phrase in the event’s Title, Description, or Location. Ingredient will be based on the zone set in Google.",TP-Link Kasa,Turn off,This action will turn off a selected device.,Generic/Other
pKWJCLwq,Nest Cam,New sound or motion event,This Trigger fires every time the camera detects a sound or motion event.,WeMo Smart Plug,Turn on,"This Action will turn a WeMo Switch on. If the WeMo Switch is already on, it will remain on.",Generic/Other
pYPwac8V,MESH,Event from MESH app received,This Trigger fires every time your IFTTT Tag on MESH app receives an input signal from the other Tag.,WeMo Insight Switch,Turn off,"This Action will turn a WeMo Switch off. If the WeMo Switch is already off, it will remain off.",Generic/Other
pYjQdEfe,Google Calendar,Any event ends,This Trigger fires within 15 minutes of the ending time of an event on your Google Calendar.,iRobot,Resume robot,This action will resume your robot.,Generic/Other
pZm9jtyL,Ring,New Ring Detected,This Trigger fires every time somebody rings your Ring Doorbell.,iRobot,Pause robot,This action will pause your robot.,Generic/Other
paPN89bd,Weather Underground,Sunset,This Trigger fires within 15 minutes of the sunset in your location.,Smart Life,Turn on,This action will turn on the device/group of your choosing.,Generic/Other
pfiCzbrA,Date & Time,Every day at,This Trigger fires every single day at a specific time set by you.,iDevices,Adjust brightness,This action will set the percentage of brightness for the specified product.,Generic/Other
pk35jpAf,UbiBot,Temperature Rises above or Drops below,This trigger monitors the UbiBot device's built-in temperature sensor readings and fires whenever the temperature rises above or drops below the value you provide.,WeMo Insight Switch,Turn on,"This Action will turn a WeMo Insight Switch on. If the WeMo Insight Switch is already on, it will remain on.",Generic/Other
pqKNV8js,Location,You enter an area,This Trigger fires every time you enter an area you specify.,WeMo Insight Switch,Turn on,"This Action will turn a WeMo Insight Switch on. If the WeMo Insight Switch is already on, it will remain on.",Generic/Other
prBKQCDx,Flic,Flic is clicked,This Trigger fires every time you click the selected Flic.,TP-Link Kasa,Activate scene,This action will activate a selected Scene from your account.,Generic/Other
prYW3AKd,ecobee,Thermostat indoor temperature is greater than,This trigger fires every time your ecobee thermostat senses that the indoor temperature is greater than a specific value you supply.,TP-Link Kasa,Turn on,This action will turn on a device.,Generic/Other
psRYWJHn,WeMo Smart Plug,Switched on,This Trigger fires every time your WeMo Switch is turned on.,WeMo Smart Plug,Turn on,"This Action will turn a WeMo Switch on. If the WeMo Switch is already on, it will remain on.",Generic/Other
psWF8UrD,Date & Time,Every year on,This Trigger fires once a year on the date and time you specify.,Smart Life,Turn on,This action will turn on the device/group of your choosing.,Generic/Other
pweUsATX,Smart Home Solution,We detect that the home is empty,This trigger fires when every family member has left.,WeMo Smart Plug,Turn off,"This Action will turn a WeMo Switch off. If the WeMo Switch is already off, it will remain off.",Generic/Other
pzhxfnJB,Weather Underground,Current temperature rises above,This Trigger monitors your local temperature and fires whenever the temperature rises above the value you provide.,TP-Link Kasa,Turn on,This action will turn on a device.,Generic/Other
pzw3kP2E,Weather Underground,Sunrise,This Trigger fires within 15 minutes of the sunrise in your location.,WeMo Smart Plug,Turn on,"This Action will turn a WeMo Switch on. If the WeMo Switch is already on, it will remain on.",Generic/Other
q2kHmKhZ,Arlo,Motion detected,This Trigger fires when your Arlo device detects motion.,TP-Link Kasa,Turn on,This action will turn on a device.,Generic/Other
q3aQGZX2,Location,You enter an area,This Trigger fires every time you enter an area you specify.,Wemo Dimmer,Turn on,"This action will turn a WeMo Dimmer on. If the WeMo Dimmer is already on, it will remain on.",Generic/Other
q4Ud2ne9,Powered by Viva,Motion detected,This trigger fires when motion is detected.,WeMo Smart Plug,Turn on,"This Action will turn a WeMo Switch on. If the WeMo Switch is already on, it will remain on.",Generic/Other
q6DtHpVF,Reposit Power,You started exporting solar,This trigger fires when you start exporting solar power to the grid.,TP-Link Kasa,Turn on,This action will turn on a device.,Generic/Other
q7sjfMDJ,Weather Underground,Current condition changes to,"This Trigger monitors changes in the current weather condition. When one of those conditions is met the Trigger fires. Currently only these simple conditions are supported: Rain, Snow, Cloudy, Clear. ",Smart Life,Activate Scene,This action will activate the specified scene.,Generic/Other
q8ruRCeT,SwitchBot,Temperature or humidity changes,"Whenever a preset temperature and/or humidity change detected, SwitchBot Thermometer & Hygrometer (the Meter) will try to trigger the service. E.g. if the temperature is too high, turn on AC with the SwitchBot Hub Plus (the Hub Plus).",Heatzy,Turn off,This action will turn off a specific device,Generic/Other
q9HRfjDP,Google Assistant,Say a simple phrase,"This trigger fires when you say “Ok Google” to the Google Assistant followed by a phrase you choose. For example, say “Ok Google, I’m running late” to text a family member that you’re on your way home.",WeMo Smart Plug,Turn on,"This Action will turn a WeMo Switch on. If the WeMo Switch is already on, it will remain on.",Generic/Other
q9i2fYSu,Weather Underground,Sunset,This Trigger fires within 15 minutes of the sunset in your location.,WeMo Smart Plug,Toggle on/off,This Action will toggle a WeMo Switch on or off.,Generic/Other
qA5d4kbc,Location,You exit an area,This Trigger fires every time you exit an area you specify.,TP-Link Kasa,Activate scene,This action will activate a selected Scene from your account.,Generic/Other
qBCtbcr7,Litter-Robot by Whisker,Litter Robot Events,This trigger fires when an event is triggered from your litter robot. ie. Clean Cycle Completes,iRobot,Clean by Room,This action will clean a specific room in your home. For robots with Imprint™ Smart Mapping technology.,Generic/Other
qDXgivRw,Amazon Alexa,Your Alarm goes off,This Trigger fires every time your alarm goes off.,Smart Life,Turn on,This action will turn on the device/group of your choosing.,Generic/Other
qEApYiHW,Date & Time,Every day of the week at,This Trigger fires only on specific days of the week at the time you provide.,GE Appliances GeoSpring™,Set vacation mode,This Action will set your GE water heater to vacation mode for the desired number of days.,Generic/Other
qFiB5TeA,UbiBot,External-DS18B20-Temperature-Probe-1 Rises above or Drops below,This trigger monitors the UbiBot device's external DS18B20 temperature probe 1's readings and fires whenever the temperature rises above or drops below the value you provide (Available for WS1 and WS1-PRO devices).  ,Smart Life,Turn on,This action will turn on the device/group of your choosing.,Generic/Other
qJH4XtEY,ComEd,Change in Average Price,This trigger fires for an account that is on a dynamic pricing plan such as the Residential Hourly Pricing program or other real time market rates whenever the average price changes.,WeMo Smart Plug,Turn off,"This Action will turn a WeMo Switch off. If the WeMo Switch is already off, it will remain off.",Generic/Other
qKB8MgSV,Google Assistant,Say a simple phrase,"This trigger fires when you say “Ok Google” to the Google Assistant followed by a phrase you choose. For example, say “Ok Google, I’m running late” to text a family member that you’re on your way home.",Smart Life,Turn off,This action will turn off the device/group of your choosing.,Generic/Other
qLUDCi9A,Date & Time,Every year on,This Trigger fires once a year on the date and time you specify.,TP-Link Kasa,Activate scene,This action will activate a selected Scene from your account.,Generic/Other
qM52uxti,Button widget,Button press,This trigger fires every time you press the button.,SwitchBot,Bot turn on ,This action will trigger the specified Bot to turn on the switch.,Generic/Other
qNAkyM6F,WeMo Light Switch,Long press,This Trigger fires every time your WeMo Light Switch is turned on or off with a long press over two seconds.,WeMo Insight Switch,Toggle on/off,This Action will toggle a WeMo Insight Switch on or off.,Generic/Other
qNCBRnrp,Ooma,New voicemail,This Trigger fires every time you receive a new voicemail.,WeMo Smart Plug,Turn off then on,This Action will turn a WeMo Switch off then immediately back on.,Generic/Other
qQXWRNZk,SmartThings,Temperature drops below,This Trigger fires every time your SmartThings device detects temperatures below a value you specify.,Smart Life,Turn on,This action will turn on the device/group of your choosing.,Generic/Other
qU3LrEqb,Nest Thermostat,Nest set to Home,This Trigger fires every time the home you specify is set to Home.,WeMo Smart Plug,Turn on,"This Action will turn a WeMo Switch on. If the WeMo Switch is already on, it will remain on.",Generic/Other
qWqjFfiy,eWeLink Smart Home,RF Bridge Alarm activated,This trigger fires when an alarm of your RF Bridge is activated.,Smart Life,Activate Scene,This action will activate the specified scene.,Generic/Other
qYWQPKHh,Android Device,Notification received from a specific app,This trigger fires every time a new notification is received on your Android device from an app that you specify. NOTE: will not fire for IFTTT app notifications.,Smart Life,Turn off,This action will turn off the device/group of your choosing.,Generic/Other
qa952vDz,Lotus Watches,Pusher pressed,This trigger is fired from the assigned pusher on your Lotus watch.,WeMo Insight Switch,Toggle on/off,This Action will toggle a WeMo Insight Switch on or off.,Generic/Other
qazcsLt9,Date & Time,Every day at,This Trigger fires every single day at a specific time set by you.,VeSync Dimmer,Turn off,This action will turn off a device.,Generic/Other
qb2sTQpf,Date & Time,Every day at,This Trigger fires every single day at a specific time set by you.,Optoma,Turn on/off my projector,This action will turn on/off my projector.,Generic/Other
qbNy3pKr,WeMo Lighting,Light switched on,This Trigger fires every time your WeMo light switches on.,TP-Link Kasa,Turn on,This action will turn on a device.,Generic/Other
qdcuKxvn,Date & Time,Every day of the week at,This Trigger fires only on specific days of the week at the time you provide.,WeMo Smart Plug,Turn on,"This Action will turn a WeMo Switch on. If the WeMo Switch is already on, it will remain on.",Generic/Other
qeHsP8cV,Date & Time,Every day of the week at,This Trigger fires only on specific days of the week at the time you provide.,WeMo Smart Plug,Turn off,"This Action will turn a WeMo Switch off. If the WeMo Switch is already off, it will remain off.",Generic/Other
qekRDGUX,Wireless Tag,Door or window is opened,This Trigger fires when a specified motion sensor tag(s) or reed sensor(s) detect that a door or window is open.,WeMo Insight Switch,Turn on,"This Action will turn a WeMo Insight Switch on. If the WeMo Insight Switch is already on, it will remain on.",Generic/Other
qjQvTBWJ,Amazon Alexa,Your Alarm goes off,This Trigger fires every time your alarm goes off.,TP-Link Kasa,Activate scene,This action will activate a selected Scene from your account.,Generic/Other
qju8ZiF5,Android Device,Connects to a specific WiFi network,This Trigger fires every time your Android device connects to a WiFi network you specify.,TP-Link Kasa,Turn on,This action will turn on a device.,Generic/Other
qnHDsmYp,Weather Underground,Sunset,This Trigger fires within 15 minutes of the sunset in your location.,WeMo Smart Plug,Turn on,"This Action will turn a WeMo Switch on. If the WeMo Switch is already on, it will remain on.",Generic/Other
qnfBJMYu,Ring,New Ring Detected,This Trigger fires every time somebody rings your Ring Doorbell.,TP-Link Kasa,Turn on,This action will turn on a device.,Generic/Other
qq2AQ3VY,Weather Underground,Sunset,This Trigger fires within 15 minutes of the sunset in your location.,Smart Life,Turn on,This action will turn on the device/group of your choosing.,Generic/Other
qrixKVLP,Nest Thermostat,Nest set to Away,This Trigger fires every time the home you specify is set to Away.,WeMo Smart Plug,Turn on,"This Action will turn a WeMo Switch on. If the WeMo Switch is already on, it will remain on.",Generic/Other
qs79R4DJ,Weather Underground,Current temperature drops below,This Trigger monitors your local temperature and fires whenever the temperature drops below the value you provide.,TP-Link Kasa,Turn on,This action will turn on a device.,Generic/Other
qsCMBKSm,SpotCam,Motion event detected,This Trigger fires every time a motion event is detected.,WeMo Insight Switch,Turn off,"This Action will turn a WeMo Switch off. If the WeMo Switch is already off, it will remain off.",Generic/Other
qsMBqtvJ,Weather Underground,Sunset,This Trigger fires within 15 minutes of the sunset in your location.,WeMo Maker,Turn relay on momentarily,This Action will turn a WeMo Maker on for 300 milliseconds. Note: WeMo Maker must be in 'Momentary' mode for this action to work.,Generic/Other
qt5RkJMp,Amazon Alexa,Say a specific phrase,"This trigger fires every time you say 'Alexa trigger' + the phrase that you have defined. For instance, if you set 'party time' as the phrase, you can say 'Alexa trigger party time' to have your lights loop colors.",Smart Life,Turn on,This action will turn on the device/group of your choosing.,Generic/Other
quNnirQG,Email,Send IFTTT an email tagged,Send IFTTT an email at trigger@applet.ifttt.com with a hashtag in the subject (e.g. #IFTTT) and this Trigger fires. You can optionally add a single file attachment and IFTTT will create a public URL to the file as an Ingredient.,WeMo Smart Plug,Turn on,"This Action will turn a WeMo Switch on. If the WeMo Switch is already on, it will remain on.",Generic/Other
qw9qDbGW,Date & Time,Every hour at,"This Trigger fires once an hour at :00, :15, :30, or :45 minutes past the hour.",WeMo Insight Switch,Turn off then on,This Action will turn a WeMo Switch off then immediately back on.,Generic/Other
qzCAk3St,Amazon Alexa,Say a specific phrase,"This trigger fires every time you say 'Alexa trigger' + the phrase that you have defined. For instance, if you set 'party time' as the phrase, you can say 'Alexa trigger party time' to have your lights loop colors.",Wemo Dimmer,Turn off,"This action will turn a WeMo Dimmer off. If the WeMo Dimmer is already off, it will remain off.",Generic/Other
qzqp7LNU,Date & Time,Every hour at,"This Trigger fires once an hour at :00, :15, :30, or :45 minutes past the hour.",WeMo Insight Switch,Turn off then on,This Action will turn a WeMo Switch off then immediately back on.,Generic/Other
r46Zs3Mh,Date & Time,Every day at,This Trigger fires every single day at a specific time set by you.,Energenie Mi|Home,Power off device,This Action will turn off one of your Mi|Home devices.,Generic/Other
r8s4Sw3Q,Weather Underground,Sunset,This Trigger fires within 15 minutes of the sunset in your location.,TP-Link Kasa,Turn on,This action will turn on a device.,Generic/Other
rAn82jQm,Knocki,Gesture with task matching ID occurs,This trigger fires if you tap a gesture with a custom IFTTT task matching the ID of this trigger.,Smart Life,Activate Scene,This action will activate the specified scene.,Generic/Other
rBmyLz4q,Weather Underground,Current temperature rises above,This Trigger monitors your local temperature and fires whenever the temperature rises above the value you provide.,TP-Link Kasa,Turn off,This action will turn off a selected device.,Generic/Other
rEJFHsmh,Button widget,Button press,This trigger fires every time you press the button.,SwitchBot,Bot press,This action will trigger the specified Bot to press the switch.,Generic/Other
rEgbdunV,SmartThings,Temperature rises above,This Trigger fires every time your SmartThings device detects temperatures above a value you specify.,Smart Life,Turn off,This action will turn off the device/group of your choosing.,Generic/Other
rHjq6Jxf,Facebook,You are tagged in a photo,This Trigger fires every time you are tagged you in a new photo. NOTE: Facebook privacy settings may block IFTTT’s access to some photos you are tagged in.,WeMo Smart Plug,Turn off then on,This Action will turn a WeMo Switch off then immediately back on.,Generic/Other
rJAmu5Lh,Nest Thermostat,Temperature drops below,This Trigger fires every time the temperature drops below a threshold you specify.,Wink: Pivot Power Genius,Turn outlet off,"This Action will turn off the Pivot Power Genius outlet you specify. If the outlet is already off, it will remain off.",Generic/Other
rKL5iXYt,Android Device,Disconnects from a specific WiFi network,This Trigger fires every time your Android device disconnects from a WiFi network you specify.,Wink: Aros,Turn A/C off,This Action will turn your Aros A/C off.,Generic/Other
rLiKG8zc,Button widget,Button press,This trigger fires every time you press the button.,VeSync Dimmer,Toggle,This action will toggle a device.,Generic/Other
rNTYShcf,Aura Air ,Sensor Measurement,This trigger will only start when a specific value of a specific sensor of your Aura Air device is reached,Sensibo,Turn A/C off,Turn your A/C off,Generic/Other
rQC3gGtm,Date & Time,Every day at,This Trigger fires every single day at a specific time set by you.,Smart Life,Turn on,This action will turn on the device/group of your choosing.,Generic/Other
rTpAHjYr,Weather Underground,Sunset,This Trigger fires within 15 minutes of the sunset in your location.,Lutron Caséta and RA2 Select,Set light level,This Action will set a Lutron dimmer or switch to the level you specify.,Generic/Other
rXqBVd7M,Weather Underground,Sunrise,This Trigger fires within 15 minutes of the sunrise in your location.,Smart Life,Turn on,This action will turn on the device/group of your choosing.,Generic/Other
rYKcUxNT,WeMo Insight Switch,Switched on,This Trigger fires every time your WeMo Insight Switch is turned on.,WeMo Insight Switch,Turn on,"This Action will turn a WeMo Insight Switch on. If the WeMo Insight Switch is already on, it will remain on.",Generic/Other
rYhWwbF7,Date & Time,Every day at,This Trigger fires every single day at a specific time set by you.,WeMo Smart Plug,Turn off,"This Action will turn a WeMo Switch off. If the WeMo Switch is already off, it will remain off.",Generic/Other
rZhHbc8y,Google Assistant,Say a simple phrase,"This trigger fires when you say “Ok Google” to the Google Assistant followed by a phrase you choose. For example, say “Ok Google, I’m running late” to text a family member that you’re on your way home.",WeMo Smart Plug,Turn off,"This Action will turn a WeMo Switch off. If the WeMo Switch is already off, it will remain off.",Generic/Other
rb2LBNFg,Ring,New Motion Detected,This Trigger fires every time a motion is detected at the given doorbell.,WeMo Smart Plug,Turn on,"This Action will turn a WeMo Switch on. If the WeMo Switch is already on, it will remain on.",Generic/Other
reYryR6X,Date & Time,Every day at,This Trigger fires every single day at a specific time set by you.,WeMo Smart Plug,Turn off,"This Action will turn a WeMo Switch off. If the WeMo Switch is already off, it will remain off.",Generic/Other
rfsy4XtG,Weather Underground,Sunset,This Trigger fires within 15 minutes of the sunset in your location.,WeMo Insight Switch,Turn on,"This Action will turn a WeMo Insight Switch on. If the WeMo Insight Switch is already on, it will remain on.",Generic/Other
rgicryDV,Google Assistant,Say a simple phrase,"This trigger fires when you say “Ok Google” to the Google Assistant followed by a phrase you choose. For example, say “Ok Google, I’m running late” to text a family member that you’re on your way home.",Smart Life,Turn off,This action will turn off the device/group of your choosing.,Generic/Other
rh5B68tV,Weather Underground,Sunset,This Trigger fires within 15 minutes of the sunset in your location.,WeMo Smart Plug,Turn on,"This Action will turn a WeMo Switch on. If the WeMo Switch is already on, it will remain on.",Generic/Other
rhj7iat4,Nest Thermostat,Nest set to Away,This Trigger fires every time the home you specify is set to Away.,WeMo Smart Plug,Turn off,"This Action will turn a WeMo Switch off. If the WeMo Switch is already off, it will remain off.",Generic/Other
rqmxCST2,Email,Send IFTTT an email tagged,Send IFTTT an email at trigger@applet.ifttt.com with a hashtag in the subject (e.g. #IFTTT) and this Trigger fires. You can optionally add a single file attachment (up to 30MB) and IFTTT will create a public URL to the file as an Ingredient.,WeMo Smart Plug,Turn on then off,This Action will turn a WeMo Switch on then immediately back off.,Generic/Other
rrk7YtTa,Wyze,Contact Sensor closes,This trigger fires when a Contact Sensor closes.,TP-Link Kasa,Turn off,This action will turn off a selected device.,Generic/Other
rtiapfnz,WeMo Smart Plug,Switched on,This Trigger fires every time your WeMo Switch is turned on.,WeMo Smart Plug,Turn off,"This Action will turn a WeMo Switch off. If the WeMo Switch is already off, it will remain off.",Generic/Other
rturqhkX,Google Assistant,Say a simple phrase,"This trigger fires when you say “Ok Google” to the Google Assistant followed by a phrase you choose. For example, say “Ok Google, I’m running late” to text a family member that you’re on your way home.",WeMo Smart Plug,Toggle on/off,This Action will toggle a WeMo Switch on or off.,Generic/Other
rvTzBmyb,Location,You exit an area,This Trigger fires every time you exit an area you specify.,TP-Link Kasa,Activate scene,This action will activate a selected Scene from your account.,Generic/Other
rvkhC5a3,Agile Octopus,Energy price change,Use this trigger to fire something when your electricity price falls or rises past your set threshold and between your preferred time settings.,WeMo Smart Plug,Turn on,"This Action will turn a WeMo Switch on. If the WeMo Switch is already on, it will remain on.",Generic/Other
rx8GwRuk,Button widget,Button press,This trigger fires every time you press the button.,SwitchBot,Bot turn on ,This action will trigger the specified Bot to turn on the switch.,Generic/Other
s3mDAHZg,WeMo Insight Switch,Switched on,This Trigger fires every time your WeMo Insight Switch is turned on.,WeMo Insight Switch,Toggle on/off,This Action will toggle a WeMo Insight Switch on or off.,Generic/Other
s6yAm2Ht,Google Assistant,Say a simple phrase,"This trigger fires when you say “Ok Google” to the Google Assistant followed by a phrase you choose. For example, say “Ok Google, I’m running late” to text a family member that you’re on your way home.",Smart Life,Turn on,This action will turn on the device/group of your choosing.,Generic/Other
s98s2XwC,Date & Time,Every day of the week at,This Trigger fires only on specific days of the week at the time you provide.,WeMo Smart Plug,Turn off,"This Action will turn a WeMo Switch off. If the WeMo Switch is already off, it will remain off.",Generic/Other
sFgSGLir,Button widget,Button press,This trigger fires every time you press the button.,TP-Link Kasa,Toggle,This action will toggle a device.,Generic/Other
sFwENSyZ,Date & Time,Every day of the week at,This Trigger fires only on specific days of the week at the time you provide.,TP-Link Kasa,Activate scene,This action will activate a selected Scene from your account.,Generic/Other
sG2Br54t,SmartThings,Presence no longer detected,This Trigger fires every time your SmartThings device's presence is no longer detected.,WeMo Smart Plug,Turn off,"This Action will turn a WeMo Switch off. If the WeMo Switch is already off, it will remain off.",Generic/Other
sJChY7vp,Nest Cam,New sound or motion event,This Trigger fires every time the camera detects a sound or motion event.,TP-Link Kasa,Turn on,This action will turn on a device.,Generic/Other
sQwS8GsM,WeMo Motion,Any new motion,This Trigger fires every time your WeMo Motion sensor detects new motion.,SwitchBot,Bot press,This action will trigger the specified Bot to press the switch.,Generic/Other
sRfZrbJP,Nest Protect,Carbon monoxide emergency,This Trigger fires every time the Nest Protect you specify detects dangerous carbon monoxide levels.,WeMo Smart Plug,Turn on,"This Action will turn a WeMo Switch on. If the WeMo Switch is already on, it will remain on.",Generic/Other
sSerBLRc,Litter-Robot by Whisker,Litter Robot Events,This trigger fires when an event is triggered from your litter robot. ie. Clean Cycle Completes,iRobot,Clean by Room,This action will clean a specific room in your home. For robots with Imprint™ Smart Mapping technology.,Generic/Other
sUDvmf3T,Amazon Alexa,Say a specific phrase,"This trigger fires every time you say 'Alexa trigger' + the phrase that you have defined. For instance, if you set 'party time' as the phrase, you can say 'Alexa trigger party time' to have your lights loop colors.",TP-Link Kasa,Turn on,This action will turn on a device.,Generic/Other
sWfr6MBK,WeMo Insight Switch,Switched off,This Trigger fires every time your WeMo Insight Switch is turned off.,WeMo Insight Switch,Turn on,"This Action will turn a WeMo Insight Switch on. If the WeMo Insight Switch is already on, it will remain on.",Generic/Other
scAgGRd7,Nest Protect,Carbon monoxide emergency,This Trigger fires every time the Nest Protect you specify detects dangerous carbon monoxide levels.,WeMo Smart Plug,Turn on,"This Action will turn a WeMo Switch on. If the WeMo Switch is already on, it will remain on.",Generic/Other
sfLxR94C,Date & Time,Every day at,This Trigger fires every single day at a specific time set by you.,WeMo Smart Plug,Turn on,"This Action will turn a WeMo Switch on. If the WeMo Switch is already on, it will remain on.",Generic/Other
sh5eV2MC,Amazon Alexa,Say a specific phrase,"This trigger fires every time you say 'Alexa trigger' + the phrase that you have defined. For instance, if you set 'party time' as the phrase, you can say 'Alexa trigger party time' to have your lights loop colors.",Smart Life,Turn on,This action will turn on the device/group of your choosing.,Generic/Other
sjL7yt3q,Date & Time,Every day at,This Trigger fires every single day at a specific time set by you.,GE Appliances GeoSpring™,Set operating mode,This Action will set the operating mode of your GE water heater.,Generic/Other
sm4yAuLS,Location,You enter an area,This Trigger fires every time you enter an area you specify.,iRobot,Dock robot,This action will dock your robot.,Generic/Other
smny7dCJ,Works With Cavius,Alarm,This trigger fires during alarms,Smart Life,Turn off,This action will turn off the device/group of your choosing.,Generic/Other
sn37duJN,Smart Life,Door sensor is open,This trigger fires when the door sensor is open.,Smart Life,Turn on,This action will turn on the device/group of your choosing.,Generic/Other
ssK4XrfA,ComEd,Change in Average Price,This trigger fires for an account that is on a dynamic pricing plan such as the Residential Hourly Pricing program or other real time market rates whenever the average price changes.,WeMo Smart Plug,Turn off,"This Action will turn a WeMo Switch off. If the WeMo Switch is already off, it will remain off.",Generic/Other
t5gLDAb4,Google Assistant,Say a simple phrase,"This trigger fires when you say “Ok Google” to the Google Assistant followed by a phrase you choose. For example, say “Ok Google, I’m running late” to text a family member that you’re on your way home.",Smart Life,Turn on,This action will turn on the device/group of your choosing.,Generic/Other
t7ripW4M,Smart Life,Door sensor is open,This trigger fires when the door sensor is open.,Smart Life,Turn on,This action will turn on the device/group of your choosing.,Generic/Other
tAcxyZhj,Location,You exit an area,This Trigger fires every time you exit an area you specify.,TP-Link Kasa,Turn off,This action will turn off a selected device.,Generic/Other
tDBVTCzN,Weather Underground,Sunset,This Trigger fires within 15 minutes of the sunset in your location.,WeMo Smart Plug,Turn on,"This Action will turn a WeMo Switch on. If the WeMo Switch is already on, it will remain on.",Generic/Other
tFiW46B8,Date & Time,Every day at,This Trigger fires every single day at a specific time set by you.,WeMo Smart Plug,Turn off,"This Action will turn a WeMo Switch off. If the WeMo Switch is already off, it will remain off.",Generic/Other
tJ7e8VcU,Email,Send IFTTT any email,Send IFTTT any email at trigger@applet.ifttt.com and this Trigger fires. You can optionally add a single file attachment and IFTTT will create a public URL to the file as an Ingredient. This trigger will reject emails with attachments over 30MB.,WeMo Smart Plug,Turn on,"This Action will turn a WeMo Switch on. If the WeMo Switch is already on, it will remain on.",Generic/Other
tJWLQg5e,HomeSeer,A device is turned off,This Trigger fires when a device attached to your HomeSeer system is turned off.,WeMo Smart Plug,Turn off,"This Action will turn a WeMo Switch off. If the WeMo Switch is already off, it will remain off.",Generic/Other
tKHvQb59,Weather Underground,Sunrise,This Trigger fires within 15 minutes of the sunrise in your location.,Energenie Mi|Home,Power off device,This Action will turn off one of your Mi|Home devices.,Generic/Other
tLENyeAi,Weather Underground,Sunset,This Trigger fires within 15 minutes of the sunset in your location.,WeMo Smart Plug,Turn on,"This Action will turn a WeMo Switch on. If the WeMo Switch is already on, it will remain on.",Generic/Other
tTWe2mHC,MESH,Event from MESH app received,This Trigger fires every time your IFTTT Tag on MESH app receives an input signal from the other Tag.,WeMo Insight Switch,Turn on,"This Action will turn a WeMo Insight Switch on. If the WeMo Insight Switch is already on, it will remain on.",Generic/Other
tWNBuzmy,Date & Time,Every day of the week at,This Trigger fires only on specific days of the week at the time you provide.,WeMo Smart Plug,Turn on,"This Action will turn a WeMo Switch on. If the WeMo Switch is already on, it will remain on.",Generic/Other
taj6MtNR,Weather Underground,Current temperature rises above,This Trigger monitors your local temperature and fires whenever the temperature rises above the value you provide.,WeMo Smart Plug,Turn on,"This Action will turn a WeMo Switch on. If the WeMo Switch is already on, it will remain on.",Generic/Other
tcRxWsv8,Date & Time,Every day of the week at,This Trigger fires only on specific days of the week at the time you provide.,Wink: Aros,Turn A/C off,This Action will turn your Aros A/C off.,Generic/Other
tfmFtipc,Smart Life,Device or group is turned on,This trigger fires when the specified device/group is turned on.,Smart Life,Turn off,This action will turn off the device/group of your choosing.,Generic/Other
tftqXyrk,Amazon Alexa,Say a specific phrase,"This trigger fires every time you say 'Alexa trigger' + the phrase that you have defined. For instance, if you set 'party time' as the phrase, you can say 'Alexa trigger party time' to have your lights loop colors.",Heatzy,Deactivate the child lock,This action will unlock a specific device,Generic/Other
thsqQEbP,Nest Thermostat,Nest set to Away,This Trigger fires every time the home you specify is set to Away.,WeMo Smart Plug,Turn off,"This Action will turn a WeMo Switch off. If the WeMo Switch is already off, it will remain off.",Generic/Other
tiTysvpJ,Nest Thermostat,Nest set to Away,This Trigger fires every time the home you specify is set to Away.,TP-Link Kasa,Turn off,This action will turn off a selected device.,Generic/Other
tkWsMtx5,Location,You enter an area,This Trigger fires every time you enter an area you specify.,WeMo Smart Plug,Turn on,"This Action will turn a WeMo Switch on. If the WeMo Switch is already on, it will remain on.",Generic/Other
tnRsLavJ,Location,You exit an area,This Trigger fires every time you exit an area you specify.,WeMo Smart Plug,Turn off,"This Action will turn a WeMo Switch off. If the WeMo Switch is already off, it will remain off.",Generic/Other
tq6E8s3n,Weather Underground,Sunset,This Trigger fires within 15 minutes of the sunset in your location.,Energenie Mi|Home,Power on device,This Action will turn on one of your Mi|Home devices.,Generic/Other
tqxQf4UY,Android SMS,New SMS received matches search,This Trigger fires every time you receive an SMS on your Android device that matches a search you specify.,WeMo Smart Plug,Turn on,"This Action will turn a WeMo Switch on. If the WeMo Switch is already on, it will remain on.",Generic/Other
tsb4N7XE,Z-Ware,Motion detected,This trigger fires when a Z-Wave sensor detects motion.,TP-Link Kasa,Turn on,This action will turn on a device.,Generic/Other
tteCW4cv,Weather Underground,Sunset,This Trigger fires within 15 minutes of the sunset in your location.,WeMo Smart Plug,Turn on,"This Action will turn a WeMo Switch on. If the WeMo Switch is already on, it will remain on.",Generic/Other
twd6Bvzh,Android Battery,Battery drops below 15%,This Trigger fires every time your Android device's battery drops below 15%.,TP-Link Kasa,Turn on,This action will turn on a device.,Generic/Other
twgarJ5p,Weather Underground,Sunset,This Trigger fires within 15 minutes of the sunset in your location.,Smart Life,Turn off,This action will turn off the device/group of your choosing.,Generic/Other
twr29YQ7,WeMo Insight Switch,Daily minutes on is longer than,This Trigger fires when the device attached to your WeMo Insight Switch is turned on longer than the minutes you specify.,WeMo Insight Switch,Turn off,"This Action will turn a WeMo Switch off. If the WeMo Switch is already off, it will remain off.",Generic/Other
txKNszJp,littleBits,Turned On,This Trigger fires every time your cloudBit receives an input signal from another littleBits module.,WeMo Smart Plug,Toggle on/off,This Action will toggle a WeMo Switch on or off.,Generic/Other
u3RghaPG,Ring,New Motion Detected,This Trigger fires every time a motion is detected at the given doorbell.,TP-Link Kasa,Activate scene,This action will activate a selected Scene from your account.,Generic/Other
u6U4wRDZ,Google Calendar,Any event starts,This Trigger fires a set number of minutes before the starting time of any event on your Google Calendar.,iRobot,Pause robot,This action will pause your robot.,Generic/Other
u8xn5BzM,Date & Time,Every day of the week at,This Trigger fires only on specific days of the week at the time you provide.,WeMo Smart Plug,Turn off,"This Action will turn a WeMo Switch off. If the WeMo Switch is already off, it will remain off.",Generic/Other
uBZtpEGf,Email,Send IFTTT an email tagged,Send IFTTT an email at trigger@applet.ifttt.com with a hashtag in the subject (e.g. #IFTTT) and this Trigger fires. You can optionally add a single file attachment (up to 30MB) and IFTTT will create a public URL to the file as an Ingredient.,WeMo Smart Plug,Turn on,"This Action will turn a WeMo Switch on. If the WeMo Switch is already on, it will remain on.",Generic/Other
uDuGc83J,Button widget,Button press,This trigger fires every time you press the button.,TP-Link Kasa,Toggle,This action will toggle a device.,Generic/Other
uFRWgaM3,WeMo Insight Switch,Switched on,This Trigger fires every time your WeMo Insight Switch is turned on.,WeMo Insight Switch,Turn off,"This Action will turn a WeMo Switch off. If the WeMo Switch is already off, it will remain off.",Generic/Other
uGQikSPR,Google Assistant,Say a simple phrase,"This trigger fires when you say “Ok Google” to the Google Assistant followed by a phrase you choose. For example, say “Ok Google, I’m running late” to text a family member that you’re on your way home.",Nature Remo,Control home appliances,This action will send an infrared signal to control your home appliances.,Generic/Other
uJhXsnKf,Fitbit,New sleep logged,This Trigger fires every time your Fitbit logs new sleep.,WeMo Smart Plug,Turn on,"This Action will turn a WeMo Switch on. If the WeMo Switch is already on, it will remain on.",Generic/Other
uJjfgXQP,Date & Time,Every day of the week at,This Trigger fires only on specific days of the week at the time you provide.,WeMo Smart Plug,Turn on,"This Action will turn a WeMo Switch on. If the WeMo Switch is already on, it will remain on.",Generic/Other
uK8sUz6R,Email,Send IFTTT an email tagged,Send IFTTT an email at trigger@applet.ifttt.com with a hashtag in the subject (e.g. #IFTTT) and this Trigger fires. You can optionally add a single file attachment (up to 30MB) and IFTTT will create a public URL to the file as an Ingredient.,WeMo Smart Plug,Turn off,"This Action will turn a WeMo Switch off. If the WeMo Switch is already off, it will remain off.",Generic/Other
uKFzkhcV,Weather Underground,Sunset,This Trigger fires within 15 minutes of the sunset in your location.,WeMo Smart Plug,Turn on,"This Action will turn a WeMo Switch on. If the WeMo Switch is already on, it will remain on.",Generic/Other
uLSFbvdR,Location,You exit an area,This Trigger fires every time you exit an area you specify.,VeSync Dimmer,Turn off,This action will turn off a device.,Generic/Other
uMhKgTU2,iDevices,Turns off,This trigger fires when the specified product turns off.,iDevices,Adjust brightness,This action will set the percentage of brightness for the specified product.,Generic/Other
uNVZSphB,Netatmo Weather Station,Humidity rises above,This Trigger fires every time the humidity rises above a percentage you specify.,Smappee,Turn on plug,This Action will turn on a plug for the specified duration.,Generic/Other
uNbwSZJ8,Location,You enter an area,This Trigger fires every time you enter an area you specify.,WeMo Smart Plug,Turn on,"This Action will turn a WeMo Switch on. If the WeMo Switch is already on, it will remain on.",Generic/Other
uRAbB5vU,Date & Time,Every day of the week at,This Trigger fires only on specific days of the week at the time you provide.,WeMo Smart Plug,Turn off,"This Action will turn a WeMo Switch off. If the WeMo Switch is already off, it will remain off.",Generic/Other
uRj3um7y,Ring,New Ring Detected,This Trigger fires every time somebody rings your Ring Doorbell.,Smart Life,Turn on,This action will turn on the device/group of your choosing.,Generic/Other
uWESzaZd,Amazon Alexa,Say a specific phrase,"This trigger fires every time you say 'Alexa trigger' + the phrase that you have defined. For instance, if you set 'party time' as the phrase, you can say 'Alexa trigger party time' to have your lights loop colors.",Wink: Pivot Power Genius,Toggle on/off,This Action will toggle the Pivot Power Genius outlet you specific on or off.,Generic/Other
uXpkN9gq,Weather Underground,Sunset,This Trigger fires within 15 minutes of the sunset in your location.,WeMo Smart Plug,Turn on,"This Action will turn a WeMo Switch on. If the WeMo Switch is already on, it will remain on.",Generic/Other
uYRKwBit,Telegram,New message with key phrase to @IFTTT,This trigger fires when you send a text message with a key phrase to the @IFTTT bot on Telegram.,TP-Link Kasa,Turn off,This action will turn off a selected device.,Generic/Other
ukvszbNV,Weather Underground,Sunrise,This Trigger fires within 15 minutes of the sunrise in your location.,WeMo Smart Plug,Turn on,"This Action will turn a WeMo Switch on. If the WeMo Switch is already on, it will remain on.",Generic/Other
umHt7feX,RSS Feed,New feed item,This Trigger fires every time a new item is added to the feed you specify.,WeMo Smart Plug,Turn off then on,This Action will turn a WeMo Switch off then immediately back on.,Generic/Other
unqXAY6r,Weather Underground,Current condition changes to,"This Trigger monitors changes in the current weather condition. When one of those conditions is met the Trigger fires. Currently only these simple conditions are supported: Rain, Snow, Cloudy, Clear. ",WeMo Smart Plug,Turn off,"This Action will turn a WeMo Switch off. If the WeMo Switch is already off, it will remain off.",Generic/Other
uqvzULdT,Knocki,Gesture with task matching ID occurs,This trigger fires if you tap a gesture with a custom IFTTT task matching the ID of this trigger.,Smart Life,Turn off,This action will turn off the device/group of your choosing.,Generic/Other
uuLKZAvB,Date & Time,Every day at,This Trigger fires every single day at a specific time set by you.,WeMo Smart Plug,Turn off,"This Action will turn a WeMo Switch off. If the WeMo Switch is already off, it will remain off.",Generic/Other
uuLjbTa3,SwitchBot,Temperature or humidity changes,"Whenever a preset temperature and/or humidity change detected, SwitchBot Thermometer & Hygrometer (the Meter) will try to trigger the service. E.g. if the temperature is too high, turn on AC with the SwitchBot Hub Plus (the Hub Plus).",Smart Life,Turn on,This action will turn on the device/group of your choosing.,Generic/Other
uwbq6rW8,Amazon Alexa,Say a specific phrase,"This trigger fires every time you say 'Alexa trigger' + the phrase that you have defined. For instance, if you set 'party time' as the phrase, you can say 'Alexa trigger party time' to have your lights loop colors.",iRobot,Dock robot,This action will dock your robot.,Generic/Other
uxtiH2Xg,Android Battery,Device is unplugged,This Trigger fires every time your Android device is unplugged.,Smart Life,Turn on,This action will turn on the device/group of your choosing.,Generic/Other
uypR4tiu,Homey,A Flow has been started,This trigger is run every time a specific Flow has been started on Homey. In order to use this Applet you need to be an owner on your Homey and have the IFTTT Homey App installed.,Heatzy,Turn off,This action will turn off a specific device,Generic/Other
uzqsgMkh,Ooma,Any incoming call,This Trigger fires every time you receive an incoming call.,WeMo Insight Switch,Turn on then off,This Action will turn a WeMo Insight Switch on then immediately back off.,Generic/Other
uzsWUejX,Weather Underground,Current condition changes to,"This Trigger monitors changes in the current weather condition. When one of those conditions is met the Trigger fires. Currently only these simple conditions are supported: Rain, Snow, Cloudy, Clear. ",WeMo Smart Plug,Turn off,"This Action will turn a WeMo Switch off. If the WeMo Switch is already off, it will remain off.",Generic/Other
v7FDYHqe,WeMo Maker,Relay on,This Trigger fires every time your WeMo Maker relay is turned on in toggle mode.,WeMo Maker,Turn relay on,"This Action will turn your WeMo Maker on. If the WeMo Maker is already on, it will remain on.",Generic/Other
v8w9Wjkt,nemy,Electricity becomes expensive,This trigger fires when the price of electricity goes above a user-defined price threshold.,TP-Link Kasa,Turn off,This action will turn off a selected device.,Generic/Other
v92ZNFcs,Date & Time,Every day at,This Trigger fires every single day at a specific time set by you.,WeMo Smart Plug,Turn on,"This Action will turn a WeMo Switch on. If the WeMo Switch is already on, it will remain on.",Generic/Other
vAjFnspN,August,Lock unlocked,This Trigger fires every time the specified lock is unlocked.,WeMo Smart Plug,Turn on,"This Action will turn a WeMo Switch on. If the WeMo Switch is already on, it will remain on.",Generic/Other
vCvELVUa,Arlo,Motion detected,This Trigger fires when your Arlo device detects motion.,TP-Link Kasa,Turn on,This action will turn on a device.,Generic/Other
vE8kFuzq,Weather Underground,Current temperature drops below,This Trigger monitors your local temperature and fires whenever the temperature drops below the value you provide.,WeMo Smart Plug,Turn off,"This Action will turn a WeMo Switch off. If the WeMo Switch is already off, it will remain off.",Generic/Other
vE9VHagh,Date & Time,Every month on the,This Trigger fires every month on the day and time you specify.,WeMo Smart Plug,Turn on,"This Action will turn a WeMo Switch on. If the WeMo Switch is already on, it will remain on.",Generic/Other
vG6Jdsmh,Google Assistant,Say a simple phrase,"This trigger fires when you say “Ok Google” to the Google Assistant followed by a phrase you choose. For example, say “Ok Google, I’m running late” to text a family member that you’re on your way home.",Smart Life,Turn off,This action will turn off the device/group of your choosing.,Generic/Other
vG7thLSp,Nest Thermostat,Temperature drops below,This Trigger fires every time the temperature drops below a threshold you specify.,Wink: Pivot Power Genius,Turn outlet on,"This Action will turn on the Pivot Power Genius outlet you specify. If the outlet is already on, it will remain on.",Generic/Other
vJvinSYX,Button widget,Button press,This trigger fires every time you press the button.,WeMo Smart Plug,Toggle on/off,This Action will toggle a WeMo Switch on or off.,Generic/Other
vKfz42PA,Amazon Alexa,Say a specific phrase,"This trigger fires every time you say 'Alexa trigger' + the phrase that you have defined. For instance, if you set 'party time' as the phrase, you can say 'Alexa trigger party time' to have your lights loop colors.",TP-Link Kasa,Turn off,This action will turn off a selected device.,Generic/Other
vMrRbvZT,Nest Thermostat,Temperature drops below,This Trigger fires every time the temperature drops below a threshold you specify.,WeMo Smart Plug,Turn off,"This Action will turn a WeMo Switch off. If the WeMo Switch is already off, it will remain off.",Generic/Other
vQ7EbLGw,Date & Time,Every day at,This Trigger fires every single day at a specific time set by you.,WeMo Smart Plug,Turn on,"This Action will turn a WeMo Switch on. If the WeMo Switch is already on, it will remain on.",Generic/Other
vQV8uHvf,ComEd,Carbon Quality,Indicates whether the carbon is clean or dirty,WeMo Smart Plug,Turn off,"This Action will turn a WeMo Switch off. If the WeMo Switch is already off, it will remain off.",Generic/Other
vS6ZRPpw,Location,You exit an area,This Trigger fires every time you exit an area you specify.,WeMo Insight Switch,Turn off,"This Action will turn a WeMo Switch off. If the WeMo Switch is already off, it will remain off.",Generic/Other
vVPrj28v,Google Assistant,Say a simple phrase,"This trigger fires when you say “Ok Google” to the Google Assistant followed by a phrase you choose. For example, say “Ok Google, I’m running late” to text a family member that you’re on your way home.",Smart Life,Activate Scene,This action will activate the specified scene.,Generic/Other
vWLx2iqT,Wyze,Contact Sensor opens,This trigger fires when a Contact Sensor opens.,Hubitat,Open a device,This action will open a Hubitat device.,Generic/Other
vXLj2UA9,Android Battery,Battery drops below 15%,This Trigger fires every time your Android device's battery drops below 15%.,Smart Life,Turn on,This action will turn on the device/group of your choosing.,Generic/Other
vZ93bBN2,Fort Collins Utilities Time of Day Pricing,Time of Day Peak Rates START/END,This trigger fires when time-of-day peak rates start or end.,WeMo Smart Plug,Turn on,"This Action will turn a WeMo Switch on. If the WeMo Switch is already on, it will remain on.",Generic/Other
vZK2Wmci,Google Calendar,Event from search starts,"This Trigger fires a set number of minutes before the starting time of an event on your Calendar that contains a specific keyword or phrase in the event’s Title, Description, or Location. Ingredient will be based on the zone set in Google.",WeMo Smart Plug,Turn off,"This Action will turn a WeMo Switch off. If the WeMo Switch is already off, it will remain off.",Generic/Other
vZe3DmHF,Location,You enter an area,This Trigger fires every time you enter an area you specify.,TP-Link Kasa,Turn off,This action will turn off a selected device.,Generic/Other
vcx3rjDM,Netatmo Weather Station,Temperature drops below,This Trigger fires every time the temperature drops below a value you specify.,WeMo Insight Switch,Turn on,"This Action will turn a WeMo Insight Switch on. If the WeMo Insight Switch is already on, it will remain on.",Generic/Other
vfrje246,Weather Underground,Sunrise,This Trigger fires within 15 minutes of the sunrise in your location.,Energenie Mi|Home,Power on device,This Action will turn on one of your Mi|Home devices.,Generic/Other
vmKHNDTu,Android Device,Notification received from a specific app,This trigger fires every time a new notification is received on your Android device from an app that you specify. NOTE: will not fire for IFTTT app notifications.,Smart Life,Activate Scene,This action will activate the specified scene.,Generic/Other
vnwBTfD3,Notion,"Door opens, closes or moves","This trigger fires when a door opens, closes, or moves.",WeMo Smart Plug,Turn on,"This Action will turn a WeMo Switch on. If the WeMo Switch is already on, it will remain on.",Generic/Other
vqTnWUrf,Arlo,Motion detected,This Trigger fires when your Arlo device detects motion.,WeMo Smart Plug,Turn on,"This Action will turn a WeMo Switch on. If the WeMo Switch is already on, it will remain on.",Generic/Other
vu4pzJnd,Futurehome,Mode switched,This Trigger fires every time your site changes modes.,iRobot,Start robot,This action will start your robot.,Generic/Other
vyw7qS2u,Powered by Viva,We detect that the home is empty,This trigger fires when every family member has left.,iRobot,Start robot,This action will start your robot.,Generic/Other
vz5sHBhD,Android Photos,New screenshot,This Trigger fires every time a new screenshot is taken on your Android device.,Smart Life,Turn on,This action will turn on the device/group of your choosing.,Generic/Other
w59JrBPY,Location,You enter or exit an area,This Trigger fires every time you enter or exit an area you specify.,WeMo Insight Switch,Toggle on/off,This Action will toggle a WeMo Insight Switch on or off.,Generic/Other
w6PGaQy4,Weather Underground,Current temperature rises above,This Trigger monitors your local temperature and fires whenever the temperature rises above the value you provide.,WeMo Smart Plug,Turn on,"This Action will turn a WeMo Switch on. If the WeMo Switch is already on, it will remain on.",Generic/Other
w85QrvDx,Amazon Alexa,Your Timer goes off,This Trigger fires every time your timer goes off.,WeMo Maker,Turn relay off,"This Action will turn a WeMo Maker off. If the WeMo Maker is already off, it will remain off.",Generic/Other
w8GzFKtU,Date & Time,Every day at,This Trigger fires every single day at a specific time set by you.,WeMo Smart Plug,Turn off,"This Action will turn a WeMo Switch off. If the WeMo Switch is already off, it will remain off.",Generic/Other
wBM9UW5Z,Wink: Spotter,Temperature rises above,This Trigger fires every time the temperature measured by your Spotter rises above the value you specify.,Wink: Pivot Power Genius,Turn outlet on,"This Action will turn on the Pivot Power Genius outlet you specify. If the outlet is already on, it will remain on.",Generic/Other
wJG7xztw,Weather Underground,Sunset,This Trigger fires within 15 minutes of the sunset in your location.,WeMo Smart Plug,Turn on,"This Action will turn a WeMo Switch on. If the WeMo Switch is already on, it will remain on.",Generic/Other
wJVdhifZ,Weather Underground,Current temperature drops below,This Trigger monitors your local temperature and fires whenever the temperature drops below the value you provide.,WeMo Smart Plug,Turn on then off,This Action will turn a WeMo Switch on then immediately back off.,Generic/Other
wLhMuGy3,Google Assistant,Say a simple phrase,"This trigger fires when you say “Ok Google” to the Google Assistant followed by a phrase you choose. For example, say “Ok Google, I’m running late” to text a family member that you’re on your way home.",Smart Life,Turn on,This action will turn on the device/group of your choosing.,Generic/Other
wLzqNP2i,Date & Time,Every day at,This Trigger fires every single day at a specific time set by you.,WeMo Insight Switch,Turn on,"This Action will turn a WeMo Insight Switch on. If the WeMo Insight Switch is already on, it will remain on.",Generic/Other
wPEBgX9M,Google Assistant,Say a simple phrase,"This trigger fires when you say “Ok Google” to the Google Assistant followed by a phrase you choose. For example, say “Ok Google, I’m running late” to text a family member that you’re on your way home.",iRobot,Start robot,This action will start your robot.,Generic/Other
wPZiV6Q7,Kubu Smart,Door is Locked,Trigger an Applet when the door is locked,TP-Link Kasa,Turn off,This action will turn off a selected device.,Generic/Other
wQu5Jvmd,Location,You exit an area,This Trigger fires every time you exit an area you specify.,WeMo Insight Switch,Turn off,"This Action will turn a WeMo Switch off. If the WeMo Switch is already off, it will remain off.",Generic/Other
wS3UDLqG,Weather Underground,Sunrise,This Trigger fires within 15 minutes of the sunrise in your location.,Wemo Dimmer,Turn on,"This action will turn a WeMo Dimmer on. If the WeMo Dimmer is already on, it will remain on.",Generic/Other
wTZcYd3D,WeMo Motion,Any new motion,This Trigger fires every time your WeMo Motion sensor detects new motion.,WeMo Smart Plug,Turn on,"This Action will turn a WeMo Switch on. If the WeMo Switch is already on, it will remain on.",Generic/Other
wWRnL3DZ,Weather Underground,Sunset,This Trigger fires within 15 minutes of the sunset in your location.,Wemo Dimmer,Change brightness,This action will change brightness of a Dimmer to a specified level/percentage.,Generic/Other
wWvmUTVG,Blink,Motion detected,This Trigger fires when your Blink camera detects motion.,WeMo Smart Plug,Turn on,"This Action will turn a WeMo Switch on. If the WeMo Switch is already on, it will remain on.",Generic/Other
wXqPjg8w,Date & Time,Every day at,This Trigger fires every single day at a specific time set by you.,WeMo Insight Switch,Turn on,"This Action will turn a WeMo Insight Switch on. If the WeMo Insight Switch is already on, it will remain on.",Generic/Other
wZNjBDWm,Weather Underground,Current temperature drops below,This Trigger monitors your local temperature and fires whenever the temperature drops below the value you provide.,TP-Link Kasa,Turn on,This action will turn on a device.,Generic/Other
wa7LUnVt,Google Wifi,Device Connects,This Trigger fires every time a device connects to Google Wifi.,WeMo Insight Switch,Turn on,"This Action will turn a WeMo Insight Switch on. If the WeMo Insight Switch is already on, it will remain on.",Generic/Other
waWeXBzZ,Ooma,Any incoming call,This Trigger fires every time you receive an incoming call.,WeMo Smart Plug,Turn on then off,This Action will turn a WeMo Switch on then immediately back off.,Generic/Other
wbdKERC6,Email,Send IFTTT an email tagged,Send IFTTT an email at trigger@applet.ifttt.com with a hashtag in the subject (e.g. #IFTTT) and this Trigger fires. You can optionally add a single file attachment and IFTTT will create a public URL to the file as an Ingredient.,WeMo Insight Switch,Turn off,"This Action will turn a WeMo Switch off. If the WeMo Switch is already off, it will remain off.",Generic/Other
wbikvKdf,Date & Time,Every day at,This Trigger fires every single day at a specific time set by you.,WeMo Smart Plug,Turn on,"This Action will turn a WeMo Switch on. If the WeMo Switch is already on, it will remain on.",Generic/Other
weWgjhXE,WeMo Smart Plug,Switched on,This Trigger fires every time your WeMo Switch is turned on.,WeMo Smart Plug,Toggle on/off,This Action will toggle a WeMo Switch on or off.,Generic/Other
wfihz89t,Button widget,Button press,This trigger fires every time you press the button.,Wink: Pivot Power Genius,Toggle on/off,This Action will toggle the Pivot Power Genius outlet you specific on or off.,Generic/Other
wgaGbNt6,Email,Send IFTTT an email tagged,Send IFTTT an email at trigger@applet.ifttt.com with a hashtag in the subject (e.g. #IFTTT) and this Trigger fires. You can optionally add a single file attachment (up to 30MB) and IFTTT will create a public URL to the file as an Ingredient.,WeMo Smart Plug,Toggle on/off,This Action will toggle a WeMo Switch on or off.,Generic/Other
wjXurn7x,WeMo Motion,Any new motion,This Trigger fires every time your WeMo Motion sensor detects new motion.,WeMo Smart Plug,Turn off,"This Action will turn a WeMo Switch off. If the WeMo Switch is already off, it will remain off.",Generic/Other
wpQ3DbYe,WeMo Smart Plug,Switched on,This Trigger fires every time your WeMo Switch is turned on.,WeMo Smart Plug,Turn off,"This Action will turn a WeMo Switch off. If the WeMo Switch is already off, it will remain off.",Generic/Other
wqtKTHGM,Date & Time,Every day at,This Trigger fires every single day at a specific time set by you.,TP-Link Kasa,Turn off,This action will turn off a selected device.,Generic/Other
wuFHDqdy,Android Battery,Device is plugged in,This Trigger fires every time your Android device is plugged in.,WeMo Smart Plug,Turn off,"This Action will turn a WeMo Switch off. If the WeMo Switch is already off, it will remain off.",Generic/Other
wwFWb5XM,Google Assistant,Say a simple phrase,"This trigger fires when you say “Ok Google” to the Google Assistant followed by a phrase you choose. For example, say “Ok Google, I’m running late” to text a family member that you’re on your way home.",SwitchBot,Bot press,This action will trigger the specified Bot to press the switch.,Generic/Other
wwR8eXnb,Weather Underground,Sunset,This Trigger fires within 15 minutes of the sunset in your location.,TP-Link Kasa,Activate scene,This action will activate a selected Scene from your account.,Generic/Other
x2B4b7nC,Weather Underground,Sunset,This Trigger fires within 15 minutes of the sunset in your location.,WeMo Smart Plug,Turn on,"This Action will turn a WeMo Switch on. If the WeMo Switch is already on, it will remain on.",Generic/Other
x3Z2zwHT,iDevices,Turns on,This trigger fires when the specified product turns on.,iDevices,Turn off,This action will turn the specified product off.,Generic/Other
x45Gc2CF,Weather Underground,Sunrise,This Trigger fires within 15 minutes of the sunrise in your location.,Smart Life,Turn off,This action will turn off the device/group of your choosing.,Generic/Other
x4rkNjDn,Location,You enter an area,This Trigger fires every time you enter an area you specify.,GE Appliances GeoSpring™,Set operating mode,This Action will set the operating mode of your GE water heater.,Generic/Other
x6QuC8pK,Android Device,Notification received from a specific app,This trigger fires every time a new notification is received on your Android device from an app that you specify. NOTE: will not fire for IFTTT app notifications.,WeMo Smart Plug,Turn off,"This Action will turn a WeMo Switch off. If the WeMo Switch is already off, it will remain off.",Generic/Other
x8AGNKXF,Amazon Alexa,Your Alarm goes off,This Trigger fires every time your alarm goes off.,WeMo Insight Switch,Turn on,"This Action will turn a WeMo Insight Switch on. If the WeMo Insight Switch is already on, it will remain on.",Generic/Other
x8B9qhFS,Weather Underground,Current temperature drops below,This Trigger monitors your local temperature and fires whenever the temperature drops below the value you provide.,WeMo Insight Switch,Turn on,"This Action will turn a WeMo Insight Switch on. If the WeMo Insight Switch is already on, it will remain on.",Generic/Other
xD6Qd3js,Apilio,Receive an event from Apilio,This trigger fires every time IFTTT receives a specific event from Apilio.,Heatmiser,Set Home Mode,The Action will activate Home Mode on your neoHub.,Generic/Other
xDimAGBd,Scout Alarm,Alarm triggered,This Trigger fires when the alarm for a specific mode is triggered.,WeMo Smart Plug,Turn on,"This Action will turn a WeMo Switch on. If the WeMo Switch is already on, it will remain on.",Generic/Other
xFUAW6GE,Knocki,Gesture with task matching ID occurs,This trigger fires if you tap a gesture with a custom IFTTT task matching the ID of this trigger.,WeMo Insight Switch,Toggle on/off,This Action will toggle a WeMo Insight Switch on or off.,Generic/Other
xHQKZmDA,Date & Time,Every day at,This Trigger fires every single day at a specific time set by you.,Energenie Mi|Home,Power off device,This Action will turn off one of your Mi|Home devices.,Generic/Other
xHjwE4xQ,Amazon Alexa,Ask what's on your Shopping List,This Trigger fires every time the you ask Alexa what's on your Shopping List.,WeMo Insight Switch,Turn off,"This Action will turn a WeMo Switch off. If the WeMo Switch is already off, it will remain off.",Generic/Other
xLJuNRQU,Email,Send IFTTT an email tagged,Send IFTTT an email at trigger@applet.ifttt.com with a hashtag in the subject (e.g. #IFTTT) and this Trigger fires. You can optionally add a single file attachment and IFTTT will create a public URL to the file as an Ingredient.,WeMo Smart Plug,Turn on,"This Action will turn a WeMo Switch on. If the WeMo Switch is already on, it will remain on.",Generic/Other
xNAXzUr4,Date & Time,Every day at,This Trigger fires every single day at a specific time set by you.,WeMo Smart Plug,Turn off,"This Action will turn a WeMo Switch off. If the WeMo Switch is already off, it will remain off.",Generic/Other
xRvNsu6e,Weather Underground,Current temperature rises above,This Trigger monitors your local temperature and fires whenever the temperature rises above the value you provide.,WeMo Smart Plug,Turn off,"This Action will turn a WeMo Switch off. If the WeMo Switch is already off, it will remain off.",Generic/Other
xTXnpzwe,Date & Time,Every day at,This Trigger fires every single day at a specific time set by you.,WeMo Smart Plug,Turn off,"This Action will turn a WeMo Switch off. If the WeMo Switch is already off, it will remain off.",Generic/Other
xYAm9fxC,Date & Time,Every day at,This Trigger fires every single day at a specific time set by you.,WeMo Smart Plug,Turn off,"This Action will turn a WeMo Switch off. If the WeMo Switch is already off, it will remain off.",Generic/Other
xa2rXD7E,Weather Underground,Current condition changes to,"This Trigger monitors changes in the current weather condition. When one of those conditions is met the Trigger fires. Currently only these simple conditions are supported: Rain, Snow, Cloudy, Clear. ",ThermoSmart,Unpause,"This Action will unpause your ThermoSmart, i.e. set it to either a scheduled program or an exception if there is one for the current time.",Generic/Other
xa3Y2XGb,Button widget,Button press,This trigger fires every time you press the button.,Smart Life,Activate Scene,This action will activate the specified scene.,Generic/Other
xacWq9zp,nemy,Electricity becomes expensive,This trigger fires when the price of electricity goes above a user-defined price threshold.,Sensibo,Turn A/C off,Turn your A/C off,Generic/Other
xbMyBTa9,Location,You enter or exit an area,This Trigger fires every time you enter or exit an area you specify.,WeMo Smart Plug,Toggle on/off,This Action will toggle a WeMo Switch on or off.,Generic/Other
xc3StrQD,Date & Time,Every day at,This Trigger fires every single day at a specific time set by you.,Smart Life,Activate Scene,This action will activate the specified scene.,Generic/Other
xfsJknpy,Email,Send IFTTT any email,Send IFTTT any email at trigger@applet.ifttt.com and this Trigger fires. You can optionally add a single file attachment and IFTTT will create a public URL to the file as an Ingredient. ,WeMo Insight Switch,Turn on,"This Action will turn a WeMo Insight Switch on. If the WeMo Insight Switch is already on, it will remain on.",Generic/Other
xgyGN2CV,Weather Underground,Sunrise,This Trigger fires within 15 minutes of the sunrise in your location.,Lutron Caséta and RA2 Select,Set light level,This Action will set a Lutron dimmer or switch to the level you specify.,Generic/Other
xhw2f5yi,Weather Underground,Sunset,This Trigger fires within 15 minutes of the sunset in your location.,WeMo Smart Plug,Turn on,"This Action will turn a WeMo Switch on. If the WeMo Switch is already on, it will remain on.",Generic/Other
xm83WEbN,Google Assistant,Say a phrase with a text ingredient,This trigger fires when you say “Ok Google” to the Google Assistant followed by a phrase like “Post a tweet saying ‘New high score.’” **Use the $ symbol to specify where you'll say the text ingredient,WeMo Smart Plug,Turn on,"This Action will turn a WeMo Switch on. If the WeMo Switch is already on, it will remain on.",Generic/Other
xmncvPXW,eWeLink Smart Home,RF Bridge Alarm activated,This trigger fires when an alarm of your RF Bridge is activated.,TP-Link Kasa,Activate scene,This action will activate a selected Scene from your account.,Generic/Other
xr5D7Bu3,Filtrete™ Smart,Filtrete Smart Air Filter life (%) dropped below,This trigger fires when the remaining life of any of your Filtrete Smart Air Filter drops below your chosen percentage.,WeMo Smart Plug,Turn on,"This Action will turn a WeMo Switch on. If the WeMo Switch is already on, it will remain on.",Generic/Other
xrBJ8QhL,MESH,Event from MESH app received,This Trigger fires every time your IFTTT Tag on MESH app receives an input signal from the other Tag.,WeMo Smart Plug,Turn off,"This Action will turn a WeMo Switch off. If the WeMo Switch is already off, it will remain off.",Generic/Other
xrN2wpmV,Location,You exit an area,This Trigger fires every time you exit an area you specify.,Wink: Aros,Turn A/C off,This Action will turn your Aros A/C off.,Generic/Other
xtfLA7Qq,Button widget,Button press,This trigger fires every time you press the button.,WeMo Insight Switch,Toggle on/off,This Action will toggle a WeMo Insight Switch on or off.,Generic/Other
xxGwWSsU,WeMo Light Switch,Long press,This Trigger fires every time your WeMo Light Switch is turned on or off with a long press over two seconds.,WeMo Insight Switch,Toggle on/off,This Action will toggle a WeMo Insight Switch on or off.,Generic/Other
xxVSCKNR,Works With Cavius,Alarm,This trigger fires during alarms,Smart Life,Turn off,This action will turn off the device/group of your choosing.,Generic/Other
xzYu3v6X,Nest Thermostat,Nest set to Home,This Trigger fires every time the home you specify is set to Home.,WeMo Smart Plug,Turn on,"This Action will turn a WeMo Switch on. If the WeMo Switch is already on, it will remain on.",Generic/Other
xzncQFuB,Apilio,Receive an event from Apilio,This trigger fires every time IFTTT receives a specific event from Apilio.,iRobot,Stop robot,This action will stop your robot.,Generic/Other
y32VRGSj,Nest Protect,Smoke alarm warning,This Trigger fires every time the Nest Protect you specify detects warning smoke levels.,Hubitat,Turn on a device,This Action will turn on a device attached to your Hubitat Elevation system.,Generic/Other
y4Rz7eY8,Email,Send IFTTT an email tagged,Send IFTTT an email at trigger@applet.ifttt.com with a hashtag in the subject (e.g. #IFTTT) and this Trigger fires. You can optionally add a single file attachment (up to 30MB) and IFTTT will create a public URL to the file as an Ingredient.,WeMo Smart Plug,Toggle on/off,This Action will toggle a WeMo Switch on or off.,Generic/Other
y59Q2gvT,Nest Thermostat,Nest set to Home,This Trigger fires every time the home you specify is set to Home.,WeMo Insight Switch,Turn on,"This Action will turn a WeMo Insight Switch on. If the WeMo Insight Switch is already on, it will remain on.",Generic/Other
y9LFu4BA,Location,You enter an area,This Trigger fires every time you enter an area you specify.,TP-Link Kasa,Turn on,This action will turn on a device.,Generic/Other
yASQGtqD,Weather Underground,Sunrise,This Trigger fires within 15 minutes of the sunrise in your location.,Smart Life,Turn off,This action will turn off the device/group of your choosing.,Generic/Other
yFqSYf4i,Nuki Smart Lock,Door opened,This trigger fires every time someone opens the door. (Only supported for activated door sensor.),Heatzy,Set manual mode,This action will set a specific device on manual mode,Generic/Other
yFyTBEQU,Email,Send IFTTT any email,Send IFTTT any email at trigger@applet.ifttt.com and this Trigger fires. You can optionally add a single file attachment and IFTTT will create a public URL to the file as an Ingredient. ,WeMo Smart Plug,Toggle on/off,This Action will toggle a WeMo Switch on or off.,Generic/Other
yHNCQVg3,Scout Alarm,Alarm triggered,This Trigger fires when the alarm for a specific mode is triggered.,Hubitat,Turn on a device,This Action will turn on a device attached to your Hubitat Elevation system.,Generic/Other
yMgtE7Nb,ecobee,Thermostat indoor humidity is greater than,This trigger fires every time your ecobee thermostat senses that the indoor humidity is greater than a specific value you supply.,WeMo Smart Plug,Turn off,"This Action will turn a WeMo Switch off. If the WeMo Switch is already off, it will remain off.",Generic/Other
yNnwaqtQ,Google Calendar,Event from search starts,"This Trigger fires a set number of minutes before the starting time of an event on your Google Calendar that contains a specific keyword or phrase. The search looks at the event’s Title, Description, and Location.",WeMo Smart Plug,Turn on,"This Action will turn a WeMo Switch on. If the WeMo Switch is already on, it will remain on.",Generic/Other
yPbR3MXN,Google Assistant,Say a simple phrase,"This trigger fires when you say “Ok Google” to the Google Assistant followed by a phrase you choose. For example, say “Ok Google, I’m running late” to text a family member that you’re on your way home.",TP-Link Kasa,Turn on,This action will turn on a device.,Generic/Other
yUM6CQve,Weather Underground,Sunrise,This Trigger fires within 15 minutes of the sunrise in your location.,Energenie Mi|Home,Power off group,This Action will turn off a whole group of Mi|Home devices simultaneously.,Generic/Other
yVy6QNPj,Arlo,Motion detected,This Trigger fires when your Arlo device detects motion.,WeMo Insight Switch,Turn on,"This Action will turn a WeMo Insight Switch on. If the WeMo Insight Switch is already on, it will remain on.",Generic/Other
yXCFaPt9,Weather Underground,Current condition changes to,"This Trigger monitors changes in the current weather condition. When one of those conditions is met the Trigger fires. Currently only these simple conditions are supported: Rain, Snow, Cloudy, Clear. ",Wink: Pivot Power Genius,Toggle on/off,This Action will toggle the Pivot Power Genius outlet you specific on or off.,Generic/Other
yYkVxeUL,Location,You exit an area,This Trigger fires every time you exit an area you specify.,WeMo Insight Switch,Turn off,"This Action will turn a WeMo Switch off. If the WeMo Switch is already off, it will remain off.",Generic/Other
yaTcu7QF,Email,Send IFTTT an email tagged,Send IFTTT an email at trigger@applet.ifttt.com with a hashtag in the subject (e.g. #IFTTT) and this Trigger fires. You can optionally add a single file attachment and IFTTT will create a public URL to the file as an Ingredient.,WeMo Insight Switch,Turn on,"This Action will turn a WeMo Insight Switch on. If the WeMo Insight Switch is already on, it will remain on.",Generic/Other
ybWqgrAu,Weather Underground,Sunset,This Trigger fires within 15 minutes of the sunset in your location.,Heatmiser,Turn neoPlug on,This Action will allow you to switch on the selected neoPlug.,Generic/Other
ybkj6x53,Netatmo Weather Station,Humidity drops below,This Trigger fires every time the humidity drops below a percentage you specify.,Smart Life,Turn off,This action will turn off the device/group of your choosing.,Generic/Other
yrStJMR3,Amazon Alexa,Say a specific phrase,"This trigger fires every time you say 'Alexa trigger' + the phrase that you have defined. For instance, if you set 'party time' as the phrase, you can say 'Alexa trigger party time' to have your lights loop colors.",WeMo Smart Plug,Turn off,"This Action will turn a WeMo Switch off. If the WeMo Switch is already off, it will remain off.",Generic/Other
yuRsDW4V,Location,You exit an area,This Trigger fires every time you exit an area you specify.,iRobot,Start robot,This action will start your robot.,Generic/Other
yviDg72f,Date & Time,Every day of the week at,This Trigger fires only on specific days of the week at the time you provide.,WeMo Smart Plug,Toggle on/off,This Action will toggle a WeMo Switch on or off.,Generic/Other
ywRGjhBF,Date & Time,Every day of the week at,This Trigger fires only on specific days of the week at the time you provide.,WeMo Smart Plug,Turn off,"This Action will turn a WeMo Switch off. If the WeMo Switch is already off, it will remain off.",Generic/Other
yyHtEuAU,Nest Protect,Carbon monoxide warning,This Trigger fires every time the Nest Protect you specify detects warning carbon monoxide levels.,WeMo Smart Plug,Turn off,"This Action will turn a WeMo Switch off. If the WeMo Switch is already off, it will remain off.",Generic/Other
yzJ4Sune,Location,You exit an area,This Trigger fires every time you exit an area you specify.,WeMo Smart Plug,Turn off,"This Action will turn a WeMo Switch off. If the WeMo Switch is already off, it will remain off.",Generic/Other
yzW4CFiJ,WeMo Smart Plug,Switched on,This Trigger fires every time your WeMo Switch is turned on.,WeMo Smart Plug,Toggle on/off,This Action will toggle a WeMo Switch on or off.,Generic/Other
yzeJ6Sxi,ThermoSmart,Temperature drops below,This Trigger fires every time the temperature drops below a threshold you specify.,WeMo Smart Plug,Turn off,"This Action will turn a WeMo Switch off. If the WeMo Switch is already off, it will remain off.",Generic/Other
z6RLwvPX,Weather Underground,Sunset,This Trigger fires within 15 minutes of the sunset in your location.,WeMo Smart Plug,Turn on,"This Action will turn a WeMo Switch on. If the WeMo Switch is already on, it will remain on.",Generic/Other
z8jBaPnx,SmartThings,Humidity rises above,This Trigger fires every time your SmartThings device detects humidity above a value you specify.,TP-Link Kasa,Turn on,This action will turn on a device.,Generic/Other
zA3vgyz4,Android Device,Connects to a specific WiFi network,This Trigger fires every time your Android device connects to a WiFi network you specify.,TP-Link Kasa,Activate scene,This action will activate a selected Scene from your account.,Generic/Other
zCXsByKL,Location,You exit an area,This Trigger fires every time you exit an area you specify.,Sensibo,Turn A/C off,Turn your A/C off,Generic/Other
zD6wkJNy,Google Calendar,Event from search starts,"This Trigger fires a set number of minutes before the starting time of an event on your Calendar that contains a specific keyword or phrase in the event’s Title, Description, or Location. Ingredient will be based on the zone set in Google.",Smart Life,Activate Scene,This action will activate the specified scene.,Generic/Other
zHRcei8F,Wyze,Motion Sensor detects motion,This trigger fires when a Motion Sensor detects motion.,Hubitat,Open a device,This action will open a Hubitat device.,Generic/Other
zJbLntEq,WeMo Smart Plug,Switched on,This Trigger fires every time your WeMo Switch is turned on.,WeMo Smart Plug,Turn off,"This Action will turn a WeMo Switch off. If the WeMo Switch is already off, it will remain off.",Generic/Other
zKwtz2Th,Amazon Alexa,Say a specific phrase,"This trigger fires every time you say 'Alexa trigger' + the phrase that you have defined. For instance, if you set 'party time' as the phrase, you can say 'Alexa trigger party time' to have your lights loop colors.",Wink: Aros,Turn A/C off,This Action will turn your Aros A/C off.,Generic/Other
zLc8qBZC,Weather Underground,Sunset,This Trigger fires within 15 minutes of the sunset in your location.,WeMo Smart Plug,Turn on,"This Action will turn a WeMo Switch on. If the WeMo Switch is already on, it will remain on.",Generic/Other
zMmXfg25,Google Assistant,Say a simple phrase,"This trigger fires when you say “Ok Google” to the Google Assistant followed by a phrase you choose. For example, say “Ok Google, I’m running late” to text a family member that you’re on your way home.",TP-Link Kasa,Turn off,This action will turn off a selected device.,Generic/Other
zPSEw6zV,Weather Underground,Sunset,This Trigger fires within 15 minutes of the sunset in your location.,WeMo Smart Plug,Turn on,"This Action will turn a WeMo Switch on. If the WeMo Switch is already on, it will remain on.",Generic/Other
zQfRsG5r,Netatmo Weather Station,Gust speed rises above,This Trigger fires ever time the gust speed rises above a value you specify.,WeMo Insight Switch,Turn off,"This Action will turn a WeMo Switch off. If the WeMo Switch is already off, it will remain off.",Generic/Other
zSecRBa3,Amazon Alexa,Item deleted on your To Do List,This Trigger fires every time you delete an item on your To Do List.,ThermoSmart,Unpause,"This Action will unpause your ThermoSmart, i.e. set it to either a scheduled program or an exception if there is one for the current time.",Generic/Other
zTu7pyXE,Nest Thermostat,Nest set to Away,This Trigger fires every time the home you specify is set to Away.,iRobot,Start robot,This action will start your robot.,Generic/Other
zUY7Sqwd,SkylinkNet,Sensor activated,This Trigger fires when a sensor has been activated.,WeMo Insight Switch,Turn on,"This Action will turn a WeMo Insight Switch on. If the WeMo Insight Switch is already on, it will remain on.",Generic/Other
zX8dhGVU,Date & Time,Every day at,This Trigger fires every single day at a specific time set by you.,WeMo Smart Plug,Turn on,"This Action will turn a WeMo Switch on. If the WeMo Switch is already on, it will remain on.",Generic/Other
zXrF4k7U,WeMo Insight Switch,Switched off,This Trigger fires every time your WeMo Insight Switch is turned off.,WeMo Insight Switch,Toggle on/off,This Action will toggle a WeMo Insight Switch on or off.,Generic/Other
zYHZePpy,Weather Underground,Current condition changes to,"This Trigger monitors changes in the current weather condition. When one of those conditions is met the Trigger fires. Currently only these simple conditions are supported: Rain, Snow, Cloudy, Clear. ",WeMo Insight Switch,Turn off,"This Action will turn a WeMo Switch off. If the WeMo Switch is already off, it will remain off.",Generic/Other
zZeTrjF6,Location,You exit an area,This Trigger fires every time you exit an area you specify.,WeMo Smart Plug,Turn off,"This Action will turn a WeMo Switch off. If the WeMo Switch is already off, it will remain off.",Generic/Other
zaA8NKrn,Email,Send IFTTT an email tagged,Send IFTTT an email at trigger@applet.ifttt.com with a hashtag in the subject (e.g. #IFTTT) and this Trigger fires. You can optionally add a single file attachment and IFTTT will create a public URL to the file as an Ingredient.,WeMo Smart Plug,Turn on,"This Action will turn a WeMo Switch on. If the WeMo Switch is already on, it will remain on.",Generic/Other
zaM652kj,Weather Underground,Current humidity level rises above,This Trigger monitors your local humidity and fires every time the humidity rises above the value you specify.,WeMo Smart Plug,Turn off,"This Action will turn a WeMo Switch off. If the WeMo Switch is already off, it will remain off.",Generic/Other
zbFTaVsK,WeMo Insight Switch,Standby mode entered,This Trigger fires every time your WeMo Insight Switch enters standby mode. The switch enters standby mode when the device attached to it is manually powered off or stops drawing power.,WeMo Insight Switch,Turn off,"This Action will turn a WeMo Switch off. If the WeMo Switch is already off, it will remain off.",Generic/Other
zgkqTJX8,Weather Underground,Sunset,This Trigger fires within 15 minutes of the sunset in your location.,WeMo Smart Plug,Turn on,"This Action will turn a WeMo Switch on. If the WeMo Switch is already on, it will remain on.",Generic/Other
ziACtQBp,Date & Time,Every day of the week at,This Trigger fires only on specific days of the week at the time you provide.,Lutron Caséta and RA2 Select,Set light level,This Action will set a Lutron dimmer or switch to the level you specify.,Generic/Other
ziF6SsPw,Twitter,New tweet by anyone in area,This Trigger fires every time anyone posts a tweet at a location you specify. ,WeMo Insight Switch,Turn off then on,This Action will turn a WeMo Switch off then immediately back on.,Generic/Other
zjzaYsqA,Google Calendar,Event from search starts,"This Trigger fires a set number of minutes before the starting time of an event on your Google Calendar that contains a specific keyword or phrase. The search looks at the event’s Title, Description, and Location.",WeMo Smart Plug,Turn off,"This Action will turn a WeMo Switch off. If the WeMo Switch is already off, it will remain off.",Generic/Other
zkDbgmc4,Button widget,Button press,This trigger fires every time you press the button.,TP-Link Kasa,Turn on,This action will turn on a device.,Generic/Other
zkXhNLbw,Button widget,Button press,This trigger fires every time you press the button.,Smart Life,Activate Scene,This action will activate the specified scene.,Generic/Other
zkcgtbrJ,Date & Time,Every day at,This Trigger fires every single day at a specific time set by you.,WeMo Smart Plug,Turn on,"This Action will turn a WeMo Switch on. If the WeMo Switch is already on, it will remain on.",Generic/Other
zmPsu4p7,Weather Underground,Current condition changes to,"This Trigger monitors changes in the current weather condition. When one of those conditions is met the Trigger fires. Currently only these simple conditions are supported: Rain, Snow, Cloudy, Clear. ",Smart Life,Activate Scene,This action will activate the specified scene.,Generic/Other
zr5HiefS,SmartThings,Switched on,This Trigger fires every time your SmartThings device is switched on.,Smart Life,Turn on,This action will turn on the device/group of your choosing.,Generic/Other
zsuxPCaK,Nest Thermostat,Nest set to Away,This Trigger fires every time the home you specify is set to Away.,Wink: Pivot Power Genius,Turn outlet on,"This Action will turn on the Pivot Power Genius outlet you specify. If the outlet is already on, it will remain on.",Generic/Other
zvn7Q2XF,Date & Time,Every day of the week at,This Trigger fires only on specific days of the week at the time you provide.,WeMo Smart Plug,Turn off,"This Action will turn a WeMo Switch off. If the WeMo Switch is already off, it will remain off.",Generic/Other
zwkY8ADP,WeMo Smart Plug,Switched off,This Trigger fires every time your WeMo Switch is turned off.,WeMo Smart Plug,Turn off,"This Action will turn a WeMo Switch off. If the WeMo Switch is already off, it will remain off.",Generic/Other
zxL6Aa8G,Button widget,Button press,This trigger fires every time you press the button.,Brilliant Smart,Turn on,This action will turn on the device/group of your choosing.,Generic/Other
zxYKGEaH,HomeSeer,A device is turned on,This Trigger fires when a device attached to your HomeSeer system is turned on.,WeMo Smart Plug,Turn on,"This Action will turn a WeMo Switch on. If the WeMo Switch is already on, it will remain on.",Generic/Other
zyvqWQmf,Google Assistant,Say a simple phrase,"This trigger fires when you say “Ok Google” to the Google Assistant followed by a phrase you choose. For example, say “Ok Google, I’m running late” to text a family member that you’re on your way home.",SwitchBot,Bot turn on ,This action will trigger the specified Bot to turn on the switch.,Generic/Other
zzaLiJDH,WeMo Smart Plug,Switched on,This Trigger fires every time your WeMo Switch is turned on.,WeMo Smart Plug,Turn off,"This Action will turn a WeMo Switch off. If the WeMo Switch is already off, it will remain off.",Generic/Other
zzpUytAk,Location,You enter an area,This Trigger fires every time you enter an area you specify.,TP-Link Kasa,Turn on,This action will turn on a device.,Generic/Other
