triggerDesc,actionDesc,freeOrLocked
IF weather condition change,", THEN changes the color of lights [ACTION_Y].",LOCKED
IF sunset approaching,", THEN turns on smart lights in [ACTION_X].",LOCKED
IF motion detected,", THEN triggers a light animation effect [ACTION_Z].",LOCKED
IF area exited,", THEN turns off smart lights [ACTION_W].",LOCKED
IF lock unlocked by user,", THEN turns on smart lights [ACTION_X].",LOCKED
IF an audio event is detected,", THEN triggers a light animation effect [ACTION_Z].",LOCKED
IF door opened,", THEN activates a lighting scene in [ACTION_X].",LOCKED
IF alexa custom phrase,", THEN turns off smart lights [ACTION_W].",LOCKED
IF alexa custom phrase,", THEN sets the color temperature of lights [ACTION_Y].",LOCKED
IF weekly schedule,", THEN activates a lighting scene [ACTION_Y].",LOCKED
IF a voice keyword is detected,", THEN turns off smart lights [ACTION_W].",LOCKED
IF temperature exceeds a threshold,", THEN turns on smart lights in [ACTION_X].",LOCKED
IF weekly schedule,", THEN adjusts the brightness of lights [ACTION_W].",LOCKED
IF sunset approaching,", THEN turns on smart lights in [ACTION_X].",LOCKED
IF alexa custom phrase,", THEN turns off smart lights [ACTION_W].",LOCKED
IF sunset approaching,", THEN turns on smart lights in [ACTION_X].",LOCKED
IF door is unlocked,", THEN turns on smart lights in [ACTION_X].",LOCKED
__UNMATCHED_TRIGGER__ this trigger fires when your ewelink support 1-channel switch is turned on or off.,", THEN turns off smart lights [ACTION_W].",LOCKED
IF weather condition change,", THEN sets the color temperature of lights [ACTION_Y].",LOCKED
IF sunset approaching,", THEN turns on smart lights in [ACTION_X].",LOCKED
IF new playlist track,", THEN sets the color temperature of lights [ACTION_Y].",LOCKED
IF weekly schedule,", THEN sets the color temperature of lights [ACTION_Y].",LOCKED
IF doorbell motion,", THEN turns on a light switch [ACTION_Y].",LOCKED
IF sunset approaching,", THEN turns on smart lights in [ACTION_X].",LOCKED
IF sunset approaching,", THEN turns on smart lights in [ACTION_X].",LOCKED
IF an audio event is detected,", THEN briefly toggles the lights off and on [ACTION_Z].",LOCKED
IF sunset approaching,", THEN turns on smart lights in [ACTION_X].",LOCKED
IF alarm triggered,", THEN turns on smart lights [ACTION_X].",LOCKED
__UNMATCHED_TRIGGER__ this trigger fires every time the thermostat you specify is set to a certain heating mode.,", THEN turns off smart lights [ACTION_W].",LOCKED
IF weather condition change,", THEN sets the color temperature of lights [ACTION_Y].",LOCKED
IF Facebook status is posted,", THEN briefly toggles the lights off and on [ACTION_Z].",LOCKED
IF order is out for delivery,", THEN triggers a light animation effect [ACTION_Z].",LOCKED
IF dryer finished,", THEN sets the color temperature of lights [ACTION_Y].",LOCKED
IF co2 high,", THEN briefly toggles the lights off and on [ACTION_Z].",LOCKED
IF alexa custom phrase,", THEN sets the color temperature of lights [ACTION_Y].",LOCKED
IF ifttt email trigger,", THEN sets the color temperature of lights [ACTION_Y].",LOCKED
IF alexa custom phrase,", THEN activates a lighting scene [ACTION_Y].",LOCKED
IF wifi connected,", THEN turns on smart lights in [ACTION_X].",LOCKED
IF daily schedule,", THEN turns off smart lights [ACTION_W].",LOCKED
IF alexa custom phrase,", THEN toggles the lights on or off [ACTION_Y].",LOCKED
IF daily schedule,", THEN turns on smart lights in [ACTION_X].",LOCKED
IF prayer time occurs,", THEN sets lights to a predefined scene [ACTION_Z].",LOCKED
IF sunset approaching,", THEN turns on smart lights in [ACTION_X].",LOCKED
IF tweet with hashtag,", THEN briefly toggles the lights off and on [ACTION_Z].",LOCKED
IF lock locked by user,", THEN turns on smart lights in [ACTION_X].",LOCKED
IF apilio event,", THEN switches off the lights [ACTION_W].",LOCKED
__UNMATCHED_TRIGGER__ this trigger is fired from the assigned pusher on your festina watch.,", THEN toggles lights based on current state in [ACTION_X].",LOCKED
IF area exited,", THEN turns off smart lights [ACTION_W].",LOCKED
IF weather condition change,", THEN triggers a light animation effect [ACTION_Z].",LOCKED
__UNMATCHED_TRIGGER__ this trigger fires when time-of-day peak rates start or end.,", THEN sets the color temperature of lights [ACTION_Y].",LOCKED
IF weekly schedule,", THEN adjusts the brightness of lights [ACTION_W].",LOCKED
IF new public video is posted,", THEN adjusts the brightness of lights [ACTION_Z].",LOCKED
IF co2 high,", THEN sets the color temperature of lights [ACTION_Y].",LOCKED
IF alexa custom phrase,", THEN changes the color of lights [ACTION_Y].",LOCKED
IF temperature falls below a threshold,", THEN sets the color temperature of lights [ACTION_Y].",LOCKED
IF weekly schedule,", THEN sets the color temperature of lights [ACTION_Y].",LOCKED
IF weekly schedule,", THEN turns on smart lights in [ACTION_X].",LOCKED
IF area entered,", THEN turns on smart lights in [ACTION_X].",LOCKED
IF daily schedule,", THEN turns off smart lights [ACTION_W].",LOCKED
IF motion is detected,", THEN turns on smart lights in [ACTION_X].",LOCKED
IF area entered,", THEN turns on smart lights in [ACTION_X].",LOCKED
IF family arrived,", THEN turns on smart lights in [ACTION_X].",LOCKED
IF generic button press,", THEN turns off the light [ACTION_W].",LOCKED
IF weekly schedule,", THEN turns on smart lights [ACTION_X].",LOCKED
__UNMATCHED_TRIGGER__ this trigger monitors changes in your thermostat's measured temperature and fires if it exceeds a certain threshold.,", THEN sets the color temperature of lights [ACTION_Y].",LOCKED
IF weekly schedule,", THEN sets the color temperature of lights [ACTION_Y].",LOCKED
IF sunset approaching,", THEN turns on the light [ACTION_Y].",LOCKED
IF superchat received,", THEN sets lights to a predefined scene [ACTION_Z].",LOCKED
IF daily schedule,", THEN briefly toggles the lights off and on [ACTION_Z].",LOCKED
IF wemo motion detected,", THEN turns on a light switch [ACTION_Y].",LOCKED
__UNMATCHED_TRIGGER__ this trigger fires when the price of electricity changes.,", THEN sets the color temperature of lights [ACTION_Y].",LOCKED
IF WeMo light is turned on,", THEN toggles the lights on or off [ACTION_Y].",LOCKED
IF yearly schedule,", THEN sets the color temperature of lights [ACTION_Y].",LOCKED
IF calendar event is upcoming,", THEN toggles the lights on or off [ACTION_Y].",LOCKED
IF google assistant phrase,", THEN turns on smart lights in [ACTION_X].",LOCKED
IF contact closes,", THEN sets the color temperature of lights [ACTION_Y].",LOCKED
"__UNMATCHED_TRIGGER__ this trigger fires every time a song is played on amazon prime music. note: this trigger does not apply to songs provided by spotify, pandora, podcasts and sample clips.",", THEN sets the color temperature of lights [ACTION_Y].",LOCKED
IF sunset approaching,", THEN adjusts the brightness of lights [ACTION_W].",LOCKED
IF wemo motion detected,", THEN turns on smart lights in [ACTION_X].",LOCKED
IF daily schedule,", THEN activates a lighting scene in [ACTION_X].",LOCKED
IF quarter hour,", THEN briefly toggles the lights off and on [ACTION_Z].",LOCKED
IF alexa custom phrase,", THEN turns off smart lights [ACTION_W].",LOCKED
IF sunset approaching,", THEN toggles the lights on or off [ACTION_Y].",LOCKED
IF alexa custom phrase,", THEN sets the color temperature of lights [ACTION_Y].",LOCKED
IF weather condition change,", THEN sets the color temperature of lights [ACTION_Y].",LOCKED
IF device connects to router,", THEN briefly toggles the lights off and on [ACTION_Z].",LOCKED
IF quarter hour,", THEN sets the color temperature of lights [ACTION_Y].",LOCKED
IF prayer time occurs,", THEN activates a lighting scene [ACTION_Y].",LOCKED
IF daily schedule,", THEN toggles the projector LED light [ACTION_Z].",LOCKED
IF weekly schedule,", THEN adjusts the brightness of lights [ACTION_Z].",LOCKED
"__UNMATCHED_TRIGGER__ this trigger fires every time a song is played on amazon prime music. note: this trigger does not apply to songs provided by spotify, pandora, podcasts and sample clips.",", THEN sets the color temperature of lights [ACTION_Y].",LOCKED
__UNMATCHED_TRIGGER__ this trigger fires every time you add an item to your to do list.,", THEN sets the color temperature of lights [ACTION_Y].",LOCKED
IF meeting ends,", THEN activates a lighting scene [ACTION_Y].",LOCKED
IF alexa custom phrase,", THEN sets the brightness level of smart lights [ACTION_Z].",LOCKED
IF WeMo light is turned on,", THEN toggles the lights on or off [ACTION_Y].",LOCKED
IF home away mode,", THEN turns off smart lights [ACTION_W].",LOCKED
IF alexa custom phrase,", THEN sets the color temperature of lights [ACTION_Y].",LOCKED
IF weekly schedule,", THEN turns on smart lights in [ACTION_X].",LOCKED
__UNMATCHED_TRIGGER__ this trigger fires every time when your alarm panel is armed,", THEN turns off smart lights [ACTION_W].",LOCKED
IF superchat received,", THEN adjusts the brightness of lights [ACTION_Z].",LOCKED
IF daily schedule,", THEN triggers a light animation effect [ACTION_Z].",LOCKED
IF daily schedule,", THEN turns off smart lights [ACTION_W].",LOCKED
__UNMATCHED_TRIGGER__ this trigger fires every time there is a new survey response for the survey you specify.,", THEN briefly toggles the lights off and on [ACTION_Z].",LOCKED
IF google assistant phrase,", THEN turns off smart lights [ACTION_W].",LOCKED
IF tweet with hashtag,", THEN turns off smart lights [ACTION_W].",LOCKED
__UNMATCHED_TRIGGER__ this trigger fires every time you are tagged you in a new photo. note: facebook privacy settings may block ifttt’s access to some photos you are tagged in.,", THEN triggers a light animation effect [ACTION_Z].",LOCKED
__UNMATCHED_TRIGGER__ this trigger fires every time the nest protect you specify detects dangerous smoke levels.,", THEN turns on smart lights in [ACTION_X].",LOCKED
__UNMATCHED_TRIGGER__ this trigger fires every time the wind speed rises above a value you specify.,", THEN turns on smart lights in [ACTION_X].",LOCKED
__UNMATCHED_TRIGGER__ this trigger fires when my total connect security panel receives an alarm,", THEN sets the color temperature of lights [ACTION_Y].",LOCKED
IF calendar event is upcoming,", THEN sets the color temperature of lights [ACTION_Y].",LOCKED
IF WeMo light is turned off,", THEN turns off smart lights [ACTION_W].",LOCKED
IF alexa custom phrase,", THEN sets the color temperature of lights [ACTION_Y].",LOCKED
IF alexa custom phrase,", THEN turns off smart lights [ACTION_W].",LOCKED
IF weather condition change,", THEN sets the color temperature of lights [ACTION_Y].",LOCKED
IF daily schedule,", THEN turns on smart lights [ACTION_X].",LOCKED
IF google assistant phrase,", THEN activates a lighting scene [ACTION_Y].",LOCKED
IF ihome button,", THEN turns on smart lights [ACTION_X].",LOCKED
IF alexa custom phrase,", THEN sets the color temperature of lights [ACTION_Y].",LOCKED
IF WeMo light is turned on,", THEN toggles the lights on or off [ACTION_Y].",LOCKED
__UNMATCHED_TRIGGER__ this trigger fires every time the you ask alexa what's on your shopping list.,", THEN toggles lights based on current state in [ACTION_X].",LOCKED
IF google assistant phrase,", THEN turns off smart lights [ACTION_W].",LOCKED
__UNMATCHED_TRIGGER__ this trigger fires every time you add an item to your to do list.,", THEN sets the color temperature of lights [ACTION_Y].",LOCKED
IF sunrise approaching,", THEN turns off smart lights [ACTION_W].",LOCKED
IF alexa custom phrase,", THEN turns on smart lights in [ACTION_X].",LOCKED
IF renewable energy change,", THEN sets the color temperature of lights [ACTION_Y].",LOCKED
IF daily schedule,", THEN turns on a light switch [ACTION_Y].",LOCKED
IF weather condition change,", THEN briefly toggles the lights off and on [ACTION_Z].",LOCKED
__UNMATCHED_TRIGGER__ this trigger fires when there is a new membership for your channel.,", THEN adjusts the brightness of lights [ACTION_Z].",LOCKED
IF daily schedule,", THEN turns on smart lights in [ACTION_X].",LOCKED
__UNMATCHED_TRIGGER__ this trigger fires every time your timer goes off.,", THEN briefly toggles the lights off and on [ACTION_Z].",LOCKED
IF WeMo light is turned off,", THEN turns off a light switch [ACTION_W].",LOCKED
IF generic button press,", THEN sets the color temperature of lights [ACTION_Y].",LOCKED
__UNMATCHED_TRIGGER__ this trigger fires every time your timer goes off.,", THEN triggers a light animation effect [ACTION_Z].",LOCKED
__UNMATCHED_TRIGGER__ this trigger fires every time you are tagged you in a new photo. note: facebook privacy settings may block ifttt’s access to some photos you are tagged in.,", THEN briefly toggles the lights off and on [ACTION_Z].",LOCKED
IF calendar event is upcoming,", THEN sets the color temperature of lights [ACTION_Y].",LOCKED
__UNMATCHED_TRIGGER__ this trigger fires when a routine is activated.,", THEN turns off smart lights [ACTION_W].",LOCKED
IF Facebook status is posted,", THEN sets the color temperature of lights [ACTION_Y].",LOCKED
IF generic button press,", THEN sets the color temperature of lights [ACTION_Y].",LOCKED
__UNMATCHED_TRIGGER__ this trigger fires when tado⁠° switches to home mode.,", THEN turns on smart lights in [ACTION_X].",LOCKED
IF google assistant phrase,", THEN toggles the lights on or off [ACTION_Y].",LOCKED
IF alexa custom phrase,", THEN turns on smart lights in [ACTION_X].",LOCKED
IF noise threshold exceeded,", THEN sets the color temperature of lights [ACTION_Y].",LOCKED
IF home home mode,", THEN adjusts the brightness of lights [ACTION_W].",LOCKED
IF alarm triggered,", THEN adjusts the brightness of lights [ACTION_W].",LOCKED
IF google assistant phrase,", THEN turns off smart lights [ACTION_W].",LOCKED
IF weekly schedule,", THEN sets the color temperature of lights [ACTION_Y].",LOCKED
"__UNMATCHED_TRIGGER__ this trigger fires every time your air purifier registers an air quality you specify (poor, moderate, good).",", THEN turns on smart lights in [ACTION_X].",LOCKED
IF daily schedule,", THEN turns off smart lights [ACTION_W].",LOCKED
IF co2 high,", THEN turns on smart lights in [ACTION_X].",LOCKED
IF sunset approaching,", THEN sets the color temperature of lights [ACTION_Y].",LOCKED
IF google assistant phrase,", THEN turns on smart lights [ACTION_X].",LOCKED
IF alexa custom phrase,", THEN adjusts the brightness of lights [ACTION_W].",LOCKED
IF generic button press,", THEN turns off a light switch [ACTION_W].",LOCKED
__UNMATCHED_TRIGGER__ this trigger fires every time the temperature at your weatherflow tempest station drops below a value that you select.,", THEN sets the color temperature of lights [ACTION_Y].",LOCKED
IF WeMo Insight is turned on,", THEN turns on smart lights in [ACTION_X].",LOCKED
"__UNMATCHED_TRIGGER__ this trigger retrieves tomorrow's weather report within 5 minutes of the time you specify, depending on when forecast data is updated.",", THEN sets the color temperature of lights [ACTION_Y].",LOCKED
IF instagram post,", THEN briefly toggles the lights off and on [ACTION_Z].",LOCKED
IF superchat received,", THEN sets lights to a predefined scene [ACTION_Z].",LOCKED
IF daily schedule,", THEN turns on smart lights in [ACTION_X].",LOCKED
IF alexa custom phrase,", THEN turns on smart lights in [ACTION_X].",LOCKED
IF door opened,", THEN triggers a light animation effect [ACTION_Z].",LOCKED
IF google assistant phrase,", THEN turns off smart lights [ACTION_W].",LOCKED
IF generic button press,", THEN sets the color temperature of lights [ACTION_Y].",LOCKED
IF daily schedule,", THEN turns on smart lights in [ACTION_X].",LOCKED
IF battery is low,", THEN briefly toggles the lights off and on [ACTION_Z].",LOCKED
__UNMATCHED_TRIGGER__ this trigger fires when there is a new membership for your channel.,", THEN adjusts the brightness of lights [ACTION_Z].",LOCKED
IF Facebook status is posted,", THEN sets the color temperature of lights [ACTION_Y].",LOCKED
IF alarm triggered,", THEN triggers a light animation effect [ACTION_Z].",LOCKED
IF renewable energy change,", THEN changes the color of lights [ACTION_Y].",LOCKED
IF new public video is posted,", THEN sets lights to a predefined scene [ACTION_Z].",LOCKED
IF alexa custom phrase,", THEN turns on smart lights in [ACTION_X].",LOCKED
IF alexa custom phrase,", THEN changes the color of lights [ACTION_Y].",LOCKED
__UNMATCHED_TRIGGER__ this trigger fires every time your netatmo rain gauge detects that it is raining.,", THEN turns on smart lights in [ACTION_X].",LOCKED
IF doorbell motion,", THEN sets the color temperature of lights [ACTION_Y].",LOCKED
IF lock unlocked,", THEN turns on smart lights [ACTION_X].",LOCKED
IF door opened,", THEN activates a lighting scene in [ACTION_X].",LOCKED
__UNMATCHED_TRIGGER__ this trigger fires every time a new item in the feed you specify contains a particular keyword or simple phrase.,", THEN sets the color temperature of lights [ACTION_Y].",LOCKED
IF daily schedule,", THEN sets the color temperature of lights [ACTION_Y].",LOCKED
__UNMATCHED_TRIGGER__ this trigger fires every time it is christmas in the time zone you specify.,", THEN sets the color temperature of lights [ACTION_Y].",LOCKED
__UNMATCHED_TRIGGER__ this trigger fires when your order is being quality-checked.,", THEN sets the color temperature of lights [ACTION_Y].",LOCKED
IF sunset approaching,", THEN turns on smart lights in [ACTION_X].",LOCKED
IF apilio event,", THEN turns off smart lights [ACTION_W].",LOCKED
IF generic button press,", THEN adjusts the brightness of lights [ACTION_Z].",LOCKED
IF alexa custom phrase,", THEN changes the color of lights [ACTION_Y].",LOCKED
IF sunset approaching,", THEN turns on a light switch [ACTION_Y].",LOCKED
__UNMATCHED_TRIGGER__ this trigger fires every time a new user starts following you.,", THEN briefly toggles the lights off and on [ACTION_Z].",LOCKED
IF alexa custom phrase,", THEN changes the color of lights [ACTION_Y].",LOCKED
IF weekly schedule,", THEN turns on smart lights [ACTION_X].",LOCKED
IF doorbell motion,", THEN turns on a light switch [ACTION_Y].",LOCKED
IF a YouTube video is liked,", THEN adjusts the brightness of lights [ACTION_Z].",LOCKED
IF meeting ends,", THEN activates a lighting scene [ACTION_Y].",LOCKED
__UNMATCHED_TRIGGER__ this trigger fires every time your wemo switch is turned on.,", THEN turns on smart lights in [ACTION_X].",LOCKED
IF google assistant phrase,", THEN turns on smart lights in [ACTION_X].",LOCKED
IF alexa custom phrase,", THEN changes the color of lights [ACTION_Y].",LOCKED
IF spotify save track,", THEN briefly toggles the lights off and on [ACTION_Z].",LOCKED
__UNMATCHED_TRIGGER__ this trigger fires when there is a new membership for your channel.,", THEN sets the color temperature of lights [ACTION_Y].",LOCKED
__UNMATCHED_TRIGGER__ this trigger fires when a mode is armed.,", THEN turns off smart lights [ACTION_W].",LOCKED
IF weekly schedule,", THEN turns on smart lights in [ACTION_X].",LOCKED
IF alarm triggered,", THEN triggers a light animation effect [ACTION_Z].",LOCKED
IF daily schedule,", THEN turns off smart lights [ACTION_W].",LOCKED
IF meeting starts,", THEN activates a lighting scene [ACTION_Y].",LOCKED
IF area entered,", THEN turns on smart lights [ACTION_X].",LOCKED
IF sunset approaching,", THEN turns on smart lights in [ACTION_X].",LOCKED
__UNMATCHED_TRIGGER__ this trigger fires when the alarm for a specific mode is triggered.,", THEN toggles the lights on or off [ACTION_Y].",LOCKED
IF alexa custom phrase,", THEN activates a lighting scene in [ACTION_X].",LOCKED
IF daily schedule,", THEN turns on smart lights [ACTION_X].",LOCKED
IF doorbell motion,", THEN activates a lighting scene [ACTION_Y].",LOCKED
IF daily schedule,", THEN turns on smart lights [ACTION_X].",LOCKED
IF daily schedule,", THEN turns on smart lights in [ACTION_X].",LOCKED
IF sunrise approaching,", THEN turns off a light switch [ACTION_W].",LOCKED
IF generic button press,", THEN sets the color temperature of lights [ACTION_Y].",LOCKED
IF area entered,", THEN turns on smart lights in [ACTION_X].",LOCKED
IF new public video is posted,", THEN adjusts the brightness of lights [ACTION_Z].",LOCKED
IF area exited,", THEN turns off a light switch [ACTION_W].",LOCKED
IF alexa custom phrase,", THEN sets the color temperature of lights [ACTION_Y].",LOCKED
__UNMATCHED_TRIGGER__ this trigger fires when the alarm for a specific mode is triggered.,", THEN triggers a light animation effect [ACTION_Z].",LOCKED
__UNMATCHED_TRIGGER__ this trigger fires every time somebody rings your ring doorbell.,", THEN adjusts the brightness of lights [ACTION_Z].",LOCKED
IF wifi disconnected,", THEN turns off smart lights [ACTION_W].",LOCKED
IF air quality is low,", THEN briefly toggles the lights off and on [ACTION_Z].",LOCKED
IF google assistant phrase,", THEN turns on smart lights in [ACTION_X].",LOCKED
IF ihome button,", THEN sets the color temperature of lights [ACTION_Y].",LOCKED
IF daily schedule,", THEN turns on smart lights in [ACTION_X].",LOCKED
__UNMATCHED_TRIGGER__ this trigger fires every time a group decision or direct action has been taken,", THEN turns off smart lights [ACTION_W].",LOCKED
IF google assistant phrase,", THEN activates a lighting scene [ACTION_Y].",LOCKED
IF order is out for delivery,", THEN turns on smart lights [ACTION_X].",LOCKED
IF door locked,", THEN turns on smart lights in [ACTION_X].",LOCKED
__UNMATCHED_TRIGGER__ this trigger fires when any user sends the /ifttt command to the source group.,", THEN briefly toggles the lights off and on [ACTION_Z].",LOCKED
IF area exited,", THEN turns off smart lights [ACTION_W].",LOCKED
IF sms received,", THEN triggers a light animation effect [ACTION_Z].",LOCKED
IF area exited,", THEN toggles the lights on or off [ACTION_Y].",LOCKED
__UNMATCHED_TRIGGER__ this trigger fires every time your wemo light switches off.,", THEN turns off the hood lighting [ACTION_W].",LOCKED
IF sunrise approaching,", THEN turns off smart lights [ACTION_W].",LOCKED
IF google assistant phrase,", THEN activates a lighting scene [ACTION_Y].",LOCKED
IF sunset approaching,", THEN turns on smart lights in [ACTION_X].",LOCKED
IF weekly schedule,", THEN turns on smart lights [ACTION_X].",LOCKED
IF co2 low,", THEN triggers a light animation effect [ACTION_Z].",LOCKED
IF Arlo detects motion,", THEN briefly toggles the lights off and on [ACTION_Z].",LOCKED
IF temperature falls below a threshold,", THEN triggers a light animation effect [ACTION_Z].",LOCKED
IF weekly schedule,", THEN turns off smart lights [ACTION_W].",LOCKED
__UNMATCHED_TRIGGER__ this trigger fires when your device detects the temperature is below the threshold you specified.,", THEN turns on smart lights in [ACTION_X].",LOCKED
IF a known caller calls,", THEN power-cycles a smart switch in [ACTION_X].",LOCKED
__UNMATCHED_TRIGGER__ this trigger fires every time your cloudbit receives an input signal from another littlebits module.,", THEN briefly toggles the lights off and on [ACTION_Z].",LOCKED
IF apilio event,", THEN adjusts the brightness of lights [ACTION_Z].",LOCKED
IF Arlo detects motion,", THEN turns on smart lights in [ACTION_X].",LOCKED
IF alexa custom phrase,", THEN activates a lighting scene [ACTION_Y].",LOCKED
IF sunrise approaching,", THEN turns off smart lights [ACTION_W].",LOCKED
IF area entered,", THEN activates a lighting scene [ACTION_Y].",LOCKED
IF google assistant phrase,", THEN adjusts the brightness of lights [ACTION_W].",LOCKED
IF daily schedule,", THEN turns off smart lights [ACTION_W].",LOCKED
__UNMATCHED_TRIGGER__ this trigger fires when a device attached to your homeseer system is turned off.,", THEN turns off smart lights [ACTION_W].",LOCKED
IF generic button press,", THEN turns on smart lights in [ACTION_X].",LOCKED
IF weekly schedule,", THEN turns on smart lights in [ACTION_X].",LOCKED
IF Facebook status is posted,", THEN sets the color temperature of lights [ACTION_Y].",LOCKED
__UNMATCHED_TRIGGER__ this trigger fires when specified pir kumosensor detects movement.,", THEN turns on smart lights in [ACTION_X].",LOCKED
__UNMATCHED_TRIGGER__ this trigger fires every time the twitter user you specify tweets.,", THEN sets the color temperature of lights [ACTION_Y].",LOCKED
__UNMATCHED_TRIGGER__ this trigger fires every time the clock timer on your cooktop has elapsed.,", THEN turns on the hood lighting [ACTION_Z].",LOCKED
__UNMATCHED_TRIGGER__ this trigger fires when a routine is activated.,", THEN turns off smart lights [ACTION_W].",LOCKED
IF weather condition change,", THEN sets the color temperature of lights [ACTION_Y].",LOCKED
IF area exited,", THEN sets lights to a predefined scene [ACTION_Z].",LOCKED
IF weekly schedule,", THEN briefly toggles the lights off and on [ACTION_Z].",LOCKED
IF today weather report,", THEN activates a lighting scene [ACTION_Y].",LOCKED
IF generic button press,", THEN enables [ACTION_X] as lighting mode.",LOCKED
IF Arlo detects motion,", THEN turns on smart lights in [ACTION_X].",LOCKED
IF google assistant phrase,", THEN adjusts the brightness of lights [ACTION_W].",LOCKED
IF weather condition change,", THEN sets the color temperature of lights [ACTION_Y].",LOCKED
IF sunrise approaching,", THEN turns off smart lights [ACTION_W].",LOCKED
IF daily schedule,", THEN turns on smart lights in [ACTION_X].",LOCKED
IF alarm triggered,", THEN turns on the light [ACTION_Y].",LOCKED
IF daily schedule,", THEN turns on smart lights [ACTION_X].",LOCKED
__UNMATCHED_TRIGGER__ this trigger is fired from the assigned pusher on your kronaby watch.,", THEN toggles lights based on current state in [ACTION_X].",LOCKED
IF sunset approaching,", THEN turns on smart lights in [ACTION_X].",LOCKED
IF sunrise approaching,", THEN turns off smart lights [ACTION_W].",LOCKED
IF weekly schedule,", THEN turns on smart lights in [ACTION_X].",LOCKED
IF sunset approaching,", THEN turns on smart lights in [ACTION_X].",LOCKED
__UNMATCHED_TRIGGER__ this trigger fires every time a new item is added to the feed you specify.,", THEN briefly toggles the lights off and on [ACTION_Z].",LOCKED
__UNMATCHED_TRIGGER__ this trigger fires every time your ecobee thermostat and room sensors change to smart home or smart away comfort profiles.,", THEN turns on smart lights in [ACTION_X].",LOCKED
IF daily schedule,", THEN triggers a light animation effect [ACTION_Z].",LOCKED
__UNMATCHED_TRIGGER__ this trigger fires every time a previously-connected device connects to your tp-link router.,", THEN turns on smart lights in [ACTION_X].",LOCKED
IF ifttt hashtag email,", THEN turns on smart lights in [ACTION_X].",LOCKED
IF area exited,", THEN turns off smart lights [ACTION_W].",LOCKED
IF google assistant phrase,", THEN turns off smart lights [ACTION_W].",LOCKED
IF google assistant phrase,", THEN turns off smart lights [ACTION_W].",LOCKED
IF area entered,", THEN turns on a light switch in [ACTION_X].",LOCKED
__UNMATCHED_TRIGGER__ this trigger fires every time the wind speed rises above a value you specify in your location.,", THEN triggers a light animation effect [ACTION_Z].",LOCKED
IF daily schedule,", THEN turns on smart lights in [ACTION_X].",LOCKED
IF daily schedule,", THEN turns off smart lights [ACTION_W].",LOCKED
IF weekly schedule,", THEN turns off smart lights [ACTION_W].",LOCKED
IF google assistant phrase,", THEN activates a lighting scene [ACTION_Y].",LOCKED
IF fridge door is open,", THEN turns on smart lights in [ACTION_X].",LOCKED
IF sunset approaching,", THEN turns on smart lights in [ACTION_X].",LOCKED
__UNMATCHED_TRIGGER__ this trigger fires every time somebody rings your ring doorbell.,", THEN briefly toggles the lights off and on [ACTION_Z].",LOCKED
__UNMATCHED_TRIGGER__ this trigger fires every time a new user starts following you.,", THEN sets the color temperature of lights [ACTION_Y].",LOCKED
__UNMATCHED_TRIGGER__ this trigger fires when an event is triggered from your litter robot. ie. clean cycle completes,", THEN briefly toggles the lights off and on [ACTION_Z].",LOCKED
IF alarm is disarmed,", THEN turns on smart lights in [ACTION_X].",LOCKED
IF alexa custom phrase,", THEN turns on smart lights in [ACTION_X].",LOCKED
IF alexa custom phrase,", THEN turns on smart lights in [ACTION_X].",LOCKED
IF daily schedule,", THEN turns off smart lights [ACTION_W].",LOCKED
"__UNMATCHED_TRIGGER__ this trigger fires every time a song is played on amazon prime music. note: this trigger does not apply to songs provided by spotify, pandora, podcasts and sample clips.",", THEN activates a lighting scene [ACTION_Y].",LOCKED
IF weather condition change,", THEN briefly toggles the lights off and on [ACTION_Z].",LOCKED
IF alexa custom phrase,", THEN sets the color temperature of lights [ACTION_Y].",LOCKED
__UNMATCHED_TRIGGER__ this trigger fires every time your netatmo rain gauge detects that it is raining.,", THEN sets the color temperature of lights [ACTION_Y].",LOCKED
IF camera motion,", THEN turns on smart lights in [ACTION_X].",LOCKED
IF spotify save track,", THEN changes the color of lights [ACTION_Y].",LOCKED
IF alexa custom phrase,", THEN turns on smart lights in [ACTION_X].",LOCKED
IF google assistant phrase,", THEN turns off smart lights [ACTION_W].",LOCKED
IF wifi disconnected,", THEN turns on smart lights in [ACTION_X].",LOCKED
IF Android notification is received,", THEN activates a lighting scene [ACTION_Y].",LOCKED
IF sunset approaching,", THEN turns on smart lights [ACTION_X].",LOCKED
__UNMATCHED_TRIGGER__ the otiom tag has entered an alarm state,", THEN sets the color temperature of lights [ACTION_Y].",LOCKED
IF sunrise approaching,", THEN turns off smart lights [ACTION_W].",LOCKED
IF area entered,", THEN triggers a light animation effect [ACTION_Z].",LOCKED
IF sunset approaching,", THEN adjusts the brightness of lights [ACTION_W].",LOCKED
IF weekly schedule,", THEN briefly toggles the lights off and on [ACTION_Z].",LOCKED
IF alexa custom phrase,", THEN sets the color temperature of lights [ACTION_Y].",LOCKED
IF sunset approaching,", THEN toggles the lights on or off [ACTION_Y].",LOCKED
IF alexa custom phrase,", THEN adjusts the brightness of lights [ACTION_W].",LOCKED
IF weekly schedule,", THEN turns off smart lights [ACTION_W].",LOCKED
IF camera motion,", THEN turns on smart lights in [ACTION_X].",LOCKED
IF area entered,", THEN toggles the lights on or off [ACTION_Y].",LOCKED
__UNMATCHED_TRIGGER__ this trigger fires every time you add a new reminder.,", THEN briefly toggles the lights off and on [ACTION_Z].",LOCKED
__UNMATCHED_TRIGGER__ this trigger fires when you send a text message with a key phrase to the @ifttt bot on telegram.,", THEN sets the color temperature of lights [ACTION_Y].",LOCKED
IF google assistant phrase,", THEN activates a lighting scene [ACTION_Y].",LOCKED
IF google assistant phrase,", THEN turns off smart lights [ACTION_W].",LOCKED
"__UNMATCHED_TRIGGER__ this trigger fires every time your myfox security system receives an alarm (detection, intrusion, silent alert, ...).",", THEN turns on smart lights in [ACTION_X].",LOCKED
IF an SMS is received,", THEN briefly toggles the lights off and on [ACTION_Z].",LOCKED
__UNMATCHED_TRIGGER__ this trigger fires every time someone already identified by the camera arrives home.,", THEN turns on smart lights in [ACTION_X].",LOCKED
IF google assistant phrase,", THEN turns on smart lights in [ACTION_X].",LOCKED
IF wifi connected,", THEN turns on smart lights in [ACTION_X].",LOCKED
IF vehicle geofence exit,", THEN turns off smart lights [ACTION_W].",LOCKED
IF area exited,", THEN turns off smart lights [ACTION_W].",LOCKED
__UNMATCHED_TRIGGER__ this trigger fires every time you add an item to your to do list.,", THEN turns off smart lights [ACTION_W].",LOCKED
IF weekly schedule,", THEN triggers a light animation effect [ACTION_Z].",LOCKED
IF google assistant phrase,", THEN turns on smart lights in [ACTION_X].",LOCKED
IF alexa custom phrase,", THEN activates a lighting scene [ACTION_Y].",LOCKED
IF ifttt email trigger,", THEN turns on smart lights in [ACTION_X].",LOCKED
IF google assistant phrase,", THEN turns off smart lights [ACTION_W].",LOCKED
__UNMATCHED_TRIGGER__ this trigger fires when the humidity of a device rises above the provided threshold.,", THEN briefly toggles the lights off and on [ACTION_Z].",LOCKED
IF instagram post,", THEN triggers a light animation effect [ACTION_Z].",LOCKED
IF ifttt hashtag email,", THEN turns on smart lights in [ACTION_X].",LOCKED
IF alexa custom phrase,", THEN turns off smart lights [ACTION_W].",LOCKED
IF out of bed,", THEN turns on smart lights in [ACTION_X].",LOCKED
IF alexa custom phrase,", THEN sets the color temperature of lights [ACTION_Y].",LOCKED
IF sunset approaching,", THEN turns on smart lights in [ACTION_X].",LOCKED
IF today weather report,", THEN sets the color temperature of lights [ACTION_Y].",LOCKED
IF weekly schedule,", THEN turns on smart lights in [ACTION_X].",LOCKED
IF lock locked,", THEN sets the color temperature of lights [ACTION_Y].",LOCKED
IF alexa custom phrase,", THEN sets the color temperature of lights [ACTION_Y].",LOCKED
IF calendar event is upcoming,", THEN turns on smart lights [ACTION_X].",LOCKED
IF sunrise approaching,", THEN turns off smart lights [ACTION_W].",LOCKED
IF Arlo detects motion,", THEN sets the color temperature of lights [ACTION_Y].",LOCKED
IF quarter hour,", THEN toggles lights based on current state in [ACTION_X].",LOCKED
IF alexa custom phrase,", THEN changes the color of lights [ACTION_Y].",LOCKED
__UNMATCHED_TRIGGER__ this trigger fires every time the nest protect you specify detects dangerous smoke levels.,", THEN turns on a light switch [ACTION_Y].",LOCKED
IF alexa custom phrase,", THEN sets the color temperature of lights [ACTION_Y].",LOCKED
IF daily schedule,", THEN turns on smart lights in [ACTION_X].",LOCKED
IF weather condition change,", THEN sets lights to a predefined scene [ACTION_Z].",LOCKED
"__UNMATCHED_TRIGGER__ this trigger fires when your abode system mode is changed (away, home, standby).",", THEN turns off smart lights [ACTION_W].",LOCKED
IF alexa custom phrase,", THEN activates a lighting scene in [ACTION_X].",LOCKED
IF sunset approaching,", THEN sets the color temperature of lights [ACTION_Y].",LOCKED
IF daily schedule,", THEN triggers a light animation effect [ACTION_Z].",LOCKED
IF sunset approaching,", THEN turns on smart lights in [ACTION_X].",LOCKED
IF daily schedule,", THEN turns off smart lights [ACTION_W].",LOCKED
__UNMATCHED_TRIGGER__ this trigger fires every time the twitter user you specify tweets.,", THEN turns on smart lights in [ACTION_X].",LOCKED
IF sunrise approaching,", THEN turns off smart lights [ACTION_W].",LOCKED
IF alarm triggered,", THEN turns on smart lights [ACTION_X].",LOCKED
IF sunset approaching,", THEN turns on smart lights [ACTION_X].",LOCKED
IF daily schedule,", THEN turns off smart lights [ACTION_W].",LOCKED
__UNMATCHED_TRIGGER__ this trigger fires every time you are tagged you in a new photo. note: facebook privacy settings may block ifttt’s access to some photos you are tagged in.,", THEN briefly toggles the lights off and on [ACTION_Z].",LOCKED
IF sunrise approaching,", THEN turns on smart lights in [ACTION_X].",LOCKED
IF daily schedule,", THEN turns on smart lights in [ACTION_X].",LOCKED
IF door opened,", THEN turns on smart lights in [ACTION_X].",LOCKED
IF daily schedule,", THEN turns off smart lights [ACTION_W].",LOCKED
__UNMATCHED_TRIGGER__ this trigger fires every time your netatmo rain gauge detects that it is raining.,", THEN briefly toggles the lights off and on [ACTION_Z].",LOCKED
IF alexa custom phrase,", THEN adjusts the brightness of lights [ACTION_W].",LOCKED
__UNMATCHED_TRIGGER__ this trigger fires every time the preheating phase has finished. please note that you have to start the heating program with enabled fast preheat.,", THEN briefly toggles the lights off and on [ACTION_Z].",LOCKED
IF wifi connected,", THEN turns on smart lights in [ACTION_X].",LOCKED
IF google assistant phrase,", THEN turns off smart lights [ACTION_W].",LOCKED
IF weather condition change,", THEN briefly toggles the lights off and on [ACTION_Z].",LOCKED
IF away mode entered,", THEN turns off smart lights [ACTION_W].",LOCKED
IF an audio event is detected,", THEN turns off smart lights [ACTION_W].",LOCKED
__UNMATCHED_TRIGGER__ this trigger fires when co2 emissions level is low,", THEN changes the color of lights [ACTION_Y].",LOCKED
IF oven finished,", THEN briefly toggles the lights off and on [ACTION_Z].",LOCKED
IF google assistant phrase,", THEN sets the color temperature of lights [ACTION_Y].",LOCKED
__UNMATCHED_TRIGGER__ this trigger fires every time you receive a new notification from a specific repository on github.,", THEN briefly toggles the lights off and on [ACTION_Z].",LOCKED
IF weekly schedule,", THEN turns on smart lights in [ACTION_X].",LOCKED
__UNMATCHED_TRIGGER__ this trigger fires every time you are tagged you in a new photo. note: facebook privacy settings may block ifttt’s access to some photos you are tagged in.,", THEN briefly toggles the lights off and on [ACTION_Z].",LOCKED
__UNMATCHED_TRIGGER__ this trigger fires every time someone already identified by the camera arrives home.,", THEN turns on smart lights in [ACTION_X].",LOCKED
IF google assistant phrase,", THEN turns on smart lights [ACTION_X].",LOCKED
IF simcam person detected,", THEN briefly toggles the lights off and on [ACTION_Z].",LOCKED
IF alarm is armed,", THEN turns off smart lights [ACTION_W].",LOCKED
IF yearly schedule,", THEN sets the color temperature of lights [ACTION_Y].",LOCKED
IF temperature rises above a threshold,", THEN briefly toggles the lights off and on [ACTION_Z].",LOCKED
IF family left,", THEN turns off smart lights [ACTION_W].",LOCKED
IF weekly schedule,", THEN turns on smart lights in [ACTION_X].",LOCKED
__UNMATCHED_TRIGGER__ this trigger fires every time your wemo switch is turned on.,", THEN turns on smart lights in [ACTION_X].",LOCKED
IF alarm triggered,", THEN turns off smart lights [ACTION_W].",LOCKED
IF door closed,", THEN turns off smart lights [ACTION_W].",LOCKED
IF today weather report,", THEN sets the color temperature of lights [ACTION_Y].",LOCKED
IF weekly schedule,", THEN briefly toggles the lights off and on [ACTION_Z].",LOCKED
IF google assistant phrase,", THEN adjusts the brightness of lights [ACTION_W].",LOCKED
IF google assistant phrase,", THEN turns off smart lights [ACTION_W].",LOCKED
IF fasting time occurs,", THEN turns on smart lights in [ACTION_X].",LOCKED
IF alexa custom phrase,", THEN turns off smart lights [ACTION_W].",LOCKED
IF motion sensor is triggered,", THEN turns on a light switch [ACTION_Y].",LOCKED
IF weather condition change,", THEN sets the color temperature of lights [ACTION_Y].",LOCKED
IF sunset approaching,", THEN turns on smart lights in [ACTION_X].",LOCKED
__UNMATCHED_TRIGGER__ this trigger is fired from the assigned pusher on your lotus watch.,", THEN toggles the lights on or off [ACTION_Y].",LOCKED
IF WeMo light is turned on,", THEN sets the color temperature of lights [ACTION_Y].",LOCKED
IF today weather report,", THEN turns off smart lights [ACTION_W].",LOCKED
IF google assistant phrase,", THEN turns off smart lights [ACTION_W].",LOCKED
__UNMATCHED_TRIGGER__ this trigger fires when the uv index rises above a given value.,", THEN sets the color temperature of lights [ACTION_Y].",LOCKED
IF home away mode,", THEN turns off smart lights [ACTION_W].",LOCKED
IF step goal reached,", THEN briefly toggles the lights off and on [ACTION_Z].",LOCKED
IF calendar event is upcoming,", THEN sets the color temperature of lights [ACTION_Y].",LOCKED
__UNMATCHED_TRIGGER__ this trigger fires every time you do not achieve a daily goal you choose at the time you specify. note: updated on the first fitbit tracker sync after the time you specify.,", THEN briefly toggles the lights off and on [ACTION_Z].",LOCKED
IF ifttt hashtag email,", THEN turns off smart lights [ACTION_W].",LOCKED
IF Arlo detects motion,", THEN turns on smart lights in [ACTION_X].",LOCKED
__UNMATCHED_TRIGGER__ this trigger fires when a task is completed.,", THEN triggers a light animation effect [ACTION_Z].",LOCKED
IF calendar event is upcoming,", THEN toggles the lights on or off [ACTION_Y].",LOCKED
IF alarm triggered,", THEN turns on smart lights [ACTION_X].",LOCKED
IF sms received,", THEN briefly toggles the lights off and on [ACTION_Z].",LOCKED
IF daily schedule,", THEN turns off smart lights [ACTION_W].",LOCKED
IF apilio event,", THEN sets the color temperature of lights [ACTION_Y].",LOCKED
IF google assistant phrase,", THEN sets the color temperature of lights [ACTION_Y].",LOCKED
IF sunrise approaching,", THEN turns off smart lights [ACTION_W].",LOCKED
IF superchat received,", THEN sets the color temperature of lights [ACTION_Y].",LOCKED
__UNMATCHED_TRIGGER__ this trigger fires every time the thermostat you specify is set to a certain heating mode.,", THEN turns off smart lights [ACTION_W].",LOCKED
IF area entered,", THEN turns on smart lights in [ACTION_X].",LOCKED
IF door closed,", THEN turns on smart lights in [ACTION_X].",LOCKED
IF yearly schedule,", THEN sets the color temperature of lights [ACTION_Y].",LOCKED
IF daily schedule,", THEN turns off smart lights [ACTION_W].",LOCKED
IF camera motion,", THEN sets the color temperature of lights [ACTION_Y].",LOCKED
IF ifttt hashtag email,", THEN turns on smart lights in [ACTION_X].",LOCKED
__UNMATCHED_TRIGGER__ this trigger fires every time somebody rings your ring doorbell.,", THEN triggers a light animation effect [ACTION_Z].",LOCKED
__UNMATCHED_TRIGGER__ this trigger fires when there is a new membership for your channel.,", THEN sets lights to a predefined scene [ACTION_Z].",LOCKED
IF ifttt hashtag email,", THEN sets the color temperature of lights [ACTION_Y].",LOCKED
IF superchat received,", THEN triggers a light animation effect [ACTION_Z].",LOCKED
IF google assistant phrase,", THEN turns off smart lights [ACTION_W].",LOCKED
IF sunrise approaching,", THEN turns off the light [ACTION_W].",LOCKED
IF temperature rises above a threshold,", THEN sets the color temperature of lights [ACTION_Y].",LOCKED
IF lametric button pressed,", THEN toggles the lights on or off [ACTION_Y].",LOCKED
IF sunset approaching,", THEN briefly toggles the lights off and on [ACTION_Z].",LOCKED
IF flic clicked,", THEN turns off the light [ACTION_W].",LOCKED
IF sms received,", THEN briefly toggles the lights off and on [ACTION_Z].",LOCKED
__UNMATCHED_TRIGGER__ this trigger fires when the smart alert detects that a smoke or carbon monoxide alarm has gone off in your home.,", THEN triggers a light animation effect [ACTION_Z].",LOCKED
IF camera motion,", THEN changes the color of lights [ACTION_Y].",LOCKED
__UNMATCHED_TRIGGER__ this trigger fires every time it is christmas in the time zone you specify.,", THEN triggers a light animation effect [ACTION_Z].",LOCKED
IF wifi connected,", THEN sets lights to a predefined scene [ACTION_Z].",LOCKED
IF sunrise approaching,", THEN turns off smart lights [ACTION_W].",LOCKED
IF sunset approaching,", THEN activates a lighting scene [ACTION_Y].",LOCKED
IF alexa custom phrase,", THEN sets the color temperature of lights [ACTION_Y].",LOCKED
IF weather condition change,", THEN sets the color temperature of lights [ACTION_Y].",LOCKED
IF daily schedule,", THEN turns on smart lights in [ACTION_X].",LOCKED
IF order is out for delivery,", THEN briefly toggles the lights off and on [ACTION_Z].",LOCKED
__UNMATCHED_TRIGGER__ this trigger fires during alarms,", THEN sets the color temperature of lights [ACTION_Y].",LOCKED
IF weather condition change,", THEN sets the color temperature of lights [ACTION_Y].",LOCKED
IF sunset approaching,", THEN turns on smart lights in [ACTION_X].",LOCKED
IF yearly schedule,", THEN sets the color temperature of lights [ACTION_Y].",LOCKED
IF sunrise approaching,", THEN activates a lighting scene [ACTION_Y].",LOCKED
IF area entered,", THEN turns on smart lights [ACTION_X].",LOCKED
IF prayer time occurs,", THEN turns on smart lights in [ACTION_X].",LOCKED
IF weekly schedule,", THEN turns off smart lights [ACTION_W].",LOCKED
__UNMATCHED_TRIGGER__ this trigger fires every time your wemo light switches on.,", THEN turns on the hood lighting [ACTION_Z].",LOCKED
IF google assistant phrase,", THEN sets the color temperature of lights [ACTION_Y].",LOCKED
__UNMATCHED_TRIGGER__ this trigger fires when an abode alarm is active.,", THEN turns on smart lights in [ACTION_X].",LOCKED
__UNMATCHED_TRIGGER__ this trigger fires every time the you ask alexa what's on your to do list.,", THEN sets the color temperature of lights [ACTION_Y].",LOCKED
IF sound is detected,", THEN turns on smart lights [ACTION_X].",LOCKED
IF daily schedule,", THEN turns off smart lights [ACTION_W].",LOCKED
IF google assistant phrase,", THEN turns off smart lights [ACTION_W].",LOCKED
IF sunset approaching,", THEN activates a lighting scene [ACTION_Y].",LOCKED
IF sunset approaching,", THEN toggles the lights on or off [ACTION_Y].",LOCKED
IF area exited,", THEN turns off smart lights [ACTION_W].",LOCKED
IF google assistant phrase,", THEN toggles the lights on or off [ACTION_Y].",LOCKED
IF new follower,", THEN sets the color temperature of lights [ACTION_Y].",LOCKED
IF co2 low,", THEN sets the color temperature of lights [ACTION_Y].",LOCKED
IF google assistant phrase,", THEN turns off smart lights [ACTION_W].",LOCKED
IF daily schedule,", THEN toggles the projector LED light [ACTION_Z].",LOCKED
IF alexa custom phrase,", THEN toggles the lights on or off [ACTION_Y].",LOCKED
IF alexa custom phrase,", THEN activates a lighting scene [ACTION_Y].",LOCKED
IF daily schedule,", THEN turns off smart lights [ACTION_W].",LOCKED
"__UNMATCHED_TRIGGER__ this trigger fires every time a song is played on amazon prime music. note: this trigger does not apply to songs provided by spotify, pandora, podcasts and sample clips.",", THEN changes the color of lights [ACTION_Y].",LOCKED
IF garage door is open,", THEN turns on smart lights in [ACTION_X].",LOCKED
IF air quality unhealthy,", THEN sets the color temperature of lights [ACTION_Y].",LOCKED
IF new public video is posted,", THEN adjusts the brightness of lights [ACTION_Z].",LOCKED
IF google assistant phrase,", THEN turns on smart lights in [ACTION_X].",LOCKED
IF google assistant phrase,", THEN turns off smart lights [ACTION_W].",LOCKED
IF yearly schedule,", THEN sets the color temperature of lights [ACTION_Y].",LOCKED
IF weekly schedule,", THEN turns off smart lights [ACTION_W].",LOCKED
__UNMATCHED_TRIGGER__ this trigger fires when a motion sensor becomes clear.,", THEN turns off smart lights [ACTION_W].",LOCKED
IF daily schedule,", THEN turns on smart lights in [ACTION_X].",LOCKED
IF alexa custom phrase,", THEN activates a lighting scene in [ACTION_X].",LOCKED
IF daily schedule,", THEN turns on smart lights in [ACTION_X].",LOCKED
IF door is unlocked,", THEN turns on smart lights in [ACTION_X].",LOCKED
IF weekly schedule,", THEN changes the color of lights [ACTION_Y].",LOCKED
IF yearly schedule,", THEN sets the color temperature of lights [ACTION_Y].",LOCKED
IF area entered,", THEN turns on smart lights in [ACTION_X].",LOCKED
IF a call is received,", THEN sets the color temperature of lights [ACTION_Y].",LOCKED
IF a known caller calls,", THEN triggers a light animation effect [ACTION_Z].",LOCKED
IF daily schedule,", THEN turns off smart lights [ACTION_W].",LOCKED
IF alexa custom phrase,", THEN activates a lighting scene [ACTION_Y].",LOCKED
__UNMATCHED_TRIGGER__ this trigger monitors the ubibot device's built-in light sensor readings and fires whenever the light level rises above or drops below the value in lux you provide.,", THEN turns off smart lights [ACTION_W].",LOCKED
IF google assistant phrase,", THEN adjusts the brightness of lights [ACTION_W].",LOCKED
IF weekly schedule,", THEN sets the color temperature of lights [ACTION_Y].",LOCKED
IF garage door opening,", THEN turns on smart lights in [ACTION_X].",LOCKED
IF sunrise approaching,", THEN turns off smart lights [ACTION_W].",LOCKED
IF google assistant phrase,", THEN adjusts the brightness of lights [ACTION_W].",LOCKED
IF sms received,", THEN briefly toggles the lights off and on [ACTION_Z].",LOCKED
IF netatmo person detected,", THEN sets the color temperature of lights [ACTION_Y].",LOCKED
__UNMATCHED_TRIGGER__ this trigger fires at the hours where electricity in norway is cheap.,", THEN sets the color temperature of lights [ACTION_Y].",LOCKED
IF google assistant phrase,", THEN activates a lighting scene [ACTION_Y].",LOCKED
IF alarm triggered,", THEN adjusts the brightness of lights [ACTION_W].",LOCKED
IF dishwasher done,", THEN briefly toggles the lights off and on [ACTION_Z].",LOCKED
IF an SMS is sent,", THEN turns on smart lights in [ACTION_X].",LOCKED
IF yearly schedule,", THEN changes the color of lights [ACTION_Y].",LOCKED
IF alexa custom phrase,", THEN sets the color temperature of lights [ACTION_Y].",LOCKED
IF sunset approaching,", THEN turns on smart lights in [ACTION_X].",LOCKED
IF daily schedule,", THEN turns off smart lights [ACTION_W].",LOCKED
IF wemo motion detected,", THEN sets the color temperature of lights [ACTION_Y].",LOCKED
IF daily schedule,", THEN turns off smart lights [ACTION_W].",LOCKED
IF ifttt hashtag email,", THEN turns on smart lights in [ACTION_X].",LOCKED
__UNMATCHED_TRIGGER__ this trigger fires when an abode alarm is active.,", THEN briefly toggles the lights off and on [ACTION_Z].",LOCKED
IF daily schedule,", THEN turns off smart lights [ACTION_W].",LOCKED
IF sunset approaching,", THEN adjusts the brightness of lights [ACTION_W].",LOCKED
IF daily schedule,", THEN turns off smart lights [ACTION_W].",LOCKED
__UNMATCHED_TRIGGER__ this trigger fires when there is a new membership for your channel.,", THEN adjusts the brightness of lights [ACTION_Z].",LOCKED
IF room temperature is low,", THEN sets the color temperature of lights [ACTION_Y].",LOCKED
IF co2 high,", THEN sets the color temperature of lights [ACTION_Y].",LOCKED
IF sunset approaching,", THEN turns on smart lights [ACTION_X].",LOCKED
IF home home mode,", THEN turns off smart lights [ACTION_W].",LOCKED
IF a tweet is posted,", THEN turns off smart lights [ACTION_W].",LOCKED
IF air quality unhealthy,", THEN briefly toggles the lights off and on [ACTION_Z].",LOCKED
IF YouTube video is uploaded,", THEN triggers a light animation effect [ACTION_Z].",LOCKED
IF daily schedule,", THEN turns on smart lights in [ACTION_X].",LOCKED
__UNMATCHED_TRIGGER__ this trigger fires every time the nest protect you specify detects warning smoke levels.,", THEN sets the color temperature of lights [ACTION_Y].",LOCKED
IF calendar event is upcoming,", THEN turns on a light switch [ACTION_Y].",LOCKED
__UNMATCHED_TRIGGER__ this trigger fires when an event related to the eight alarm happens.,", THEN turns on smart lights in [ACTION_X].",LOCKED
IF new follower,", THEN triggers a light animation effect [ACTION_Z].",LOCKED
IF quarter hour,", THEN sets the color temperature of lights [ACTION_Y].",LOCKED
IF alexa custom phrase,", THEN turns off a light switch [ACTION_W].",LOCKED
IF superchat received,", THEN sets lights to a predefined scene [ACTION_Z].",LOCKED
IF daily schedule,", THEN switches on the lights [ACTION_Z].",LOCKED
__UNMATCHED_TRIGGER__ this trigger fires every time your android device is unplugged.,", THEN activates a lighting scene [ACTION_Y].",LOCKED
IF ifttt email trigger,", THEN briefly toggles the lights off and on [ACTION_Z].",LOCKED
__UNMATCHED_TRIGGER__ this trigger fires every time somebody rings your ring doorbell.,", THEN briefly toggles the lights off and on [ACTION_Z].",LOCKED
IF superchat received,", THEN adjusts the brightness of lights [ACTION_Z].",LOCKED
__UNMATCHED_TRIGGER__ this trigger fires every time your netatmo rain gauge detects that it is raining.,", THEN briefly toggles the lights off and on [ACTION_Z].",LOCKED
IF weekly schedule,", THEN turns off smart lights [ACTION_W].",LOCKED
IF area entered,", THEN turns on smart lights in [ACTION_X].",LOCKED
IF a call is received,", THEN power-cycles a smart switch in [ACTION_X].",LOCKED
IF weekly schedule,", THEN turns off smart lights [ACTION_W].",LOCKED
IF area entered,", THEN sets lights to a predefined scene [ACTION_Z].",LOCKED
IF alexa custom phrase,", THEN sets the color temperature of lights [ACTION_Y].",LOCKED
IF camera motion,", THEN sets the color temperature of lights [ACTION_Y].",LOCKED
IF generic button press,", THEN sets the color temperature of lights [ACTION_Y].",LOCKED
IF daily schedule,", THEN turns off smart lights [ACTION_W].",LOCKED
IF google assistant phrase,", THEN briefly toggles the lights off and on [ACTION_Z].",LOCKED
__UNMATCHED_TRIGGER__ this trigger fires every time you publish a new post on your public wordpress blog.,", THEN turns on smart lights in [ACTION_X].",LOCKED
IF today weather report,", THEN sets the color temperature of lights [ACTION_Y].",LOCKED
IF alexa custom phrase,", THEN adjusts the brightness of lights [ACTION_W].",LOCKED
IF google assistant phrase,", THEN toggles the lights on or off [ACTION_Y].",LOCKED
__UNMATCHED_TRIGGER__ this trigger fires every time the nest protect you specify detects dangerous smoke levels.,", THEN briefly toggles the lights off and on [ACTION_Z].",LOCKED
IF ifttt hashtag email,", THEN turns off smart lights [ACTION_W].",LOCKED
IF weekly schedule,", THEN turns on smart lights [ACTION_X].",LOCKED
IF alexa custom phrase,", THEN turns off smart lights [ACTION_W].",LOCKED
IF google assistant phrase,", THEN turns off smart lights [ACTION_W].",LOCKED
IF daily schedule,", THEN adjusts the brightness of lights [ACTION_W].",LOCKED
IF daily schedule,", THEN turns on smart lights in [ACTION_X].",LOCKED
IF alexa custom phrase,", THEN sets the color temperature of lights [ACTION_Y].",LOCKED
IF alexa custom phrase,", THEN turns off smart lights [ACTION_W].",LOCKED
IF weather condition change,", THEN triggers a light animation effect [ACTION_Z].",LOCKED
IF quarter hour,", THEN triggers a light animation effect [ACTION_Z].",LOCKED
IF a tweet is posted,", THEN turns on smart lights in [ACTION_X].",LOCKED
IF alexa custom phrase,", THEN adjusts the brightness of lights [ACTION_W].",LOCKED
IF daily schedule,", THEN turns on smart lights in [ACTION_X].",LOCKED
IF sunset approaching,", THEN toggles the lights on or off [ACTION_Y].",LOCKED
IF generic button press,", THEN adjusts the brightness of lights [ACTION_Z].",LOCKED
IF area entered,", THEN toggles the lights on or off [ACTION_Y].",LOCKED
IF away mode entered,", THEN turns off smart lights [ACTION_W].",LOCKED
IF motion detected,", THEN briefly toggles the lights off and on [ACTION_Z].",LOCKED
IF weather condition change,", THEN triggers a light animation effect [ACTION_Z].",LOCKED
IF alexa custom phrase,", THEN turns off smart lights [ACTION_W].",LOCKED
IF area entered,", THEN activates a lighting scene [ACTION_Y].",LOCKED
IF wifi disconnected,", THEN turns off smart lights [ACTION_W].",LOCKED
IF daily schedule,", THEN turns on smart lights [ACTION_X].",LOCKED
IF superchat received,", THEN toggles the lights on or off [ACTION_Y].",LOCKED
__UNMATCHED_TRIGGER__ this trigger fires every time you are tagged you in a new photo. note: facebook privacy settings may block ifttt’s access to some photos you are tagged in.,", THEN briefly toggles the lights off and on [ACTION_Z].",LOCKED
IF apilio event,", THEN switches on the lights [ACTION_Z].",LOCKED
IF WeMo enters standby,", THEN start smart lights [ACTION_Z].",LOCKED
IF weekly schedule,", THEN turns on smart lights [ACTION_X].",LOCKED
IF alexa custom phrase,", THEN sets the color temperature of lights [ACTION_Y].",LOCKED
IF alexa custom phrase,", THEN activates a lighting scene [ACTION_Y].",LOCKED
IF area entered,", THEN turns on smart lights in [ACTION_X].",LOCKED
IF sunrise approaching,", THEN turns off a light switch [ACTION_W].",LOCKED
IF WeMo light is turned off,", THEN turns off a light switch [ACTION_W].",LOCKED
IF yearly schedule,", THEN turns on the hood lighting [ACTION_Z].",LOCKED
__UNMATCHED_TRIGGER__ this trigger fires every time the nest protect you specify detects dangerous smoke levels.,", THEN turns on a light switch [ACTION_Y].",LOCKED
__UNMATCHED_TRIGGER__ this trigger fires every time a new item is added to the feed you specify.,", THEN briefly toggles the lights off and on [ACTION_Z].",LOCKED
IF sms received,", THEN triggers a light animation effect [ACTION_Z].",LOCKED
IF sunset approaching,", THEN turns on smart lights in [ACTION_X].",LOCKED
IF weekly schedule,", THEN turns on smart lights in [ACTION_X].",LOCKED
IF alexa custom phrase,", THEN sets the color temperature of lights [ACTION_Y].",LOCKED
IF daily schedule,", THEN turns off smart lights [ACTION_W].",LOCKED
IF motion detected,", THEN triggers a light animation effect [ACTION_Z].",LOCKED
IF ifttt hashtag email,", THEN turns off smart lights [ACTION_W].",LOCKED
IF yearly schedule,", THEN sets the color temperature of lights [ACTION_Y].",LOCKED
__UNMATCHED_TRIGGER__ this trigger fires every time you are tagged you in a new photo. note: facebook privacy settings may block ifttt’s access to some photos you are tagged in.,", THEN briefly toggles the lights off and on [ACTION_Z].",LOCKED
IF google assistant phrase,", THEN turns on smart lights [ACTION_X].",LOCKED
__UNMATCHED_TRIGGER__ this trigger fires every time your smartthings device's presence is no longer detected.,", THEN turns off smart lights [ACTION_W].",LOCKED
IF daily schedule,", THEN briefly toggles the lights off and on [ACTION_Z].",LOCKED
IF google assistant phrase,", THEN activates a lighting scene [ACTION_Y].",LOCKED
IF door closed,", THEN triggers a light animation effect [ACTION_Z].",LOCKED
IF alexa custom phrase,", THEN sets the brightness level of smart lights [ACTION_Z].",LOCKED
IF area entered,", THEN turns on smart lights [ACTION_X].",LOCKED
IF wifi connected,", THEN turns on smart lights in [ACTION_X].",LOCKED
IF YouTube video is uploaded,", THEN briefly toggles the lights off and on [ACTION_Z].",LOCKED
IF prayer time occurs,", THEN sets lights to a predefined scene [ACTION_Z].",LOCKED
IF area exited,", THEN turns off smart lights [ACTION_W].",LOCKED
__UNMATCHED_TRIGGER__ this trigger fires 30 minutes after the end of a dryer cycle.,", THEN sets the color temperature of lights [ACTION_Y].",LOCKED
IF alexa custom phrase,", THEN changes the color of lights [ACTION_Y].",LOCKED
IF weekly schedule,", THEN sets the color temperature of lights [ACTION_Y].",LOCKED
IF sunset approaching,", THEN turns on smart lights in [ACTION_X].",LOCKED
IF daily schedule,", THEN turns on smart lights in [ACTION_X].",LOCKED
__UNMATCHED_TRIGGER__ this trigger fires every time a new item is added to the feed you specify.,", THEN sets the color temperature of lights [ACTION_Y].",LOCKED
IF weather condition change,", THEN briefly toggles the lights off and on [ACTION_Z].",LOCKED
IF daily schedule,", THEN turns off smart lights [ACTION_W].",LOCKED
IF sunrise approaching,", THEN turns off smart lights [ACTION_W].",LOCKED
IF google assistant phrase,", THEN toggles the lights on or off [ACTION_Y].",LOCKED
IF Arlo detects motion,", THEN activates a lighting scene [ACTION_Y].",LOCKED
IF weather condition change,", THEN turns on smart lights [ACTION_X].",LOCKED
IF weekly schedule,", THEN turns on smart lights [ACTION_X].",LOCKED
IF ifttt email trigger,", THEN briefly toggles the lights off and on [ACTION_Z].",LOCKED
__UNMATCHED_TRIGGER__ this trigger fires when phyn detects an alert.,", THEN sets the color temperature of lights [ACTION_Y].",LOCKED
__UNMATCHED_TRIGGER__ this trigger fires every time somebody rings your ring doorbell.,", THEN adjusts the brightness of lights [ACTION_W].",LOCKED
__UNMATCHED_TRIGGER__ this trigger fires when an event is triggered from your litter robot. ie. clean cycle completes,", THEN turns on smart lights [ACTION_X].",LOCKED
__UNMATCHED_TRIGGER__ this trigger fires every time your timer goes off.,", THEN briefly toggles the lights off and on [ACTION_Z].",LOCKED
__UNMATCHED_TRIGGER__ this trigger fires every time your wemo switch is turned off.,", THEN turns off smart lights [ACTION_W].",LOCKED
IF daily schedule,", THEN turns off smart lights [ACTION_W].",LOCKED
IF distance goal reached,", THEN sets the color temperature of lights [ACTION_Y].",LOCKED
IF alarm triggered,", THEN turns on a light switch [ACTION_Y].",LOCKED
IF google assistant phrase,", THEN turns off smart lights [ACTION_W].",LOCKED
IF mentioned on Twitter,", THEN triggers a light animation effect [ACTION_Z].",LOCKED
IF motion detected,", THEN triggers a light animation effect [ACTION_Z].",LOCKED
IF yearly schedule,", THEN sets the color temperature of lights [ACTION_Y].",LOCKED
IF daily schedule,", THEN turns off a light switch [ACTION_W].",LOCKED
__UNMATCHED_TRIGGER__ this trigger fires every time your timer goes off.,", THEN triggers a light animation effect [ACTION_Z].",LOCKED
IF daily schedule,", THEN turns on smart lights in [ACTION_X].",LOCKED
IF away mode on,", THEN turns off smart lights [ACTION_W].",LOCKED
IF google assistant phrase,", THEN activates a lighting scene [ACTION_Y].",LOCKED
IF yearly schedule,", THEN sets the color temperature of lights [ACTION_Y].",LOCKED
IF daily schedule,", THEN turns off smart lights [ACTION_W].",LOCKED
IF pollen is high,", THEN turns on smart lights in [ACTION_X].",LOCKED
IF alexa custom phrase,", THEN turns off smart lights [ACTION_W].",LOCKED
IF weekly schedule,", THEN turns on smart lights [ACTION_X].",LOCKED
IF flic clicked,", THEN turns on smart lights [ACTION_X].",LOCKED
IF alexa custom phrase,", THEN triggers a light animation effect [ACTION_Z].",LOCKED
IF alexa custom phrase,", THEN sets the color temperature of lights [ACTION_Y].",LOCKED
IF daily schedule,", THEN triggers a light animation effect [ACTION_Z].",LOCKED
IF sunset approaching,", THEN turns on smart lights in [ACTION_X].",LOCKED
IF weather condition change,", THEN sets the color temperature of lights [ACTION_Y].",LOCKED
IF co2 high,", THEN sets the color temperature of lights [ACTION_Y].",LOCKED
IF wemo motion detected,", THEN sets the color temperature of lights [ACTION_Y].",LOCKED
__UNMATCHED_TRIGGER__ this trigger fires when a routine is activated.,", THEN turns off smart lights [ACTION_W].",LOCKED
__UNMATCHED_TRIGGER__ this trigger fires every time your timer goes off.,", THEN briefly toggles the lights off and on [ACTION_Z].",LOCKED
IF area entered,", THEN adjusts the brightness of lights [ACTION_Z].",LOCKED
IF sunrise approaching,", THEN turns off smart lights [ACTION_W].",LOCKED
IF daily schedule,", THEN toggles the lights on or off [ACTION_Y].",LOCKED
__UNMATCHED_TRIGGER__ this trigger fires every time you are tagged you in a new photo. note: facebook privacy settings may block ifttt’s access to some photos you are tagged in.,", THEN briefly toggles the lights off and on [ACTION_Z].",LOCKED
IF human is detected,", THEN turns on smart lights in [ACTION_X].",LOCKED
IF alexa custom phrase,", THEN sets the color temperature of lights [ACTION_Y].",LOCKED
IF out of bed,", THEN turns on smart lights in [ACTION_X].",LOCKED
__UNMATCHED_TRIGGER__ this trigger fires every time you are tagged you in a new photo. note: facebook privacy settings may block ifttt’s access to some photos you are tagged in.,", THEN sets the color temperature of lights [ACTION_Y].",LOCKED
IF alexa custom phrase,", THEN turns on smart lights in [ACTION_X].",LOCKED
IF alexa custom phrase,", THEN turns off smart lights [ACTION_W].",LOCKED
IF daily schedule,", THEN turns on smart lights in [ACTION_X].",LOCKED
IF google assistant phrase,", THEN turns off smart lights [ACTION_W].",LOCKED
IF an audio event is detected,", THEN triggers a light animation effect [ACTION_Z].",LOCKED
IF weekly schedule,", THEN turns on smart lights in [ACTION_X].",LOCKED
IF alexa custom phrase,", THEN sets the color temperature of lights [ACTION_Y].",LOCKED
IF daily schedule,", THEN toggles the lights on or off [ACTION_Y].",LOCKED
IF alexa custom phrase,", THEN activates a lighting scene [ACTION_Y].",LOCKED
IF google assistant phrase,", THEN activates a lighting scene [ACTION_Y].",LOCKED
__UNMATCHED_TRIGGER__ this trigger fires every time your timer goes off.,", THEN switches on the lights [ACTION_Z].",LOCKED
IF sunset approaching,", THEN turns on smart lights [ACTION_X].",LOCKED
IF ifttt hashtag email,", THEN turns on smart lights in [ACTION_X].",LOCKED
__UNMATCHED_TRIGGER__ this trigger fires when the filtrete™ outdoor air quality value becomes higher (i.e. worse) than a chosen value.,", THEN turns on smart lights [ACTION_X].",LOCKED
IF sunset approaching,", THEN turns on smart lights in [ACTION_X].",LOCKED
IF weather condition change,", THEN turns on smart lights in [ACTION_X].",LOCKED
__UNMATCHED_TRIGGER__ this trigger fires during alarms,", THEN briefly toggles the lights off and on [ACTION_Z].",LOCKED
__UNMATCHED_TRIGGER__ the trigger fires when your smoke detector detects a smoke alarm.,", THEN briefly toggles the lights off and on [ACTION_Z].",LOCKED
IF area exited,", THEN sets lights to a predefined scene [ACTION_Z].",LOCKED
__UNMATCHED_TRIGGER__ this trigger fires evert time the nest protect you specify detects low batteries.,", THEN sets the color temperature of lights [ACTION_Y].",LOCKED
IF doorbell motion,", THEN turns on a light switch [ACTION_Y].",LOCKED
IF weather condition change,", THEN sets the color temperature of lights [ACTION_Y].",LOCKED
__UNMATCHED_TRIGGER__ this trigger fires every time the clock timer on your cooktop has elapsed.,", THEN turns on the hood lighting [ACTION_Z].",LOCKED
__UNMATCHED_TRIGGER__ this trigger fires every time a new reminder is completed in a list you specify.,", THEN sets the color temperature of lights [ACTION_Y].",LOCKED
IF alexa custom phrase,", THEN briefly toggles the lights off and on [ACTION_Z].",LOCKED
IF sunset approaching,", THEN turns on smart lights in [ACTION_X].",LOCKED
IF flic clicked,", THEN turns on the light [ACTION_Y].",LOCKED
IF alexa custom phrase,", THEN toggles lights based on current state in [ACTION_X].",LOCKED
__UNMATCHED_TRIGGER__ this trigger fires every time your d-link device detects a motion event.,", THEN turns on smart lights in [ACTION_X].",LOCKED
IF weather condition change,", THEN sets the color temperature of lights [ACTION_Y].",LOCKED
IF daily schedule,", THEN turns off smart lights [ACTION_W].",LOCKED
__UNMATCHED_TRIGGER__ this trigger fires every time it is christmas in the time zone you specify.,", THEN sets the color temperature of lights [ACTION_Y].",LOCKED
IF Facebook status is posted,", THEN briefly toggles the lights off and on [ACTION_Z].",LOCKED
IF sunset approaching,", THEN adjusts the brightness of lights [ACTION_W].",LOCKED
IF quarter hour,", THEN toggles lights based on current state in [ACTION_X].",LOCKED
__UNMATCHED_TRIGGER__ this trigger fires when the specified device is turned off,", THEN turns off smart lights [ACTION_W].",LOCKED
IF sunset approaching,", THEN turns on smart lights in [ACTION_X].",LOCKED
IF google assistant phrase,", THEN activates a lighting scene [ACTION_Y].",LOCKED
IF sunrise approaching,", THEN turns off smart lights [ACTION_W].",LOCKED
IF daily schedule,", THEN turns off smart lights [ACTION_W].",LOCKED
IF alexa custom phrase,", THEN sets the color temperature of lights [ACTION_Y].",LOCKED
IF google assistant phrase,", THEN turns off smart lights [ACTION_W].",LOCKED
IF wink button pressed,", THEN turns on a light switch [ACTION_Y].",LOCKED
IF area exited,", THEN turns off smart lights [ACTION_W].",LOCKED
IF sms received,", THEN briefly toggles the lights off and on [ACTION_Z].",LOCKED
IF alexa custom phrase,", THEN sets the color temperature of lights [ACTION_Y].",LOCKED
__UNMATCHED_TRIGGER__ this trigger fires every time a new tweet matches your search query. note: limited to 15 tweets per check.,", THEN turns on smart lights in [ACTION_X].",LOCKED
__UNMATCHED_TRIGGER__ this trigger fires at the hours where electricity in norway is cheap.,", THEN sets the color temperature of lights [ACTION_Y].",LOCKED
IF daily schedule,", THEN turns on smart lights in [ACTION_X].",LOCKED
IF alexa custom phrase,", THEN changes the color of lights [ACTION_Y].",LOCKED
IF generic button press,", THEN changes the color of lights [ACTION_Y].",LOCKED
IF weekly schedule,", THEN triggers a light animation effect [ACTION_Z].",LOCKED
IF area exited,", THEN turns off smart lights [ACTION_W].",LOCKED
IF daily schedule,", THEN toggles lights based on current state in [ACTION_X].",LOCKED
__UNMATCHED_TRIGGER__ this trigger fires every time the button is pressed on your skybell hd.,", THEN triggers a light animation effect [ACTION_Z].",LOCKED
"__UNMATCHED_TRIGGER__ this trigger fires every time your withings sleep detects that you get into bed, within the start and end time parameters that you specify.",", THEN activates a lighting scene [ACTION_Y].",LOCKED
IF Android notification is received,", THEN turns on smart lights in [ACTION_X].",LOCKED
IF daily schedule,", THEN turns on smart lights in [ACTION_X].",LOCKED
IF home away mode,", THEN turns off smart lights [ACTION_W].",LOCKED
IF google assistant phrase,", THEN turns off smart lights [ACTION_W].",LOCKED
IF area entered,", THEN turns on smart lights in [ACTION_X].",LOCKED
IF google assistant phrase,", THEN turns off smart lights [ACTION_W].",LOCKED
IF flic clicked,", THEN start smart lights [ACTION_Z].",LOCKED
IF google assistant phrase,", THEN sets the color temperature of lights [ACTION_Y].",LOCKED
IF ifttt email trigger,", THEN turns on smart lights in [ACTION_X].",LOCKED
IF temperature falls below a threshold,", THEN sets the color temperature of lights [ACTION_Y].",LOCKED
IF google assistant phrase,", THEN turns off smart lights [ACTION_W].",LOCKED
__UNMATCHED_TRIGGER__ this trigger fires every time a tag detects vibrations.,", THEN turns on smart lights in [ACTION_X].",LOCKED
IF weekly schedule,", THEN turns on smart lights in [ACTION_X].",LOCKED
IF wifi connected,", THEN activates a lighting scene in [ACTION_X].",LOCKED
IF sunset approaching,", THEN turns on smart lights in [ACTION_X].",LOCKED
IF google assistant phrase,", THEN toggles the lights on or off [ACTION_Y].",LOCKED
IF google assistant phrase,", THEN sets the color temperature of lights [ACTION_Y].",LOCKED
IF alexa custom phrase,", THEN turns off smart lights [ACTION_W].",LOCKED
__UNMATCHED_TRIGGER__ this trigger fires every time a new item in the feed you specify contains a particular keyword or simple phrase.,", THEN sets the color temperature of lights [ACTION_Y].",LOCKED
IF sunset approaching,", THEN turns on a light switch [ACTION_Y].",LOCKED
IF sunrise approaching,", THEN sets the color temperature of lights [ACTION_Y].",LOCKED
__UNMATCHED_TRIGGER__ this trigger fires when a particular cell is updated within the spreadsheet you specify.,", THEN sets the color temperature of lights [ACTION_Y].",LOCKED
IF washer done,", THEN briefly toggles the lights off and on [ACTION_Z].",LOCKED
__UNMATCHED_TRIGGER__ this trigger fires when your device detects the humidity is above the threshold you specified.,", THEN turns on smart lights in [ACTION_X].",LOCKED
__UNMATCHED_TRIGGER__ this trigger fires when there is a new membership for your channel.,", THEN adjusts the brightness of lights [ACTION_Z].",LOCKED
__UNMATCHED_TRIGGER__ this trigger fires when a specified motion sensor tag(s) or reed sensor(s) detect that a door or window is open.,", THEN power-cycles a smart switch in [ACTION_X].",LOCKED
IF stream live,", THEN sets the color temperature of lights [ACTION_Y].",LOCKED
IF sunrise approaching,", THEN sets lights to a predefined scene [ACTION_Z].",LOCKED
IF ifttt hashtag email,", THEN turns on smart lights in [ACTION_X].",LOCKED
IF daily schedule,", THEN turns off smart lights [ACTION_W].",LOCKED
__UNMATCHED_TRIGGER__ this trigger fires every time the nest protect you specify detects dangerous carbon monoxide levels.,", THEN sets the color temperature of lights [ACTION_Y].",LOCKED
IF coffee ready,", THEN briefly toggles the lights off and on [ACTION_Z].",LOCKED
IF alexa custom phrase,", THEN sets the color temperature of lights [ACTION_Y].",LOCKED
__UNMATCHED_TRIGGER__ this trigger fires every time your skybell hd detects motions.,", THEN turns on a light switch [ACTION_Y].",LOCKED
IF ifttt hashtag email,", THEN turns on smart lights in [ACTION_X].",LOCKED
IF generic button press,", THEN toggles the lights on or off [ACTION_Y].",LOCKED
IF home away mode,", THEN turns off smart lights [ACTION_W].",LOCKED
IF doorbell motion,", THEN turns on smart lights [ACTION_X].",LOCKED
IF prayer time occurs,", THEN turns on smart lights [ACTION_X].",LOCKED
IF google assistant phrase,", THEN turns off smart lights [ACTION_W].",LOCKED
IF home away mode,", THEN turns off a light switch [ACTION_W].",LOCKED
IF calendar event is upcoming,", THEN sets the color temperature of lights [ACTION_Y].",LOCKED
IF daily schedule,", THEN sets the color temperature of lights [ACTION_Y].",LOCKED
IF alexa custom phrase,", THEN adjusts the brightness of lights [ACTION_W].",LOCKED
IF door opened,", THEN changes the color of lights [ACTION_Y].",LOCKED
IF daily schedule,", THEN turns off smart lights [ACTION_W].",LOCKED
IF sunrise approaching,", THEN sets the color temperature of lights [ACTION_Y].",LOCKED
__UNMATCHED_TRIGGER__ this trigger fires every time you take a photo with the front camera.,", THEN sets the color temperature of lights [ACTION_Y].",LOCKED
IF apilio event,", THEN turns off smart lights [ACTION_W].",LOCKED
__UNMATCHED_TRIGGER__ this trigger fires every time somebody rings your ring doorbell.,", THEN turns on smart lights [ACTION_X].",LOCKED
IF Facebook status is posted,", THEN briefly toggles the lights off and on [ACTION_Z].",LOCKED
IF alexa custom phrase,", THEN sets the color temperature of lights [ACTION_Y].",LOCKED
IF area entered,", THEN sets the color temperature of lights [ACTION_Y].",LOCKED
IF superchat received,", THEN sets lights to a predefined scene [ACTION_Z].",LOCKED
IF quarter hour,", THEN turns off smart lights [ACTION_W].",LOCKED
IF ifttt email trigger,", THEN turns off smart lights [ACTION_W].",LOCKED
IF alexa custom phrase,", THEN sets the color temperature of lights [ACTION_Y].",LOCKED
IF alexa custom phrase,", THEN changes the color of lights [ACTION_Y].",LOCKED
IF alexa custom phrase,", THEN turns off smart lights [ACTION_W].",LOCKED
IF camera motion,", THEN activates a lighting scene [ACTION_Y].",LOCKED
IF generic button press,", THEN sets the color temperature of lights [ACTION_Y].",LOCKED
IF washer done,", THEN sets the color temperature of lights [ACTION_Y].",LOCKED
IF generic button press,", THEN briefly toggles the lights off and on [ACTION_Z].",LOCKED
IF google assistant phrase,", THEN turns on smart lights [ACTION_X].",LOCKED
IF area exited,", THEN turns off smart lights [ACTION_W].",LOCKED
IF ifttt hashtag email,", THEN turns off smart lights [ACTION_W].",LOCKED
IF sunset approaching,", THEN turns on smart lights in [ACTION_X].",LOCKED
IF superchat received,", THEN triggers a light animation effect [ACTION_Z].",LOCKED
IF weekly schedule,", THEN turns on smart lights [ACTION_X].",LOCKED
IF weekly schedule,", THEN triggers a light animation effect [ACTION_Z].",LOCKED
IF aura motion detected,", THEN turns on smart lights in [ACTION_X].",LOCKED
IF doorbell motion,", THEN turns on smart lights in [ACTION_X].",LOCKED
IF daily schedule,", THEN turns off smart lights [ACTION_W].",LOCKED
IF area entered,", THEN turns on a light switch [ACTION_Y].",LOCKED
IF area entered,", THEN turns on smart lights [ACTION_X].",LOCKED
IF generic button press,", THEN sets the color temperature of lights [ACTION_Y].",LOCKED
IF alarm triggered,", THEN briefly toggles the lights off and on [ACTION_Z].",LOCKED
IF daily schedule,", THEN turns off the light [ACTION_W].",LOCKED
IF WeMo light is turned on,", THEN turns off a light switch [ACTION_W].",LOCKED
IF temperature falls below a threshold,", THEN briefly toggles the lights off and on [ACTION_Z].",LOCKED
IF alexa custom phrase,", THEN turns on smart lights [ACTION_X].",LOCKED
IF weather condition change,", THEN turns on a light switch [ACTION_Y].",LOCKED
IF weather condition change,", THEN sets the color temperature of lights [ACTION_Y].",LOCKED
IF alarm triggered,", THEN turns on smart lights in [ACTION_X].",LOCKED
IF sunrise approaching,", THEN turns off smart lights [ACTION_W].",LOCKED
IF camera motion,", THEN turns on smart lights in [ACTION_X].",LOCKED
IF alexa custom phrase,", THEN sets the color temperature of lights [ACTION_Y].",LOCKED
IF sunset approaching,", THEN turns on smart lights in [ACTION_X].",LOCKED
__UNMATCHED_TRIGGER__ this trigger fires every time you are tagged you in a new photo. note: facebook privacy settings may block ifttt’s access to some photos you are tagged in.,", THEN briefly toggles the lights off and on [ACTION_Z].",LOCKED
IF out of bed,", THEN toggles the lights on or off [ACTION_Y].",LOCKED
IF weekly schedule,", THEN activates a lighting scene [ACTION_Y].",LOCKED
IF google assistant phrase,", THEN turns off smart lights [ACTION_W].",LOCKED
IF generic button press,", THEN turns on smart lights in [ACTION_X].",LOCKED
IF daily schedule,", THEN turns off smart lights [ACTION_W].",LOCKED
IF oven door is opened,", THEN briefly toggles the lights off and on [ACTION_Z].",LOCKED
IF withings motion detected,", THEN briefly toggles the lights off and on [ACTION_Z].",LOCKED
IF Facebook status is posted,", THEN sets the color temperature of lights [ACTION_Y].",LOCKED
__UNMATCHED_TRIGGER__ this trigger fires when the alarm for a specific mode is dismissed.,", THEN enables [ACTION_X] as lighting mode.",LOCKED
IF alarm triggered,", THEN turns on smart lights [ACTION_X].",LOCKED
IF daily schedule,", THEN turns on smart lights in [ACTION_X].",LOCKED
IF generic button press,", THEN turns off smart lights [ACTION_W].",LOCKED
IF google assistant phrase,", THEN activates a lighting scene [ACTION_Y].",LOCKED
IF quarter hour,", THEN sets the color temperature of lights [ACTION_Y].",LOCKED
IF daily schedule,", THEN sets the color temperature of lights [ACTION_Y].",LOCKED
IF Android notification is received,", THEN turns on smart lights in [ACTION_X].",LOCKED
IF google assistant phrase,", THEN turns off smart lights [ACTION_W].",LOCKED
IF new public video is posted,", THEN adjusts the brightness of lights [ACTION_Z].",LOCKED
IF alarm triggered,", THEN briefly toggles the lights off and on [ACTION_Z].",LOCKED
IF garage door opening,", THEN briefly toggles the lights off and on [ACTION_Z].",LOCKED
IF tweet with hashtag,", THEN turns on smart lights in [ACTION_X].",LOCKED
IF weekly schedule,", THEN turns on smart lights in [ACTION_X].",LOCKED
__UNMATCHED_TRIGGER__ this trigger fires every time when spotcam ring video doorbell is pressed.,", THEN toggles the projector LED light [ACTION_Z].",LOCKED
IF generic button press,", THEN turns on smart lights [ACTION_X].",LOCKED
IF quarter hour,", THEN briefly toggles the lights off and on [ACTION_Z].",LOCKED
__UNMATCHED_TRIGGER__ the trigger fires when your smoke detector detects a smoke alarm.,", THEN changes the color of lights [ACTION_Y].",LOCKED
IF daily schedule,", THEN turns off smart lights [ACTION_W].",LOCKED
__UNMATCHED_TRIGGER__ this trigger monitors the ubibot device's built-in light sensor readings and fires whenever the light level rises above or drops below the value in lux you provide.,", THEN turns on smart lights in [ACTION_X].",LOCKED
__UNMATCHED_TRIGGER__ this trigger fires every time your timer goes off.,", THEN briefly toggles the lights off and on [ACTION_Z].",LOCKED
__UNMATCHED_TRIGGER__ this trigger fires every time a new user starts following you.,", THEN sets the color temperature of lights [ACTION_Y].",LOCKED
IF sunset approaching,", THEN turns on a light switch [ACTION_Y].",LOCKED
IF daily schedule,", THEN turns off smart lights [ACTION_W].",LOCKED
IF google assistant phrase,", THEN toggles the lights on or off [ACTION_Y].",LOCKED
IF order is being prepared,", THEN sets the color temperature of lights [ACTION_Y].",LOCKED
IF area entered,", THEN turns on smart lights [ACTION_X].",LOCKED
IF generic button press,", THEN power-cycles a smart switch in [ACTION_X].",LOCKED
IF weight logged,", THEN triggers a light animation effect [ACTION_Z].",LOCKED
IF google assistant phrase,", THEN sets the color temperature of lights [ACTION_Y].",LOCKED
__UNMATCHED_TRIGGER__ this trigger fires every time any reminder is completed.,", THEN briefly toggles the lights off and on [ACTION_Z].",LOCKED
IF sunset approaching,", THEN turns on a light switch [ACTION_Y].",LOCKED
IF temperature rises above a threshold,", THEN sets the color temperature of lights [ACTION_Y].",LOCKED
__UNMATCHED_TRIGGER__ this trigger fires every time your timer goes off.,", THEN briefly toggles the lights off and on [ACTION_Z].",LOCKED
IF alexa custom phrase,", THEN sets the color temperature of lights [ACTION_Y].",LOCKED
IF WeMo light is turned on,", THEN turns off smart lights [ACTION_W].",LOCKED
IF google assistant phrase,", THEN turns off smart lights [ACTION_W].",LOCKED
IF yearly schedule,", THEN sets lights to a predefined scene [ACTION_Z].",LOCKED
IF sunset approaching,", THEN turns on smart lights in [ACTION_X].",LOCKED
IF daily schedule,", THEN turns on smart lights [ACTION_X].",LOCKED
IF coffee ready,", THEN turns off smart lights [ACTION_W].",LOCKED
IF sunset approaching,", THEN turns on smart lights in [ACTION_X].",LOCKED
IF alexa custom phrase,", THEN sets the color temperature of lights [ACTION_Y].",LOCKED
IF a voice keyword is detected,", THEN turns on smart lights in [ACTION_X].",LOCKED
IF sunset approaching,", THEN turns on smart lights in [ACTION_X].",LOCKED
IF WeMo light is turned on,", THEN toggles the lights on or off [ACTION_Y].",LOCKED
IF withings motion detected,", THEN briefly toggles the lights off and on [ACTION_Z].",LOCKED
IF Android notification is received,", THEN briefly toggles the lights off and on [ACTION_Z].",LOCKED
IF weather condition change,", THEN activates a lighting scene in [ACTION_X].",LOCKED
IF away mode entered,", THEN turns off smart lights [ACTION_W].",LOCKED
IF weekly schedule,", THEN sets the color temperature of lights [ACTION_Y].",LOCKED
IF sunset approaching,", THEN turns on smart lights in [ACTION_X].",LOCKED
IF sunset approaching,", THEN turns on smart lights in [ACTION_X].",LOCKED
IF daily schedule,", THEN turns on smart lights in [ACTION_X].",LOCKED
__UNMATCHED_TRIGGER__ this trigger fires every time when spotcam ring battery cover is removed.,", THEN briefly toggles the lights off and on [ACTION_Z].",LOCKED
IF away mode entered,", THEN turns on smart lights in [ACTION_X].",LOCKED
IF alarm triggered,", THEN sets the color temperature of lights [ACTION_Y].",LOCKED
IF alarm triggered,", THEN turns on smart lights in [ACTION_X].",LOCKED
IF generic button press,", THEN sets lights to a predefined scene [ACTION_Z].",LOCKED
__UNMATCHED_TRIGGER__ this trigger fires every time you are tagged you in a new photo. note: facebook privacy settings may block ifttt’s access to some photos you are tagged in.,", THEN turns on smart lights in [ACTION_X].",LOCKED
__UNMATCHED_TRIGGER__ this trigger fires every time somebody rings your ring doorbell.,", THEN briefly toggles the lights off and on [ACTION_Z].",LOCKED
IF daily schedule,", THEN turns off smart lights [ACTION_W].",LOCKED
__UNMATCHED_TRIGGER__ this trigger fires when the specified device is set to eco mode,", THEN turns off smart lights [ACTION_W].",LOCKED
IF meeting ends,", THEN changes the color of lights [ACTION_Y].",LOCKED
IF weekly schedule,", THEN turns on smart lights in [ACTION_X].",LOCKED
IF sunrise approaching,", THEN turns on smart lights [ACTION_X].",LOCKED
IF daily schedule,", THEN adjusts the brightness of lights [ACTION_W].",LOCKED
IF weekly schedule,", THEN turns on smart lights in [ACTION_X].",LOCKED
IF google assistant phrase,", THEN activates a lighting scene [ACTION_Y].",LOCKED
IF Arlo detects motion,", THEN adjusts the brightness of lights [ACTION_W].",LOCKED
IF alarm is triggered,", THEN briefly toggles the lights off and on [ACTION_Z].",LOCKED
__UNMATCHED_TRIGGER__ this trigger fires every time the nest protect you specify detects warning carbon monoxide levels.,", THEN turns on smart lights in [ACTION_X].",LOCKED
IF wemo motion detected,", THEN turns on smart lights in [ACTION_X].",LOCKED
IF daily schedule,", THEN briefly toggles the lights off and on [ACTION_Z].",LOCKED
IF ifttt hashtag email,", THEN turns on smart lights in [ACTION_X].",LOCKED
IF sunset approaching,", THEN turns on smart lights in [ACTION_X].",LOCKED
IF doorbell motion,", THEN turns on smart lights [ACTION_X].",LOCKED
IF weekly schedule,", THEN sets the color temperature of lights [ACTION_Y].",LOCKED
__UNMATCHED_TRIGGER__ this trigger fires every time your wemo switch is turned off.,", THEN turns off smart lights [ACTION_W].",LOCKED
IF sunrise approaching,", THEN turns on smart lights [ACTION_X].",LOCKED
IF tomorrow weather change,", THEN sets the color temperature of lights [ACTION_Y].",LOCKED
IF sunset approaching,", THEN turns on smart lights in [ACTION_X].",LOCKED
__UNMATCHED_TRIGGER__ this trigger fires every time you add an item to your to do list.,", THEN sets the color temperature of lights [ACTION_Y].",LOCKED
IF home away mode,", THEN turns off a light switch [ACTION_W].",LOCKED
IF netatmo person detected,", THEN sets the color temperature of lights [ACTION_Y].",LOCKED
IF weekly schedule,", THEN turns on smart lights in [ACTION_X].",LOCKED
__UNMATCHED_TRIGGER__ this trigger fires when there is a new membership for your channel.,", THEN changes the color of lights [ACTION_Y].",LOCKED
IF sunset approaching,", THEN activates a lighting scene [ACTION_Y].",LOCKED
IF yearly schedule,", THEN sets the color temperature of lights [ACTION_Y].",LOCKED
IF Arlo detects motion,", THEN triggers a light animation effect [ACTION_Z].",LOCKED
__UNMATCHED_TRIGGER__ this trigger fires when an abode alarm is active.,", THEN turns on smart lights [ACTION_X].",LOCKED
IF sunset approaching,", THEN turns on smart lights in [ACTION_X].",LOCKED
__UNMATCHED_TRIGGER__ this trigger fires when the scene in a room is changed.,", THEN turns on smart lights [ACTION_X].",LOCKED
IF alexa custom phrase,", THEN turns off a light switch [ACTION_W].",LOCKED
IF weather condition change,", THEN sets the color temperature of lights [ACTION_Y].",LOCKED
__UNMATCHED_TRIGGER__ this trigger fires every time your site changes modes.,", THEN activates a lighting scene [ACTION_Y].",LOCKED
__UNMATCHED_TRIGGER__ this trigger fires every time your timer goes off.,", THEN briefly toggles the lights off and on [ACTION_Z].",LOCKED
IF sunset approaching,", THEN turns on smart lights in [ACTION_X].",LOCKED
IF apilio event,", THEN adjusts the brightness of lights [ACTION_Z].",LOCKED
IF superchat received,", THEN activates a lighting scene [ACTION_Y].",LOCKED
IF sunrise approaching,", THEN turns off smart lights [ACTION_W].",LOCKED
__UNMATCHED_TRIGGER__ this trigger fires every time you achieve your daily point goal.,", THEN briefly toggles the lights off and on [ACTION_Z].",LOCKED
IF flic clicked,", THEN triggers a light animation effect [ACTION_Z].",LOCKED
IF weekly schedule,", THEN turns off smart lights [ACTION_W].",LOCKED
IF alexa custom phrase,", THEN turns on a light switch [ACTION_Y].",LOCKED
IF google assistant phrase,", THEN sets the color temperature of lights [ACTION_Y].",LOCKED
IF temperature rises above a threshold,", THEN turns on smart lights in [ACTION_X].",LOCKED
IF area entered,", THEN turns on smart lights in [ACTION_X].",LOCKED
IF weekly schedule,", THEN turns off smart lights [ACTION_W].",LOCKED
IF new playlist track,", THEN briefly toggles the lights off and on [ACTION_Z].",LOCKED
IF weekly schedule,", THEN activates a lighting scene [ACTION_Y].",LOCKED
IF super sticker received,", THEN sets lights to a predefined scene [ACTION_Z].",LOCKED
IF alexa custom phrase,", THEN changes the color of lights [ACTION_Y].",LOCKED
IF flic clicked,", THEN activates a lighting scene [ACTION_Y].",LOCKED
IF netatmo person detected,", THEN briefly toggles the lights off and on [ACTION_Z].",LOCKED
IF motion sensor is triggered,", THEN turns on smart lights in [ACTION_X].",LOCKED
__UNMATCHED_TRIGGER__ this trigger fires when you enter a room.,", THEN turns on smart lights in [ACTION_X].",LOCKED
IF weather condition change,", THEN sets the color temperature of lights [ACTION_Y].",LOCKED
IF area exited,", THEN turns off smart lights [ACTION_W].",LOCKED
__UNMATCHED_TRIGGER__ this trigger fires when an alarm event occurs.,", THEN turns on smart lights in [ACTION_X].",LOCKED
IF contact opens,", THEN turns on smart lights in [ACTION_X].",LOCKED
IF area exited,", THEN turns off smart lights [ACTION_W].",LOCKED
IF generic button press,", THEN toggles lights based on current state in [ACTION_X].",LOCKED
__UNMATCHED_TRIGGER__ this trigger fires an alert when your alarm panel has an alarm.,", THEN turns on smart lights [ACTION_X].",LOCKED
IF home home mode,", THEN activates a lighting scene [ACTION_Y].",LOCKED
IF google assistant phrase,", THEN turns on smart lights in [ACTION_X].",LOCKED
IF alexa custom phrase,", THEN sets the color temperature of lights [ACTION_Y].",LOCKED
__UNMATCHED_TRIGGER__ this trigger fires every time your ecobee light switch is turned on.,", THEN turns on a light switch in [ACTION_X].",LOCKED
IF google assistant phrase,", THEN turns on smart lights [ACTION_X].",LOCKED
IF calendar event is upcoming,", THEN briefly toggles the lights off and on [ACTION_Z].",LOCKED
IF alexa custom phrase,", THEN sets the color temperature of lights [ACTION_Y].",LOCKED
__UNMATCHED_TRIGGER__ this trigger fires every time you add an item to your to do list.,", THEN sets the color temperature of lights [ACTION_Y].",LOCKED
IF google assistant phrase,", THEN turns off smart lights [ACTION_W].",LOCKED
IF mentioned on Twitter,", THEN briefly toggles the lights off and on [ACTION_Z].",LOCKED
IF camera motion,", THEN turns on smart lights in [ACTION_X].",LOCKED
IF doorbell motion,", THEN sets the color temperature of lights [ACTION_Y].",LOCKED
IF google assistant phrase,", THEN toggles the lights on or off [ACTION_Y].",LOCKED
__UNMATCHED_TRIGGER__ this trigger fires every year on the fourth of july at the time you specify.,", THEN triggers a light animation effect [ACTION_Z].",LOCKED
IF area entered,", THEN turns on smart lights in [ACTION_X].",LOCKED
IF sunset approaching,", THEN turns on smart lights in [ACTION_X].",LOCKED
IF daily schedule,", THEN briefly toggles the lights off and on [ACTION_Z].",LOCKED
IF new public video is posted,", THEN sets the color temperature of lights [ACTION_Y].",LOCKED
IF flic clicked,", THEN toggles lights based on current state in [ACTION_X].",LOCKED
IF yearly schedule,", THEN turns on smart lights [ACTION_X].",LOCKED
IF sunrise approaching,", THEN changes the color of lights [ACTION_Y].",LOCKED
IF sunset approaching,", THEN adjusts the brightness of lights [ACTION_W].",LOCKED
IF temperature falls below a threshold,", THEN briefly toggles the lights off and on [ACTION_Z].",LOCKED
IF daily schedule,", THEN adjusts the brightness of lights [ACTION_W].",LOCKED
IF yearly schedule,", THEN sets the color temperature of lights [ACTION_Y].",LOCKED
IF ihome button,", THEN activates a lighting scene in [ACTION_X].",LOCKED
IF weather condition change,", THEN sets the color temperature of lights [ACTION_Y].",LOCKED
IF weekly schedule,", THEN sets the color temperature of lights [ACTION_Y].",LOCKED
__UNMATCHED_TRIGGER__ this trigger fires every time your smartthings device is opened.,", THEN sets the color temperature of lights [ACTION_Y].",LOCKED
IF area exited,", THEN turns off smart lights [ACTION_W].",LOCKED
IF superchat received,", THEN sets the color temperature of lights [ACTION_Y].",LOCKED
IF alexa custom phrase,", THEN changes the color of lights [ACTION_Y].",LOCKED
IF google assistant phrase,", THEN turns on smart lights [ACTION_X].",LOCKED
IF google assistant phrase,", THEN turns on smart lights [ACTION_X].",LOCKED
__UNMATCHED_TRIGGER__ this trigger fires at the hours where electricity in denmark is cheap.,", THEN sets the color temperature of lights [ACTION_Y].",LOCKED
IF google assistant phrase,", THEN turns on smart lights in [ACTION_X].",LOCKED
IF wifi connected,", THEN turns on smart lights in [ACTION_X].",LOCKED
IF alexa custom phrase,", THEN toggles the lights on or off [ACTION_Y].",LOCKED
__UNMATCHED_TRIGGER__ this trigger fires every time the nest protect you specify detects dangerous smoke levels.,", THEN turns on smart lights in [ACTION_X].",LOCKED
__UNMATCHED_TRIGGER__ this trigger fires when everyone has gone to sleep.,", THEN turns off smart lights [ACTION_W].",LOCKED
IF quarter hour,", THEN changes the color of lights [ACTION_Y].",LOCKED
__UNMATCHED_TRIGGER__ this trigger fires when battery levels fall below normal levels for any vehicle in your account. the vehicle ingredient specifies the name of the vehicle with the problem.,", THEN sets the color temperature of lights [ACTION_Y].",LOCKED
IF google assistant phrase,", THEN turns off smart lights [ACTION_W].",LOCKED
IF sunset approaching,", THEN turns on smart lights in [ACTION_X].",LOCKED
"__UNMATCHED_TRIGGER__ this trigger fires every time your myfox security system receives an alarm (detection, intrusion, silent alert, ...).",", THEN adjusts the brightness of lights [ACTION_W].",LOCKED
IF sunrise approaching,", THEN turns on smart lights in [ACTION_X].",LOCKED
IF weather condition change,", THEN briefly toggles the lights off and on [ACTION_Z].",LOCKED
__UNMATCHED_TRIGGER__ this trigger fires and retrieves air quality from louisville metro air sensors.,", THEN changes the color of lights [ACTION_Y].",LOCKED
__UNMATCHED_TRIGGER__ this trigger fires every time the nest protect you specify detects dangerous smoke levels.,", THEN turns on smart lights in [ACTION_X].",LOCKED
IF alarm triggered,", THEN adjusts the brightness of lights [ACTION_W].",LOCKED
IF step goal reached,", THEN sets the color temperature of lights [ACTION_Y].",LOCKED
IF alexa custom phrase,", THEN turns off smart lights [ACTION_W].",LOCKED
IF superchat received,", THEN sets the color temperature of lights [ACTION_Y].",LOCKED
__UNMATCHED_TRIGGER__ this trigger fires every time you add money to your porkfolio.,", THEN sets the color temperature of lights [ACTION_Y].",LOCKED
IF apilio event,", THEN toggles the lights on or off [ACTION_Y].",LOCKED
IF sunrise approaching,", THEN turns off smart lights [ACTION_W].",LOCKED
IF away mode switched,", THEN toggles the lights on or off [ACTION_Y].",LOCKED
IF daily schedule,", THEN adjusts the brightness of lights [ACTION_W].",LOCKED
IF camera motion,", THEN briefly toggles the lights off and on [ACTION_Z].",LOCKED
__UNMATCHED_TRIGGER__ this trigger fires every time you add a new reminder.,", THEN briefly toggles the lights off and on [ACTION_Z].",LOCKED
IF google assistant phrase,", THEN adjusts the brightness of lights [ACTION_Z].",LOCKED
IF alexa custom phrase,", THEN sets the color temperature of lights [ACTION_Y].",LOCKED
IF area entered,", THEN sets the color temperature of lights [ACTION_Y].",LOCKED
__UNMATCHED_TRIGGER__ this trigger fires every time the button is pressed on your skybell hd.,", THEN triggers a light animation effect [ACTION_Z].",LOCKED
IF daily schedule,", THEN toggles the lights on or off [ACTION_Y].",LOCKED
IF area entered,", THEN turns on smart lights in [ACTION_X].",LOCKED
__UNMATCHED_TRIGGER__ this trigger fires when a user is detected in or nearby your network.,", THEN turns on smart lights in [ACTION_X].",LOCKED
IF google assistant phrase,", THEN turns off smart lights [ACTION_W].",LOCKED
IF area entered,", THEN turns on a light switch [ACTION_Y].",LOCKED
IF wyze sound detected,", THEN turns on smart lights in [ACTION_X].",LOCKED
IF area entered,", THEN turns on smart lights [ACTION_X].",LOCKED
IF weekly schedule,", THEN sets the color temperature of lights [ACTION_Y].",LOCKED
IF area entered,", THEN turns on smart lights [ACTION_X].",LOCKED
__UNMATCHED_TRIGGER__ this trigger fires every time your smartthings device detects temperatures below a value you specify.,", THEN turns on smart lights in [ACTION_X].",LOCKED
__UNMATCHED_TRIGGER__ this trigger fires every time your smartthings device is opened.,", THEN briefly toggles the lights off and on [ACTION_Z].",LOCKED
IF area exited,", THEN turns off smart lights [ACTION_W].",LOCKED
IF alexa custom phrase,", THEN changes the color of lights [ACTION_Y].",LOCKED
__UNMATCHED_TRIGGER__ this trigger fires every time your skybell hd detects motions.,", THEN power-cycles a smart switch in [ACTION_X].",LOCKED
IF alexa custom phrase,", THEN sets the color temperature of lights [ACTION_Y].",LOCKED
__UNMATCHED_TRIGGER__ this trigger fires every time you add a new reminder.,", THEN turns on a light switch [ACTION_Y].",LOCKED
IF sunset approaching,", THEN turns on smart lights in [ACTION_X].",LOCKED
IF calendar event is upcoming,", THEN sets the color temperature of lights [ACTION_Y].",LOCKED
__UNMATCHED_TRIGGER__ this trigger fires every time you are tagged you in a new photo. note: facebook privacy settings may block ifttt’s access to some photos you are tagged in.,", THEN triggers a light animation effect [ACTION_Z].",LOCKED
IF yearly schedule,", THEN power-cycles a smart switch in [ACTION_X].",LOCKED
__UNMATCHED_TRIGGER__ this trigger fires every time your weatherflow tempest station detects the start of rain.,", THEN briefly toggles the lights off and on [ACTION_Z].",LOCKED
__UNMATCHED_TRIGGER__ this trigger fires when the co₂ level for a specific devices exceeded a specified threshold.,", THEN turns on smart lights in [ACTION_X].",LOCKED
IF apilio event,", THEN adjusts the brightness of lights [ACTION_W].",LOCKED
IF air quality alert occurs,", THEN turns on smart lights in [ACTION_X].",LOCKED
IF superchat received,", THEN changes the color of lights [ACTION_Y].",LOCKED
IF quarter hour,", THEN sets the color temperature of lights [ACTION_Y].",LOCKED
__UNMATCHED_TRIGGER__ this trigger fires every time you are tagged you in a new photo. note: facebook privacy settings may block ifttt’s access to some photos you are tagged in.,", THEN triggers a light animation effect [ACTION_Z].",LOCKED
IF daily schedule,", THEN adjusts the brightness of lights [ACTION_W].",LOCKED
IF google assistant phrase,", THEN turns off smart lights [ACTION_W].",LOCKED
IF doorbell motion,", THEN adjusts the brightness of lights [ACTION_W].",LOCKED
IF daily schedule,", THEN turns on smart lights in [ACTION_X].",LOCKED
IF weekly schedule,", THEN adjusts the brightness of lights [ACTION_W].",LOCKED
IF daily schedule,", THEN changes the color of lights [ACTION_Y].",LOCKED
IF daily schedule,", THEN turns off smart lights [ACTION_W].",LOCKED
IF google assistant phrase,", THEN turns on smart lights in [ACTION_X].",LOCKED
__UNMATCHED_TRIGGER__ this trigger fires when your smart bed alarm clock is activated,", THEN turns on smart lights in [ACTION_X].",LOCKED
IF google assistant phrase,", THEN activates a lighting scene [ACTION_Y].",LOCKED
IF weather condition change,", THEN sets the color temperature of lights [ACTION_Y].",LOCKED
IF weekly schedule,", THEN turns on smart lights in [ACTION_X].",LOCKED
IF alexa custom phrase,", THEN changes the color of lights [ACTION_Y].",LOCKED
IF misfit single press,", THEN toggles the lights on or off [ACTION_Y].",LOCKED
IF weekly schedule,", THEN turns off the light [ACTION_W].",LOCKED
IF alexa custom phrase,", THEN changes the color of lights [ACTION_Y].",LOCKED
__UNMATCHED_TRIGGER__ this trigger fires when there is a new membership for your channel.,", THEN sets the color temperature of lights [ACTION_Y].",LOCKED
IF alexa custom phrase,", THEN sets the color temperature of lights [ACTION_Y].",LOCKED
__UNMATCHED_TRIGGER__ this trigger fires ever time the gust speed rises above a value you specify.,", THEN turns on smart lights in [ACTION_X].",LOCKED
IF alarm triggered,", THEN sets the color temperature of lights [ACTION_Y].",LOCKED
IF weight logged,", THEN turns off smart lights [ACTION_W].",LOCKED
IF door panel is opened,", THEN turns on smart lights [ACTION_X].",LOCKED
IF doorbell motion,", THEN turns on smart lights in [ACTION_X].",LOCKED
IF google assistant phrase,", THEN turns off smart lights [ACTION_W].",LOCKED
__UNMATCHED_TRIGGER__ this trigger fires every time you press the stone.,", THEN toggles lights based on current state in [ACTION_X].",LOCKED
__UNMATCHED_TRIGGER__ this trigger fires when tado⁠° switches to home mode.,", THEN turns on smart lights in [ACTION_X].",LOCKED
IF sms received,", THEN briefly toggles the lights off and on [ACTION_Z].",LOCKED
IF area entered,", THEN turns on smart lights [ACTION_X].",LOCKED
__UNMATCHED_TRIGGER__ this trigger fires every time an alarm is detected.,", THEN sets the color temperature of lights [ACTION_Y].",LOCKED
"__UNMATCHED_TRIGGER__ this trigger fires when the alarm has changed mode. i.e. armed, disarmed or set to home shield mode.",", THEN turns on smart lights in [ACTION_X].",LOCKED
IF sunset approaching,", THEN turns on smart lights in [ACTION_X].",LOCKED
IF temperature falls below a threshold,", THEN sets the color temperature of lights [ACTION_Y].",LOCKED
__UNMATCHED_TRIGGER__ this trigger fires every time your timer goes off.,", THEN briefly toggles the lights off and on [ACTION_Z].",LOCKED
IF generic button press,", THEN activates a lighting scene [ACTION_Y].",LOCKED
IF google assistant phrase,", THEN turns on smart lights [ACTION_X].",LOCKED
IF sunset approaching,", THEN turns on smart lights in [ACTION_X].",LOCKED
IF mentioned on Twitter,", THEN triggers a light animation effect [ACTION_Z].",LOCKED
IF temperature falls below a threshold,", THEN turns on a light switch [ACTION_Y].",LOCKED
IF alarm triggered,", THEN turns on smart lights in [ACTION_X].",LOCKED
IF weather condition change,", THEN sets the color temperature of lights [ACTION_Y].",LOCKED
IF alexa custom phrase,", THEN briefly toggles the lights off and on [ACTION_Z].",LOCKED
IF temperature falls below a threshold,", THEN sets the color temperature of lights [ACTION_Y].",LOCKED
IF ifttt hashtag email,", THEN sets the color temperature of lights [ACTION_Y].",LOCKED
IF Facebook photo is posted,", THEN briefly toggles the lights off and on [ACTION_Z].",LOCKED
IF home home mode,", THEN turns on smart lights in [ACTION_X].",LOCKED
IF weather condition change,", THEN sets the color temperature of lights [ACTION_Y].",LOCKED
IF calendar event is upcoming,", THEN turns on smart lights [ACTION_X].",LOCKED
IF google assistant phrase,", THEN sets the color temperature of lights [ACTION_Y].",LOCKED
IF calendar event is upcoming,", THEN triggers a light animation effect [ACTION_Z].",LOCKED
__UNMATCHED_TRIGGER__ this trigger fires when home mode is on.,", THEN turns on smart lights in [ACTION_X].",LOCKED
IF lock unlocked,", THEN turns on smart lights in [ACTION_X].",LOCKED
IF instagram post,", THEN briefly toggles the lights off and on [ACTION_Z].",LOCKED
IF alexa custom phrase,", THEN sets the color temperature of lights [ACTION_Y].",LOCKED
IF daily schedule,", THEN turns on smart lights [ACTION_X].",LOCKED
IF calendar event is upcoming,", THEN briefly toggles the lights off and on [ACTION_Z].",LOCKED
__UNMATCHED_TRIGGER__ this trigger fires when tado⁠° switches to home mode.,", THEN turns on smart lights in [ACTION_X].",LOCKED
IF sunset approaching,", THEN adjusts the brightness of lights [ACTION_W].",LOCKED
IF daily schedule,", THEN turns off smart lights [ACTION_W].",LOCKED
IF sunrise approaching,", THEN turns off the light [ACTION_W].",LOCKED
IF daily schedule,", THEN turns on smart lights in [ACTION_X].",LOCKED
IF home away mode,", THEN turns off smart lights [ACTION_W].",LOCKED
__UNMATCHED_TRIGGER__ this trigger fires every time your timer goes off.,", THEN sets the color temperature of lights [ACTION_Y].",LOCKED
IF Android notification is received,", THEN briefly toggles the lights off and on [ACTION_Z].",LOCKED
__UNMATCHED_TRIGGER__ this trigger fires every time the nest protect you specify detects dangerous carbon monoxide levels.,", THEN sets the color temperature of lights [ACTION_Y].",LOCKED
IF motion sensor is triggered,", THEN turns on smart lights in [ACTION_X].",LOCKED
IF daily schedule,", THEN adjusts the brightness of lights [ACTION_W].",LOCKED
IF daily schedule,", THEN turns off smart lights [ACTION_W].",LOCKED
IF sunset approaching,", THEN turns on a light switch [ACTION_Y].",LOCKED
IF area entered,", THEN triggers a light animation effect [ACTION_Z].",LOCKED
IF alarm sounds,", THEN briefly toggles the lights off and on [ACTION_Z].",LOCKED
IF daily schedule,", THEN turns on smart lights in [ACTION_X].",LOCKED
__UNMATCHED_TRIGGER__ this trigger fires every time your ifttt tag on mesh app receives an input signal from the other tag.,", THEN turns on a light switch [ACTION_Y].",LOCKED
IF new public video is posted,", THEN sets the color temperature of lights [ACTION_Y].",LOCKED
IF night mode on,", THEN turns off smart lights [ACTION_W].",LOCKED
__UNMATCHED_TRIGGER__ this trigger fires every time you are tagged you in a new photo. note: facebook privacy settings may block ifttt’s access to some photos you are tagged in.,", THEN briefly toggles the lights off and on [ACTION_Z].",LOCKED
IF sunset approaching,", THEN turns on smart lights in [ACTION_X].",LOCKED
IF sunrise approaching,", THEN sets the color temperature of lights [ACTION_Y].",LOCKED
IF generic button press,", THEN toggles lights based on current state in [ACTION_X].",LOCKED
__UNMATCHED_TRIGGER__ this trigger fires when a task is completed.,", THEN triggers a light animation effect [ACTION_Z].",LOCKED
IF away mode canceled,", THEN turns off smart lights [ACTION_W].",LOCKED
__UNMATCHED_TRIGGER__ this trigger fires when there is a new membership for your channel.,", THEN adjusts the brightness of lights [ACTION_Z].",LOCKED
IF sunset approaching,", THEN turns on smart lights in [ACTION_X].",LOCKED
IF apilio event,", THEN switches off the lights [ACTION_W].",LOCKED
IF weather condition change,", THEN triggers a light animation effect [ACTION_Z].",LOCKED
IF weather condition change,", THEN sets the color temperature of lights [ACTION_Y].",LOCKED
IF robot cleaning done,", THEN toggles the lights on or off [ACTION_Y].",LOCKED
__UNMATCHED_TRIGGER__ this trigger fires every time your ifttt tag on mesh app receives an input signal from the other tag.,", THEN turns on smart lights [ACTION_X].",LOCKED
IF alexa custom phrase,", THEN adjusts the brightness of lights [ACTION_W].",LOCKED
__UNMATCHED_TRIGGER__ this trigger fires when the scene in a room is changed.,", THEN turns on smart lights in [ACTION_X].",LOCKED
IF alarm is triggered,", THEN turns on smart lights in [ACTION_X].",LOCKED
IF temperature rises above a threshold,", THEN turns on smart lights in [ACTION_X].",LOCKED
IF netatmo person detected,", THEN sets the color temperature of lights [ACTION_Y].",LOCKED
__UNMATCHED_TRIGGER__ this trigger fires every time the nest protect you specify detects dangerous carbon monoxide levels.,", THEN activates a lighting scene in [ACTION_X].",LOCKED
IF area entered,", THEN sets the color temperature of lights [ACTION_Y].",LOCKED
__UNMATCHED_TRIGGER__ this trigger fires every time the nest protect you specify detects warning carbon monoxide levels.,", THEN turns on smart lights in [ACTION_X].",LOCKED
"__UNMATCHED_TRIGGER__ this trigger fires every time you ask alexa for a team's next game. for example, 'alexa, when do the toronto blue jays play?'",", THEN triggers a light animation effect [ACTION_Z].",LOCKED
IF apilio event,", THEN adjusts the brightness of lights [ACTION_Z].",LOCKED
IF alexa custom phrase,", THEN turns off smart lights [ACTION_W].",LOCKED
IF ifttt hashtag email,", THEN turns off smart lights [ACTION_W].",LOCKED
IF alexa custom phrase,", THEN changes the color of lights [ACTION_Y].",LOCKED
IF google assistant phrase,", THEN turns off smart lights [ACTION_W].",LOCKED
IF apilio event,", THEN turns off smart lights [ACTION_W].",LOCKED
IF co2 high,", THEN sets the color temperature of lights [ACTION_Y].",LOCKED
IF google assistant phrase,", THEN turns on smart lights in [ACTION_X].",LOCKED
IF sunset approaching,", THEN sets the color temperature of lights [ACTION_Y].",LOCKED
IF daily schedule,", THEN turns on smart lights in [ACTION_X].",LOCKED
IF sunset approaching,", THEN turns on smart lights in [ACTION_X].",LOCKED
IF alarm triggered,", THEN triggers a light animation effect [ACTION_Z].",LOCKED
IF yearly schedule,", THEN sets the color temperature of lights [ACTION_Y].",LOCKED
IF sunset approaching,", THEN turns on smart lights in [ACTION_X].",LOCKED
IF area entered,", THEN turns on smart lights in [ACTION_X].",LOCKED
IF google assistant phrase,", THEN turns off smart lights [ACTION_W].",LOCKED
IF Android notification is received,", THEN briefly toggles the lights off and on [ACTION_Z].",LOCKED
IF home away mode,", THEN turns off smart lights [ACTION_W].",LOCKED
IF sunrise approaching,", THEN sets the color temperature of lights [ACTION_Y].",LOCKED
IF weekly schedule,", THEN triggers a light animation effect [ACTION_Z].",LOCKED
IF alarm triggered,", THEN sets the color temperature of lights [ACTION_Y].",LOCKED
IF weekly schedule,", THEN sets the color temperature of lights [ACTION_Y].",LOCKED
IF google assistant phrase,", THEN turns off smart lights [ACTION_W].",LOCKED
IF alexa custom phrase,", THEN turns off smart lights [ACTION_W].",LOCKED
IF sunset approaching,", THEN turns on smart lights in [ACTION_X].",LOCKED
IF sunset approaching,", THEN turns on smart lights in [ACTION_X].",LOCKED
__UNMATCHED_TRIGGER__ this trigger fires when a motion sensor becomes clear.,", THEN turns off smart lights [ACTION_W].",LOCKED
IF alexa custom phrase,", THEN turns off smart lights [ACTION_W].",LOCKED
IF google assistant phrase,", THEN turns off smart lights [ACTION_W].",LOCKED
IF ihome button,", THEN adjusts the brightness of lights [ACTION_W].",LOCKED
__UNMATCHED_TRIGGER__ this trigger fires every time your misfit shine logs sleep with a duration above the target hours you specify.,", THEN sets the color temperature of lights [ACTION_Y].",LOCKED
IF area entered,", THEN turns on smart lights in [ACTION_X].",LOCKED
IF google assistant phrase,", THEN sets the color temperature of lights [ACTION_Y].",LOCKED
IF generic button press,", THEN briefly toggles the lights off and on [ACTION_Z].",LOCKED
IF google assistant phrase,", THEN sets the color temperature of lights [ACTION_Y].",LOCKED
IF weekly schedule,", THEN turns on smart lights in [ACTION_X].",LOCKED
IF Arlo detects motion,", THEN turns on smart lights [ACTION_X].",LOCKED
__UNMATCHED_TRIGGER__ this trigger fires every time the nest protect you specify detects dangerous smoke levels.,", THEN sets the color temperature of lights [ACTION_Y].",LOCKED
"__UNMATCHED_TRIGGER__ this trigger fires when you are scheduled to be away and nobody is in the house.  
note: smartgeo™ needs to be active",", THEN turns off smart lights [ACTION_W].",LOCKED
__UNMATCHED_TRIGGER__ this trigger fires every time a new reminder is added to the list you specify.,", THEN sets the color temperature of lights [ACTION_Y].",LOCKED
IF google assistant phrase,", THEN turns off smart lights [ACTION_W].",LOCKED
IF ifttt email trigger,", THEN turns on a light switch [ACTION_Y].",LOCKED
IF away mode switched,", THEN turns off smart lights [ACTION_W].",LOCKED
IF tweet with hashtag,", THEN turns on smart lights [ACTION_X].",LOCKED
IF sunrise approaching,", THEN sets the color temperature of lights [ACTION_Y].",LOCKED
IF alexa custom phrase,", THEN turns on smart lights [ACTION_X].",LOCKED
IF motion detected,", THEN turns on smart lights in [ACTION_X].",LOCKED
IF alexa custom phrase,", THEN toggles the lights on or off [ACTION_Y].",LOCKED
__UNMATCHED_TRIGGER__ this trigger fires if you tap a gesture with a custom ifttt task matching the id of this trigger.,", THEN turns on smart lights [ACTION_X].",LOCKED
__UNMATCHED_TRIGGER__ this trigger fires every time the button is pressed on your skybell hd.,", THEN briefly toggles the lights off and on [ACTION_Z].",LOCKED
__UNMATCHED_TRIGGER__ this trigger fires every time a new tweet matches your search query. note: limited to 15 tweets per check.,", THEN sets the color temperature of lights [ACTION_Y].",LOCKED
IF motion cleared,", THEN turns off smart lights [ACTION_W].",LOCKED
IF daily schedule,", THEN turns off a light switch [ACTION_W].",LOCKED
IF alexa custom phrase,", THEN changes the color of lights [ACTION_Y].",LOCKED
IF yearly schedule,", THEN turns off smart lights [ACTION_W].",LOCKED
IF daily schedule,", THEN turns on smart lights in [ACTION_X].",LOCKED
IF Arlo detects motion,", THEN sets the color temperature of lights [ACTION_Y].",LOCKED
__UNMATCHED_TRIGGER__ this trigger fires every time somebody rings your ring doorbell.,", THEN turns on smart lights in [ACTION_X].",LOCKED
IF weather condition change,", THEN turns on a light switch [ACTION_Y].",LOCKED
IF prayer time occurs,", THEN turns off smart lights [ACTION_W].",LOCKED
IF alexa custom phrase,", THEN switches off the lights [ACTION_W].",LOCKED
IF camera motion,", THEN turns on smart lights in [ACTION_X].",LOCKED
IF lametric button pressed,", THEN toggles the lights on or off [ACTION_Y].",LOCKED
IF Android notification is received,", THEN triggers a light animation effect [ACTION_Z].",LOCKED
IF weekly schedule,", THEN turns on smart lights in [ACTION_X].",LOCKED
IF alexa custom phrase,", THEN activates a lighting scene [ACTION_Y].",LOCKED
IF daily schedule,", THEN turns off smart lights [ACTION_W].",LOCKED
IF sunrise approaching,", THEN switches off the lights [ACTION_W].",LOCKED
IF step goal reached,", THEN sets the color temperature of lights [ACTION_Y].",LOCKED
IF sunset approaching,", THEN turns on smart lights in [ACTION_X].",LOCKED
__UNMATCHED_TRIGGER__ this trigger fires when your local room temperature exceeds a given threshold.,", THEN briefly toggles the lights off and on [ACTION_Z].",LOCKED
IF flic clicked,", THEN toggles the lights on or off [ACTION_Y].",LOCKED
IF sms received,", THEN briefly toggles the lights off and on [ACTION_Z].",LOCKED
IF ifttt email trigger,", THEN briefly toggles the lights off and on [ACTION_Z].",LOCKED
IF alexa custom phrase,", THEN adjusts the brightness of lights [ACTION_W].",LOCKED
IF sunset approaching,", THEN turns on smart lights in [ACTION_X].",LOCKED
IF flic clicked,", THEN turns off smart lights [ACTION_W].",LOCKED
IF google assistant phrase,", THEN activates a lighting scene [ACTION_Y].",LOCKED
IF super sticker received,", THEN sets the color temperature of lights [ACTION_Y].",LOCKED
__UNMATCHED_TRIGGER__ this trigger fires when specified pir kumosensor detects movement.,", THEN turns on smart lights in [ACTION_X].",LOCKED
IF area entered,", THEN turns on smart lights in [ACTION_X].",LOCKED
IF calendar event is upcoming,", THEN adjusts the brightness of lights [ACTION_W].",LOCKED
IF sunset approaching,", THEN turns on smart lights in [ACTION_X].",LOCKED
IF order is out for delivery,", THEN briefly toggles the lights off and on [ACTION_Z].",LOCKED
__UNMATCHED_TRIGGER__ this trigger fires every time your oven is turned on.,", THEN sets the color temperature of lights [ACTION_Y].",LOCKED
__UNMATCHED_TRIGGER__ this trigger fires every time you are tagged you in a new photo. note: facebook privacy settings may block ifttt’s access to some photos you are tagged in.,", THEN sets the color temperature of lights [ACTION_Y].",LOCKED
IF alarm triggered,", THEN briefly toggles the lights off and on [ACTION_Z].",LOCKED
IF weather condition change,", THEN briefly toggles the lights off and on [ACTION_Z].",LOCKED
IF sunset approaching,", THEN turns on a light switch [ACTION_Y].",LOCKED
__UNMATCHED_TRIGGER__ this trigger fires every time somebody rings your ring doorbell.,", THEN toggles the lights on or off [ACTION_Y].",LOCKED
__UNMATCHED_TRIGGER__ this trigger fires every time somebody rings your ring doorbell.,", THEN turns on smart lights in [ACTION_X].",LOCKED
IF sunset approaching,", THEN adjusts the brightness of lights [ACTION_W].",LOCKED
__UNMATCHED_TRIGGER__ this trigger fires every time your wemo light switches off.,", THEN sets the brightness level of smart lights [ACTION_Z].",LOCKED
IF area entered,", THEN start smart lights [ACTION_Z].",LOCKED
IF alexa custom phrase,", THEN activates a lighting scene in [ACTION_X].",LOCKED
IF netatmo person detected,", THEN turns on smart lights in [ACTION_X].",LOCKED
IF weekly schedule,", THEN turns off smart lights [ACTION_W].",LOCKED
IF weekly schedule,", THEN turns off smart lights [ACTION_W].",LOCKED
IF weekly schedule,", THEN turns off smart lights [ACTION_W].",LOCKED
__UNMATCHED_TRIGGER__ this trigger fires when the gate start opening,", THEN turns on smart lights in [ACTION_X].",LOCKED
IF sunrise approaching,", THEN turns off smart lights [ACTION_W].",LOCKED
IF google assistant phrase,", THEN turns off smart lights [ACTION_W].",LOCKED
IF co2 high,", THEN briefly toggles the lights off and on [ACTION_Z].",LOCKED
__UNMATCHED_TRIGGER__ this trigger fires every time your smartthings device detects temperatures below a value you specify.,", THEN sets the color temperature of lights [ACTION_Y].",LOCKED
__UNMATCHED_TRIGGER__ this trigger fires and retrieves air quality from louisville metro air sensors.,", THEN sets the color temperature of lights [ACTION_Y].",LOCKED
IF calendar event is upcoming,", THEN sets the color temperature of lights [ACTION_Y].",LOCKED
IF energy saving mode,", THEN turns off smart lights [ACTION_W].",LOCKED
IF doorbell motion,", THEN briefly toggles the lights off and on [ACTION_Z].",LOCKED
__UNMATCHED_TRIGGER__ this trigger fires every time your smartthings device senses motion.,", THEN briefly toggles the lights off and on [ACTION_Z].",LOCKED
IF quarter hour,", THEN briefly toggles the lights off and on [ACTION_Z].",LOCKED
IF daily schedule,", THEN adjusts the brightness of lights [ACTION_W].",LOCKED
IF co2 high,", THEN sets the color temperature of lights [ACTION_Y].",LOCKED
IF WeMo Insight is turned off,", THEN turns off smart lights [ACTION_W].",LOCKED
__UNMATCHED_TRIGGER__ this trigger fires every time a new item is added to the feed you specify.,", THEN briefly toggles the lights off and on [ACTION_Z].",LOCKED
__UNMATCHED_TRIGGER__ this trigger fires every time you are tagged you in a new photo. note: facebook privacy settings may block ifttt’s access to some photos you are tagged in.,", THEN briefly toggles the lights off and on [ACTION_Z].",LOCKED
IF sunset approaching,", THEN turns on smart lights in [ACTION_X].",LOCKED
IF sunset approaching,", THEN turns on smart lights in [ACTION_X].",LOCKED
IF flic clicked,", THEN turns off smart lights [ACTION_W].",LOCKED
__UNMATCHED_TRIGGER__ this trigger fires when the daily rain measurement rises above a given threshold.,", THEN briefly toggles the lights off and on [ACTION_Z].",LOCKED
IF weekly schedule,", THEN turns off smart lights [ACTION_W].",LOCKED
IF wifi connected,", THEN turns on smart lights [ACTION_X].",LOCKED
IF google assistant phrase,", THEN sets the color temperature of lights [ACTION_Y].",LOCKED
__UNMATCHED_TRIGGER__ this trigger fires every time you are tagged you in a new photo. note: facebook privacy settings may block ifttt’s access to some photos you are tagged in.,", THEN triggers a light animation effect [ACTION_Z].",LOCKED
IF weather condition change,", THEN briefly toggles the lights off and on [ACTION_Z].",LOCKED
IF sunset approaching,", THEN turns on smart lights [ACTION_X].",LOCKED
"__UNMATCHED_TRIGGER__ this trigger fires every time a song is played on amazon prime music. note: this trigger does not apply to songs provided by spotify, pandora, podcasts and sample clips.",", THEN sets the color temperature of lights [ACTION_Y].",LOCKED
IF order is out for delivery,", THEN turns on smart lights in [ACTION_X].",LOCKED
IF superchat received,", THEN adjusts the brightness of lights [ACTION_Z].",LOCKED
IF sunrise approaching,", THEN turns off smart lights [ACTION_W].",LOCKED
IF area exited,", THEN turns off smart lights [ACTION_W].",LOCKED
IF door locked,", THEN turns on smart lights in [ACTION_X].",LOCKED
IF area entered,", THEN turns on smart lights in [ACTION_X].",LOCKED
IF weekly schedule,", THEN turns on smart lights [ACTION_X].",LOCKED
IF sunset approaching,", THEN turns on smart lights in [ACTION_X].",LOCKED
IF google assistant phrase,", THEN turns on smart lights in [ACTION_X].",LOCKED
IF motion detected,", THEN adjusts the brightness of lights [ACTION_W].",LOCKED
IF daily schedule,", THEN changes the color of lights [ACTION_Y].",LOCKED
IF area exited,", THEN activates a lighting scene in [ACTION_X].",LOCKED
IF sunset approaching,", THEN turns on a light switch [ACTION_Y].",LOCKED
__UNMATCHED_TRIGGER__ this trigger fires every time you add an item to your to do list.,", THEN sets the color temperature of lights [ACTION_Y].",LOCKED
__UNMATCHED_TRIGGER__ this trigger fires every time your android device is plugged in.,", THEN toggles the lights on or off [ACTION_Y].",LOCKED
IF alexa custom phrase,", THEN changes the color of lights [ACTION_Y].",LOCKED
IF today weather report,", THEN sets the color temperature of lights [ACTION_Y].",LOCKED
IF temperature falls below a threshold,", THEN turns on a light switch [ACTION_Y].",LOCKED
IF area entered,", THEN turns on smart lights [ACTION_X].",LOCKED
__UNMATCHED_TRIGGER__ this trigger fires every time the nest protect you specify detects dangerous carbon monoxide levels.,", THEN sets the color temperature of lights [ACTION_Y].",LOCKED
IF weekly schedule,", THEN turns on smart lights [ACTION_X].",LOCKED
IF washer done,", THEN turns on the hood lighting [ACTION_Z].",LOCKED
IF quarter hour,", THEN sets the color temperature of lights [ACTION_Y].",LOCKED
IF daily schedule,", THEN turns off a light switch [ACTION_W].",LOCKED
IF weekly schedule,", THEN sets the color temperature of lights [ACTION_Y].",LOCKED
IF sunset approaching,", THEN turns on a light switch [ACTION_Y].",LOCKED
IF alexa custom phrase,", THEN turns off smart lights [ACTION_W].",LOCKED
IF today weather report,", THEN turns on smart lights in [ACTION_X].",LOCKED
__UNMATCHED_TRIGGER__ this trigger fires every time the you ask alexa what's on your to do list.,", THEN turns off smart lights [ACTION_W].",LOCKED
IF area entered,", THEN turns on smart lights in [ACTION_X].",LOCKED
IF wifi connected,", THEN turns on smart lights [ACTION_X].",LOCKED
IF alexa custom phrase,", THEN turns on smart lights [ACTION_X].",LOCKED
IF alarm is triggered,", THEN turns on smart lights in [ACTION_X].",LOCKED
IF sunset approaching,", THEN turns on a light switch [ACTION_Y].",LOCKED
IF home home mode,", THEN turns on smart lights in [ACTION_X].",LOCKED
__UNMATCHED_TRIGGER__ this trigger fires when the scene in a room is changed.,", THEN turns off smart lights [ACTION_W].",LOCKED
IF google assistant phrase,", THEN turns off smart lights [ACTION_W].",LOCKED
IF alexa custom phrase,", THEN turns on smart lights in [ACTION_X].",LOCKED
IF daily schedule,", THEN turns off smart lights [ACTION_W].",LOCKED
IF google assistant phrase,", THEN turns on smart lights [ACTION_X].",LOCKED
IF daily schedule,", THEN turns on smart lights in [ACTION_X].",LOCKED
IF a known caller calls,", THEN briefly toggles the lights off and on [ACTION_Z].",LOCKED
IF area entered,", THEN turns on smart lights in [ACTION_X].",LOCKED
IF sunset approaching,", THEN turns on smart lights in [ACTION_X].",LOCKED
IF stream live,", THEN turns on smart lights in [ACTION_X].",LOCKED
__UNMATCHED_TRIGGER__ this trigger fires when there is a new membership for your channel.,", THEN sets the color temperature of lights [ACTION_Y].",LOCKED
IF weekly schedule,", THEN adjusts the brightness of lights [ACTION_W].",LOCKED
IF Arlo detects motion,", THEN turns on smart lights in [ACTION_X].",LOCKED
IF co2 high,", THEN triggers a light animation effect [ACTION_Z].",LOCKED
IF alexa custom phrase,", THEN briefly toggles the lights off and on [ACTION_Z].",LOCKED
IF Arlo detects motion,", THEN briefly toggles the lights off and on [ACTION_Z].",LOCKED
IF sunset approaching,", THEN turns on smart lights in [ACTION_X].",LOCKED
IF mentioned on Twitter,", THEN turns on smart lights [ACTION_X].",LOCKED
__UNMATCHED_TRIGGER__ this trigger fires every time you complete an item on your to do list.,", THEN adjusts the brightness of lights [ACTION_W].",LOCKED
IF Facebook status is posted,", THEN sets the color temperature of lights [ACTION_Y].",LOCKED
IF google assistant phrase,", THEN turns off smart lights [ACTION_W].",LOCKED
IF area entered,", THEN turns on smart lights [ACTION_X].",LOCKED
IF google assistant phrase,", THEN activates a lighting scene in [ACTION_X].",LOCKED
IF spotify save track,", THEN triggers a light animation effect [ACTION_Z].",LOCKED
IF sunrise approaching,", THEN turns off smart lights [ACTION_W].",LOCKED
__UNMATCHED_TRIGGER__ this trigger fires every time the nest protect you specify detects dangerous carbon monoxide levels.,", THEN turns on smart lights in [ACTION_X].",LOCKED
__UNMATCHED_TRIGGER__ this trigger fires every time your smartthings device senses motion.,", THEN switches on the lights [ACTION_Z].",LOCKED
IF google assistant phrase,", THEN toggles the lights on or off [ACTION_Y].",LOCKED
IF google assistant phrase,", THEN briefly toggles the lights off and on [ACTION_Z].",LOCKED
__UNMATCHED_TRIGGER__ this trigger fires every time your android device is plugged in.,", THEN turns off smart lights [ACTION_W].",LOCKED
IF daily schedule,", THEN turns off smart lights [ACTION_W].",LOCKED
IF superchat received,", THEN adjusts the brightness of lights [ACTION_Z].",LOCKED
__UNMATCHED_TRIGGER__ this trigger fires when tado⁠° switches to home mode.,", THEN switches on the lights [ACTION_Z].",LOCKED
IF google assistant phrase,", THEN turns on smart lights [ACTION_X].",LOCKED
IF temperature rises above a threshold,", THEN sets the color temperature of lights [ACTION_Y].",LOCKED
IF temperature falls below a threshold,", THEN turns on smart lights in [ACTION_X].",LOCKED
IF generic button press,", THEN toggles the lights on or off [ACTION_Y].",LOCKED
IF sms received,", THEN briefly toggles the lights off and on [ACTION_Z].",LOCKED
IF google assistant phrase,", THEN turns off smart lights [ACTION_W].",LOCKED
IF apilio event,", THEN switches off the lights [ACTION_W].",LOCKED
IF home away mode,", THEN switches off the lights [ACTION_W].",LOCKED
__UNMATCHED_TRIGGER__ this trigger fires every time somebody rings your ring doorbell.,", THEN turns on smart lights in [ACTION_X].",LOCKED
IF alexa custom phrase,", THEN turns off smart lights [ACTION_W].",LOCKED
__UNMATCHED_TRIGGER__ this trigger fires every time the nest protect you specify detects dangerous smoke levels.,", THEN sets the color temperature of lights [ACTION_Y].",LOCKED
IF home away mode,", THEN turns off smart lights [ACTION_W].",LOCKED
IF sunset approaching,", THEN sets lights to a predefined scene [ACTION_Z].",LOCKED
IF sunset approaching,", THEN turns on smart lights in [ACTION_X].",LOCKED
IF google assistant phrase,", THEN turns off smart lights [ACTION_W].",LOCKED
IF alexa custom phrase,", THEN activates a lighting scene [ACTION_Y].",LOCKED
IF netatmo person detected,", THEN turns on smart lights in [ACTION_X].",LOCKED
IF daily schedule,", THEN sets the color temperature of lights [ACTION_Y].",LOCKED
IF daily schedule,", THEN turns off a light switch [ACTION_W].",LOCKED
__UNMATCHED_TRIGGER__ this trigger fires every time your d-link device detects a motion event.,", THEN turns on smart lights in [ACTION_X].",LOCKED
IF weekly schedule,", THEN activates a lighting scene [ACTION_Y].",LOCKED
IF Wyze detects motion,", THEN sets the color temperature of lights [ACTION_Y].",LOCKED
IF sunset approaching,", THEN turns on smart lights in [ACTION_X].",LOCKED
IF an SMS is sent,", THEN turns on a light switch [ACTION_Y].",LOCKED
__UNMATCHED_TRIGGER__ this trigger fires every time a specific person arrives home.,", THEN turns on smart lights in [ACTION_X].",LOCKED
IF weather condition change,", THEN briefly toggles the lights off and on [ACTION_Z].",LOCKED
IF today weather report,", THEN sets the color temperature of lights [ACTION_Y].",LOCKED
IF sms received,", THEN briefly toggles the lights off and on [ACTION_Z].",LOCKED
IF google assistant phrase,", THEN turns off smart lights [ACTION_W].",LOCKED
IF new follower,", THEN sets the color temperature of lights [ACTION_Y].",LOCKED
IF ifttt email trigger,", THEN briefly toggles the lights off and on [ACTION_Z].",LOCKED
IF new follower,", THEN briefly toggles the lights off and on [ACTION_Z].",LOCKED
__UNMATCHED_TRIGGER__ this trigger fires during alarms,", THEN briefly toggles the lights off and on [ACTION_Z].",LOCKED
IF google assistant phrase,", THEN turns on smart lights in [ACTION_X].",LOCKED
__UNMATCHED_TRIGGER__ this trigger fires every time you press the stone.,", THEN turns on smart lights [ACTION_X].",LOCKED
IF lock unlocked,", THEN sets the color temperature of lights [ACTION_Y].",LOCKED
IF ifttt email trigger,", THEN briefly toggles the lights off and on [ACTION_Z].",LOCKED
IF daily schedule,", THEN briefly toggles the lights off and on [ACTION_Z].",LOCKED
IF google assistant phrase,", THEN turns on smart lights in [ACTION_X].",LOCKED
__UNMATCHED_TRIGGER__ this trigger fires every time the nest protect you specify detects dangerous smoke levels.,", THEN turns on smart lights in [ACTION_X].",LOCKED
IF alexa custom phrase,", THEN turns on smart lights [ACTION_X].",LOCKED
__UNMATCHED_TRIGGER__ this trigger fires every time a new user starts following you.,", THEN briefly toggles the lights off and on [ACTION_Z].",LOCKED
IF area exited,", THEN turns off smart lights [ACTION_W].",LOCKED
__UNMATCHED_TRIGGER__ this trigger fires every time the nest protect you specify detects warning smoke levels.,", THEN sets the color temperature of lights [ACTION_Y].",LOCKED
IF power usage is high,", THEN sets the color temperature of lights [ACTION_Y].",LOCKED
__UNMATCHED_TRIGGER__ this trigger fires every time your android device is plugged in.,", THEN triggers a light animation effect [ACTION_Z].",LOCKED
__UNMATCHED_TRIGGER__ this trigger fires every time your skybell hd detects motions.,", THEN triggers a light animation effect [ACTION_Z].",LOCKED
IF alexa custom phrase,", THEN sets the color temperature of lights [ACTION_Y].",LOCKED
IF area exited,", THEN turns off smart lights [ACTION_W].",LOCKED
__UNMATCHED_TRIGGER__ this trigger fires every time you are tagged you in a new photo. note: facebook privacy settings may block ifttt’s access to some photos you are tagged in.,", THEN triggers a light animation effect [ACTION_Z].",LOCKED
IF weather condition change,", THEN sets the color temperature of lights [ACTION_Y].",LOCKED
IF Arlo detects motion,", THEN briefly toggles the lights off and on [ACTION_Z].",LOCKED
IF yearly schedule,", THEN sets the color temperature of lights [ACTION_Y].",LOCKED
IF temperature rises above a threshold,", THEN sets the color temperature of lights [ACTION_Y].",LOCKED
IF sunrise approaching,", THEN turns off smart lights [ACTION_W].",LOCKED
IF tplink disconnect,", THEN turns off smart lights [ACTION_W].",LOCKED
IF alexa custom phrase,", THEN toggles the lights on or off [ACTION_Y].",LOCKED
__UNMATCHED_TRIGGER__ this trigger fires every time you add an item to your to do list.,", THEN sets the color temperature of lights [ACTION_Y].",LOCKED
__UNMATCHED_TRIGGER__ this trigger fires when the device connected to fibaro home center detects motion.,", THEN turns on smart lights in [ACTION_X].",LOCKED
IF alexa custom phrase,", THEN activates a lighting scene [ACTION_Y].",LOCKED
IF weather condition change,", THEN triggers a light animation effect [ACTION_Z].",LOCKED
__UNMATCHED_TRIGGER__ this trigger fires every time your netatmo rain gauge detects that it is no longer raining.,", THEN briefly toggles the lights off and on [ACTION_Z].",LOCKED
IF simcam face recognized,", THEN toggles the lights on or off [ACTION_Y].",LOCKED
IF quarter hour,", THEN briefly toggles the lights off and on [ACTION_Z].",LOCKED
__UNMATCHED_TRIGGER__ this trigger fires when any goal moves into the red (imminent derailment).,", THEN sets the color temperature of lights [ACTION_Y].",LOCKED
IF daily schedule,", THEN sets the color temperature of lights [ACTION_Y].",LOCKED
IF area entered,", THEN adjusts the brightness of lights [ACTION_Z].",LOCKED
IF sunset approaching,", THEN turns on smart lights in [ACTION_X].",LOCKED
IF google assistant phrase,", THEN activates a lighting scene [ACTION_Y].",LOCKED
IF daily schedule,", THEN turns off smart lights [ACTION_W].",LOCKED
"__UNMATCHED_TRIGGER__ this trigger fires every time a song is played on amazon prime music. note: this trigger does not apply to songs provided by spotify, pandora, podcasts and sample clips.",", THEN adjusts the brightness of lights [ACTION_W].",LOCKED
__UNMATCHED_TRIGGER__ this trigger fires when there is a new membership for your channel.,", THEN adjusts the brightness of lights [ACTION_Z].",LOCKED
IF daily schedule,", THEN sets the color temperature of lights [ACTION_Y].",LOCKED
__UNMATCHED_TRIGGER__ this trigger fires every time your wemo switch is turned off.,", THEN turns off smart lights [ACTION_W].",LOCKED
IF alexa custom phrase,", THEN triggers a light animation effect [ACTION_Z].",LOCKED
IF calendar event is upcoming,", THEN briefly toggles the lights off and on [ACTION_Z].",LOCKED
IF super sticker received,", THEN adjusts the brightness of lights [ACTION_Z].",LOCKED
IF alexa custom phrase,", THEN sets the color temperature of lights [ACTION_Y].",LOCKED
IF daily schedule,", THEN turns off smart lights [ACTION_W].",LOCKED
IF weather condition change,", THEN sets the color temperature of lights [ACTION_Y].",LOCKED
__UNMATCHED_TRIGGER__ this trigger fires when there is a new membership for your channel.,", THEN briefly toggles the lights off and on [ACTION_Z].",LOCKED
IF alexa custom phrase,", THEN sets the color temperature of lights [ACTION_Y].",LOCKED
IF sunrise approaching,", THEN turns off a light switch [ACTION_W].",LOCKED
IF home away mode,", THEN turns off smart lights [ACTION_W].",LOCKED
__UNMATCHED_TRIGGER__ this trigger fires if you tap a gesture with a custom ifttt task matching the id of this trigger.,", THEN turns off smart lights [ACTION_W].",LOCKED
IF google assistant phrase,", THEN activates a lighting scene in [ACTION_X].",LOCKED
IF sunset approaching,", THEN sets the color temperature of lights [ACTION_Y].",LOCKED
IF robot starts working,", THEN turns on smart lights in [ACTION_X].",LOCKED
IF weekly schedule,", THEN sets the color temperature of lights [ACTION_Y].",LOCKED
IF google assistant phrase,", THEN activates a lighting scene [ACTION_Y].",LOCKED
__UNMATCHED_TRIGGER__ this trigger fires every time any friend checks in on foursquare or swarm in an area you specify.,", THEN briefly toggles the lights off and on [ACTION_Z].",LOCKED
IF sunset approaching,", THEN adjusts the brightness of lights [ACTION_W].",LOCKED
IF netatmo vehicle detected,", THEN sets the color temperature of lights [ACTION_Y].",LOCKED
IF calendar event is upcoming,", THEN toggles the lights on or off [ACTION_Y].",LOCKED
IF alexa custom phrase,", THEN turns off a light switch [ACTION_W].",LOCKED
__UNMATCHED_TRIGGER__ this trigger fires when an abode alarm is active.,", THEN turns on smart lights in [ACTION_X].",LOCKED
IF sunset approaching,", THEN turns on smart lights in [ACTION_X].",LOCKED
IF google assistant phrase,", THEN sets the color temperature of lights [ACTION_Y].",LOCKED
IF alexa custom phrase,", THEN sets the color temperature of lights [ACTION_Y].",LOCKED
IF alexa custom phrase,", THEN turns on the light [ACTION_Y].",LOCKED
IF apilio event,", THEN switches on the lights [ACTION_Z].",LOCKED
__UNMATCHED_TRIGGER__ this trigger fires every time your wemo light switches on.,", THEN sets the brightness level of smart lights [ACTION_Z].",LOCKED
__UNMATCHED_TRIGGER__ this trigger fires every time you click a button on thinga.,", THEN turns on smart lights in [ACTION_X].",LOCKED
IF wifi connected,", THEN turns on smart lights [ACTION_X].",LOCKED
IF sms received,", THEN triggers a light animation effect [ACTION_Z].",LOCKED
IF daily schedule,", THEN triggers a light animation effect [ACTION_Z].",LOCKED
IF alexa custom phrase,", THEN sets the color temperature of lights [ACTION_Y].",LOCKED
IF daily schedule,", THEN sets the color temperature of lights [ACTION_Y].",LOCKED
IF alarm triggered,", THEN sets lights to a predefined scene [ACTION_Z].",LOCKED
IF daily schedule,", THEN turns off smart lights [ACTION_W].",LOCKED
__UNMATCHED_TRIGGER__ this trigger fires when a given parameter falls below a certain threshold.,", THEN sets the color temperature of lights [ACTION_Y].",LOCKED
IF sunrise approaching,", THEN turns off smart lights [ACTION_W].",LOCKED
__UNMATCHED_TRIGGER__ this trigger fires every time you press the stone.,", THEN toggles the lights on or off [ACTION_Y].",LOCKED
IF area entered,", THEN turns on smart lights [ACTION_X].",LOCKED
IF google assistant phrase,", THEN toggles the lights on or off [ACTION_Y].",LOCKED
IF superchat received,", THEN sets the color temperature of lights [ACTION_Y].",LOCKED
__UNMATCHED_TRIGGER__ this trigger fires every time the nest protect you specify detects dangerous carbon monoxide levels.,", THEN turns on smart lights in [ACTION_X].",LOCKED
IF daily schedule,", THEN turns off smart lights [ACTION_W].",LOCKED
IF google assistant phrase,", THEN adjusts the brightness of lights [ACTION_Z].",LOCKED
IF alexa custom phrase,", THEN turns on smart lights in [ACTION_X].",LOCKED
IF area entered,", THEN sets lights to a predefined scene [ACTION_Z].",LOCKED
IF sunset approaching,", THEN turns on smart lights [ACTION_X].",LOCKED
__UNMATCHED_TRIGGER__ this trigger fires every time a specific person arrives home.,", THEN turns on smart lights in [ACTION_X].",LOCKED
IF area entered,", THEN toggles the lights on or off [ACTION_Y].",LOCKED
IF weekly schedule,", THEN switches off the lights [ACTION_W].",LOCKED
IF alexa custom phrase,", THEN turns off smart lights [ACTION_W].",LOCKED
IF daily schedule,", THEN adjusts the brightness of lights [ACTION_W].",LOCKED
__UNMATCHED_TRIGGER__ this trigger fires if you tap a gesture with a custom ifttt task matching the id of this trigger.,", THEN turns on a light switch [ACTION_Y].",LOCKED
IF sunrise approaching,", THEN turns off smart lights [ACTION_W].",LOCKED
__UNMATCHED_TRIGGER__ this trigger fires every time your myfox security system detects an intrusion.,", THEN sets the color temperature of lights [ACTION_Y].",LOCKED
IF home home mode,", THEN turns on smart lights in [ACTION_X].",LOCKED
IF generic button press,", THEN power-cycles a smart switch in [ACTION_X].",LOCKED
__UNMATCHED_TRIGGER__ this trigger fires when your smanos system is armed to away mode with no one in the house.,", THEN turns off smart lights [ACTION_W].",LOCKED
IF google assistant phrase,", THEN turns off smart lights [ACTION_W].",LOCKED
IF alexa custom phrase,", THEN briefly toggles the lights off and on [ACTION_Z].",LOCKED
__UNMATCHED_TRIGGER__ this trigger fires when a task in a given list is completed,", THEN sets the color temperature of lights [ACTION_Y].",LOCKED
__UNMATCHED_TRIGGER__ this trigger fires every time the nest protect you specify detects warning carbon monoxide levels.,", THEN triggers a light animation effect [ACTION_Z].",LOCKED
__UNMATCHED_TRIGGER__ this trigger fires every time a new item is added to the feed you specify.,", THEN briefly toggles the lights off and on [ACTION_Z].",LOCKED
IF mentioned on Twitter,", THEN turns on smart lights in [ACTION_X].",LOCKED
IF sunset approaching,", THEN sets the color temperature of lights [ACTION_Y].",LOCKED
IF doorbell motion,", THEN turns on a light switch [ACTION_Y].",LOCKED
IF daily schedule,", THEN turns on smart lights in [ACTION_X].",LOCKED
IF alexa custom phrase,", THEN sets the brightness level of smart lights [ACTION_Z].",LOCKED
__UNMATCHED_TRIGGER__ this trigger fires every time your cloudbit receives an input signal from another littlebits module.,", THEN sets the color temperature of lights [ACTION_Y].",LOCKED
IF air quality alert occurs,", THEN sets the color temperature of lights [ACTION_Y].",LOCKED
IF camera motion,", THEN turns on smart lights [ACTION_X].",LOCKED
__UNMATCHED_TRIGGER__ this trigger fires every time your wemo switch is turned off.,", THEN sets the color temperature of lights [ACTION_Y].",LOCKED
IF daily schedule,", THEN turns on smart lights [ACTION_X].",LOCKED
IF weekly schedule,", THEN sets the color temperature of lights [ACTION_Y].",LOCKED
IF daily schedule,", THEN turns on smart lights in [ACTION_X].",LOCKED
IF weather condition change,", THEN activates a lighting scene in [ACTION_X].",LOCKED
IF google assistant phrase,", THEN turns off smart lights [ACTION_W].",LOCKED
__UNMATCHED_TRIGGER__ this trigger fires every time somebody rings your ring doorbell.,", THEN briefly toggles the lights off and on [ACTION_Z].",LOCKED
__UNMATCHED_TRIGGER__ this trigger fires every time the nest protect you specify detects dangerous carbon monoxide levels.,", THEN turns on smart lights [ACTION_X].",LOCKED
IF sunrise approaching,", THEN turns off the light [ACTION_W].",LOCKED
IF camera motion,", THEN triggers a light animation effect [ACTION_Z].",LOCKED
IF generic button press,", THEN toggles lights based on current state in [ACTION_X].",LOCKED
IF sunset approaching,", THEN turns on smart lights in [ACTION_X].",LOCKED
IF washer done,", THEN briefly toggles the lights off and on [ACTION_Z].",LOCKED
__UNMATCHED_TRIGGER__ this trigger fires when the daily rain measurement rises above a given threshold.,", THEN briefly toggles the lights off and on [ACTION_Z].",LOCKED
__UNMATCHED_TRIGGER__ this trigger fires every time you are tagged you in a new photo. note: facebook privacy settings may block ifttt’s access to some photos you are tagged in.,", THEN sets the color temperature of lights [ACTION_Y].",LOCKED
IF an audio event is detected,", THEN triggers a light animation effect [ACTION_Z].",LOCKED
IF meeting starts,", THEN activates a lighting scene [ACTION_Y].",LOCKED
IF robot cleaning done,", THEN turns off smart lights [ACTION_W].",LOCKED
__UNMATCHED_TRIGGER__ this trigger monitors your local uv levels and fires every time the uv index rises above the value you specify (0-16).,", THEN sets the color temperature of lights [ACTION_Y].",LOCKED
IF alexa custom phrase,", THEN sets the color temperature of lights [ACTION_Y].",LOCKED
IF yearly schedule,", THEN briefly toggles the lights off and on [ACTION_Z].",LOCKED
IF weekly schedule,", THEN triggers a light animation effect [ACTION_Z].",LOCKED
IF alexa custom phrase,", THEN sets the brightness level of smart lights [ACTION_Z].",LOCKED
IF alexa custom phrase,", THEN adjusts the brightness of lights [ACTION_W].",LOCKED
IF pollution high,", THEN briefly toggles the lights off and on [ACTION_Z].",LOCKED
IF google assistant phrase,", THEN turns on smart lights in [ACTION_X].",LOCKED
IF weekly schedule,", THEN sets the color temperature of lights [ACTION_Y].",LOCKED
IF weather condition change,", THEN sets the color temperature of lights [ACTION_Y].",LOCKED
IF weather condition change,", THEN triggers a light animation effect [ACTION_Z].",LOCKED
__UNMATCHED_TRIGGER__ this trigger fires every time a new user starts following you.,", THEN briefly toggles the lights off and on [ACTION_Z].",LOCKED
IF google assistant phrase,", THEN turns off smart lights [ACTION_W].",LOCKED
__UNMATCHED_TRIGGER__ this trigger fires every time somebody rings your ring doorbell.,", THEN turns on smart lights [ACTION_X].",LOCKED
IF smoke is detected,", THEN turns on smart lights in [ACTION_X].",LOCKED
IF apilio event,", THEN switches off the lights [ACTION_W].",LOCKED
IF alexa custom phrase,", THEN turns on smart lights in [ACTION_X].",LOCKED
IF daily schedule,", THEN changes the color of lights [ACTION_Y].",LOCKED
IF new follower,", THEN briefly toggles the lights off and on [ACTION_Z].",LOCKED
IF calendar event is upcoming,", THEN briefly toggles the lights off and on [ACTION_Z].",LOCKED
__UNMATCHED_TRIGGER__ this trigger fires every time somebody rings your ring doorbell.,", THEN triggers a light animation effect [ACTION_Z].",LOCKED
IF wemo motion detected,", THEN sets the color temperature of lights [ACTION_Y].",LOCKED
IF yearly schedule,", THEN sets the color temperature of lights [ACTION_Y].",LOCKED
__UNMATCHED_TRIGGER__ this trigger fires when the specified device is set to heat mode,", THEN turns on smart lights in [ACTION_X].",LOCKED
IF Arlo detects motion,", THEN turns on a light switch [ACTION_Y].",LOCKED
IF weather condition change,", THEN briefly toggles the lights off and on [ACTION_Z].",LOCKED
IF home home mode,", THEN turns on smart lights in [ACTION_X].",LOCKED
IF ifttt email trigger,", THEN briefly toggles the lights off and on [ACTION_Z].",LOCKED
__UNMATCHED_TRIGGER__ this trigger fires every time somebody rings your ring doorbell.,", THEN sets the color temperature of lights [ACTION_Y].",LOCKED
IF ifttt email trigger,", THEN briefly toggles the lights off and on [ACTION_Z].",LOCKED
IF misfit double press,", THEN adjusts the brightness of lights [ACTION_W].",LOCKED
__UNMATCHED_TRIGGER__ this trigger fires when a nexia automation runs.,", THEN turns on smart lights in [ACTION_X].",LOCKED
IF door locked,", THEN turns on smart lights in [ACTION_X].",LOCKED
__UNMATCHED_TRIGGER__ this trigger fires every time you are tagged you in a new photo. note: facebook privacy settings may block ifttt’s access to some photos you are tagged in.,", THEN sets the color temperature of lights [ACTION_Y].",LOCKED
__UNMATCHED_TRIGGER__ this trigger fires every time somebody rings your ring doorbell.,", THEN briefly toggles the lights off and on [ACTION_Z].",LOCKED
IF google assistant phrase,", THEN activates a lighting scene [ACTION_Y].",LOCKED
IF co2 high,", THEN briefly toggles the lights off and on [ACTION_Z].",LOCKED
IF area exited,", THEN turns off smart lights [ACTION_W].",LOCKED
IF sunset approaching,", THEN turns on smart lights in [ACTION_X].",LOCKED
IF sunset approaching,", THEN turns on smart lights in [ACTION_X].",LOCKED
__UNMATCHED_TRIGGER__ this trigger fires every time your netatmo rain gauge detects that it is raining.,", THEN sets the color temperature of lights [ACTION_Y].",LOCKED
__UNMATCHED_TRIGGER__ this trigger fires when there is a new membership for your channel.,", THEN adjusts the brightness of lights [ACTION_Z].",LOCKED
IF sunset approaching,", THEN turns on smart lights [ACTION_X].",LOCKED
IF WeMo Insight is turned on,", THEN turns on smart lights in [ACTION_X].",LOCKED
IF sunset approaching,", THEN turns on smart lights in [ACTION_X].",LOCKED
IF sunset approaching,", THEN turns on smart lights [ACTION_X].",LOCKED
__UNMATCHED_TRIGGER__ this trigger fires every time a new reminder is added to the list you specify.,", THEN sets the color temperature of lights [ACTION_Y].",LOCKED
IF alexa custom phrase,", THEN adjusts the brightness of lights [ACTION_W].",LOCKED
__UNMATCHED_TRIGGER__ this trigger fires every time the nest protect you specify detects warning smoke levels.,", THEN turns on smart lights [ACTION_X].",LOCKED
IF alexa custom phrase,", THEN turns off smart lights [ACTION_W].",LOCKED
IF alexa custom phrase,", THEN turns on smart lights [ACTION_X].",LOCKED
IF google assistant phrase,", THEN turns on smart lights [ACTION_X].",LOCKED
IF an audio event is detected,", THEN turns off smart lights [ACTION_W].",LOCKED
IF daily schedule,", THEN turns on smart lights in [ACTION_X].",LOCKED
IF temperature falls below a threshold,", THEN sets the color temperature of lights [ACTION_Y].",LOCKED
IF ifttt email trigger,", THEN briefly toggles the lights off and on [ACTION_Z].",LOCKED
IF google assistant phrase,", THEN turns off smart lights [ACTION_W].",LOCKED
IF wifi connected,", THEN turns on smart lights in [ACTION_X].",LOCKED
IF weekly schedule,", THEN power-cycles a smart switch in [ACTION_X].",LOCKED
IF weekly schedule,", THEN triggers a light animation effect [ACTION_Z].",LOCKED
IF alexa custom phrase,", THEN turns off smart lights [ACTION_W].",LOCKED
IF Wyze detects motion,", THEN triggers a light animation effect [ACTION_Z].",LOCKED
IF mentioned on Twitter,", THEN briefly toggles the lights off and on [ACTION_Z].",LOCKED
IF co2 high,", THEN sets the color temperature of lights [ACTION_Y].",LOCKED
IF alexa custom phrase,", THEN activates a lighting scene [ACTION_Y].",LOCKED
IF generic button press,", THEN adjusts the brightness of lights [ACTION_W].",LOCKED
IF alexa custom phrase,", THEN sets the color temperature of lights [ACTION_Y].",LOCKED
IF generic button press,", THEN activates a lighting scene [ACTION_Y].",LOCKED
IF generic button press,", THEN sets the color temperature of lights [ACTION_Y].",LOCKED
IF spotify save track,", THEN triggers a light animation effect [ACTION_Z].",LOCKED
IF a YouTube video is liked,", THEN activates a lighting scene [ACTION_Y].",LOCKED
IF new follower,", THEN briefly toggles the lights off and on [ACTION_Z].",LOCKED
IF weather condition change,", THEN sets the color temperature of lights [ACTION_Y].",LOCKED
,", THEN turns on smart lights in [ACTION_X].",LOCKED
IF weekly schedule,", THEN adjusts the brightness of lights [ACTION_W].",LOCKED
__UNMATCHED_TRIGGER__ this trigger fires every time your wine cooler door has been opened.,", THEN adjusts the brightness of lights [ACTION_W].",LOCKED
__UNMATCHED_TRIGGER__ this trigger fires when a knx scene is started.,", THEN activates a lighting scene [ACTION_Y].",LOCKED
__UNMATCHED_TRIGGER__ this trigger fires every time when your alarm panel is disarmed.,", THEN turns on smart lights in [ACTION_X].",LOCKED
IF weather condition change,", THEN briefly toggles the lights off and on [ACTION_Z].",LOCKED
IF generic button press,", THEN turns off smart lights [ACTION_W].",LOCKED
IF generic button press,", THEN adjusts the brightness of lights [ACTION_W].",LOCKED
IF google assistant phrase,", THEN adjusts the brightness of lights [ACTION_W].",LOCKED
IF weather condition change,", THEN sets the color temperature of lights [ACTION_Y].",LOCKED
IF generic button press,", THEN turns on smart lights in [ACTION_X].",LOCKED
IF area entered,", THEN turns on a light switch [ACTION_Y].",LOCKED
IF alexa custom phrase,", THEN turns off smart lights [ACTION_W].",LOCKED
IF alarm sounds,", THEN triggers a light animation effect [ACTION_Z].",LOCKED
IF area entered,", THEN turns on smart lights [ACTION_X].",LOCKED
IF motion detected,", THEN turns on smart lights in [ACTION_X].",LOCKED
IF google assistant phrase,", THEN turns off smart lights [ACTION_W].",LOCKED
IF step goal reached,", THEN power-cycles a smart switch in [ACTION_X].",LOCKED
__UNMATCHED_TRIGGER__ this trigger fires if you tap a gesture with a custom ifttt task matching the id of this trigger.,", THEN changes the color of lights [ACTION_Y].",LOCKED
IF robot starts cleaning,", THEN turns on smart lights in [ACTION_X].",LOCKED
IF google assistant phrase,", THEN activates a lighting scene [ACTION_Y].",LOCKED
IF flic clicked,", THEN triggers a light animation effect [ACTION_Z].",LOCKED
IF temperature rises above a threshold,", THEN sets the color temperature of lights [ACTION_Y].",LOCKED
__UNMATCHED_TRIGGER__ this trigger fires every time you post on facebook at a location you specify.,", THEN sets the color temperature of lights [ACTION_Y].",LOCKED
IF superchat received,", THEN sets lights to a predefined scene [ACTION_Z].",LOCKED
IF weekly schedule,", THEN sets the color temperature of lights [ACTION_Y].",LOCKED
IF sunset approaching,", THEN turns on smart lights in [ACTION_X].",LOCKED
IF home away mode,", THEN turns off a light switch [ACTION_W].",LOCKED
IF new public video is posted,", THEN adjusts the brightness of lights [ACTION_Z].",LOCKED
IF daily schedule,", THEN turns off smart lights [ACTION_W].",LOCKED
IF google assistant phrase,", THEN turns off smart lights [ACTION_W].",LOCKED
IF alexa custom phrase,", THEN sets the color temperature of lights [ACTION_Y].",LOCKED
IF WeMo light is turned on,", THEN turns on a light switch [ACTION_Y].",LOCKED
__UNMATCHED_TRIGGER__ this trigger fires every time the nest protect you specify detects dangerous smoke levels.,", THEN sets the color temperature of lights [ACTION_Y].",LOCKED
IF sunset approaching,", THEN turns on smart lights in [ACTION_X].",LOCKED
IF alexa custom phrase,", THEN turns on smart lights in [ACTION_X].",LOCKED
IF quarter hour,", THEN triggers a light animation effect [ACTION_Z].",LOCKED
IF motion detected,", THEN turns on smart lights in [ACTION_X].",LOCKED
__UNMATCHED_TRIGGER__ this trigger fires every time your fitbit logs new sleep.,", THEN turns on smart lights [ACTION_X].",LOCKED
__UNMATCHED_TRIGGER__ this trigger fires every time your fitbit logs new sleep.,", THEN turns on smart lights in [ACTION_X].",LOCKED
IF daily schedule,", THEN turns on a light switch [ACTION_Y].",LOCKED
IF area exited,", THEN turns off smart lights [ACTION_W].",LOCKED
IF home away mode,", THEN turns off smart lights [ACTION_W].",LOCKED
IF WeMo light is turned on,", THEN toggles the lights on or off [ACTION_Y].",LOCKED
IF sunset approaching,", THEN adjusts the brightness of lights [ACTION_W].",LOCKED
IF daily schedule,", THEN sets the color temperature of lights [ACTION_Y].",LOCKED
__UNMATCHED_TRIGGER__ this trigger fires every time your wemo switch is turned off.,", THEN turns off smart lights [ACTION_W].",LOCKED
IF daily schedule,", THEN turns on smart lights in [ACTION_X].",LOCKED
IF sunrise approaching,", THEN turns off a light switch [ACTION_W].",LOCKED
IF daily schedule,", THEN turns off smart lights [ACTION_W].",LOCKED
IF camera motion,", THEN turns on smart lights in [ACTION_X].",LOCKED
IF WeMo light is turned on,", THEN turns off smart lights [ACTION_W].",LOCKED
IF co2 high,", THEN sets the color temperature of lights [ACTION_Y].",LOCKED
IF contact opens,", THEN triggers a light animation effect [ACTION_Z].",LOCKED
IF area entered,", THEN sets the color temperature of lights [ACTION_Y].",LOCKED
__UNMATCHED_TRIGGER__ this trigger fires every time the nest protect you specify detects dangerous smoke levels.,", THEN turns on a light switch [ACTION_Y].",LOCKED
__UNMATCHED_TRIGGER__ this trigger fires every time your timer goes off.,", THEN briefly toggles the lights off and on [ACTION_Z].",LOCKED
__UNMATCHED_TRIGGER__ this trigger fires when a mode is disarmed.,", THEN turns on smart lights [ACTION_X].",LOCKED
IF daily schedule,", THEN turns off smart lights [ACTION_W].",LOCKED
IF Arlo detects motion,", THEN briefly toggles the lights off and on [ACTION_Z].",LOCKED
__UNMATCHED_TRIGGER__ this trigger fires every time you take a photo with the rear camera.,", THEN toggles lights based on current state in [ACTION_X].",LOCKED
IF google assistant phrase,", THEN sets the color temperature of lights [ACTION_Y].",LOCKED
__UNMATCHED_TRIGGER__ this trigger fires when your mui board turned off night mode.,", THEN turns on smart lights in [ACTION_X].",LOCKED
IF generic button press,", THEN turns on smart lights in [ACTION_X].",LOCKED
IF doorbell motion,", THEN toggles lights based on current state in [ACTION_X].",LOCKED
IF superchat received,", THEN adjusts the brightness of lights [ACTION_Z].",LOCKED
IF daily schedule,", THEN turns off a light switch [ACTION_W].",LOCKED
IF sunrise approaching,", THEN sets the color temperature of lights [ACTION_Y].",LOCKED
IF fasting time occurs,", THEN turns on smart lights [ACTION_X].",LOCKED
IF Facebook status is posted,", THEN triggers a light animation effect [ACTION_Z].",LOCKED
IF pollution high,", THEN briefly toggles the lights off and on [ACTION_Z].",LOCKED
IF generic button press,", THEN sets lights to a predefined scene [ACTION_Z].",LOCKED
IF alarm triggered,", THEN turns on smart lights in [ACTION_X].",LOCKED
__UNMATCHED_TRIGGER__ this trigger fires every time you are tagged you in a new photo. note: facebook privacy settings may block ifttt’s access to some photos you are tagged in.,", THEN briefly toggles the lights off and on [ACTION_Z].",LOCKED
__UNMATCHED_TRIGGER__ this trigger fires every time a new item in the feed you specify contains a particular keyword or simple phrase.,", THEN sets the color temperature of lights [ACTION_Y].",LOCKED
IF ihome button,", THEN toggles the lights on or off [ACTION_Y].",LOCKED
IF a known caller calls,", THEN triggers a light animation effect [ACTION_Z].",LOCKED
IF doorbell motion,", THEN briefly toggles the lights off and on [ACTION_Z].",LOCKED
__UNMATCHED_TRIGGER__ this trigger fires every time the button is pressed on your skybell hd.,", THEN turns on smart lights in [ACTION_X].",LOCKED
IF tomorrow weather change,", THEN triggers a light animation effect [ACTION_Z].",LOCKED
IF daily schedule,", THEN turns off the hood lighting [ACTION_W].",LOCKED
IF daily schedule,", THEN adjusts the brightness of lights [ACTION_W].",LOCKED
IF weekly schedule,", THEN triggers a light animation effect [ACTION_Z].",LOCKED
IF sunset approaching,", THEN turns on smart lights in [ACTION_X].",LOCKED
IF area exited,", THEN turns off smart lights [ACTION_W].",LOCKED
IF google assistant phrase,", THEN turns off smart lights [ACTION_W].",LOCKED
IF logi short press,", THEN sets the color temperature of lights [ACTION_Y].",LOCKED
IF google assistant phrase,", THEN turns on smart lights [ACTION_X].",LOCKED
__UNMATCHED_TRIGGER__ this trigger fires every time a rule on a sighthound video camera you specify sends an event. you must first configure rules in sighthound video to “send an ifttt event”.,", THEN turns on a light switch [ACTION_Y].",LOCKED
__UNMATCHED_TRIGGER__ this trigger fires every time the you ask alexa what's on your to do list.,", THEN toggles lights based on current state in [ACTION_X].",LOCKED
IF google assistant phrase,", THEN sets the color temperature of lights [ACTION_Y].",LOCKED
"__UNMATCHED_TRIGGER__ this trigger fires when you are scheduled to be home and somebody is at home.  
note: smartgeo™ needs to be active",", THEN sets the color temperature of lights [ACTION_Y].",LOCKED
IF Android notification is received,", THEN triggers a light animation effect [ACTION_Z].",LOCKED
IF apilio event,", THEN switches on the lights [ACTION_Z].",LOCKED
IF sunset approaching,", THEN turns on smart lights in [ACTION_X].",LOCKED
__UNMATCHED_TRIGGER__ this trigger fires every time you receive a new notification from a specific repository on github.,", THEN triggers a light animation effect [ACTION_Z].",LOCKED
IF alexa custom phrase,", THEN turns off smart lights [ACTION_W].",LOCKED
IF daily schedule,", THEN turns off smart lights [ACTION_W].",LOCKED
IF Arlo detects motion,", THEN turns on smart lights [ACTION_X].",LOCKED
IF weekly schedule,", THEN turns on smart lights [ACTION_X].",LOCKED
__UNMATCHED_TRIGGER__ this trigger fires every time your wemo switch is turned on.,", THEN turns on smart lights in [ACTION_X].",LOCKED
IF weekly schedule,", THEN turns off smart lights [ACTION_W].",LOCKED
IF daily schedule,", THEN turns on smart lights [ACTION_X].",LOCKED
IF order is cooking,", THEN sets the color temperature of lights [ACTION_Y].",LOCKED
IF alexa custom phrase,", THEN activates a lighting scene [ACTION_Y].",LOCKED
__UNMATCHED_TRIGGER__ this trigger fires every time somebody rings your ring doorbell.,", THEN turns on a light switch [ACTION_Y].",LOCKED
IF google assistant phrase,", THEN adjusts the brightness of lights [ACTION_W].",LOCKED
__UNMATCHED_TRIGGER__ this trigger fires every time somebody rings your ring doorbell.,", THEN briefly toggles the lights off and on [ACTION_Z].",LOCKED
IF generic button press,", THEN turns off smart lights [ACTION_W].",LOCKED
IF alexa custom phrase,", THEN start smart lights [ACTION_Z].",LOCKED
IF weekly schedule,", THEN sets the color temperature of lights [ACTION_Y].",LOCKED
__UNMATCHED_TRIGGER__ this trigger fires every time your wemo light switches on.,", THEN turns off smart lights [ACTION_W].",LOCKED
IF weekly schedule,", THEN turns on smart lights [ACTION_X].",LOCKED
IF camera motion,", THEN turns on smart lights in [ACTION_X].",LOCKED
IF Facebook status is posted,", THEN toggles the lights on or off [ACTION_Y].",LOCKED
IF withings motion detected,", THEN briefly toggles the lights off and on [ACTION_Z].",LOCKED
IF doorbell motion,", THEN triggers a light animation effect [ACTION_Z].",LOCKED
IF daily schedule,", THEN turns on smart lights in [ACTION_X].",LOCKED
IF wifi disconnected,", THEN turns off smart lights [ACTION_W].",LOCKED
IF google assistant phrase,", THEN activates a lighting scene in [ACTION_X].",LOCKED
IF weekly schedule,", THEN turns on smart lights in [ACTION_X].",LOCKED
IF flic clicked,", THEN activates a lighting scene [ACTION_Y].",LOCKED
IF ifttt email trigger,", THEN turns on smart lights in [ACTION_X].",LOCKED
IF google assistant phrase,", THEN activates a lighting scene [ACTION_Y].",LOCKED
IF quarter hour,", THEN sets the color temperature of lights [ACTION_Y].",LOCKED
IF Facebook status is posted,", THEN sets the color temperature of lights [ACTION_Y].",LOCKED
IF dryer finished,", THEN briefly toggles the lights off and on [ACTION_Z].",LOCKED
"__UNMATCHED_TRIGGER__ this trigger fires every time a song is played on amazon prime music. note: this trigger does not apply to songs provided by spotify, pandora, podcasts and sample clips.",", THEN adjusts the brightness of lights [ACTION_W].",LOCKED
IF yearly schedule,", THEN sets the color temperature of lights [ACTION_Y].",LOCKED
IF alexa custom phrase,", THEN turns off smart lights [ACTION_W].",LOCKED
IF generic button press,", THEN turns on smart lights in [ACTION_X].",LOCKED
IF daily schedule,", THEN turns off smart lights [ACTION_W].",LOCKED
IF alexa custom phrase,", THEN sets the color temperature of lights [ACTION_Y].",LOCKED
IF alexa custom phrase,", THEN turns off smart lights [ACTION_W].",LOCKED
IF generic button press,", THEN turns on the hood lighting [ACTION_Z].",LOCKED
IF daily schedule,", THEN turns on smart lights in [ACTION_X].",LOCKED
IF generic button press,", THEN changes the color of lights [ACTION_Y].",LOCKED
IF tweet with hashtag,", THEN toggles the lights on or off [ACTION_Y].",LOCKED
IF new public video is posted,", THEN toggles the lights on or off [ACTION_Y].",LOCKED
IF generic button press,", THEN toggles the lights on or off [ACTION_Y].",LOCKED
IF superchat received,", THEN sets the color temperature of lights [ACTION_Y].",LOCKED
IF google assistant phrase,", THEN sets the color temperature of lights [ACTION_Y].",LOCKED
IF ihome button,", THEN turns off smart lights [ACTION_W].",LOCKED
IF alexa custom phrase,", THEN sets the color temperature of lights [ACTION_Y].",LOCKED
__UNMATCHED_TRIGGER__ this trigger fires every time you are tagged you in a new photo. note: facebook privacy settings may block ifttt’s access to some photos you are tagged in.,", THEN sets the color temperature of lights [ACTION_Y].",LOCKED
IF sunset approaching,", THEN turns on smart lights in [ACTION_X].",LOCKED
IF today weather report,", THEN sets the color temperature of lights [ACTION_Y].",LOCKED
IF sunset approaching,", THEN sets the color temperature of lights [ACTION_Y].",LOCKED
IF sms received,", THEN briefly toggles the lights off and on [ACTION_Z].",LOCKED
__UNMATCHED_TRIGGER__ this trigger fires every time you are tagged you in a new photo. note: facebook privacy settings may block ifttt’s access to some photos you are tagged in.,", THEN briefly toggles the lights off and on [ACTION_Z].",LOCKED
IF sunset approaching,", THEN turns on smart lights in [ACTION_X].",LOCKED
IF google assistant phrase,", THEN turns off smart lights [ACTION_W].",LOCKED
IF quarter hour,", THEN turns off smart lights [ACTION_W].",LOCKED
IF google assistant phrase,", THEN turns off smart lights [ACTION_W].",LOCKED
__UNMATCHED_TRIGGER__ this trigger fires when you send a text message with a key phrase to the @ifttt bot on telegram.,", THEN sets the color temperature of lights [ACTION_Y].",LOCKED
IF sunrise approaching,", THEN turns off smart lights [ACTION_W].",LOCKED
IF sunrise approaching,", THEN turns off smart lights [ACTION_W].",LOCKED
IF google assistant phrase,", THEN sets the color temperature of lights [ACTION_Y].",LOCKED
IF weekly schedule,", THEN turns on smart lights [ACTION_X].",LOCKED
IF area exited,", THEN turns off smart lights [ACTION_W].",LOCKED
__UNMATCHED_TRIGGER__ this trigger fires every time the clock timer on your oven has elapsed.,", THEN briefly toggles the lights off and on [ACTION_Z].",LOCKED
__UNMATCHED_TRIGGER__ this trigger fires when your device detects the temperature is above the threshold you specified.,", THEN turns on smart lights in [ACTION_X].",LOCKED
IF doorbell motion,", THEN turns on a light switch [ACTION_Y].",LOCKED
IF ifttt hashtag email,", THEN adjusts the brightness of lights [ACTION_W].",LOCKED
IF calendar event is upcoming,", THEN adjusts the brightness of lights [ACTION_W].",LOCKED
IF google assistant phrase,", THEN adjusts the brightness of lights [ACTION_Z].",LOCKED
__UNMATCHED_TRIGGER__ this trigger fires when there is a new membership for your channel.,", THEN sets lights to a predefined scene [ACTION_Z].",LOCKED
IF camera motion,", THEN activates a lighting scene in [ACTION_X].",LOCKED
IF robot starts cleaning,", THEN toggles the lights on or off [ACTION_Y].",LOCKED
IF google assistant phrase,", THEN turns on smart lights in [ACTION_X].",LOCKED
IF generic button press,", THEN sets the color temperature of lights [ACTION_Y].",LOCKED
IF daily schedule,", THEN adjusts the brightness of lights [ACTION_W].",LOCKED
IF google assistant phrase,", THEN turns off smart lights [ACTION_W].",LOCKED
IF daily schedule,", THEN turns off smart lights [ACTION_W].",LOCKED
IF daily schedule,", THEN turns on smart lights in [ACTION_X].",LOCKED
IF Facebook status is posted,", THEN briefly toggles the lights off and on [ACTION_Z].",LOCKED
IF sunrise approaching,", THEN turns off smart lights [ACTION_W].",LOCKED
__UNMATCHED_TRIGGER__ this trigger fires every time somebody rings your ring doorbell.,", THEN sets the color temperature of lights [ACTION_Y].",LOCKED
__UNMATCHED_TRIGGER__ this trigger fires when there is a new membership for your channel.,", THEN adjusts the brightness of lights [ACTION_Z].",LOCKED
IF daily schedule,", THEN adjusts the brightness of lights [ACTION_W].",LOCKED
IF weekly schedule,", THEN turns off smart lights [ACTION_W].",LOCKED
IF daily schedule,", THEN turns off smart lights [ACTION_W].",LOCKED
IF alexa custom phrase,", THEN changes the color of lights [ACTION_Y].",LOCKED
IF tomorrow weather change,", THEN sets the color temperature of lights [ACTION_Y].",LOCKED
IF daily schedule,", THEN sets the color temperature of lights [ACTION_Y].",LOCKED
IF generic button press,", THEN turns on smart lights [ACTION_X].",LOCKED
IF WeMo light is turned on,", THEN turns on smart lights [ACTION_X].",LOCKED
IF google assistant phrase,", THEN activates a lighting scene in [ACTION_X].",LOCKED
IF area entered,", THEN sets the color temperature of lights [ACTION_Y].",LOCKED
IF WeMo light is turned on,", THEN turns off smart lights [ACTION_W].",LOCKED
__UNMATCHED_TRIGGER__ this trigger fires when there is a new membership for your channel.,", THEN toggles the lights on or off [ACTION_Y].",LOCKED
IF Facebook status is posted,", THEN sets the color temperature of lights [ACTION_Y].",LOCKED
IF Arlo detects motion,", THEN briefly toggles the lights off and on [ACTION_Z].",LOCKED
IF superchat received,", THEN briefly toggles the lights off and on [ACTION_Z].",LOCKED
IF generic button press,", THEN toggles the lights on or off [ACTION_Y].",LOCKED
__UNMATCHED_TRIGGER__ this trigger fires when there is a new membership for your channel.,", THEN sets the color temperature of lights [ACTION_Y].",LOCKED
IF weekly schedule,", THEN turns on smart lights in [ACTION_X].",LOCKED
IF alexa custom phrase,", THEN turns on smart lights in [ACTION_X].",LOCKED
IF Android notification is received,", THEN turns on smart lights in [ACTION_X].",LOCKED
IF ifttt hashtag email,", THEN turns on smart lights in [ACTION_X].",LOCKED
IF alexa custom phrase,", THEN power-cycles a smart switch in [ACTION_X].",LOCKED
IF daily schedule,", THEN turns off smart lights [ACTION_W].",LOCKED
IF sunset approaching,", THEN adjusts the brightness of lights [ACTION_W].",LOCKED
IF area entered,", THEN turns on smart lights in [ACTION_X].",LOCKED
IF weather condition change,", THEN changes the color of lights [ACTION_Y].",LOCKED
IF sunset approaching,", THEN turns on smart lights [ACTION_X].",LOCKED
__UNMATCHED_TRIGGER__ this trigger fires every time any reminder is completed.,", THEN triggers a light animation effect [ACTION_Z].",LOCKED
IF an SMS is sent,", THEN toggles the lights on or off [ACTION_Y].",LOCKED
__UNMATCHED_TRIGGER__ this trigger fires every time you are tagged you in a new photo. note: facebook privacy settings may block ifttt’s access to some photos you are tagged in.,", THEN briefly toggles the lights off and on [ACTION_Z].",LOCKED
__UNMATCHED_TRIGGER__ this trigger fires every time you add a new reminder.,", THEN adjusts the brightness of lights [ACTION_W].",LOCKED
IF daily schedule,", THEN turns on smart lights [ACTION_X].",LOCKED
IF super sticker received,", THEN adjusts the brightness of lights [ACTION_Z].",LOCKED
IF sms received,", THEN briefly toggles the lights off and on [ACTION_Z].",LOCKED
__UNMATCHED_TRIGGER__ this trigger fires every time the nest protect you specify detects warning smoke levels.,", THEN turns on smart lights in [ACTION_X].",LOCKED
__UNMATCHED_TRIGGER__ this trigger fires every time your timer goes off.,", THEN briefly toggles the lights off and on [ACTION_Z].",LOCKED
IF ifttt email trigger,", THEN turns on smart lights in [ACTION_X].",LOCKED
IF alarm triggered,", THEN sets lights to a predefined scene [ACTION_Z].",LOCKED
IF weekly schedule,", THEN turns off a light switch [ACTION_Y].",LOCKED
IF calendar event is ending,", THEN toggles the lights on or off [ACTION_Y].",LOCKED
IF ifttt email trigger,", THEN sets the color temperature of lights [ACTION_Y].",LOCKED
IF weather condition change,", THEN sets the color temperature of lights [ACTION_Y].",LOCKED
IF google assistant phrase,", THEN adjusts the brightness of lights [ACTION_Z].",LOCKED
__UNMATCHED_TRIGGER__ this trigger fires when the number of your smartphone screen unlocks exceeds your specified daily limit.,", THEN briefly toggles the lights off and on [ACTION_Z].",LOCKED
IF alexa custom phrase,", THEN turns off smart lights [ACTION_W].",LOCKED
__UNMATCHED_TRIGGER__ this trigger fires every time the president signs a new bill into law.,", THEN sets the color temperature of lights [ACTION_Y].",LOCKED
IF withings motion detected,", THEN turns on smart lights in [ACTION_X].",LOCKED
IF google assistant phrase,", THEN turns off smart lights [ACTION_W].",LOCKED
IF google assistant phrase,", THEN turns on smart lights [ACTION_X].",LOCKED
IF step goal reached,", THEN briefly toggles the lights off and on [ACTION_Z].",LOCKED
IF generic button press,", THEN sets the color temperature of lights [ACTION_Y].",LOCKED
IF generic button press,", THEN triggers a light animation effect [ACTION_Z].",LOCKED
IF google assistant phrase,", THEN activates a lighting scene [ACTION_Y].",LOCKED
IF daily schedule,", THEN turns off smart lights [ACTION_W].",LOCKED
IF sunrise approaching,", THEN sets the color temperature of lights [ACTION_Y].",LOCKED
IF Arlo detects motion,", THEN toggles the lights on or off [ACTION_Y].",LOCKED
IF area entered,", THEN turns on smart lights in [ACTION_X].",LOCKED
IF google assistant phrase,", THEN turns off smart lights [ACTION_W].",LOCKED
IF weather condition change,", THEN sets the color temperature of lights [ACTION_Y].",LOCKED
__UNMATCHED_TRIGGER__ this trigger fires every time your fitbit logs new sleep.,", THEN turns on smart lights in [ACTION_X].",LOCKED
IF alexa custom phrase,", THEN turns off smart lights [ACTION_W].",LOCKED
IF daily schedule,", THEN turns off a light switch [ACTION_W].",LOCKED
IF sunset approaching,", THEN turns on a light switch [ACTION_Y].",LOCKED
IF superchat received,", THEN adjusts the brightness of lights [ACTION_Z].",LOCKED
IF pollen is high,", THEN sets the color temperature of lights [ACTION_Y].",LOCKED
IF prayer time occurs,", THEN sets the color temperature of lights [ACTION_Y].",LOCKED
IF generic button press,", THEN turns off smart lights [ACTION_W].",LOCKED
IF daily schedule,", THEN sets lights to a predefined scene [ACTION_Z].",LOCKED
IF Arlo detects motion,", THEN turns on smart lights [ACTION_X].",LOCKED
IF alexa custom phrase,", THEN activates a lighting scene [ACTION_Y].",LOCKED
IF netatmo person detected,", THEN turns on smart lights in [ACTION_X].",LOCKED
__UNMATCHED_TRIGGER__ this trigger fires every time the nest protect you specify detects dangerous smoke levels.,", THEN turns on smart lights in [ACTION_X].",LOCKED
IF yearly schedule,", THEN turns on smart lights in [ACTION_X].",LOCKED
IF weather condition change,", THEN sets the color temperature of lights [ACTION_Y].",LOCKED
IF alexa custom phrase,", THEN sets the color temperature of lights [ACTION_Y].",LOCKED
__UNMATCHED_TRIGGER__ this trigger fires during alarms,", THEN briefly toggles the lights off and on [ACTION_Z].",LOCKED
IF google assistant phrase,", THEN adjusts the brightness of lights [ACTION_W].",LOCKED
IF a call is received,", THEN briefly toggles the lights off and on [ACTION_Z].",LOCKED
IF WeMo light is turned on,", THEN turns on smart lights in [ACTION_X].",LOCKED
__UNMATCHED_TRIGGER__ this trigger fires every time somebody rings your ring doorbell.,", THEN turns on smart lights in [ACTION_X].",LOCKED
IF weather condition change,", THEN sets the color temperature of lights [ACTION_Y].",LOCKED
IF apilio event,", THEN activates a lighting scene [ACTION_Y].",LOCKED
IF sunset approaching,", THEN turns on smart lights in [ACTION_X].",LOCKED
IF google assistant phrase,", THEN sets the color temperature of lights [ACTION_Y].",LOCKED
__UNMATCHED_TRIGGER__ this trigger fires every time your smartthings device is switched on.,", THEN toggles lights based on current state in [ACTION_X].",LOCKED
IF generic button press,", THEN toggles the lights on or off [ACTION_Y].",LOCKED
IF prayer time occurs,", THEN changes the color of lights [ACTION_Y].",LOCKED
IF alexa custom phrase,", THEN enables [ACTION_X] as lighting mode.",LOCKED
IF sunset approaching,", THEN turns on smart lights in [ACTION_X].",LOCKED
IF WeMo light is turned on,", THEN turns off smart lights [ACTION_W].",LOCKED
IF daily schedule,", THEN sets the color temperature of lights [ACTION_Y].",LOCKED
IF alarm triggered,", THEN turns on smart lights in [ACTION_X].",LOCKED
__UNMATCHED_TRIGGER__ this trigger fires every time the nest protect you specify detects warning smoke levels.,", THEN turns on smart lights in [ACTION_X].",LOCKED
IF weekly schedule,", THEN turns on smart lights [ACTION_X].",LOCKED
__UNMATCHED_TRIGGER__ this trigger fires every time a new reminder is added to the list you specify.,", THEN sets the color temperature of lights [ACTION_Y].",LOCKED
IF co2 high,", THEN sets the color temperature of lights [ACTION_Y].",LOCKED
IF fasting time occurs,", THEN sets lights to a predefined scene [ACTION_Z].",LOCKED
"__UNMATCHED_TRIGGER__ this trigger fires every time your myfox security system receives an alarm (detection, intrusion, silent alert, ...).",", THEN briefly toggles the lights off and on [ACTION_Z].",LOCKED
IF sunset approaching,", THEN adjusts the brightness of lights [ACTION_W].",LOCKED
IF weekly schedule,", THEN adjusts the brightness of lights [ACTION_W].",LOCKED
IF daily schedule,", THEN briefly toggles the lights off and on [ACTION_Z].",LOCKED
IF WeMo light is turned off,", THEN turns off smart lights [ACTION_W].",LOCKED
IF ifttt email trigger,", THEN briefly toggles the lights off and on [ACTION_Z].",LOCKED
IF child money removed,", THEN briefly toggles the lights off and on [ACTION_Z].",LOCKED
__UNMATCHED_TRIGGER__ this trigger fires every time the you ask alexa what's on your to do list.,", THEN toggles the lights on or off [ACTION_Y].",LOCKED
IF daily schedule,", THEN turns off smart lights [ACTION_W].",LOCKED
IF alexa custom phrase,", THEN sets the color temperature of lights [ACTION_Y].",LOCKED
IF weekly schedule,", THEN sets the color temperature of lights [ACTION_Y].",LOCKED
IF google assistant phrase,", THEN toggles the lights on or off [ACTION_Y].",LOCKED
IF alexa custom phrase,", THEN sets the color temperature of lights [ACTION_Y].",LOCKED
IF area entered,", THEN adjusts the brightness of lights [ACTION_W].",LOCKED
IF new public video is posted,", THEN sets lights to a predefined scene [ACTION_Z].",LOCKED
IF alarm is triggered,", THEN triggers a light animation effect [ACTION_Z].",LOCKED
__UNMATCHED_TRIGGER__ this trigger fires every time a new item in the feed you specify contains a particular keyword or simple phrase.,", THEN sets the color temperature of lights [ACTION_Y].",LOCKED
IF superchat received,", THEN sets the color temperature of lights [ACTION_Y].",LOCKED
IF WeMo light is turned on,", THEN sets the color temperature of lights [ACTION_Y].",LOCKED
__UNMATCHED_TRIGGER__ this trigger fires when your smart bed alarm clock  is activated,", THEN turns on smart lights in [ACTION_X].",LOCKED
IF weekly schedule,", THEN turns on smart lights in [ACTION_X].",LOCKED
__UNMATCHED_TRIGGER__ this trigger fires every time a new book is added to the best sellers list you specify. note: limited to 20 items per check.,", THEN sets lights to a predefined scene [ACTION_Z].",LOCKED
__UNMATCHED_TRIGGER__ this trigger fires every time your smartthings device's presence is no longer detected.,", THEN turns off smart lights [ACTION_W].",LOCKED
IF google assistant phrase,", THEN sets the color temperature of lights [ACTION_Y].",LOCKED
__UNMATCHED_TRIGGER__ this trigger fires every time the button is pressed on your skybell hd.,", THEN briefly toggles the lights off and on [ACTION_Z].",LOCKED
IF google assistant phrase,", THEN turns on smart lights in [ACTION_X].",LOCKED
IF google assistant phrase,", THEN turns off smart lights [ACTION_W].",LOCKED
IF area entered,", THEN turns on smart lights in [ACTION_X].",LOCKED
IF sunset approaching,", THEN turns on smart lights in [ACTION_X].",LOCKED
IF child money added,", THEN briefly toggles the lights off and on [ACTION_Z].",LOCKED
IF temperature falls below a threshold,", THEN triggers a light animation effect [ACTION_Z].",LOCKED
IF sunset approaching,", THEN switches on the lights [ACTION_Z].",LOCKED
IF weekly schedule,", THEN turns on smart lights in [ACTION_X].",LOCKED
__UNMATCHED_TRIGGER__ this trigger fires every time your timer goes off.,", THEN briefly toggles the lights off and on [ACTION_Z].",LOCKED
IF generic button press,", THEN toggles the lights on or off [ACTION_Y].",LOCKED
IF daily schedule,", THEN turns on smart lights [ACTION_X].",LOCKED
IF tomorrow weather change,", THEN sets the color temperature of lights [ACTION_Y].",LOCKED
IF weekly schedule,", THEN turns on smart lights in [ACTION_X].",LOCKED
IF doorbell motion,", THEN toggles the lights on or off [ACTION_Y].",LOCKED
__UNMATCHED_TRIGGER__ this trigger fires every time the nest protect you specify detects dangerous smoke levels.,", THEN triggers a light animation effect [ACTION_Z].",LOCKED
IF alexa custom phrase,", THEN briefly toggles the lights off and on [ACTION_Z].",LOCKED
__UNMATCHED_TRIGGER__ this trigger fires when there is a new membership for your channel.,", THEN adjusts the brightness of lights [ACTION_Z].",LOCKED
IF google assistant phrase,", THEN turns off smart lights [ACTION_W].",LOCKED
IF laundry is finished,", THEN briefly toggles the lights off and on [ACTION_Z].",LOCKED
IF sunset approaching,", THEN turns on smart lights in [ACTION_X].",LOCKED
IF alexa custom phrase,", THEN turns on smart lights in [ACTION_X].",LOCKED
__UNMATCHED_TRIGGER__ this trigger fires every time the preheating phase has finished. please note that you have to start the heating program with enabled fast preheat.,", THEN sets the color temperature of lights [ACTION_Y].",LOCKED
IF daily schedule,", THEN turns on smart lights [ACTION_X].",LOCKED
IF alexa custom phrase,", THEN turns on smart lights [ACTION_X].",LOCKED
__UNMATCHED_TRIGGER__ this trigger fires when a blue by adt alarm event occurs.,", THEN briefly toggles the lights off and on [ACTION_Z].",LOCKED
__UNMATCHED_TRIGGER__ this trigger fires when there is a new membership for your channel.,", THEN adjusts the brightness of lights [ACTION_Z].",LOCKED
__UNMATCHED_TRIGGER__ this trigger fires if you tap a gesture with a custom ifttt task matching the id of this trigger.,", THEN sets the color temperature of lights [ACTION_Y].",LOCKED
IF step goal reached,", THEN sets the color temperature of lights [ACTION_Y].",LOCKED
IF tweet with hashtag,", THEN sets the color temperature of lights [ACTION_Y].",LOCKED
IF weather condition change,", THEN sets the color temperature of lights [ACTION_Y].",LOCKED
IF temperature falls below a threshold,", THEN sets the color temperature of lights [ACTION_Y].",LOCKED
IF sunset approaching,", THEN turns on a light switch [ACTION_Y].",LOCKED
IF alexa custom phrase,", THEN activates a lighting scene [ACTION_Y].",LOCKED
IF misfit triple press,", THEN toggles the lights on or off [ACTION_Y].",LOCKED
IF area entered,", THEN turns on smart lights in [ACTION_X].",LOCKED
__UNMATCHED_TRIGGER__ this trigger fires when there is a new membership for your channel.,", THEN adjusts the brightness of lights [ACTION_Z].",LOCKED
__UNMATCHED_TRIGGER__ this trigger fires if the thermostat encounters an error.,", THEN sets the color temperature of lights [ACTION_Y].",LOCKED
IF alexa custom phrase,", THEN sets the brightness level of smart lights [ACTION_Z].",LOCKED
IF sunset approaching,", THEN turns on a light switch [ACTION_Y].",LOCKED
IF logi long press,", THEN briefly toggles the lights off and on [ACTION_Z].",LOCKED
__UNMATCHED_TRIGGER__ this trigger fires when a nexia automation runs.,", THEN activates a lighting scene [ACTION_Y].",LOCKED
__UNMATCHED_TRIGGER__ this trigger fires every time the you ask alexa what's on your to do list.,", THEN toggles the lights on or off [ACTION_Y].",LOCKED
IF away mode switched,", THEN turns off smart lights [ACTION_W].",LOCKED
__UNMATCHED_TRIGGER__ this trigger fires every time you add a new reminder.,", THEN briefly toggles the lights off and on [ACTION_Z].",LOCKED
IF daily schedule,", THEN briefly toggles the lights off and on [ACTION_Z].",LOCKED
IF super sticker received,", THEN adjusts the brightness of lights [ACTION_Z].",LOCKED
IF ifttt hashtag email,", THEN turns on smart lights [ACTION_X].",LOCKED
IF alexa custom phrase,", THEN sets the color temperature of lights [ACTION_Y].",LOCKED
IF alexa custom phrase,", THEN changes the color of lights [ACTION_Y].",LOCKED
IF sunset approaching,", THEN turns on smart lights in [ACTION_X].",LOCKED
"__UNMATCHED_TRIGGER__ this trigger fires every time your withings sleep detects that you get into bed, within the start and end time parameters that you specify.",", THEN turns off smart lights [ACTION_W].",LOCKED
IF sunset approaching,", THEN sets the color temperature of lights [ACTION_Y].",LOCKED
"__UNMATCHED_TRIGGER__ this trigger fires every time a song is played on amazon prime music. note: this trigger does not apply to songs provided by spotify, pandora, podcasts and sample clips.",", THEN sets the color temperature of lights [ACTION_Y].",LOCKED
IF temperature rises above a threshold,", THEN turns on smart lights in [ACTION_X].",LOCKED
IF alexa custom phrase,", THEN turns off smart lights [ACTION_W].",LOCKED
IF area exited,", THEN turns off smart lights [ACTION_W].",LOCKED
IF area exited,", THEN sets the color temperature of lights [ACTION_Y].",LOCKED
__UNMATCHED_TRIGGER__ this trigger fires every time the nest protect you specify detects dangerous smoke levels.,", THEN turns on a light switch [ACTION_Y].",LOCKED
IF sunrise approaching,", THEN turns off smart lights [ACTION_W].",LOCKED
IF daily schedule,", THEN turns on smart lights in [ACTION_X].",LOCKED
IF radon is high,", THEN briefly toggles the lights off and on [ACTION_Z].",LOCKED
IF area entered,", THEN turns on smart lights in [ACTION_X].",LOCKED
IF area exited,", THEN switches off the lights [ACTION_W].",LOCKED
IF daily schedule,", THEN sets the color temperature of lights [ACTION_Y].",LOCKED
IF sunset approaching,", THEN turns on smart lights in [ACTION_X].",LOCKED
IF stream live,", THEN sets the color temperature of lights [ACTION_Y].",LOCKED
__UNMATCHED_TRIGGER__ this trigger fires every time the ambient air pressure rises above a value you specify.,", THEN sets the color temperature of lights [ACTION_Y].",LOCKED
__UNMATCHED_TRIGGER__ this trigger fires every time you log sleep above the target hours you specify.,", THEN briefly toggles the lights off and on [ACTION_Z].",LOCKED
IF area exited,", THEN sets lights to a predefined scene [ACTION_Z].",LOCKED
IF area exited,", THEN turns off smart lights [ACTION_W].",LOCKED
IF generic button press,", THEN adjusts the brightness of lights [ACTION_W].",LOCKED
IF google assistant phrase,", THEN turns off smart lights [ACTION_W].",LOCKED
IF flic clicked,", THEN enables [ACTION_X] as lighting mode.",LOCKED
IF google assistant phrase,", THEN activates a lighting scene [ACTION_Y].",LOCKED
__UNMATCHED_TRIGGER__ this trigger fires every time a new tweet matches your search query. note: limited to 15 tweets per check.,", THEN sets the color temperature of lights [ACTION_Y].",LOCKED
IF weekly schedule,", THEN turns on smart lights [ACTION_X].",LOCKED
IF door left open,", THEN sets the color temperature of lights [ACTION_Y].",LOCKED
IF alexa custom phrase,", THEN activates a lighting scene [ACTION_Y].",LOCKED
IF wemo motion detected,", THEN triggers a light animation effect [ACTION_Z].",LOCKED
IF generic button press,", THEN toggles the lights on or off [ACTION_Y].",LOCKED
IF weather condition change,", THEN turns on the light [ACTION_Y].",LOCKED
IF area entered,", THEN sets the color temperature of lights [ACTION_Y].",LOCKED
IF sunset approaching,", THEN turns on smart lights in [ACTION_X].",LOCKED
IF new public video is posted,", THEN adjusts the brightness of lights [ACTION_Z].",LOCKED
IF alexa custom phrase,", THEN sets the color temperature of lights [ACTION_Y].",LOCKED
IF weekly schedule,", THEN sets the color temperature of lights [ACTION_Y].",LOCKED
IF area entered,", THEN turns on smart lights [ACTION_X].",LOCKED
IF google assistant phrase,", THEN turns off smart lights [ACTION_W].",LOCKED
IF google assistant phrase,", THEN activates a lighting scene [ACTION_Y].",LOCKED
IF low battery is detected,", THEN briefly toggles the lights off and on [ACTION_Z].",LOCKED
__UNMATCHED_TRIGGER__ this trigger fires every time somebody rings your ring doorbell.,", THEN toggles the lights on or off [ACTION_Y].",LOCKED
IF area exited,", THEN turns off smart lights [ACTION_W].",LOCKED
IF daily schedule,", THEN triggers a light animation effect [ACTION_Z].",LOCKED
IF home away mode,", THEN turns on smart lights in [ACTION_X].",LOCKED
IF generic button press,", THEN sets the color temperature of lights [ACTION_Y].",LOCKED
__UNMATCHED_TRIGGER__ this trigger fires every time your weatherflow tempest station detects the start of rain.,", THEN sets the color temperature of lights [ACTION_Y].",LOCKED
IF sunrise approaching,", THEN turns off smart lights [ACTION_W].",LOCKED
IF alexa custom phrase,", THEN turns off smart lights [ACTION_W].",LOCKED
IF sunrise approaching,", THEN turns off smart lights [ACTION_W].",LOCKED
IF google assistant phrase,", THEN sets the color temperature of lights [ACTION_Y].",LOCKED
IF weather condition change,", THEN turns on a light switch [ACTION_Y].",LOCKED
__UNMATCHED_TRIGGER__ this trigger fires every time you add an item to your to do list.,", THEN sets the color temperature of lights [ACTION_Y].",LOCKED
IF stream live,", THEN triggers a light animation effect [ACTION_Z].",LOCKED
"__UNMATCHED_TRIGGER__ this trigger fires every time a song is played on amazon prime music. note: this trigger does not apply to songs provided by spotify, pandora, podcasts and sample clips.",", THEN sets the color temperature of lights [ACTION_Y].",LOCKED
IF home home mode,", THEN activates a lighting scene [ACTION_Y].",LOCKED
IF alexa custom phrase,", THEN sets the color temperature of lights [ACTION_Y].",LOCKED
IF area exited,", THEN turns off smart lights [ACTION_W].",LOCKED
IF lock unlocked,", THEN toggles lights based on current state in [ACTION_X].",LOCKED
IF alexa custom phrase,", THEN changes the color of lights [ACTION_Y].",LOCKED
IF daily schedule,", THEN turns on smart lights in [ACTION_X].",LOCKED
__UNMATCHED_TRIGGER__ this trigger fires every time your myfox security system is armed.,", THEN turns off smart lights [ACTION_W].",LOCKED
IF sunset approaching,", THEN turns on smart lights in [ACTION_X].",LOCKED
IF alarm triggered,", THEN turns on a light switch [ACTION_Y].",LOCKED
IF sunrise approaching,", THEN turns off smart lights [ACTION_W].",LOCKED
IF sunrise approaching,", THEN sets the color temperature of lights [ACTION_Y].",LOCKED
IF weather condition change,", THEN briefly toggles the lights off and on [ACTION_Z].",LOCKED
__UNMATCHED_TRIGGER__ this trigger fires every time your netatmo rain gauge detects that it is no longer raining.,", THEN sets the color temperature of lights [ACTION_Y].",LOCKED
IF generic button press,", THEN sets the color temperature of lights [ACTION_Y].",LOCKED
IF sunset approaching,", THEN adjusts the brightness of lights [ACTION_W].",LOCKED
,", THEN turns on smart lights [ACTION_X].",LOCKED
IF google assistant phrase,", THEN turns off smart lights [ACTION_W].",LOCKED
IF water leak is detected,", THEN turns on smart lights in [ACTION_X].",LOCKED
__UNMATCHED_TRIGGER__ this trigger fires every time a specific person arrives home.,", THEN turns on smart lights in [ACTION_X].",LOCKED
IF area entered,", THEN turns on smart lights in [ACTION_X].",LOCKED
IF alarm triggered,", THEN turns on smart lights in [ACTION_X].",LOCKED
IF weather condition change,", THEN sets the color temperature of lights [ACTION_Y].",LOCKED
IF Facebook status is posted,", THEN sets the color temperature of lights [ACTION_Y].",LOCKED
IF co2 high,", THEN briefly toggles the lights off and on [ACTION_Z].",LOCKED
IF weekly schedule,", THEN briefly toggles the lights off and on [ACTION_Z].",LOCKED
__UNMATCHED_TRIGGER__ this trigger fires every time the nest protect you specify detects dangerous carbon monoxide levels.,", THEN turns on a light switch [ACTION_Y].",LOCKED
IF sunrise approaching,", THEN turns off smart lights [ACTION_W].",LOCKED
IF yearly schedule,", THEN sets the color temperature of lights [ACTION_Y].",LOCKED
IF google assistant phrase,", THEN turns off smart lights [ACTION_W].",LOCKED
IF google assistant phrase,", THEN turns off smart lights [ACTION_W].",LOCKED
IF daily schedule,", THEN turns on a light switch [ACTION_Y].",LOCKED
IF area exited,", THEN briefly toggles the lights off and on [ACTION_Z].",LOCKED
IF superchat received,", THEN adjusts the brightness of lights [ACTION_Z].",LOCKED
IF alexa custom phrase,", THEN sets the color temperature of lights [ACTION_Y].",LOCKED
__UNMATCHED_TRIGGER__ this trigger fires every time the you ask alexa what's on your shopping list.,", THEN sets the brightness level of smart lights [ACTION_Z].",LOCKED
IF sunset approaching,", THEN adjusts the brightness of lights [ACTION_W].",LOCKED
IF alexa custom phrase,", THEN turns off smart lights [ACTION_W].",LOCKED
__UNMATCHED_TRIGGER__ this trigger fires when fetch-it button is pressed or long pressed.,", THEN turns on smart lights in [ACTION_X].",LOCKED
IF area entered,", THEN turns on smart lights in [ACTION_X].",LOCKED
IF alarm triggered,", THEN turns on smart lights in [ACTION_X].",LOCKED
IF dryer done,", THEN briefly toggles the lights off and on [ACTION_Z].",LOCKED
__UNMATCHED_TRIGGER__ this trigger fires every time you are tagged you in a new photo. note: facebook privacy settings may block ifttt’s access to some photos you are tagged in.,", THEN triggers a light animation effect [ACTION_Z].",LOCKED
IF area entered,", THEN activates a lighting scene [ACTION_Y].",LOCKED
IF weekly schedule,", THEN turns on smart lights in [ACTION_X].",LOCKED
IF area exited,", THEN turns off smart lights [ACTION_W].",LOCKED
IF ifttt email trigger,", THEN briefly toggles the lights off and on [ACTION_Z].",LOCKED
IF mentioned on Twitter,", THEN briefly toggles the lights off and on [ACTION_Z].",LOCKED
__UNMATCHED_TRIGGER__ this trigger fires every time the nest protect you specify detects dangerous smoke levels.,", THEN sets the color temperature of lights [ACTION_Y].",LOCKED
IF battery is low,", THEN sets the color temperature of lights [ACTION_Y].",LOCKED
IF google assistant phrase,", THEN turns off smart lights [ACTION_W].",LOCKED
IF alexa custom phrase,", THEN activates a lighting scene [ACTION_Y].",LOCKED
__UNMATCHED_TRIGGER__ this trigger fires every time your timer goes off.,", THEN briefly toggles the lights off and on [ACTION_Z].",LOCKED
__UNMATCHED_TRIGGER__ this trigger fires every time the twitter user you specify tweets.,", THEN briefly toggles the lights off and on [ACTION_Z].",LOCKED
IF sunset approaching,", THEN turns on smart lights in [ACTION_X].",LOCKED
IF sunrise approaching,", THEN turns off the light [ACTION_W].",LOCKED
IF generic button press,", THEN turns off smart lights [ACTION_W].",LOCKED
IF quarter hour,", THEN start smart lights [ACTION_Z].",LOCKED
IF alexa custom phrase,", THEN turns off the light [ACTION_W].",LOCKED
IF area exited,", THEN turns off smart lights [ACTION_W].",LOCKED
IF sunset approaching,", THEN turns on smart lights in [ACTION_X].",LOCKED
IF google assistant phrase,", THEN turns on smart lights [ACTION_X].",LOCKED
__UNMATCHED_TRIGGER__ this trigger fires when a nexia automation runs.,", THEN turns on smart lights [ACTION_X].",LOCKED
IF google assistant phrase,", THEN turns off smart lights [ACTION_W].",LOCKED
IF temperature falls below a threshold,", THEN turns on smart lights in [ACTION_X].",LOCKED
IF google assistant phrase,", THEN adjusts the brightness of lights [ACTION_W].",LOCKED
IF calendar event is upcoming,", THEN sets the color temperature of lights [ACTION_Y].",LOCKED
IF Arlo detects motion,", THEN turns on a light switch [ACTION_Y].",LOCKED
IF area entered,", THEN turns on smart lights in [ACTION_X].",LOCKED
IF generic button press,", THEN toggles the lights on or off [ACTION_Y].",LOCKED
__UNMATCHED_TRIGGER__ this trigger fires an alert when your alarm panel has an alarm.,", THEN turns on smart lights in [ACTION_X].",LOCKED
IF apilio event,", THEN briefly toggles the lights off and on [ACTION_Z].",LOCKED
IF google assistant phrase,", THEN activates a lighting scene [ACTION_Y].",LOCKED
IF today weather report,", THEN sets the color temperature of lights [ACTION_Y].",LOCKED
IF weather condition change,", THEN sets the color temperature of lights [ACTION_Y].",LOCKED
IF area exited,", THEN adjusts the brightness of lights [ACTION_W].",LOCKED
__UNMATCHED_TRIGGER__ this trigger fires every time the ifttt blog posts something tagged 'updates.' it's an easy way to stay on top of new services or features.,", THEN sets the color temperature of lights [ACTION_Y].",LOCKED
IF order is ready,", THEN turns on smart lights in [ACTION_X].",LOCKED
IF wemo motion detected,", THEN turns on smart lights [ACTION_X].",LOCKED
IF flic clicked,", THEN turns off smart lights [ACTION_W].",LOCKED
__UNMATCHED_TRIGGER__ this trigger fires when a wyze cam detects a smoke alarm. the minimum firmware version required is v3.9.3.62 for v1 and v4.9.1.60 for v2.,", THEN turns on smart lights in [ACTION_X].",LOCKED
IF netatmo person detected,", THEN turns on smart lights in [ACTION_X].",LOCKED
IF sunrise approaching,", THEN turns on smart lights [ACTION_X].",LOCKED
__UNMATCHED_TRIGGER__ this trigger fires when an abode alarm is active.,", THEN briefly toggles the lights off and on [ACTION_Z].",LOCKED
IF generic button press,", THEN toggles the lights on or off [ACTION_Y].",LOCKED
IF calendar event is upcoming,", THEN briefly toggles the lights off and on [ACTION_Z].",LOCKED
__UNMATCHED_TRIGGER__ this trigger fires when the system detects a water leak.,", THEN sets the color temperature of lights [ACTION_Y].",LOCKED
__UNMATCHED_TRIGGER__ this trigger fires when an abode alarm is active.,", THEN turns on smart lights in [ACTION_X].",LOCKED
IF superchat received,", THEN sets lights to a predefined scene [ACTION_Z].",LOCKED
__UNMATCHED_TRIGGER__ this trigger fires every time your d-link water sensor detects a leak event.,", THEN briefly toggles the lights off and on [ACTION_Z].",LOCKED
IF new playlist track,", THEN sets the color temperature of lights [ACTION_Y].",LOCKED
IF step goal reached,", THEN triggers a light animation effect [ACTION_Z].",LOCKED
IF battery is low,", THEN triggers a light animation effect [ACTION_Z].",LOCKED
IF sunset approaching,", THEN turns on smart lights in [ACTION_X].",LOCKED
IF area entered,", THEN turns on smart lights [ACTION_X].",LOCKED
IF yearly schedule,", THEN changes the color of lights [ACTION_Y].",LOCKED
IF sunrise approaching,", THEN turns off smart lights [ACTION_W].",LOCKED
IF a YouTube video is liked,", THEN toggles the lights on or off [ACTION_Y].",LOCKED
IF alexa custom phrase,", THEN briefly toggles the lights off and on [ACTION_Z].",LOCKED
__UNMATCHED_TRIGGER__ this trigger fires when the hub is in a specific state.,", THEN sets the color temperature of lights [ACTION_Y].",LOCKED
__UNMATCHED_TRIGGER__ this trigger fires every time your fitbit logs new sleep.,", THEN turns on a light switch [ACTION_Y].",LOCKED
IF alexa custom phrase,", THEN sets the brightness level of smart lights [ACTION_Z].",LOCKED
IF doorbell motion,", THEN turns on smart lights in [ACTION_X].",LOCKED
IF alexa custom phrase,", THEN turns off smart lights [ACTION_W].",LOCKED
IF sunset approaching,", THEN turns on smart lights in [ACTION_X].",LOCKED
__UNMATCHED_TRIGGER__ this trigger fires every time a new item is added to the feed you specify.,", THEN briefly toggles the lights off and on [ACTION_Z].",LOCKED
IF today weather report,", THEN turns on smart lights [ACTION_X].",LOCKED
__UNMATCHED_TRIGGER__ this trigger fires if you tap a gesture with a custom ifttt task matching the id of this trigger.,", THEN sets the color temperature of lights [ACTION_Y].",LOCKED
IF google assistant phrase,", THEN briefly toggles the lights off and on [ACTION_Z].",LOCKED
IF superchat received,", THEN adjusts the brightness of lights [ACTION_Z].",LOCKED
__UNMATCHED_TRIGGER__ this trigger fires when the aqi of your device is updated.,", THEN sets the color temperature of lights [ACTION_Y].",LOCKED
IF alexa custom phrase,", THEN toggles the lights on or off [ACTION_Y].",LOCKED
IF sunrise approaching,", THEN turns off smart lights [ACTION_W].",LOCKED
IF distance goal reached,", THEN briefly toggles the lights off and on [ACTION_Z].",LOCKED
__UNMATCHED_TRIGGER__ this trigger fires every time your wemo switch is turned off.,", THEN turns off smart lights [ACTION_W].",LOCKED
IF generic button press,", THEN sets the color temperature of lights [ACTION_Y].",LOCKED
IF google assistant phrase,", THEN activates a lighting scene [ACTION_Y].",LOCKED
IF today weather report,", THEN sets the color temperature of lights [ACTION_Y].",LOCKED
__UNMATCHED_TRIGGER__ this trigger is fired from the assigned pusher on your jaguar watch.,", THEN toggles lights based on current state in [ACTION_X].",LOCKED
IF daily schedule,", THEN briefly toggles the lights off and on [ACTION_Z].",LOCKED
__UNMATCHED_TRIGGER__ this trigger fires every time your wemo switch is turned off.,", THEN turns off smart lights [ACTION_W].",LOCKED
IF yearly schedule,", THEN triggers a light animation effect [ACTION_Z].",LOCKED
__UNMATCHED_TRIGGER__ this trigger fires every time the button is pressed on your skybell hd.,", THEN triggers a light animation effect [ACTION_Z].",LOCKED
IF google assistant phrase,", THEN turns on smart lights in [ACTION_X].",LOCKED
IF home home mode,", THEN turns on smart lights in [ACTION_X].",LOCKED
IF weekly schedule,", THEN turns off smart lights [ACTION_W].",LOCKED
__UNMATCHED_TRIGGER__ this trigger fires every time the nest protect you specify detects warning carbon monoxide levels.,", THEN activates a lighting scene in [ACTION_X].",LOCKED
IF alexa custom phrase,", THEN adjusts the brightness of lights [ACTION_W].",LOCKED
IF Arlo detects motion,", THEN turns on smart lights in [ACTION_X].",LOCKED
__UNMATCHED_TRIGGER__ this trigger fires every time when a virtual fence is crossed,", THEN turns on smart lights in [ACTION_X].",LOCKED
__UNMATCHED_TRIGGER__ this trigger fires every time the nest protect you specify detects warning carbon monoxide levels.,", THEN sets the color temperature of lights [ACTION_Y].",LOCKED
__UNMATCHED_TRIGGER__ this trigger fires every time you click a button on thinga.,", THEN sets the color temperature of lights [ACTION_Y].",LOCKED
__UNMATCHED_TRIGGER__ this trigger fires every time your cookit has finished successfully.,", THEN briefly toggles the lights off and on [ACTION_Z].",LOCKED
IF alexa custom phrase,", THEN sets the color temperature of lights [ACTION_Y].",LOCKED
IF daily schedule,", THEN turns on smart lights in [ACTION_X].",LOCKED
__UNMATCHED_TRIGGER__ this trigger fires every time a watering time starts for the device your specify.,", THEN sets the color temperature of lights [ACTION_Y].",LOCKED
IF sunset approaching,", THEN turns on smart lights [ACTION_X].",LOCKED
IF today weather report,", THEN sets the color temperature of lights [ACTION_Y].",LOCKED
IF wifi connected,", THEN turns on smart lights in [ACTION_X].",LOCKED
IF weekly schedule,", THEN turns off smart lights [ACTION_W].",LOCKED
IF ihome button,", THEN turns on smart lights in [ACTION_X].",LOCKED
IF sunrise approaching,", THEN turns off smart lights [ACTION_W].",LOCKED
IF sunset approaching,", THEN turns on smart lights [ACTION_X].",LOCKED
IF alexa custom phrase,", THEN changes the color of lights [ACTION_Y].",LOCKED
IF alexa custom phrase,", THEN turns on smart lights [ACTION_X].",LOCKED
__UNMATCHED_TRIGGER__ this trigger fires when the co2 intensity in the electricity production is lowest between a starting time and a finish time and for a duration specified by you.,", THEN sets the color temperature of lights [ACTION_Y].",LOCKED
IF daily schedule,", THEN turns off smart lights [ACTION_W].",LOCKED
IF alarm triggered,", THEN turns on smart lights [ACTION_X].",LOCKED
IF daily schedule,", THEN sets the color temperature of lights [ACTION_Y].",LOCKED
IF alarm triggered,", THEN turns on smart lights [ACTION_X].",LOCKED
__UNMATCHED_TRIGGER__ this trigger fires every time the you ask alexa what's on your to do list.,", THEN toggles the lights on or off [ACTION_Y].",LOCKED
IF alexa custom phrase,", THEN sets the color temperature of lights [ACTION_Y].",LOCKED
__UNMATCHED_TRIGGER__ this trigger fires every time your wemo switch is turned off.,", THEN turns off smart lights [ACTION_W].",LOCKED
IF daily schedule,", THEN turns on the light [ACTION_Y].",LOCKED
__UNMATCHED_TRIGGER__ this trigger fires when no one of a user group is detected in or nearby your network.,", THEN turns off smart lights [ACTION_W].",LOCKED
IF google assistant phrase,", THEN turns off smart lights [ACTION_W].",LOCKED
IF WeMo light is turned off,", THEN turns on a light switch [ACTION_Y].",LOCKED
IF oven finished,", THEN briefly toggles the lights off and on [ACTION_Z].",LOCKED
IF quarter hour,", THEN sets the color temperature of lights [ACTION_Y].",LOCKED
IF alexa custom phrase,", THEN activates a lighting scene [ACTION_Y].",LOCKED
__UNMATCHED_TRIGGER__ this trigger monitors the ubibot device's built-in light sensor readings and fires whenever the light level rises above or drops below the value in lux you provide.,", THEN turns off smart lights [ACTION_W].",LOCKED
IF weather condition change,", THEN briefly toggles the lights off and on [ACTION_Z].",LOCKED
IF daily schedule,", THEN turns off smart lights [ACTION_W].",LOCKED
IF weather condition change,", THEN sets the color temperature of lights [ACTION_Y].",LOCKED
__UNMATCHED_TRIGGER__ this trigger fires every time somebody rings your ring doorbell.,", THEN sets the color temperature of lights [ACTION_Y].",LOCKED
__UNMATCHED_TRIGGER__ this trigger fires every time the preheating phase has finished. please note that you have to start the heating program with enabled fast preheat.,", THEN turns on the hood lighting [ACTION_Z].",LOCKED
__UNMATCHED_TRIGGER__ this trigger monitors changes in your thermostat's set temperature and fires if it exceeds a certain threshold.,", THEN turns off smart lights [ACTION_W].",LOCKED
IF daily schedule,", THEN briefly toggles the lights off and on [ACTION_Z].",LOCKED
"__UNMATCHED_TRIGGER__ this trigger retrieves tomorrow's weather report within 5 minutes of the time you specify, depending on when forecast data is updated.",", THEN sets the color temperature of lights [ACTION_Y].",LOCKED
IF daily schedule,", THEN adjusts the brightness of lights [ACTION_Z].",LOCKED
IF google assistant phrase,", THEN turns off smart lights [ACTION_W].",LOCKED
IF google assistant phrase,", THEN toggles the lights on or off [ACTION_Y].",LOCKED
IF area exited,", THEN turns off smart lights [ACTION_W].",LOCKED
IF alexa custom phrase,", THEN adjusts the brightness of lights [ACTION_W].",LOCKED
IF simcam face recognized,", THEN turns on smart lights in [ACTION_X].",LOCKED
IF daily schedule,", THEN adjusts the brightness of lights [ACTION_W].",LOCKED
IF withings motion detected,", THEN briefly toggles the lights off and on [ACTION_Z].",LOCKED
__UNMATCHED_TRIGGER__ this trigger fires if you tap a gesture with a custom ifttt task matching the id of this trigger.,", THEN sets the brightness level of smart lights [ACTION_Z].",LOCKED
IF generic button press,", THEN triggers a light animation effect [ACTION_Z].",LOCKED
IF weekly schedule,", THEN turns off smart lights [ACTION_W].",LOCKED
IF sms received,", THEN triggers a light animation effect [ACTION_Z].",LOCKED
__UNMATCHED_TRIGGER__ this trigger fires every time your skybell hd detects motions.,", THEN turns on a light switch [ACTION_Y].",LOCKED
__UNMATCHED_TRIGGER__ this trigger fires every time you like a tweet.,", THEN sets the color temperature of lights [ACTION_Y].",LOCKED
__UNMATCHED_TRIGGER__ this trigger fires when a blue by adt sensor notices activity in the home.,", THEN turns on smart lights [ACTION_X].",LOCKED
IF sunrise approaching,", THEN turns on smart lights in [ACTION_X].",LOCKED
IF sunset approaching,", THEN switches on the lights [ACTION_Z].",LOCKED
IF netatmo vehicle detected,", THEN turns on smart lights in [ACTION_X].",LOCKED
IF Wyze detects motion,", THEN briefly toggles the lights off and on [ACTION_Z].",LOCKED
IF area entered,", THEN start smart lights [ACTION_Z].",LOCKED
IF daily schedule,", THEN turns on smart lights [ACTION_X].",LOCKED
IF sunset approaching,", THEN sets the color temperature of lights [ACTION_Y].",LOCKED
__UNMATCHED_TRIGGER__ this trigger fires for an account that is on a dynamic pricing plan such as the residential hourly pricing program or other real time market rates whenever the average price changes.,", THEN sets the color temperature of lights [ACTION_Y].",LOCKED
IF sunrise approaching,", THEN turns off smart lights [ACTION_W].",LOCKED
IF area entered,", THEN briefly toggles the lights off and on [ACTION_Z].",LOCKED
IF wifi disconnected,", THEN turns off smart lights [ACTION_W].",LOCKED
__UNMATCHED_TRIGGER__ this trigger fires every time the nest protect you specify detects warning smoke levels.,", THEN briefly toggles the lights off and on [ACTION_Z].",LOCKED
IF sunset approaching,", THEN sets lights to a predefined scene [ACTION_Z].",LOCKED
IF alexa custom phrase,", THEN activates a lighting scene [ACTION_Y].",LOCKED
IF daily schedule,", THEN turns off smart lights [ACTION_W].",LOCKED
IF ihome button,", THEN activates a lighting scene [ACTION_Y].",LOCKED
__UNMATCHED_TRIGGER__ this trigger fires every time the clock timer on your oven has elapsed.,", THEN briefly toggles the lights off and on [ACTION_Z].",LOCKED
IF daily schedule,", THEN changes the color of lights [ACTION_Y].",LOCKED
IF temperature falls below a threshold,", THEN turns off a light switch [ACTION_W].",LOCKED
IF sunset approaching,", THEN turns on smart lights in [ACTION_X].",LOCKED
IF alarm triggered,", THEN triggers a light animation effect [ACTION_Z].",LOCKED
IF alexa custom phrase,", THEN activates a lighting scene [ACTION_Y].",LOCKED
__UNMATCHED_TRIGGER__ this trigger is fired from the assigned pusher on your lotus watch.,", THEN toggles lights based on current state in [ACTION_X].",LOCKED
IF ifttt hashtag email,", THEN sets the color temperature of lights [ACTION_Y].",LOCKED
__UNMATCHED_TRIGGER__ this trigger fires every time the nest protect you specify detects dangerous smoke levels.,", THEN sets the color temperature of lights [ACTION_Y].",LOCKED
__UNMATCHED_TRIGGER__ this trigger fires when the alarm for a specific mode is triggered.,", THEN sets the color temperature of lights [ACTION_Y].",LOCKED
IF daily schedule,", THEN sets the color temperature of lights [ACTION_Y].",LOCKED
IF yearly schedule,", THEN sets the color temperature of lights [ACTION_Y].",LOCKED
IF calendar event is upcoming,", THEN changes the color of lights [ACTION_Y].",LOCKED
IF alexa custom phrase,", THEN activates a lighting scene [ACTION_Y].",LOCKED
__UNMATCHED_TRIGGER__ this trigger fires every time you are tagged you in a new photo. note: facebook privacy settings may block ifttt’s access to some photos you are tagged in.,", THEN sets the color temperature of lights [ACTION_Y].",LOCKED
IF alarm triggered,", THEN turns on smart lights in [ACTION_X].",LOCKED
IF google assistant phrase,", THEN turns on smart lights in [ACTION_X].",LOCKED
IF Arlo detects motion,", THEN briefly toggles the lights off and on [ACTION_Z].",LOCKED
IF sunset approaching,", THEN turns on smart lights in [ACTION_X].",LOCKED
IF google assistant phrase,", THEN turns off smart lights [ACTION_W].",LOCKED
IF alexa custom phrase,", THEN sets the color temperature of lights [ACTION_Y].",LOCKED
IF weekly schedule,", THEN turns on smart lights in [ACTION_X].",LOCKED
IF weather condition change,", THEN sets the color temperature of lights [ACTION_Y].",LOCKED
IF temperature rises above a threshold,", THEN sets the color temperature of lights [ACTION_Y].",LOCKED
__UNMATCHED_TRIGGER__ this trigger fires every time you add an item to your to do list.,", THEN sets the color temperature of lights [ACTION_Y].",LOCKED
__UNMATCHED_TRIGGER__ this trigger fires every time your android device is plugged in.,", THEN start smart lights [ACTION_Z].",LOCKED
IF area entered,", THEN turns on smart lights [ACTION_X].",LOCKED
IF yearly schedule,", THEN sets the color temperature of lights [ACTION_Y].",LOCKED
IF sunset approaching,", THEN turns off the light [ACTION_W].",LOCKED
__UNMATCHED_TRIGGER__ this trigger fires every time the ifttt blog posts something tagged 'updates.' it's an easy way to stay on top of new services or features.,", THEN power-cycles a smart switch in [ACTION_X].",LOCKED
IF alexa custom phrase,", THEN sets the color temperature of lights [ACTION_Y].",LOCKED
IF co2 high,", THEN sets the color temperature of lights [ACTION_Y].",LOCKED
IF weekly schedule,", THEN adjusts the brightness of lights [ACTION_W].",LOCKED
IF yearly schedule,", THEN sets the color temperature of lights [ACTION_Y].",LOCKED
IF new public video is posted,", THEN sets the color temperature of lights [ACTION_Y].",LOCKED
IF Wyze detects motion,", THEN turns on smart lights in [ACTION_X].",LOCKED
IF wifi disconnected,", THEN turns off smart lights [ACTION_W].",LOCKED
IF google assistant phrase,", THEN turns on smart lights in [ACTION_X].",LOCKED
IF super sticker received,", THEN adjusts the brightness of lights [ACTION_Z].",LOCKED
IF alexa custom phrase,", THEN turns off smart lights [ACTION_W].",LOCKED
IF battery is low,", THEN briefly toggles the lights off and on [ACTION_Z].",LOCKED
IF daily schedule,", THEN turns off smart lights [ACTION_W].",LOCKED
IF weekly schedule,", THEN adjusts the brightness of lights [ACTION_W].",LOCKED
IF weekly schedule,", THEN turns off smart lights [ACTION_W].",LOCKED
IF wemo motion detected,", THEN turns on smart lights in [ACTION_X].",LOCKED
IF superchat received,", THEN sets lights to a predefined scene [ACTION_Z].",LOCKED
IF today weather report,", THEN sets the color temperature of lights [ACTION_Y].",LOCKED
IF alexa custom phrase,", THEN sets the color temperature of lights [ACTION_Y].",LOCKED
IF Arlo detects motion,", THEN turns on smart lights in [ACTION_X].",LOCKED
IF sunset approaching,", THEN turns on smart lights [ACTION_X].",LOCKED
IF Arlo detects motion,", THEN turns on smart lights in [ACTION_X].",LOCKED
IF sunset approaching,", THEN turns on smart lights [ACTION_X].",LOCKED
__UNMATCHED_TRIGGER__ this trigger fires when your robot completes a job.,", THEN briefly toggles the lights off and on [ACTION_Z].",LOCKED
__UNMATCHED_TRIGGER__ this trigger fires every time your myfox security system detects an intrusion.,", THEN turns on smart lights in [ACTION_X].",LOCKED
IF weather condition change,", THEN sets the color temperature of lights [ACTION_Y].",LOCKED
__UNMATCHED_TRIGGER__ this trigger fires when the specified device is set to cool mode,", THEN turns off smart lights [ACTION_W].",LOCKED
IF yearly schedule,", THEN changes the color of lights [ACTION_Y].",LOCKED
IF home away mode,", THEN turns off smart lights [ACTION_W].",LOCKED
IF sunset approaching,", THEN turns on smart lights in [ACTION_X].",LOCKED
__UNMATCHED_TRIGGER__ this trigger fires every time you complete an item on your to do list.,", THEN adjusts the brightness of lights [ACTION_W].",LOCKED
__UNMATCHED_TRIGGER__ this trigger fires when a vehicle enters one of its geo-circles.,", THEN turns on smart lights in [ACTION_X].",LOCKED
IF wifi connected,", THEN toggles lights based on current state in [ACTION_X].",LOCKED
__UNMATCHED_TRIGGER__ this trigger fires every time a new tweet matches your search query. note: limited to 15 tweets per check.,", THEN briefly toggles the lights off and on [ACTION_Z].",LOCKED
IF alexa custom phrase,", THEN turns off smart lights [ACTION_W].",LOCKED
IF temperature falls below a threshold,", THEN turns on smart lights in [ACTION_X].",LOCKED
IF alexa custom phrase,", THEN adjusts the brightness of lights [ACTION_W].",LOCKED
IF google assistant phrase,", THEN turns on smart lights in [ACTION_X].",LOCKED
IF sunset approaching,", THEN turns on smart lights in [ACTION_X].",LOCKED
IF daily schedule,", THEN turns on smart lights in [ACTION_X].",LOCKED
IF alexa custom phrase,", THEN changes the color of lights [ACTION_Y].",LOCKED
IF area entered,", THEN adjusts the brightness of lights [ACTION_W].",LOCKED
IF generic button press,", THEN activates a lighting scene [ACTION_Y].",LOCKED
IF camera motion,", THEN turns on smart lights in [ACTION_X].",LOCKED
IF an SMS is received,", THEN turns on smart lights in [ACTION_X].",LOCKED
IF weather condition change,", THEN briefly toggles the lights off and on [ACTION_Z].",LOCKED
IF generic button press,", THEN toggles lights based on current state in [ACTION_X].",LOCKED
IF quarter hour,", THEN turns off smart lights [ACTION_W].",LOCKED
IF area exited,", THEN turns off smart lights [ACTION_W].",LOCKED
__UNMATCHED_TRIGGER__ this trigger is fired from the assigned pusher on your kronaby watch.,", THEN turns off smart lights [ACTION_W].",LOCKED
IF new public video is posted,", THEN adjusts the brightness of lights [ACTION_Z].",LOCKED
__UNMATCHED_TRIGGER__ this trigger fires every time the preheating phase has finished. please note that you have to start the heating program with enabled fast preheat.,", THEN turns on the hood lighting [ACTION_Z].",LOCKED
IF sunset approaching,", THEN sets the color temperature of lights [ACTION_Y].",LOCKED
IF quarter hour,", THEN turns off a light switch [ACTION_W].",LOCKED
IF daily schedule,", THEN changes the color of lights [ACTION_Y].",LOCKED
IF new public video is posted,", THEN sets the color temperature of lights [ACTION_Y].",LOCKED
__UNMATCHED_TRIGGER__ this trigger fires every time your timer goes off.,", THEN briefly toggles the lights off and on [ACTION_Z].",LOCKED
IF WeMo light is turned on,", THEN turns on a light switch [ACTION_Y].",LOCKED
IF quarter hour,", THEN briefly toggles the lights off and on [ACTION_Z].",LOCKED
IF yearly schedule,", THEN sets the color temperature of lights [ACTION_Y].",LOCKED
__UNMATCHED_TRIGGER__ this trigger fires every time your timer goes off.,", THEN sets the color temperature of lights [ACTION_Y].",LOCKED
IF alexa custom phrase,", THEN turns off the light [ACTION_W].",LOCKED
__UNMATCHED_TRIGGER__ this trigger fires every time the twitter user you specify tweets.,", THEN sets the color temperature of lights [ACTION_Y].",LOCKED
IF alexa custom phrase,", THEN sets the color temperature of lights [ACTION_Y].",LOCKED
"__UNMATCHED_TRIGGER__ this trigger fires every time a song is played on amazon prime music. note: this trigger does not apply to songs provided by spotify, pandora, podcasts and sample clips.",", THEN sets the color temperature of lights [ACTION_Y].",LOCKED
IF alexa custom phrase,", THEN changes the color of lights [ACTION_Y].",LOCKED
IF daily schedule,", THEN turns off smart lights [ACTION_W].",LOCKED
IF away mode exited,", THEN turns on smart lights in [ACTION_X].",LOCKED
__UNMATCHED_TRIGGER__ this trigger fires every time a new photo is added to your camera roll.,", THEN briefly toggles the lights off and on [ACTION_Z].",LOCKED
IF generic button press,", THEN turns off smart lights [ACTION_W].",LOCKED
__UNMATCHED_TRIGGER__ this trigger fires every time your timer goes off.,", THEN triggers a light animation effect [ACTION_Z].",LOCKED
"__UNMATCHED_TRIGGER__ this trigger fires when an issue occurs, such as low battery, device offline, etc.",", THEN turns on smart lights [ACTION_X].",LOCKED
IF sunset approaching,", THEN turns on smart lights in [ACTION_X].",LOCKED
IF Arlo detects motion,", THEN briefly toggles the lights off and on [ACTION_Z].",LOCKED
IF alexa custom phrase,", THEN turns off smart lights [ACTION_W].",LOCKED
IF weekly schedule,", THEN briefly toggles the lights off and on [ACTION_Z].",LOCKED
IF area exited,", THEN turns on smart lights [ACTION_X].",LOCKED
IF area entered,", THEN briefly toggles the lights off and on [ACTION_Z].",LOCKED
IF tomorrow weather change,", THEN sets the color temperature of lights [ACTION_Y].",LOCKED
IF daily schedule,", THEN adjusts the brightness of lights [ACTION_W].",LOCKED
IF sunrise approaching,", THEN turns off smart lights [ACTION_W].",LOCKED
IF sunset approaching,", THEN turns on smart lights [ACTION_X].",LOCKED
__UNMATCHED_TRIGGER__ this trigger fires every time you log sleep above the target hours you specify.,", THEN turns off smart lights [ACTION_W].",LOCKED
IF google assistant phrase,", THEN turns off smart lights [ACTION_W].",LOCKED
IF daily schedule,", THEN turns on smart lights in [ACTION_X].",LOCKED
IF sunrise approaching,", THEN turns off smart lights [ACTION_W].",LOCKED
IF temperature rises above a threshold,", THEN sets the color temperature of lights [ACTION_Y].",LOCKED
IF sunset approaching,", THEN turns on smart lights [ACTION_X].",LOCKED
IF sunset approaching,", THEN turns on smart lights in [ACTION_X].",LOCKED
IF yearly schedule,", THEN sets the color temperature of lights [ACTION_Y].",LOCKED
IF daily schedule,", THEN turns on the hood lighting [ACTION_Z].",LOCKED
IF new public video is posted,", THEN adjusts the brightness of lights [ACTION_Z].",LOCKED
IF daily schedule,", THEN turns off smart lights [ACTION_W].",LOCKED
__UNMATCHED_TRIGGER__ this trigger fires every time you add an item to your shopping list.,", THEN sets the color temperature of lights [ACTION_Y].",LOCKED
IF sunset approaching,", THEN turns on smart lights in [ACTION_X].",LOCKED
IF weather condition change,", THEN sets the color temperature of lights [ACTION_Y].",LOCKED
IF Arlo detects motion,", THEN turns on smart lights in [ACTION_X].",LOCKED
IF alarm triggered,", THEN briefly toggles the lights off and on [ACTION_Z].",LOCKED
__UNMATCHED_TRIGGER__ this trigger fires every time somebody rings your ring doorbell.,", THEN toggles the lights on or off [ACTION_Y].",LOCKED
IF an SMS is received,", THEN sets the color temperature of lights [ACTION_Y].",LOCKED
IF daily schedule,", THEN turns off smart lights [ACTION_W].",LOCKED
IF alexa custom phrase,", THEN turns off smart lights [ACTION_W].",LOCKED
IF home away mode,", THEN turns off smart lights [ACTION_W].",LOCKED
IF superchat received,", THEN sets lights to a predefined scene [ACTION_Z].",LOCKED
__UNMATCHED_TRIGGER__ this trigger fires every time your timer goes off.,", THEN briefly toggles the lights off and on [ACTION_Z].",LOCKED
IF daily schedule,", THEN changes the color of lights [ACTION_Y].",LOCKED
IF daily schedule,", THEN turns off smart lights [ACTION_W].",LOCKED
IF apilio event,", THEN sets the color temperature of lights [ACTION_Y].",LOCKED
__UNMATCHED_TRIGGER__ this trigger fires every time a new item is added to the feed you specify.,", THEN sets the color temperature of lights [ACTION_Y].",LOCKED
IF WeMo light is turned on,", THEN turns on smart lights in [ACTION_X].",LOCKED
__UNMATCHED_TRIGGER__ this trigger fires every time you add an item to your to do list.,", THEN sets the color temperature of lights [ACTION_Y].",LOCKED
__UNMATCHED_TRIGGER__ this trigger fires every time your netatmo rain gauge detects that it is raining.,", THEN briefly toggles the lights off and on [ACTION_Z].",LOCKED
IF generic button press,", THEN turns on smart lights in [ACTION_X].",LOCKED
__UNMATCHED_TRIGGER__ this trigger fires every time your myfox security system is disarmed.,", THEN turns on smart lights in [ACTION_X].",LOCKED
IF google assistant phrase,", THEN turns on smart lights in [ACTION_X].",LOCKED
IF google assistant phrase,", THEN activates a lighting scene [ACTION_Y].",LOCKED
IF wemo motion detected,", THEN turns on smart lights in [ACTION_X].",LOCKED
IF weather condition change,", THEN triggers a light animation effect [ACTION_Z].",LOCKED
IF alexa custom phrase,", THEN changes the color of lights [ACTION_Y].",LOCKED
IF daily schedule,", THEN turns on smart lights in [ACTION_X].",LOCKED
IF area entered,", THEN turns on a light switch [ACTION_Y].",LOCKED
IF daily schedule,", THEN turns on smart lights in [ACTION_X].",LOCKED
__UNMATCHED_TRIGGER__ this trigger fires every time your wemo switch is turned off.,", THEN turns off smart lights [ACTION_W].",LOCKED
IF WeMo light is turned on,", THEN turns on smart lights in [ACTION_X].",LOCKED
IF alexa custom phrase,", THEN changes the color of lights [ACTION_Y].",LOCKED
IF google assistant phrase,", THEN turns off smart lights [ACTION_W].",LOCKED
IF doorbell motion,", THEN turns on smart lights [ACTION_X].",LOCKED
__UNMATCHED_TRIGGER__ this trigger fires every time the twitter user you specify tweets.,", THEN turns on smart lights in [ACTION_X].",LOCKED
IF sunset approaching,", THEN turns on smart lights in [ACTION_X].",LOCKED
__UNMATCHED_TRIGGER__ this trigger fires when there is a new membership for your channel.,", THEN adjusts the brightness of lights [ACTION_Z].",LOCKED
IF quarter hour,", THEN sets the color temperature of lights [ACTION_Y].",LOCKED
IF ifttt email trigger,", THEN briefly toggles the lights off and on [ACTION_Z].",LOCKED
__UNMATCHED_TRIGGER__ this trigger fires when an abode alarm is active.,", THEN toggles the lights on or off [ACTION_Y].",LOCKED
__UNMATCHED_TRIGGER__ this trigger fires every time somebody rings your ring doorbell.,", THEN turns on a light switch [ACTION_Y].",LOCKED
IF ifttt email trigger,", THEN briefly toggles the lights off and on [ACTION_Z].",LOCKED
IF alexa custom phrase,", THEN sets the color temperature of lights [ACTION_Y].",LOCKED
__UNMATCHED_TRIGGER__ this trigger fires every time your wemo switch is turned on.,", THEN turns on a light switch [ACTION_Y].",LOCKED
IF doorbell motion,", THEN turns on the light [ACTION_Y].",LOCKED
IF temperature rises above a threshold,", THEN turns off a light switch [ACTION_W].",LOCKED
IF motion detected,", THEN turns on smart lights in [ACTION_X].",LOCKED
IF daily schedule,", THEN turns off smart lights [ACTION_W].",LOCKED
IF alexa custom phrase,", THEN turns on smart lights in [ACTION_X].",LOCKED
IF alexa custom phrase,", THEN activates a lighting scene [ACTION_Y].",LOCKED
IF apilio event,", THEN switches on the lights [ACTION_Z].",LOCKED
IF alexa custom phrase,", THEN sets the color temperature of lights [ACTION_Y].",LOCKED
__UNMATCHED_TRIGGER__ this trigger fires if you tap a gesture with a custom ifttt task matching the id of this trigger.,", THEN adjusts the brightness of lights [ACTION_W].",LOCKED
__UNMATCHED_TRIGGER__ this trigger fires every time you are tagged you in a new photo. note: facebook privacy settings may block ifttt’s access to some photos you are tagged in.,", THEN triggers a light animation effect [ACTION_Z].",LOCKED
IF generic button press,", THEN triggers a light animation effect [ACTION_Z].",LOCKED
IF weekly schedule,", THEN turns on smart lights [ACTION_X].",LOCKED
IF new follower,", THEN adjusts the brightness of lights [ACTION_Z].",LOCKED
IF area entered,", THEN turns on smart lights [ACTION_X].",LOCKED
IF google assistant phrase,", THEN sets the color temperature of lights [ACTION_Y].",LOCKED
IF alexa custom phrase,", THEN adjusts the brightness of lights [ACTION_W].",LOCKED
IF sunset approaching,", THEN turns on smart lights in [ACTION_X].",LOCKED
IF superchat received,", THEN sets the color temperature of lights [ACTION_Y].",LOCKED
IF battery is low,", THEN changes the color of lights [ACTION_Y].",LOCKED
IF daily schedule,", THEN turns on smart lights in [ACTION_X].",LOCKED
IF weekly schedule,", THEN briefly toggles the lights off and on [ACTION_Z].",LOCKED
IF sunset approaching,", THEN turns on smart lights in [ACTION_X].",LOCKED
IF kettle boiled,", THEN toggles the lights on or off [ACTION_Y].",LOCKED
IF quarter hour,", THEN changes the color of lights [ACTION_Y].",LOCKED
IF google assistant phrase,", THEN toggles the lights on or off [ACTION_Y].",LOCKED
IF daily schedule,", THEN turns off smart lights [ACTION_W].",LOCKED
IF WeMo light is turned on,", THEN turns off a light switch [ACTION_W].",LOCKED
IF sunset approaching,", THEN sets the color temperature of lights [ACTION_Y].",LOCKED
IF generic button press,", THEN toggles the lights on or off [ACTION_Y].",LOCKED
IF sunset approaching,", THEN turns off smart lights [ACTION_W].",LOCKED
IF sunset approaching,", THEN changes the color of lights [ACTION_Y].",LOCKED
IF Android notification is received,", THEN triggers a light animation effect [ACTION_Z].",LOCKED
IF weekly schedule,", THEN turns on smart lights in [ACTION_X].",LOCKED
IF sunset approaching,", THEN turns on smart lights in [ACTION_X].",LOCKED
IF alexa custom phrase,", THEN turns on smart lights in [ACTION_X].",LOCKED
IF Android notification is received,", THEN turns off smart lights [ACTION_W].",LOCKED
IF area exited,", THEN turns off smart lights [ACTION_W].",LOCKED
IF area entered,", THEN turns on a light switch [ACTION_Y].",LOCKED
__UNMATCHED_TRIGGER__ this trigger fires every time your timer goes off.,", THEN sets lights to a predefined scene [ACTION_Z].",LOCKED
__UNMATCHED_TRIGGER__ this trigger fires when the price of electricity changes.,", THEN changes the color of lights [ACTION_Y].",LOCKED
IF co2 low,", THEN sets the color temperature of lights [ACTION_Y].",LOCKED
IF ifttt hashtag email,", THEN turns on smart lights in [ACTION_X].",LOCKED
IF sunset approaching,", THEN turns on smart lights [ACTION_X].",LOCKED
IF an audio event is detected,", THEN turns on smart lights in [ACTION_X].",LOCKED
IF sms received,", THEN triggers a light animation effect [ACTION_Z].",LOCKED
IF area exited,", THEN turns off smart lights [ACTION_W].",LOCKED
IF weekly schedule,", THEN turns on a light switch [ACTION_Y].",LOCKED
IF google assistant phrase,", THEN turns on smart lights in [ACTION_X].",LOCKED
IF renewable energy change,", THEN sets the color temperature of lights [ACTION_Y].",LOCKED
__UNMATCHED_TRIGGER__ this trigger fires when the specified product turns on.,", THEN turns off the light [ACTION_W].",LOCKED
IF weather condition change,", THEN sets the color temperature of lights [ACTION_Y].",LOCKED
IF google assistant phrase,", THEN turns off smart lights [ACTION_W].",LOCKED
IF sunrise approaching,", THEN turns on smart lights [ACTION_X].",LOCKED
IF doorbell motion,", THEN toggles the lights on or off [ACTION_Y].",LOCKED
IF sunset approaching,", THEN adjusts the brightness of lights [ACTION_W].",LOCKED
__UNMATCHED_TRIGGER__ this trigger fires when the goal is close to derailing. it will begin firing according to the goal's reminder settings.,", THEN toggles the lights on or off [ACTION_Y].",LOCKED
__UNMATCHED_TRIGGER__ this trigger fires every time your ecobee thermostat and room sensors change to smart home or smart away comfort profiles.,", THEN turns on smart lights in [ACTION_X].",LOCKED
IF daily schedule,", THEN turns off smart lights [ACTION_W].",LOCKED
__UNMATCHED_TRIGGER__ this trigger fires every time it is christmas in the time zone you specify.,", THEN sets the color temperature of lights [ACTION_Y].",LOCKED
IF weekly schedule,", THEN turns on the light [ACTION_Y].",LOCKED
IF google assistant phrase,", THEN toggles the lights on or off [ACTION_Y].",LOCKED
IF sunset approaching,", THEN sets the color temperature of lights [ACTION_Y].",LOCKED
IF google assistant phrase,", THEN turns off a light switch [ACTION_W].",LOCKED
IF sunrise approaching,", THEN turns on smart lights [ACTION_X].",LOCKED
__UNMATCHED_TRIGGER__ this trigger fires every time the you ask alexa what's on your to do list.,", THEN sets the color temperature of lights [ACTION_Y].",LOCKED
IF calendar event is upcoming,", THEN turns off smart lights [ACTION_W].",LOCKED
IF sunrise approaching,", THEN turns on smart lights in [ACTION_X].",LOCKED
__UNMATCHED_TRIGGER__ this trigger fires whenever someone posts a new message in the selected room.,", THEN briefly toggles the lights off and on [ACTION_Z].",LOCKED
IF daily schedule,", THEN turns off smart lights [ACTION_W].",LOCKED
IF sunrise approaching,", THEN turns on smart lights [ACTION_X].",LOCKED
IF area entered,", THEN toggles the lights on or off [ACTION_Y].",LOCKED
IF alexa custom phrase,", THEN turns on smart lights in [ACTION_X].",LOCKED
IF sms received,", THEN triggers a light animation effect [ACTION_Z].",LOCKED
IF generic button press,", THEN toggles the lights on or off [ACTION_Y].",LOCKED
IF daily schedule,", THEN turns off smart lights [ACTION_W].",LOCKED
IF alexa custom phrase,", THEN briefly toggles the lights off and on [ACTION_Z].",LOCKED
IF sunset approaching,", THEN turns on smart lights in [ACTION_X].",LOCKED
IF camera motion,", THEN turns on smart lights in [ACTION_X].",LOCKED
IF weekly schedule,", THEN turns off smart lights [ACTION_W].",LOCKED
IF alexa custom phrase,", THEN turns on a light switch [ACTION_Y].",LOCKED
IF an SMS is received,", THEN briefly toggles the lights off and on [ACTION_Z].",LOCKED
IF daily schedule,", THEN turns off smart lights [ACTION_W].",LOCKED
__UNMATCHED_TRIGGER__ this trigger fires every time a sighthound video rule you specify sends an event. you must first configure the rule in sighthound video to “send an ifttt event”.,", THEN sets the color temperature of lights [ACTION_Y].",LOCKED
IF night mode on,", THEN adjusts the brightness of lights [ACTION_W].",LOCKED
IF alarm triggered,", THEN adjusts the brightness of lights [ACTION_W].",LOCKED
IF google assistant phrase,", THEN adjusts the brightness of lights [ACTION_W].",LOCKED
IF generic button press,", THEN sets the color temperature of lights [ACTION_Y].",LOCKED
IF tomorrow weather change,", THEN sets the color temperature of lights [ACTION_Y].",LOCKED
IF calendar event is upcoming,", THEN briefly toggles the lights off and on [ACTION_Z].",LOCKED
__UNMATCHED_TRIGGER__ this trigger fires every time your android device is plugged in.,", THEN toggles the lights on or off [ACTION_Y].",LOCKED
__UNMATCHED_TRIGGER__ this trigger fires when an event is triggered from your litter robot. ie. clean cycle completes,", THEN sets the color temperature of lights [ACTION_Y].",LOCKED
IF sunset approaching,", THEN turns on smart lights in [ACTION_X].",LOCKED
IF daily schedule,", THEN turns on smart lights [ACTION_X].",LOCKED
IF google assistant phrase,", THEN activates a lighting scene [ACTION_Y].",LOCKED
IF daily schedule,", THEN turns on smart lights in [ACTION_X].",LOCKED
IF area entered,", THEN turns on smart lights [ACTION_X].",LOCKED
IF camera motion,", THEN turns on smart lights in [ACTION_X].",LOCKED
__UNMATCHED_TRIGGER__ this trigger fires every time a new photo is added to your camera roll.,", THEN turns off smart lights [ACTION_W].",LOCKED
IF google assistant phrase,", THEN activates a lighting scene [ACTION_Y].",LOCKED
IF area entered,", THEN turns off smart lights [ACTION_W].",LOCKED
IF google assistant phrase,", THEN turns off smart lights [ACTION_W].",LOCKED
IF daily schedule,", THEN turns on smart lights in [ACTION_X].",LOCKED
IF weekly schedule,", THEN sets the color temperature of lights [ACTION_Y].",LOCKED
IF today weather report,", THEN turns on smart lights in [ACTION_X].",LOCKED
IF WeMo light is turned on,", THEN adjusts the brightness of lights [ACTION_W].",LOCKED
__UNMATCHED_TRIGGER__ this trigger fires every time your cookit has finished successfully.,", THEN sets the color temperature of lights [ACTION_Y].",LOCKED
IF alexa custom phrase,", THEN turns on smart lights in [ACTION_X].",LOCKED
IF alexa custom phrase,", THEN turns on smart lights in [ACTION_X].",LOCKED
__UNMATCHED_TRIGGER__ this trigger fires every time your device is nearly out of battery.,", THEN triggers a light animation effect [ACTION_Z].",LOCKED
IF dryer done,", THEN turns on smart lights in [ACTION_X].",LOCKED
IF Wyze detects motion,", THEN triggers a light animation effect [ACTION_Z].",LOCKED
IF google assistant phrase,", THEN turns on smart lights in [ACTION_X].",LOCKED
IF door locked,", THEN turns on smart lights in [ACTION_X].",LOCKED
__UNMATCHED_TRIGGER__ this trigger fires every time your fitbit logs new sleep.,", THEN sets the color temperature of lights [ACTION_Y].",LOCKED
IF sunrise approaching,", THEN turns off smart lights [ACTION_W].",LOCKED
IF sunset approaching,", THEN activates a lighting scene [ACTION_Y].",LOCKED
__UNMATCHED_TRIGGER__ this trigger fires every time somebody rings your ring doorbell.,", THEN turns on smart lights in [ACTION_X].",LOCKED
IF daily schedule,", THEN turns on smart lights [ACTION_X].",LOCKED
IF sunset approaching,", THEN adjusts the brightness of lights [ACTION_W].",LOCKED
IF a known caller calls,", THEN briefly toggles the lights off and on [ACTION_Z].",LOCKED
IF generic button press,", THEN sets the color temperature of lights [ACTION_Y].",LOCKED
IF daily schedule,", THEN adjusts the brightness of lights [ACTION_W].",LOCKED
IF weekly schedule,", THEN sets the color temperature of lights [ACTION_Y].",LOCKED
IF area exited,", THEN switches off the lights [ACTION_W].",LOCKED
"__UNMATCHED_TRIGGER__ this trigger fires every time your withings sleep detects that you get into bed, within the start and end time parameters that you specify.",", THEN toggles the lights on or off [ACTION_Y].",LOCKED
IF google assistant phrase,", THEN turns on smart lights in [ACTION_X].",LOCKED
__UNMATCHED_TRIGGER__ this trigger fires when a routine is activated.,", THEN turns off smart lights [ACTION_W].",LOCKED
IF daily schedule,", THEN turns off smart lights [ACTION_W].",LOCKED
__UNMATCHED_TRIGGER__ this trigger fires every time somebody rings your ring doorbell.,", THEN briefly toggles the lights off and on [ACTION_Z].",LOCKED
"__UNMATCHED_TRIGGER__ this trigger fires when an issue occurs, such as low battery, device offline, etc.",", THEN activates a lighting scene in [ACTION_X].",LOCKED
IF area exited,", THEN turns off a light switch [ACTION_W].",LOCKED
IF sunset approaching,", THEN turns on smart lights in [ACTION_X].",LOCKED
IF quarter hour,", THEN sets the color temperature of lights [ACTION_Y].",LOCKED
IF area exited,", THEN turns off the light [ACTION_W].",LOCKED
IF daily schedule,", THEN triggers a light animation effect [ACTION_Z].",LOCKED
IF out of bed,", THEN activates a lighting scene [ACTION_Y].",LOCKED
IF sunset approaching,", THEN turns on smart lights in [ACTION_X].",LOCKED
IF sms received,", THEN triggers a light animation effect [ACTION_Z].",LOCKED
IF sunset approaching,", THEN turns on a light switch in [ACTION_X].",LOCKED
IF door locked,", THEN turns off smart lights [ACTION_W].",LOCKED
IF temperature rises above a threshold,", THEN turns off a light switch [ACTION_W].",LOCKED
IF daily schedule,", THEN adjusts the brightness of lights [ACTION_W].",LOCKED
IF sunset approaching,", THEN activates a lighting scene [ACTION_Y].",LOCKED
__UNMATCHED_TRIGGER__ this trigger fires every time somebody rings your ring doorbell.,", THEN briefly toggles the lights off and on [ACTION_Z].",LOCKED
IF daily schedule,", THEN turns off smart lights [ACTION_W].",LOCKED
IF weekly schedule,", THEN turns off smart lights [ACTION_W].",LOCKED
IF google assistant phrase,", THEN turns on smart lights in [ACTION_X].",LOCKED
IF doorbell motion,", THEN turns on smart lights in [ACTION_X].",LOCKED
IF today weather report,", THEN sets the color temperature of lights [ACTION_Y].",LOCKED
IF weekly schedule,", THEN briefly toggles the lights off and on [ACTION_Z].",LOCKED
IF sunset approaching,", THEN turns on smart lights in [ACTION_X].",LOCKED
IF google assistant phrase,", THEN turns off smart lights [ACTION_W].",LOCKED
IF apilio event,", THEN turns on smart lights [ACTION_X].",LOCKED
__UNMATCHED_TRIGGER__ this trigger fires every time your smartthings device is opened.,", THEN sets the color temperature of lights [ACTION_Y].",LOCKED
IF weekly schedule,", THEN turns on smart lights [ACTION_X].",LOCKED
__UNMATCHED_TRIGGER__ this trigger fires every time when your alarm panel is armed,", THEN turns off smart lights [ACTION_W].",LOCKED
__UNMATCHED_TRIGGER__ this trigger fires when there is a new membership for your channel.,", THEN sets lights to a predefined scene [ACTION_Z].",LOCKED
IF sms received,", THEN briefly toggles the lights off and on [ACTION_Z].",LOCKED
IF alexa custom phrase,", THEN changes the color of lights [ACTION_Y].",LOCKED
IF generic button press,", THEN turns off smart lights [ACTION_W].",LOCKED
IF daily schedule,", THEN briefly toggles the lights off and on [ACTION_Z].",LOCKED
__UNMATCHED_TRIGGER__ this trigger fires every time you submit any new note.,", THEN sets the color temperature of lights [ACTION_Y].",LOCKED
__UNMATCHED_TRIGGER__ this trigger fires every time the nest protect you specify detects warning smoke levels.,", THEN activates a lighting scene in [ACTION_X].",LOCKED
IF alarm triggered,", THEN triggers a light animation effect [ACTION_Z].",LOCKED
IF area exited,", THEN turns off smart lights [ACTION_W].",LOCKED
IF area exited,", THEN turns on smart lights in [ACTION_X].",LOCKED
IF google assistant phrase,", THEN turns off smart lights [ACTION_W].",LOCKED
IF area exited,", THEN turns off smart lights [ACTION_W].",LOCKED
IF lock unlocked,", THEN turns on smart lights [ACTION_X].",LOCKED
IF Arlo detects motion,", THEN turns on smart lights in [ACTION_X].",LOCKED
IF google assistant phrase,", THEN turns off smart lights [ACTION_W].",LOCKED
IF alexa custom phrase,", THEN changes the color of lights [ACTION_Y].",LOCKED
IF Arlo detects motion,", THEN turns on smart lights [ACTION_X].",LOCKED
IF alexa custom phrase,", THEN sets the color temperature of lights [ACTION_Y].",LOCKED
IF google assistant phrase,", THEN adjusts the brightness of lights [ACTION_Z].",LOCKED
__UNMATCHED_TRIGGER__ this trigger fires every time your timer goes off.,", THEN briefly toggles the lights off and on [ACTION_Z].",LOCKED
__UNMATCHED_TRIGGER__ this trigger fires when button is pressed.,", THEN toggles the lights on or off [ACTION_Y].",LOCKED
IF sunset approaching,", THEN toggles the lights on or off [ACTION_Y].",LOCKED
IF alexa custom phrase,", THEN turns off smart lights [ACTION_W].",LOCKED
IF co2 low,", THEN sets the color temperature of lights [ACTION_Y].",LOCKED
__UNMATCHED_TRIGGER__ this trigger fires every time the button is pressed on your skybell hd.,", THEN turns on a light switch [ACTION_Y].",LOCKED
IF area entered,", THEN turns on a light switch [ACTION_Y].",LOCKED
"__UNMATCHED_TRIGGER__ this trigger fires for a given combination of iot device, zone and action",", THEN toggles the lights on or off [ACTION_Y].",LOCKED
IF google assistant phrase,", THEN turns off smart lights [ACTION_W].",LOCKED
__UNMATCHED_TRIGGER__ this trigger fires every time your timer goes off.,", THEN turns on a light switch [ACTION_Y].",LOCKED
IF google assistant phrase,", THEN turns off smart lights [ACTION_W].",LOCKED
__UNMATCHED_TRIGGER__ this trigger fires every time the temperature measured by your spotter rises above the value you specify.,", THEN sets the color temperature of lights [ACTION_Y].",LOCKED
IF sunset approaching,", THEN turns on a light switch [ACTION_Y].",LOCKED
IF WeMo light is turned on,", THEN turns off smart lights [ACTION_W].",LOCKED
IF co2 high,", THEN briefly toggles the lights off and on [ACTION_Z].",LOCKED
__UNMATCHED_TRIGGER__ this trigger fires when the price of electricity changes.,", THEN sets the color temperature of lights [ACTION_Y].",LOCKED
IF google assistant phrase,", THEN sets the color temperature of lights [ACTION_Y].",LOCKED
IF sunset approaching,", THEN turns on smart lights in [ACTION_X].",LOCKED
IF alexa custom phrase,", THEN changes the color of lights [ACTION_Y].",LOCKED
__UNMATCHED_TRIGGER__ this trigger fires every time your smartthings device is opened.,", THEN sets the color temperature of lights [ACTION_Y].",LOCKED
IF Android notification is received,", THEN toggles the lights on or off [ACTION_Y].",LOCKED
IF alexa custom phrase,", THEN turns off smart lights [ACTION_W].",LOCKED
IF daily schedule,", THEN turns off smart lights [ACTION_W].",LOCKED
__UNMATCHED_TRIGGER__ this trigger fires when a knx device or binary switch is turned off.,", THEN turns off smart lights [ACTION_W].",LOCKED
IF area exited,", THEN turns off smart lights [ACTION_W].",LOCKED
IF yearly schedule,", THEN sets the color temperature of lights [ACTION_Y].",LOCKED
IF generic button press,", THEN turns on a light switch [ACTION_Y].",LOCKED
IF motion detected,", THEN turns off smart lights [ACTION_W].",LOCKED
IF tomorrow weather change,", THEN sets the color temperature of lights [ACTION_Y].",LOCKED
IF alexa custom phrase,", THEN changes the color of lights [ACTION_Y].",LOCKED
IF daily schedule,", THEN turns off smart lights [ACTION_W].",LOCKED
IF google assistant phrase,", THEN turns on smart lights in [ACTION_X].",LOCKED
IF generic button press,", THEN sets the color temperature of lights [ACTION_Y].",LOCKED
IF alexa custom phrase,", THEN sets the color temperature of lights [ACTION_Y].",LOCKED
IF sunrise approaching,", THEN turns off smart lights [ACTION_W].",LOCKED
__UNMATCHED_TRIGGER__ this trigger fires when the remaining life of any of your filtrete smart air filter drops below your chosen percentage.,", THEN sets the color temperature of lights [ACTION_Y].",LOCKED
IF weekly schedule,", THEN turns on a light switch [ACTION_Y].",LOCKED
IF daily schedule,", THEN toggles lights based on current state in [ACTION_X].",LOCKED
IF google assistant phrase,", THEN turns on smart lights in [ACTION_X].",LOCKED
IF wifi connected,", THEN turns on smart lights in [ACTION_X].",LOCKED
IF google assistant phrase,", THEN turns off smart lights [ACTION_W].",LOCKED
IF area exited,", THEN turns off smart lights [ACTION_W].",LOCKED
IF alarm triggered,", THEN turns on smart lights in [ACTION_X].",LOCKED
IF dishwasher done,", THEN turns on smart lights in [ACTION_X].",LOCKED
IF alexa custom phrase,", THEN activates a lighting scene [ACTION_Y].",LOCKED
IF daily schedule,", THEN turns off smart lights [ACTION_W].",LOCKED
IF camera motion,", THEN turns on smart lights in [ACTION_X].",LOCKED
IF daily schedule,", THEN turns on smart lights in [ACTION_X].",LOCKED
IF sunset approaching,", THEN turns on smart lights in [ACTION_X].",LOCKED
IF temperature falls below a threshold,", THEN sets the color temperature of lights [ACTION_Y].",LOCKED
IF sunrise approaching,", THEN turns off smart lights [ACTION_W].",LOCKED
IF calendar event is upcoming,", THEN briefly toggles the lights off and on [ACTION_Z].",LOCKED
IF alexa custom phrase,", THEN turns off smart lights [ACTION_W].",LOCKED
IF WeMo light is turned on,", THEN turns on a light switch [ACTION_Y].",LOCKED
__UNMATCHED_TRIGGER__ this trigger fires every time the nest protect you specify detects warning smoke levels.,", THEN turns off a light switch [ACTION_W].",LOCKED
__UNMATCHED_TRIGGER__ this trigger fires when the scene in a room is changed.,", THEN turns off smart lights [ACTION_W].",LOCKED
IF alarm triggered,", THEN turns on smart lights in [ACTION_X].",LOCKED
__UNMATCHED_TRIGGER__ this trigger fires every time when your alarm panel is disarmed.,", THEN turns on smart lights [ACTION_X].",LOCKED
IF netatmo person detected,", THEN briefly toggles the lights off and on [ACTION_Z].",LOCKED
__UNMATCHED_TRIGGER__ this trigger fires every time a new item is added to the feed you specify.,", THEN triggers a light animation effect [ACTION_Z].",LOCKED
IF home away mode,", THEN turns off a light switch [ACTION_W].",LOCKED
IF google assistant phrase,", THEN turns off smart lights [ACTION_W].",LOCKED
__UNMATCHED_TRIGGER__ this trigger fires for an account that is on a dynamic pricing plan such as the residential hourly pricing program or other real time market rates whenever the average price changes.,", THEN sets the color temperature of lights [ACTION_Y].",LOCKED
IF google assistant phrase,", THEN turns off smart lights [ACTION_W].",LOCKED
IF alexa custom phrase,", THEN sets the color temperature of lights [ACTION_Y].",LOCKED
IF alexa custom phrase,", THEN turns off smart lights [ACTION_W].",LOCKED
IF sunset approaching,", THEN changes the color of lights [ACTION_Y].",LOCKED
__UNMATCHED_TRIGGER__ this triggers fires every time the child lock has deactivated.,", THEN briefly toggles the lights off and on [ACTION_Z].",LOCKED
IF alexa custom phrase,", THEN turns off smart lights [ACTION_W].",LOCKED
IF sunset approaching,", THEN turns on smart lights in [ACTION_X].",LOCKED
IF daily schedule,", THEN turns on smart lights in [ACTION_X].",LOCKED
IF wifi connected,", THEN turns on smart lights [ACTION_X].",LOCKED
IF Facebook status is posted,", THEN briefly toggles the lights off and on [ACTION_Z].",LOCKED
IF sunrise approaching,", THEN sets the color temperature of lights [ACTION_Y].",LOCKED
IF area entered,", THEN sets lights to a predefined scene [ACTION_Z].",LOCKED
__UNMATCHED_TRIGGER__ this trigger fires if you tap a gesture with a custom ifttt task matching the id of this trigger.,", THEN adjusts the brightness of lights [ACTION_Z].",LOCKED
IF sunset approaching,", THEN turns on smart lights in [ACTION_X].",LOCKED
IF alexa custom phrase,", THEN activates a lighting scene [ACTION_Y].",LOCKED
__UNMATCHED_TRIGGER__ this trigger fires every time the nest protect you specify detects warning smoke levels.,", THEN turns on smart lights in [ACTION_X].",LOCKED
IF WeMo light is turned on,", THEN turns on a light switch [ACTION_Y].",LOCKED
__UNMATCHED_TRIGGER__ this trigger fires every time your timer goes off.,", THEN triggers a light animation effect [ACTION_Z].",LOCKED
__UNMATCHED_TRIGGER__ this trigger fires every time you add an item to your to do list.,", THEN sets the color temperature of lights [ACTION_Y].",LOCKED
IF google assistant phrase,", THEN turns off smart lights [ACTION_W].",LOCKED
IF WeMo light is turned on,", THEN sets the color temperature of lights [ACTION_Y].",LOCKED
"__UNMATCHED_TRIGGER__ this trigger fires a set number of minutes before the starting time of an event on your calendar that contains a specific keyword or phrase in the event’s title, description, or location. ingredient will be based on the zone set in google.",", THEN sets the color temperature of lights [ACTION_Y].",LOCKED
IF yearly schedule,", THEN briefly toggles the lights off and on [ACTION_Z].",LOCKED
__UNMATCHED_TRIGGER__ this trigger fires every time your smartthings device's presence is detected.,", THEN turns on smart lights in [ACTION_X].",LOCKED
__UNMATCHED_TRIGGER__ this trigger fires when a motion sensor becomes clear.,", THEN turns off smart lights [ACTION_W].",LOCKED
IF weather condition change,", THEN sets the color temperature of lights [ACTION_Y].",LOCKED
IF netatmo person detected,", THEN turns on smart lights in [ACTION_X].",LOCKED
IF weekly schedule,", THEN turns on smart lights in [ACTION_X].",LOCKED
IF alexa custom phrase,", THEN changes the color of lights [ACTION_Y].",LOCKED
IF PIR detects person,", THEN sets the color temperature of lights [ACTION_Y].",LOCKED
__UNMATCHED_TRIGGER__ this trigger monitors changes in your thermostat's set temperature and fires if it exceeds a certain threshold.,", THEN turns off smart lights [ACTION_W].",LOCKED
"__UNMATCHED_TRIGGER__ this trigger fires every time your withings sleep detects that you get into bed, within the start and end time parameters that you specify.",", THEN turns off smart lights [ACTION_W].",LOCKED
__UNMATCHED_TRIGGER__ this trigger monitors changes in your thermostat's set temperature and fires whenever it changes.,", THEN briefly toggles the lights off and on [ACTION_Z].",LOCKED
__UNMATCHED_TRIGGER__ this trigger fires when the alarm for a specific mode is triggered.,", THEN turns on a light switch [ACTION_Y].",LOCKED
IF daily schedule,", THEN briefly toggles the lights off and on [ACTION_Z].",LOCKED
IF door locked,", THEN turns off smart lights [ACTION_W].",LOCKED
IF google assistant phrase,", THEN turns off smart lights [ACTION_W].",LOCKED
IF alexa custom phrase,", THEN briefly toggles the lights off and on [ACTION_Z].",LOCKED
IF daily schedule,", THEN turns off smart lights [ACTION_W].",LOCKED
IF alarm triggered,", THEN sets the color temperature of lights [ACTION_Y].",LOCKED
IF weather condition change,", THEN changes the color of lights [ACTION_Y].",LOCKED
IF area entered,", THEN turns on smart lights in [ACTION_X].",LOCKED
IF generic button press,", THEN turns off smart lights [ACTION_W].",LOCKED
IF area entered,", THEN turns on smart lights in [ACTION_X].",LOCKED
IF motion sensor is triggered,", THEN briefly toggles the lights off and on [ACTION_Z].",LOCKED
IF alexa custom phrase,", THEN changes the color of lights [ACTION_Y].",LOCKED
IF daily schedule,", THEN turns off smart lights [ACTION_W].",LOCKED
__UNMATCHED_TRIGGER__ this trigger fires every time you are tagged you in a new photo. note: facebook privacy settings may block ifttt’s access to some photos you are tagged in.,", THEN briefly toggles the lights off and on [ACTION_Z].",LOCKED
IF google assistant phrase,", THEN turns off smart lights [ACTION_W].",LOCKED
IF new public video is posted,", THEN adjusts the brightness of lights [ACTION_Z].",LOCKED
IF daily schedule,", THEN turns on smart lights in [ACTION_X].",LOCKED
__UNMATCHED_TRIGGER__ this trigger fires every time your wemo light switches off.,", THEN turns on smart lights [ACTION_X].",LOCKED
IF apilio event,", THEN turns on smart lights in [ACTION_X].",LOCKED
IF weekly schedule,", THEN turns off smart lights [ACTION_W].",LOCKED
IF temperature falls below a threshold,", THEN sets the color temperature of lights [ACTION_Y].",LOCKED
IF Arlo detects motion,", THEN briefly toggles the lights off and on [ACTION_Z].",LOCKED
IF an audio event is detected,", THEN turns on smart lights [ACTION_X].",LOCKED
IF generic button press,", THEN toggles the lights on or off [ACTION_Y].",LOCKED
IF alexa custom phrase,", THEN adjusts the brightness of lights [ACTION_W].",LOCKED
IF alexa custom phrase,", THEN turns on the light [ACTION_Y].",LOCKED
IF google assistant phrase,", THEN activates a lighting scene [ACTION_Y].",LOCKED
IF daily schedule,", THEN toggles lights based on current state in [ACTION_X].",LOCKED
__UNMATCHED_TRIGGER__ this trigger fires every time your fitbit logs new sleep.,", THEN sets the color temperature of lights [ACTION_Y].",LOCKED
IF alexa custom phrase,", THEN toggles the lights on or off [ACTION_Y].",LOCKED
IF generic button press,", THEN turns off smart lights [ACTION_W].",LOCKED
__UNMATCHED_TRIGGER__ this trigger fires every time your android device is plugged in.,", THEN turns off smart lights [ACTION_W].",LOCKED
IF daily schedule,", THEN turns off smart lights [ACTION_W].",LOCKED
IF away mode switched,", THEN turns off smart lights [ACTION_W].",LOCKED
IF camera motion,", THEN turns on smart lights in [ACTION_X].",LOCKED
__UNMATCHED_TRIGGER__ this trigger fires when you turn on the alarm in the livy app.,", THEN turns off smart lights [ACTION_W].",LOCKED
IF google assistant phrase,", THEN toggles the lights on or off [ACTION_Y].",LOCKED
IF daily schedule,", THEN turns on smart lights in [ACTION_X].",LOCKED
IF weekly schedule,", THEN turns on smart lights in [ACTION_X].",LOCKED
IF ifttt email trigger,", THEN briefly toggles the lights off and on [ACTION_Z].",LOCKED
__UNMATCHED_TRIGGER__ this trigger fires when an interesting event comes from a particular device. send events using particle.publish.,", THEN briefly toggles the lights off and on [ACTION_Z].",LOCKED
IF sunset approaching,", THEN adjusts the brightness of lights [ACTION_Z].",LOCKED
IF alexa custom phrase,", THEN sets the color temperature of lights [ACTION_Y].",LOCKED
IF sunset approaching,", THEN turns on smart lights in [ACTION_X].",LOCKED
IF alexa custom phrase,", THEN turns off smart lights [ACTION_W].",LOCKED
__UNMATCHED_TRIGGER__ this trigger fires every time your timer goes off.,", THEN power-cycles a smart switch in [ACTION_X].",LOCKED
IF daily schedule,", THEN turns off smart lights [ACTION_W].",LOCKED
IF apilio event,", THEN adjusts the brightness of lights [ACTION_Z].",LOCKED
IF new follower,", THEN sets the color temperature of lights [ACTION_Y].",LOCKED
IF an SMS is sent,", THEN toggles the lights on or off [ACTION_Y].",LOCKED
IF alexa custom phrase,", THEN sets the color temperature of lights [ACTION_Y].",LOCKED
IF sunrise approaching,", THEN turns off smart lights [ACTION_W].",LOCKED
__UNMATCHED_TRIGGER__ this trigger fires when you press a given button on your triby io.,", THEN toggles the lights on or off [ACTION_Y].",LOCKED
IF distance goal reached,", THEN briefly toggles the lights off and on [ACTION_Z].",LOCKED
IF watering executed,", THEN sets the color temperature of lights [ACTION_Y].",LOCKED
IF sunset approaching,", THEN toggles the lights on or off [ACTION_Y].",LOCKED
IF weekly schedule,", THEN adjusts the brightness of lights [ACTION_W].",LOCKED
__UNMATCHED_TRIGGER__ this trigger fires when there is a new membership for your channel.,", THEN triggers a light animation effect [ACTION_Z].",LOCKED
IF daily schedule,", THEN turns off a light switch [ACTION_W].",LOCKED
IF temperature rises above a threshold,", THEN turns on a light switch [ACTION_Y].",LOCKED
IF Arlo detects motion,", THEN turns on smart lights in [ACTION_X].",LOCKED
IF google assistant phrase,", THEN sets the color temperature of lights [ACTION_Y].",LOCKED
IF oven finished,", THEN briefly toggles the lights off and on [ACTION_Z].",LOCKED
IF weekly schedule,", THEN turns on smart lights in [ACTION_X].",LOCKED
IF daily schedule,", THEN sets the color temperature of lights [ACTION_Y].",LOCKED
IF area entered,", THEN turns on smart lights in [ACTION_X].",LOCKED
IF ihome button,", THEN turns off smart lights [ACTION_W].",LOCKED
IF google assistant phrase,", THEN changes the color of lights [ACTION_Y].",LOCKED
IF alexa custom phrase,", THEN sets the color temperature of lights [ACTION_Y].",LOCKED
IF google assistant phrase,", THEN turns off a light switch [ACTION_W].",LOCKED
__UNMATCHED_TRIGGER__ this trigger fires every time you add an item to your to do list.,", THEN turns off smart lights [ACTION_W].",LOCKED
IF motion detected,", THEN turns on smart lights [ACTION_X].",LOCKED
IF daily schedule,", THEN turns on smart lights in [ACTION_X].",LOCKED
IF alexa custom phrase,", THEN sets the brightness level of smart lights [ACTION_Z].",LOCKED
__UNMATCHED_TRIGGER__ this trigger fires every time the nest protect you specify detects dangerous carbon monoxide levels.,", THEN sets the color temperature of lights [ACTION_Y].",LOCKED
"__UNMATCHED_TRIGGER__ this trigger fires every time your myfox security system receives an alarm (detection, intrusion, silent alert, ...).",", THEN turns on smart lights in [ACTION_X].",LOCKED
IF lock unlocked by user,", THEN turns on smart lights in [ACTION_X].",LOCKED
IF an SMS is sent,", THEN briefly toggles the lights off and on [ACTION_Z].",LOCKED
IF area exited,", THEN turns off smart lights [ACTION_W].",LOCKED
IF google assistant phrase,", THEN activates a lighting scene [ACTION_Y].",LOCKED
IF weather condition change,", THEN sets the color temperature of lights [ACTION_Y].",LOCKED
IF sunset approaching,", THEN switches on the lights [ACTION_Z].",LOCKED
IF google assistant phrase,", THEN turns off smart lights [ACTION_W].",LOCKED
__UNMATCHED_TRIGGER__ this trigger fires every time the nest protect you specify detects dangerous smoke levels.,", THEN activates a lighting scene in [ACTION_X].",LOCKED
IF alexa custom phrase,", THEN changes the color of lights [ACTION_Y].",LOCKED
IF daily schedule,", THEN turns off smart lights [ACTION_W].",LOCKED
IF a YouTube video is liked,", THEN toggles the lights on or off [ACTION_Y].",LOCKED
IF weekly schedule,", THEN turns on smart lights in [ACTION_X].",LOCKED
__UNMATCHED_TRIGGER__ this trigger fires when a user sends a message with the /ifttt command and a key phrase to the source group.,", THEN sets lights to a predefined scene [ACTION_Z].",LOCKED
IF google assistant phrase,", THEN activates a lighting scene [ACTION_Y].",LOCKED
IF apilio event,", THEN turns on smart lights [ACTION_X].",LOCKED
IF sunset approaching,", THEN turns on smart lights in [ACTION_X].",LOCKED
IF alarm triggered,", THEN power-cycles a smart switch in [ACTION_X].",LOCKED
IF alexa custom phrase,", THEN turns on smart lights in [ACTION_X].",LOCKED
"__UNMATCHED_TRIGGER__ this trigger fires every time a song is played on amazon prime music. note: this trigger does not apply to songs provided by spotify, pandora, podcasts and sample clips.",", THEN sets the color temperature of lights [ACTION_Y].",LOCKED
IF daily schedule,", THEN turns off a light switch [ACTION_W].",LOCKED
IF daily schedule,", THEN turns on smart lights [ACTION_X].",LOCKED
__UNMATCHED_TRIGGER__ this trigger fires every time your cookit has finished successfully.,", THEN turns on the hood lighting [ACTION_Z].",LOCKED
IF daily schedule,", THEN turns off smart lights [ACTION_W].",LOCKED
IF withings motion detected,", THEN briefly toggles the lights off and on [ACTION_Z].",LOCKED
IF weather condition change,", THEN sets the color temperature of lights [ACTION_Y].",LOCKED
IF alexa custom phrase,", THEN sets the color temperature of lights [ACTION_Y].",LOCKED
__UNMATCHED_TRIGGER__ this trigger fires every time you check in to a venue in a specific category on foursquare or swarm. it only works with public check-ins.,", THEN turns on smart lights in [ACTION_X].",LOCKED
IF home away mode,", THEN turns on smart lights in [ACTION_X].",LOCKED
IF Facebook status is posted,", THEN sets the color temperature of lights [ACTION_Y].",LOCKED
IF camera motion,", THEN sets the color temperature of lights [ACTION_Y].",LOCKED
IF weather condition change,", THEN sets the color temperature of lights [ACTION_Y].",LOCKED
IF weekly schedule,", THEN turns on smart lights in [ACTION_X].",LOCKED
IF sunrise approaching,", THEN sets lights to a predefined scene [ACTION_Z].",LOCKED
IF google assistant phrase,", THEN turns off smart lights [ACTION_W].",LOCKED
IF calendar event is upcoming,", THEN sets the color temperature of lights [ACTION_Y].",LOCKED
IF daily schedule,", THEN turns off smart lights [ACTION_W].",LOCKED
__UNMATCHED_TRIGGER__ this trigger fires every time a new item is added to the feed you specify.,", THEN sets the color temperature of lights [ACTION_Y].",LOCKED
IF alexa custom phrase,", THEN turns on smart lights [ACTION_X].",LOCKED
IF area exited,", THEN turns off smart lights [ACTION_W].",LOCKED
__UNMATCHED_TRIGGER__ this trigger is fired from the assigned pusher on your festina watch.,", THEN toggles the lights on or off [ACTION_Y].",LOCKED
__UNMATCHED_TRIGGER__ this trigger fires every time your oven is turned on.,", THEN briefly toggles the lights off and on [ACTION_Z].",LOCKED
IF daily schedule,", THEN turns off smart lights [ACTION_W].",LOCKED
__UNMATCHED_TRIGGER__ this trigger fires every time somebody rings your ring doorbell.,", THEN triggers a light animation effect [ACTION_Z].",LOCKED
IF google assistant phrase,", THEN toggles the lights on or off [ACTION_Y].",LOCKED
IF weekly schedule,", THEN turns on smart lights in [ACTION_X].",LOCKED
IF wink button pressed,", THEN toggles lights based on current state in [ACTION_X].",LOCKED
IF quarter hour,", THEN toggles lights based on current state in [ACTION_X].",LOCKED
IF google assistant phrase,", THEN sets the color temperature of lights [ACTION_Y].",LOCKED
IF google assistant phrase,", THEN briefly toggles the lights off and on [ACTION_Z].",LOCKED
IF alexa custom phrase,", THEN changes the color of lights [ACTION_Y].",LOCKED
IF daily schedule,", THEN adjusts the brightness of lights [ACTION_W].",LOCKED
__UNMATCHED_TRIGGER__ this trigger fires every time your timer goes off.,", THEN sets the color temperature of lights [ACTION_Y].",LOCKED
IF generic button press,", THEN sets the color temperature of lights [ACTION_Y].",LOCKED
IF google assistant phrase,", THEN sets the color temperature of lights [ACTION_Y].",LOCKED
IF oven finished,", THEN activates a lighting scene [ACTION_Y].",LOCKED
IF sunset approaching,", THEN turns on a light switch [ACTION_Y].",LOCKED
IF area entered,", THEN turns on smart lights in [ACTION_X].",LOCKED
IF Android notification is received,", THEN turns off smart lights [ACTION_W].",LOCKED
IF sunrise approaching,", THEN turns off a light switch [ACTION_W].",LOCKED
IF daily schedule,", THEN turns on smart lights in [ACTION_X].",LOCKED
IF area entered,", THEN turns on smart lights in [ACTION_X].",LOCKED
IF weekly schedule,", THEN turns on smart lights [ACTION_X].",LOCKED
IF yearly schedule,", THEN sets the color temperature of lights [ACTION_Y].",LOCKED
IF alexa custom phrase,", THEN turns off smart lights [ACTION_W].",LOCKED
IF daily schedule,", THEN turns off smart lights [ACTION_W].",LOCKED
IF home home mode,", THEN briefly toggles the lights off and on [ACTION_Z].",LOCKED
IF ifttt hashtag email,", THEN turns off smart lights [ACTION_W].",LOCKED
IF washer done,", THEN briefly toggles the lights off and on [ACTION_Z].",LOCKED
IF apilio event,", THEN switches on the lights [ACTION_Z].",LOCKED
IF alexa custom phrase,", THEN turns on smart lights in [ACTION_X].",LOCKED
IF generic button press,", THEN turns off smart lights [ACTION_W].",LOCKED
IF daily schedule,", THEN turns off smart lights [ACTION_W].",LOCKED
IF generic button press,", THEN toggles the lights on or off [ACTION_Y].",LOCKED
IF daily schedule,", THEN turns on smart lights in [ACTION_X].",LOCKED
IF alexa custom phrase,", THEN triggers a light animation effect [ACTION_Z].",LOCKED
IF Arlo detects motion,", THEN turns on smart lights in [ACTION_X].",LOCKED
IF alexa custom phrase,", THEN turns off smart lights [ACTION_W].",LOCKED
IF generic button press,", THEN activates a lighting scene in [ACTION_X].",LOCKED
IF alexa custom phrase,", THEN turns off smart lights [ACTION_W].",LOCKED
__UNMATCHED_TRIGGER__ this trigger fires every time your hood is turned on.,", THEN turns on smart lights in [ACTION_X].",LOCKED
IF daily schedule,", THEN sets the brightness level of smart lights [ACTION_Z].",LOCKED
IF google assistant phrase,", THEN turns on smart lights in [ACTION_X].",LOCKED
IF sunset approaching,", THEN turns on smart lights in [ACTION_X].",LOCKED
IF sunrise approaching,", THEN turns off a light switch [ACTION_W].",LOCKED
IF weekly schedule,", THEN sets the color temperature of lights [ACTION_Y].",LOCKED
IF alexa custom phrase,", THEN turns on smart lights in [ACTION_X].",LOCKED
IF daily schedule,", THEN turns off smart lights [ACTION_W].",LOCKED
IF alexa custom phrase,", THEN toggles lights based on current state in [ACTION_X].",LOCKED
IF sunset approaching,", THEN turns on smart lights in [ACTION_X].",LOCKED
IF sunset approaching,", THEN turns on smart lights in [ACTION_X].",LOCKED
IF area entered,", THEN turns on the light [ACTION_Y].",LOCKED
IF alarm is triggered,", THEN briefly toggles the lights off and on [ACTION_Z].",LOCKED
IF sunset approaching,", THEN turns on smart lights in [ACTION_X].",LOCKED
__UNMATCHED_TRIGGER__ this trigger fires when a user sends a message with the /ifttt command and a key phrase to the source group.,", THEN turns off smart lights [ACTION_W].",LOCKED
IF sunset approaching,", THEN turns on smart lights in [ACTION_X].",LOCKED
IF apilio event,", THEN sets the color temperature of lights [ACTION_Y].",LOCKED
IF weekly schedule,", THEN adjusts the brightness of lights [ACTION_W].",LOCKED
IF generic button press,", THEN sets the color temperature of lights [ACTION_Y].",LOCKED
IF generic button press,", THEN activates a lighting scene [ACTION_Y].",LOCKED
IF daily schedule,", THEN turns off smart lights [ACTION_W].",LOCKED
__UNMATCHED_TRIGGER__ this trigger fires every time your ifttt tag on mesh app receives an input signal from the other tag.,", THEN turns off smart lights [ACTION_W].",LOCKED
__UNMATCHED_TRIGGER__ this trigger fires every time your oven door has been closed.,", THEN sets the color temperature of lights [ACTION_Y].",LOCKED
IF google assistant phrase,", THEN activates a lighting scene [ACTION_Y].",LOCKED
IF google assistant phrase,", THEN sets the color temperature of lights [ACTION_Y].",LOCKED
IF sunset approaching,", THEN turns on smart lights in [ACTION_X].",LOCKED
IF google assistant phrase,", THEN turns on smart lights in [ACTION_X].",LOCKED
IF sunrise approaching,", THEN turns off smart lights [ACTION_W].",LOCKED
IF google assistant phrase,", THEN turns on smart lights in [ACTION_X].",LOCKED
IF generic button press,", THEN sets the color temperature of lights [ACTION_Y].",LOCKED
IF daily schedule,", THEN changes the color of lights [ACTION_Y].",LOCKED
IF weekly schedule,", THEN briefly toggles the lights off and on [ACTION_Z].",LOCKED
IF area exited,", THEN turns off smart lights [ACTION_W].",LOCKED
IF google assistant phrase,", THEN sets the color temperature of lights [ACTION_Y].",LOCKED
IF Android notification is received,", THEN sets lights to a predefined scene [ACTION_Z].",LOCKED
IF daily schedule,", THEN toggles lights based on current state in [ACTION_X].",LOCKED
__UNMATCHED_TRIGGER__ this trigger fires every time the twitter user you specify tweets.,", THEN triggers a light animation effect [ACTION_Z].",LOCKED
IF quarter hour,", THEN turns off smart lights [ACTION_W].",LOCKED
IF generic button press,", THEN turns off smart lights [ACTION_W].",LOCKED
IF calendar event is upcoming,", THEN triggers a light animation effect [ACTION_Z].",LOCKED
IF sunrise approaching,", THEN turns off a light switch [ACTION_W].",LOCKED
IF sunrise approaching,", THEN toggles the lights on or off [ACTION_Y].",LOCKED
IF daily schedule,", THEN turns off smart lights [ACTION_W].",LOCKED
IF calendar event is upcoming,", THEN turns on a light switch [ACTION_Y].",LOCKED
IF area entered,", THEN turns on smart lights in [ACTION_X].",LOCKED
IF sunset approaching,", THEN turns on a light switch [ACTION_Y].",LOCKED
IF google assistant phrase,", THEN activates a lighting scene [ACTION_Y].",LOCKED
IF sunset approaching,", THEN turns on smart lights in [ACTION_X].",LOCKED
IF sunset approaching,", THEN adjusts the brightness of lights [ACTION_W].",LOCKED
IF area exited,", THEN turns off smart lights [ACTION_W].",LOCKED
IF sunset approaching,", THEN turns on smart lights in [ACTION_X].",LOCKED
IF alexa custom phrase,", THEN changes the color of lights [ACTION_Y].",LOCKED
IF parameter exceeds threshold,", THEN sets the color temperature of lights [ACTION_Y].",LOCKED
IF alexa custom phrase,", THEN turns on smart lights in [ACTION_X].",LOCKED
__UNMATCHED_TRIGGER__ this trigger fires when there is a new membership for your channel.,", THEN adjusts the brightness of lights [ACTION_Z].",LOCKED
IF sunset approaching,", THEN turns on smart lights [ACTION_X].",LOCKED
IF alexa custom phrase,", THEN turns on smart lights [ACTION_X].",LOCKED
IF google assistant phrase,", THEN sets the color temperature of lights [ACTION_Y].",LOCKED
__UNMATCHED_TRIGGER__ this trigger fires every time a device in your house turns on or off.,", THEN activates a lighting scene in [ACTION_X].",LOCKED
IF sunset approaching,", THEN turns on smart lights in [ACTION_X].",LOCKED
IF sunrise approaching,", THEN adjusts the brightness of lights [ACTION_W].",LOCKED
IF google assistant phrase,", THEN turns off smart lights [ACTION_W].",LOCKED
IF daily schedule,", THEN sets the color temperature of lights [ACTION_Y].",LOCKED
IF new playlist track,", THEN sets the color temperature of lights [ACTION_Y].",LOCKED
IF weekly schedule,", THEN sets the color temperature of lights [ACTION_Y].",LOCKED
IF new public video is posted,", THEN adjusts the brightness of lights [ACTION_Z].",LOCKED
IF tomorrow weather change,", THEN sets the color temperature of lights [ACTION_Y].",LOCKED
IF WeMo light is turned on,", THEN sets the color temperature of lights [ACTION_Y].",LOCKED
IF weekly schedule,", THEN briefly toggles the lights off and on [ACTION_Z].",LOCKED
IF daily schedule,", THEN activates a lighting scene [ACTION_Y].",LOCKED
IF weather condition change,", THEN sets the color temperature of lights [ACTION_Y].",LOCKED
IF generic button press,", THEN turns off smart lights [ACTION_W].",LOCKED
IF misfit double press,", THEN toggles the lights on or off [ACTION_Y].",LOCKED
IF area exited,", THEN turns off smart lights [ACTION_W].",LOCKED
IF calendar event is upcoming,", THEN toggles the lights on or off [ACTION_Y].",LOCKED
IF quarter hour,", THEN turns off smart lights [ACTION_W].",LOCKED
IF laundry is finished,", THEN sets the color temperature of lights [ACTION_Y].",LOCKED
IF weekly schedule,", THEN turns on smart lights [ACTION_X].",LOCKED
IF Arlo detects motion,", THEN sets the color temperature of lights [ACTION_Y].",LOCKED
IF area entered,", THEN turns on smart lights in [ACTION_X].",LOCKED
IF killed in Rust offline,", THEN briefly toggles the lights off and on [ACTION_Z].",LOCKED
__UNMATCHED_TRIGGER__ this trigger fires when you leave a room.,", THEN turns off smart lights [ACTION_W].",LOCKED
IF killed in Rust offline,", THEN briefly toggles the lights off and on [ACTION_Z].",LOCKED
IF google assistant phrase,", THEN turns off smart lights [ACTION_W].",LOCKED
IF instagram post,", THEN toggles the lights on or off [ACTION_Y].",LOCKED
__UNMATCHED_TRIGGER__ this trigger fires every time your skybell hd detects motions.,", THEN triggers a light animation effect [ACTION_Z].",LOCKED
IF alarm triggered,", THEN turns on smart lights [ACTION_X].",LOCKED
IF Facebook status is posted,", THEN briefly toggles the lights off and on [ACTION_Z].",LOCKED
IF sunset approaching,", THEN turns on smart lights in [ACTION_X].",LOCKED
IF google assistant phrase,", THEN toggles the lights on or off [ACTION_Y].",LOCKED
IF weekly schedule,", THEN briefly toggles the lights off and on [ACTION_Z].",LOCKED
__UNMATCHED_TRIGGER__ this trigger fires every time you add a new reminder.,", THEN briefly toggles the lights off and on [ACTION_Z].",LOCKED
IF yearly schedule,", THEN briefly toggles the lights off and on [ACTION_Z].",LOCKED
__UNMATCHED_TRIGGER__ this trigger fires every time an alarm is detected.,", THEN turns on smart lights in [ACTION_X].",LOCKED
IF WeMo light is turned on,", THEN turns off smart lights [ACTION_W].",LOCKED
__UNMATCHED_TRIGGER__ this trigger fires every time you are tagged you in a new photo. note: facebook privacy settings may block ifttt’s access to some photos you are tagged in.,", THEN triggers a light animation effect [ACTION_Z].",LOCKED
__UNMATCHED_TRIGGER__ this trigger fires when the state of selected door sensor is open or closed.,", THEN turns on smart lights in [ACTION_X].",LOCKED
__UNMATCHED_TRIGGER__ this trigger fires every time your timer goes off.,", THEN triggers a light animation effect [ACTION_Z].",LOCKED
__UNMATCHED_TRIGGER__ this trigger fires when there is a new membership for your channel.,", THEN adjusts the brightness of lights [ACTION_Z].",LOCKED
IF daily schedule,", THEN turns on smart lights in [ACTION_X].",LOCKED
IF daily schedule,", THEN turns on smart lights in [ACTION_X].",LOCKED
IF sunset approaching,", THEN turns on smart lights [ACTION_X].",LOCKED
__UNMATCHED_TRIGGER__ this trigger fires when the uv index rises above a given value.,", THEN turns off smart lights [ACTION_W].",LOCKED
IF sunrise approaching,", THEN sets the color temperature of lights [ACTION_Y].",LOCKED
IF google assistant phrase,", THEN toggles the lights on or off [ACTION_Y].",LOCKED
IF daily schedule,", THEN turns on smart lights in [ACTION_X].",LOCKED
IF yearly schedule,", THEN turns off smart lights [ACTION_W].",LOCKED
IF daily schedule,", THEN sets the color temperature of lights [ACTION_Y].",LOCKED
__UNMATCHED_TRIGGER__ this trigger fires every time a new item in the feed you specify contains a particular keyword or simple phrase.,", THEN sets the color temperature of lights [ACTION_Y].",LOCKED
IF google assistant phrase,", THEN activates a lighting scene [ACTION_Y].",LOCKED
IF sunset approaching,", THEN turns on smart lights in [ACTION_X].",LOCKED
IF sunset approaching,", THEN sets the color temperature of lights [ACTION_Y].",LOCKED
__UNMATCHED_TRIGGER__ this trigger fires every time your android device is plugged in.,", THEN turns off smart lights [ACTION_W].",LOCKED
IF area exited,", THEN turns on smart lights [ACTION_X].",LOCKED
__UNMATCHED_TRIGGER__ this trigger fires every time your ifttt tag on mesh app receives an input signal from the other tag.,", THEN turns off a light switch [ACTION_W].",LOCKED
__UNMATCHED_TRIGGER__ this trigger fires every time your timer goes off.,", THEN briefly toggles the lights off and on [ACTION_Z].",LOCKED
IF google assistant phrase,", THEN turns on smart lights in [ACTION_X].",LOCKED
IF daily schedule,", THEN toggles the lights on or off [ACTION_Y].",LOCKED
IF alexa custom phrase,", THEN sets the color temperature of lights [ACTION_Y].",LOCKED
IF ifttt email trigger,", THEN briefly toggles the lights off and on [ACTION_Z].",LOCKED
IF area entered,", THEN turns on a light switch [ACTION_Y].",LOCKED
IF google assistant phrase,", THEN turns off smart lights [ACTION_W].",LOCKED
IF daily schedule,", THEN turns on smart lights [ACTION_X].",LOCKED
IF door panel is opened,", THEN turns on smart lights in [ACTION_X].",LOCKED
__UNMATCHED_TRIGGER__ this trigger fires every time you like a tweet.,", THEN sets the color temperature of lights [ACTION_Y].",LOCKED
IF daily schedule,", THEN briefly toggles the lights off and on [ACTION_Z].",LOCKED
IF co2 high,", THEN turns on smart lights in [ACTION_X].",LOCKED
__UNMATCHED_TRIGGER__ this trigger fires when an event is triggered from your litter robot. ie. clean cycle completes,", THEN sets the color temperature of lights [ACTION_Y].",LOCKED
IF robot cleaning done,", THEN turns off smart lights [ACTION_W].",LOCKED
IF weekly schedule,", THEN turns on smart lights [ACTION_X].",LOCKED
IF daily schedule,", THEN turns off a light switch [ACTION_W].",LOCKED
IF alexa custom phrase,", THEN turns off a light switch [ACTION_W].",LOCKED
__UNMATCHED_TRIGGER__ this trigger fires every time your myfox security system is disarmed.,", THEN briefly toggles the lights off and on [ACTION_Z].",LOCKED
__UNMATCHED_TRIGGER__ this trigger fires every time your smartthings device senses motion.,", THEN turns on the hood lighting [ACTION_Z].",LOCKED
IF sunset approaching,", THEN turns on smart lights in [ACTION_X].",LOCKED
IF Arlo detects motion,", THEN turns on smart lights in [ACTION_X].",LOCKED
__UNMATCHED_TRIGGER__ this trigger fires every time a smoke sensor senses smoke.,", THEN turns on smart lights in [ACTION_X].",LOCKED
IF weekly schedule,", THEN turns on a light switch [ACTION_Y].",LOCKED
IF wifi disconnected,", THEN turns off smart lights [ACTION_W].",LOCKED
IF WeMo light is turned on,", THEN sets the color temperature of lights [ACTION_Y].",LOCKED
IF area entered,", THEN sets lights to a predefined scene [ACTION_Z].",LOCKED
IF home away mode,", THEN toggles the lights on or off [ACTION_Y].",LOCKED
__UNMATCHED_TRIGGER__ this trigger fires every time your timer goes off.,", THEN triggers a light animation effect [ACTION_Z].",LOCKED
IF order is cooking,", THEN sets the color temperature of lights [ACTION_Y].",LOCKED
__UNMATCHED_TRIGGER__ this trigger fires every time your smartthings device senses motion.,", THEN turns on smart lights in [ACTION_X].",LOCKED
IF sunset approaching,", THEN activates a lighting scene [ACTION_Y].",LOCKED
IF area exited,", THEN sets the color temperature of lights [ACTION_Y].",LOCKED
IF weekly schedule,", THEN sets the color temperature of lights [ACTION_Y].",LOCKED
IF sunset approaching,", THEN triggers a light animation effect [ACTION_Z].",LOCKED
IF sunset approaching,", THEN adjusts the brightness of lights [ACTION_W].",LOCKED
IF sunrise approaching,", THEN turns off smart lights [ACTION_W].",LOCKED
IF google assistant phrase,", THEN adjusts the brightness of lights [ACTION_W].",LOCKED
__UNMATCHED_TRIGGER__ this trigger fires every time the nest protect you specify detects dangerous smoke levels.,", THEN turns on smart lights [ACTION_X].",LOCKED
IF google assistant phrase,", THEN toggles the lights on or off [ACTION_Y].",LOCKED
IF sms received,", THEN triggers a light animation effect [ACTION_Z].",LOCKED
IF google assistant phrase,", THEN turns on smart lights in [ACTION_X].",LOCKED
IF alexa custom phrase,", THEN activates a lighting scene [ACTION_Y].",LOCKED
IF daily schedule,", THEN changes the color of lights [ACTION_Y].",LOCKED
IF Facebook status is posted,", THEN briefly toggles the lights off and on [ACTION_Z].",LOCKED
__UNMATCHED_TRIGGER__ this trigger fires every time your smartthings device's presence is detected.,", THEN turns on smart lights in [ACTION_X].",LOCKED
__UNMATCHED_TRIGGER__ this trigger fires every time your thermostat is nearly out of battery.,", THEN briefly toggles the lights off and on [ACTION_Z].",LOCKED
IF sunset approaching,", THEN turns on smart lights in [ACTION_X].",LOCKED
IF daily schedule,", THEN turns off smart lights [ACTION_W].",LOCKED
IF google assistant phrase,", THEN sets the color temperature of lights [ACTION_Y].",LOCKED
IF alexa custom phrase,", THEN activates a lighting scene [ACTION_Y].",LOCKED
IF area entered,", THEN turns on smart lights in [ACTION_X].",LOCKED
IF yearly schedule,", THEN sets the color temperature of lights [ACTION_Y].",LOCKED
IF sunset approaching,", THEN adjusts the brightness of lights [ACTION_W].",LOCKED
IF weather condition change,", THEN sets the color temperature of lights [ACTION_Y].",LOCKED
__UNMATCHED_TRIGGER__ this trigger fires every time you add an item to your to do list.,", THEN sets the color temperature of lights [ACTION_Y].",LOCKED
IF order is out for delivery,", THEN sets the color temperature of lights [ACTION_Y].",LOCKED
IF sunset approaching,", THEN adjusts the brightness of lights [ACTION_W].",LOCKED
IF weather condition change,", THEN sets the color temperature of lights [ACTION_Y].",LOCKED
IF temperature rises above a threshold,", THEN sets the color temperature of lights [ACTION_Y].",LOCKED
__UNMATCHED_TRIGGER__ this trigger fires every time the clock timer on your oven has elapsed.,", THEN activates a lighting scene [ACTION_Y].",LOCKED
IF area exited,", THEN turns off smart lights [ACTION_W].",LOCKED
__UNMATCHED_TRIGGER__ this trigger fires when there is a new membership for your channel.,", THEN adjusts the brightness of lights [ACTION_Z].",LOCKED
IF doorbell motion,", THEN turns on a light switch [ACTION_Y].",LOCKED
IF daily schedule,", THEN adjusts the brightness of lights [ACTION_Z].",LOCKED
IF weather condition change,", THEN turns on smart lights in [ACTION_X].",LOCKED
IF order is ready,", THEN briefly toggles the lights off and on [ACTION_Z].",LOCKED
IF ifttt email trigger,", THEN briefly toggles the lights off and on [ACTION_Z].",LOCKED
IF generic button press,", THEN turns off smart lights [ACTION_W].",LOCKED
IF generic button press,", THEN turns on the light [ACTION_Y].",LOCKED
IF area exited,", THEN turns off smart lights [ACTION_W].",LOCKED
IF sunset approaching,", THEN turns on smart lights in [ACTION_X].",LOCKED
IF ifttt email trigger,", THEN briefly toggles the lights off and on [ACTION_Z].",LOCKED
IF sunset approaching,", THEN turns on smart lights in [ACTION_X].",LOCKED
IF area exited,", THEN turns off smart lights [ACTION_W].",LOCKED
IF smoke is detected,", THEN briefly toggles the lights off and on [ACTION_Z].",LOCKED
__UNMATCHED_TRIGGER__ this trigger fires every time someone locks the door with lock 'n' go by pressing the button on the smart lock twice.,", THEN turns off smart lights [ACTION_W].",LOCKED
IF alexa custom phrase,", THEN turns on smart lights in [ACTION_X].",LOCKED
IF superchat received,", THEN adjusts the brightness of lights [ACTION_Z].",LOCKED
IF sms received,", THEN triggers a light animation effect [ACTION_Z].",LOCKED
IF google assistant phrase,", THEN turns on smart lights in [ACTION_X].",LOCKED
IF alexa custom phrase,", THEN turns off smart lights [ACTION_W].",LOCKED
IF daily schedule,", THEN turns off smart lights [ACTION_W].",LOCKED
__UNMATCHED_TRIGGER__ this trigger fires every time a new item is added to the feed you specify.,", THEN briefly toggles the lights off and on [ACTION_Z].",LOCKED
IF pollen is high,", THEN briefly toggles the lights off and on [ACTION_Z].",LOCKED
IF alexa custom phrase,", THEN sets the color temperature of lights [ACTION_Y].",LOCKED
IF alarm triggered,", THEN briefly toggles the lights off and on [ACTION_Z].",LOCKED
IF google assistant phrase,", THEN turns on smart lights in [ACTION_X].",LOCKED
"__UNMATCHED_TRIGGER__ this trigger fires every time your withings sleep detects that you get into bed, within the start and end time parameters that you specify.",", THEN turns off smart lights [ACTION_W].",LOCKED
IF sunrise approaching,", THEN turns off smart lights [ACTION_W].",LOCKED
IF withings motion detected,", THEN turns on smart lights in [ACTION_X].",LOCKED
IF alexa custom phrase,", THEN sets the color temperature of lights [ACTION_Y].",LOCKED
IF yearly schedule,", THEN sets the color temperature of lights [ACTION_Y].",LOCKED
__UNMATCHED_TRIGGER__ this trigger fires when a task is completed.,", THEN briefly toggles the lights off and on [ACTION_Z].",LOCKED
IF alexa custom phrase,", THEN toggles the lights on or off [ACTION_Y].",LOCKED
IF weekly schedule,", THEN turns on smart lights in [ACTION_X].",LOCKED
__UNMATCHED_TRIGGER__ this trigger is fired from the assigned pusher on your kronaby watch.,", THEN toggles the lights on or off [ACTION_Y].",LOCKED
IF area exited,", THEN turns off smart lights [ACTION_W].",LOCKED
IF alarm is triggered,", THEN sets the color temperature of lights [ACTION_Y].",LOCKED
__UNMATCHED_TRIGGER__ this trigger fires when adaptors detect intrusion,", THEN triggers a light animation effect [ACTION_Z].",LOCKED
IF an SMS is received,", THEN sets the color temperature of lights [ACTION_Y].",LOCKED
IF area entered,", THEN turns on smart lights in [ACTION_X].",LOCKED
IF google assistant phrase,", THEN turns off smart lights [ACTION_W].",LOCKED
IF quarter hour,", THEN triggers a light animation effect [ACTION_Z].",LOCKED
IF sunset approaching,", THEN turns on smart lights in [ACTION_X].",LOCKED
IF yearly schedule,", THEN sets the color temperature of lights [ACTION_Y].",LOCKED
IF area entered,", THEN turns on smart lights in [ACTION_X].",LOCKED
IF weather condition change,", THEN sets the color temperature of lights [ACTION_Y].",LOCKED
__UNMATCHED_TRIGGER__ this trigger fires every time your roxxter has started.,", THEN briefly toggles the lights off and on [ACTION_Z].",LOCKED
IF google assistant phrase,", THEN turns on smart lights [ACTION_X].",LOCKED
IF alexa custom phrase,", THEN turns off smart lights [ACTION_W].",LOCKED
IF weekly schedule,", THEN activates a lighting scene [ACTION_Y].",LOCKED
IF prayer time occurs,", THEN sets the color temperature of lights [ACTION_Y].",LOCKED
IF google assistant phrase,", THEN toggles the lights on or off [ACTION_Y].",LOCKED
IF yearly schedule,", THEN turns off smart lights [ACTION_W].",LOCKED
IF lock locked by user,", THEN turns off smart lights [ACTION_W].",LOCKED
IF YouTube video is uploaded,", THEN adjusts the brightness of lights [ACTION_W].",LOCKED
IF area entered,", THEN sets the color temperature of lights [ACTION_Y].",LOCKED
__UNMATCHED_TRIGGER__ this trigger fires if you tap a gesture with a custom ifttt task matching the id of this trigger.,", THEN sets lights to a predefined scene [ACTION_Z].",LOCKED
IF yearly schedule,", THEN sets the color temperature of lights [ACTION_Y].",LOCKED
__UNMATCHED_TRIGGER__ this trigger fires every time your wemo switch is turned on.,", THEN turns on smart lights in [ACTION_X].",LOCKED
IF sunset approaching,", THEN adjusts the brightness of lights [ACTION_W].",LOCKED
IF daily schedule,", THEN sets the color temperature of lights [ACTION_Y].",LOCKED
IF daily schedule,", THEN turns on smart lights [ACTION_X].",LOCKED
IF ifttt email trigger,", THEN adjusts the brightness of lights [ACTION_W].",LOCKED
IF weather condition change,", THEN triggers a light animation effect [ACTION_Z].",LOCKED
__UNMATCHED_TRIGGER__ this trigger fires whenever a motion sensor detects movement nearby.,", THEN turns on smart lights in [ACTION_X].",LOCKED
__UNMATCHED_TRIGGER__ this trigger fires every time someone unknown rings the doorbell connected to the opener.,", THEN briefly toggles the lights off and on [ACTION_Z].",LOCKED
IF generic button press,", THEN activates a lighting scene [ACTION_Y].",LOCKED
IF sunrise approaching,", THEN turns on smart lights in [ACTION_X].",LOCKED
__UNMATCHED_TRIGGER__ this trigger fires when a motion sensor becomes clear.,", THEN turns off smart lights [ACTION_W].",LOCKED
IF sunset approaching,", THEN turns on smart lights in [ACTION_X].",LOCKED
IF sunset approaching,", THEN adjusts the brightness of lights [ACTION_W].",LOCKED
__UNMATCHED_TRIGGER__ this trigger fires every time you create a new link post on facebook.,", THEN briefly toggles the lights off and on [ACTION_Z].",LOCKED
IF lock unlocked,", THEN power-cycles a smart switch in [ACTION_X].",LOCKED
IF alexa custom phrase,", THEN switches on the lights [ACTION_Z].",LOCKED
IF Arlo detects motion,", THEN briefly toggles the lights off and on [ACTION_Z].",LOCKED
IF google assistant phrase,", THEN turns on smart lights in [ACTION_X].",LOCKED
IF generic button press,", THEN sets the color temperature of lights [ACTION_Y].",LOCKED
IF sunset approaching,", THEN turns on smart lights in [ACTION_X].",LOCKED
IF daily schedule,", THEN turns on smart lights in [ACTION_X].",LOCKED
IF WeMo light is turned off,", THEN turns off smart lights [ACTION_W].",LOCKED
IF daily schedule,", THEN turns off smart lights [ACTION_W].",LOCKED
IF yearly schedule,", THEN sets the color temperature of lights [ACTION_Y].",LOCKED
IF quarter hour,", THEN briefly toggles the lights off and on [ACTION_Z].",LOCKED
__UNMATCHED_TRIGGER__ this trigger fires every time the nest protect you specify detects warning smoke levels.,", THEN turns on smart lights in [ACTION_X].",LOCKED
IF google assistant phrase,", THEN turns off smart lights [ACTION_W].",LOCKED
IF daily schedule,", THEN toggles the lights on or off [ACTION_Y].",LOCKED
IF daily schedule,", THEN turns off smart lights [ACTION_W].",LOCKED
IF wifi disconnected,", THEN turns off smart lights [ACTION_W].",LOCKED
IF alarm is triggered,", THEN sets the color temperature of lights [ACTION_Y].",LOCKED
IF temperature rises above a threshold,", THEN turns on smart lights in [ACTION_X].",LOCKED
IF daily schedule,", THEN turns on smart lights [ACTION_X].",LOCKED
IF an audio event is detected,", THEN briefly toggles the lights off and on [ACTION_Z].",LOCKED
IF alexa custom phrase,", THEN sets the color temperature of lights [ACTION_Y].",LOCKED
__UNMATCHED_TRIGGER__ this trigger fires every time somebody rings your ring doorbell.,", THEN activates a lighting scene in [ACTION_X].",LOCKED
IF Arlo detects motion,", THEN sets the color temperature of lights [ACTION_Y].",LOCKED
__UNMATCHED_TRIGGER__ this trigger fires every time your timer goes off.,", THEN sets lights to a predefined scene [ACTION_Z].",LOCKED
__UNMATCHED_TRIGGER__ this trigger fires when there is a new membership for your channel.,", THEN adjusts the brightness of lights [ACTION_Z].",LOCKED
IF github issue closed,", THEN briefly toggles the lights off and on [ACTION_Z].",LOCKED
IF area entered,", THEN turns on smart lights in [ACTION_X].",LOCKED
IF weather condition change,", THEN sets the color temperature of lights [ACTION_Y].",LOCKED
IF washer done,", THEN briefly toggles the lights off and on [ACTION_Z].",LOCKED
IF kettle boiled,", THEN sets the color temperature of lights [ACTION_Y].",LOCKED
IF area exited,", THEN turns off a light switch [ACTION_W].",LOCKED
IF sms received,", THEN briefly toggles the lights off and on [ACTION_Z].",LOCKED
IF daily schedule,", THEN turns on smart lights in [ACTION_X].",LOCKED
IF radon is high,", THEN sets the color temperature of lights [ACTION_Y].",LOCKED
IF google assistant phrase,", THEN turns off smart lights [ACTION_W].",LOCKED
__UNMATCHED_TRIGGER__ this trigger fires every time a new photo is added to your camera roll.,", THEN briefly toggles the lights off and on [ACTION_Z].",LOCKED
IF generic button press,", THEN turns off smart lights [ACTION_W].",LOCKED
"__UNMATCHED_TRIGGER__ this trigger fires every time your myfox security system receives an alarm (detection, intrusion, silent alert, ...).",", THEN sets the color temperature of lights [ACTION_Y].",LOCKED
IF apilio event,", THEN sets the color temperature of lights [ACTION_Y].",LOCKED
IF alexa custom phrase,", THEN sets the color temperature of lights [ACTION_Y].",LOCKED
IF weather condition change,", THEN sets the color temperature of lights [ACTION_Y].",LOCKED
IF sunset approaching,", THEN sets the color temperature of lights [ACTION_Y].",LOCKED
IF sunset approaching,", THEN adjusts the brightness of lights [ACTION_W].",LOCKED
IF water heater energy high,", THEN turns on smart lights in [ACTION_X].",LOCKED
__UNMATCHED_TRIGGER__ this trigger fires when there is a new membership for your channel.,", THEN sets the color temperature of lights [ACTION_Y].",LOCKED
IF new public video is posted,", THEN toggles the lights on or off [ACTION_Y].",LOCKED
IF alexa custom phrase,", THEN changes the color of lights [ACTION_Y].",LOCKED
__UNMATCHED_TRIGGER__ this trigger fires when your ewelink support 1-channel switch is turned on or off.,", THEN turns on smart lights in [ACTION_X].",LOCKED
IF daily schedule,", THEN briefly toggles the lights off and on [ACTION_Z].",LOCKED
IF alexa custom phrase,", THEN sets the color temperature of lights [ACTION_Y].",LOCKED
__UNMATCHED_TRIGGER__ this trigger fires every time you are tagged you in a new photo. note: facebook privacy settings may block ifttt’s access to some photos you are tagged in.,", THEN triggers a light animation effect [ACTION_Z].",LOCKED
__UNMATCHED_TRIGGER__ this trigger fires every time your smartthings device senses motion.,", THEN briefly toggles the lights off and on [ACTION_Z].",LOCKED
__UNMATCHED_TRIGGER__ this trigger fires every time your smartthings device's presence is detected.,", THEN turns on smart lights in [ACTION_X].",LOCKED
__UNMATCHED_TRIGGER__ this trigger fires every time when a person is detected.,", THEN turns on smart lights in [ACTION_X].",LOCKED
IF wifi connected,", THEN sets lights to a predefined scene [ACTION_Z].",LOCKED
IF ifttt hashtag email,", THEN sets the color temperature of lights [ACTION_Y].",LOCKED
__UNMATCHED_TRIGGER__ this trigger fires when there is a new membership for your channel.,", THEN adjusts the brightness of lights [ACTION_Z].",LOCKED
__UNMATCHED_TRIGGER__ this trigger fires when time-of-day peak rates start or end.,", THEN sets the color temperature of lights [ACTION_Y].",LOCKED
IF alexa custom phrase,", THEN changes the color of lights [ACTION_Y].",LOCKED
IF alexa custom phrase,", THEN turns off smart lights [ACTION_W].",LOCKED
IF temperature falls below a threshold,", THEN sets the color temperature of lights [ACTION_Y].",LOCKED
IF camera motion,", THEN turns on smart lights in [ACTION_X].",LOCKED
__UNMATCHED_TRIGGER__ this trigger fires every time somebody rings your ring doorbell.,", THEN sets the color temperature of lights [ACTION_Y].",LOCKED
IF sunset approaching,", THEN sets the color temperature of lights [ACTION_Y].",LOCKED
IF sunset approaching,", THEN turns on smart lights in [ACTION_X].",LOCKED
IF google assistant phrase,", THEN turns off smart lights [ACTION_W].",LOCKED
IF alexa custom phrase,", THEN turns on the light [ACTION_Y].",LOCKED
IF area entered,", THEN sets the color temperature of lights [ACTION_Y].",LOCKED
__UNMATCHED_TRIGGER__ this trigger fires every time you are tagged you in a new photo. note: facebook privacy settings may block ifttt’s access to some photos you are tagged in.,", THEN briefly toggles the lights off and on [ACTION_Z].",LOCKED
IF sunset approaching,", THEN turns on smart lights in [ACTION_X].",LOCKED
IF quarter hour,", THEN briefly toggles the lights off and on [ACTION_Z].",LOCKED
IF daily schedule,", THEN turns on smart lights [ACTION_X].",LOCKED
IF sunset approaching,", THEN turns on smart lights [ACTION_X].",LOCKED
__UNMATCHED_TRIGGER__ send ifttt a tagged sms by adding a hashtag symbol anywhere in the message (e.g. #ifttt).,", THEN briefly toggles the lights off and on [ACTION_Z].",LOCKED
IF daily schedule,", THEN turns off smart lights [ACTION_W].",LOCKED
IF daily schedule,", THEN changes the color of lights [ACTION_Y].",LOCKED
IF temperature falls below a threshold,", THEN toggles the lights on or off [ACTION_Y].",LOCKED
IF alexa custom phrase,", THEN turns off smart lights [ACTION_W].",LOCKED
IF mentioned on Twitter,", THEN triggers a light animation effect [ACTION_Z].",LOCKED
IF alexa custom phrase,", THEN turns on smart lights in [ACTION_X].",LOCKED
IF alarm triggered,", THEN toggles the lights on or off [ACTION_Y].",LOCKED
IF camera motion,", THEN turns on a light switch [ACTION_Y].",LOCKED
IF Facebook status is posted,", THEN briefly toggles the lights off and on [ACTION_Z].",LOCKED
IF alexa custom phrase,", THEN turns on smart lights [ACTION_X].",LOCKED
IF away mode switched,", THEN turns off smart lights [ACTION_W].",LOCKED
IF alarm triggered,", THEN sets lights to a predefined scene [ACTION_Z].",LOCKED
__UNMATCHED_TRIGGER__ this trigger fires every time your dishwasher door has been opened.,", THEN activates a lighting scene [ACTION_Y].",LOCKED
IF air quality is low,", THEN briefly toggles the lights off and on [ACTION_Z].",LOCKED
IF sunrise approaching,", THEN turns on smart lights in [ACTION_X].",LOCKED
IF daily schedule,", THEN turns off smart lights [ACTION_W].",LOCKED
IF ifttt email trigger,", THEN briefly toggles the lights off and on [ACTION_Z].",LOCKED
IF doorbell motion,", THEN sets the color temperature of lights [ACTION_Y].",LOCKED
__UNMATCHED_TRIGGER__ this trigger fires every time the button is pressed on your skybell hd.,", THEN turns on smart lights in [ACTION_X].",LOCKED
IF alexa custom phrase,", THEN turns off smart lights [ACTION_W].",LOCKED
IF google assistant phrase,", THEN briefly toggles the lights off and on [ACTION_Z].",LOCKED
IF alexa custom phrase,", THEN turns off smart lights [ACTION_W].",LOCKED
IF sunset approaching,", THEN turns on smart lights in [ACTION_X].",LOCKED
IF mentioned on Twitter,", THEN briefly toggles the lights off and on [ACTION_Z].",LOCKED
IF google assistant phrase,", THEN activates a lighting scene [ACTION_Y].",LOCKED
IF area entered,", THEN turns on smart lights [ACTION_X].",LOCKED
IF today weather report,", THEN sets the color temperature of lights [ACTION_Y].",LOCKED
IF meeting starts,", THEN changes the color of lights [ACTION_Y].",LOCKED
IF alexa custom phrase,", THEN changes the color of lights [ACTION_Y].",LOCKED
__UNMATCHED_TRIGGER__ this trigger fires at the hours where electricity in denmark is cheap.,", THEN sets the color temperature of lights [ACTION_Y].",LOCKED
IF alarm triggered,", THEN briefly toggles the lights off and on [ACTION_Z].",LOCKED
__UNMATCHED_TRIGGER__ this trigger fires every time your ge washer finishes a cycle.,", THEN briefly toggles the lights off and on [ACTION_Z].",LOCKED
IF weather condition change,", THEN sets the color temperature of lights [ACTION_Y].",LOCKED
__UNMATCHED_TRIGGER__ this trigger fires every time your timer goes off.,", THEN sets the color temperature of lights [ACTION_Y].",LOCKED
IF daily schedule,", THEN turns on smart lights in [ACTION_X].",LOCKED
IF temperature falls below a threshold,", THEN turns on smart lights in [ACTION_X].",LOCKED
IF doorbell motion,", THEN turns on smart lights in [ACTION_X].",LOCKED
IF sunset approaching,", THEN turns on smart lights [ACTION_X].",LOCKED
IF weekly schedule,", THEN turns on smart lights [ACTION_X].",LOCKED
IF wifi disconnected,", THEN turns off smart lights [ACTION_W].",LOCKED
IF temperature falls below a threshold,", THEN changes the color of lights [ACTION_Y].",LOCKED
IF yearly schedule,", THEN sets the color temperature of lights [ACTION_Y].",LOCKED
__UNMATCHED_TRIGGER__ this trigger fires every time an event matches the specified criteria.,", THEN turns on smart lights in [ACTION_X].",LOCKED
IF google assistant phrase,", THEN sets the color temperature of lights [ACTION_Y].",LOCKED
IF ifttt hashtag email,", THEN turns off a light switch [ACTION_W].",LOCKED
IF calendar event is upcoming,", THEN briefly toggles the lights off and on [ACTION_Z].",LOCKED
IF alexa custom phrase,", THEN changes the color of lights [ACTION_Y].",LOCKED
IF alexa custom phrase,", THEN sets the color temperature of lights [ACTION_Y].",LOCKED
IF new public video is posted,", THEN adjusts the brightness of lights [ACTION_Z].",LOCKED
__UNMATCHED_TRIGGER__ this trigger fires when there is a new membership for your channel.,", THEN adjusts the brightness of lights [ACTION_Z].",LOCKED
__UNMATCHED_TRIGGER__ this trigger fires if you tap a gesture with a custom ifttt task matching the id of this trigger.,", THEN toggles the lights on or off [ACTION_Y].",LOCKED
__UNMATCHED_TRIGGER__ this trigger fires every time your wemo light switches on.,", THEN turns on smart lights [ACTION_X].",LOCKED
IF area entered,", THEN turns on a light switch [ACTION_Y].",LOCKED
IF ifttt email trigger,", THEN sets the color temperature of lights [ACTION_Y].",LOCKED
IF doorbell motion,", THEN turns on smart lights in [ACTION_X].",LOCKED
IF google assistant phrase,", THEN turns on smart lights in [ACTION_X].",LOCKED
IF daily schedule,", THEN turns off smart lights [ACTION_W].",LOCKED
IF today weather report,", THEN sets the color temperature of lights [ACTION_Y].",LOCKED
IF daily schedule,", THEN turns off smart lights [ACTION_W].",LOCKED
__UNMATCHED_TRIGGER__ this trigger fires every time the twitter user you specify tweets.,", THEN sets the color temperature of lights [ACTION_Y].",LOCKED
IF quarter hour,", THEN triggers a light animation effect [ACTION_Z].",LOCKED
IF area exited,", THEN turns off a light switch [ACTION_Y].",LOCKED
__UNMATCHED_TRIGGER__ this trigger fires every time you are tagged you in a new photo. note: facebook privacy settings may block ifttt’s access to some photos you are tagged in.,", THEN briefly toggles the lights off and on [ACTION_Z].",LOCKED
IF generic button press,", THEN sets the color temperature of lights [ACTION_Y].",LOCKED
IF weekly schedule,", THEN sets the color temperature of lights [ACTION_Y].",LOCKED
IF door locked,", THEN turns on smart lights in [ACTION_X].",LOCKED
__UNMATCHED_TRIGGER__ this trigger fires every time you complete an item on your to do list.,", THEN adjusts the brightness of lights [ACTION_W].",LOCKED
__UNMATCHED_TRIGGER__ this trigger fires every time you log sleep above the target hours you specify.,", THEN turns on smart lights in [ACTION_X].",LOCKED
IF daily schedule,", THEN turns off smart lights [ACTION_W].",LOCKED
IF daily schedule,", THEN turns on smart lights in [ACTION_X].",LOCKED
__UNMATCHED_TRIGGER__ this trigger fires when your mui board turned on night mode.,", THEN turns off smart lights [ACTION_W].",LOCKED
IF WeMo light is turned on,", THEN turns off a light switch [ACTION_W].",LOCKED
IF asus device connect,", THEN briefly toggles the lights off and on [ACTION_Z].",LOCKED
__UNMATCHED_TRIGGER__ this trigger fires when the cost of the device attached to your wemo insight switch rises above the daily value you specify.,", THEN sets the color temperature of lights [ACTION_Y].",LOCKED
__UNMATCHED_TRIGGER__ this trigger fires every time a new tweet matches your search query. note: limited to 15 tweets per check.,", THEN briefly toggles the lights off and on [ACTION_Z].",LOCKED
IF google assistant phrase,", THEN sets lights to a predefined scene [ACTION_Z].",LOCKED
IF an audio event is detected,", THEN adjusts the brightness of lights [ACTION_W].",LOCKED
IF google assistant phrase,", THEN sets the color temperature of lights [ACTION_Y].",LOCKED
__UNMATCHED_TRIGGER__ this trigger fires every time you are tagged you in a new photo. note: facebook privacy settings may block ifttt’s access to some photos you are tagged in.,", THEN triggers a light animation effect [ACTION_Z].",LOCKED
IF noise threshold exceeded,", THEN briefly toggles the lights off and on [ACTION_Z].",LOCKED
IF sunrise approaching,", THEN turns off a light switch [ACTION_Y].",LOCKED
__UNMATCHED_TRIGGER__ this trigger fires every time you are tagged you in a new photo. note: facebook privacy settings may block ifttt’s access to some photos you are tagged in.,", THEN briefly toggles the lights off and on [ACTION_Z].",LOCKED
IF daily schedule,", THEN turns off the hood lighting [ACTION_W].",LOCKED
__UNMATCHED_TRIGGER__ this trigger fires every time the nest protect you specify detects dangerous carbon monoxide levels.,", THEN turns on smart lights [ACTION_X].",LOCKED
IF misfit double press,", THEN toggles the lights on or off [ACTION_Y].",LOCKED
IF sunrise approaching,", THEN sets lights to a predefined scene [ACTION_Z].",LOCKED
IF flic clicked,", THEN turns off smart lights [ACTION_W].",LOCKED
IF generic button press,", THEN toggles the lights on or off [ACTION_Y].",LOCKED
__UNMATCHED_TRIGGER__ this trigger fires every time you add a new reminder.,", THEN briefly toggles the lights off and on [ACTION_Z].",LOCKED
__UNMATCHED_TRIGGER__ this trigger fires every time the nest protect you specify detects warning smoke levels.,", THEN briefly toggles the lights off and on [ACTION_Z].",LOCKED
IF daily schedule,", THEN turns on smart lights [ACTION_X].",LOCKED
IF area entered,", THEN turns on smart lights [ACTION_X].",LOCKED
IF oven finished,", THEN briefly toggles the lights off and on [ACTION_Z].",LOCKED
__UNMATCHED_TRIGGER__ this trigger fires every time the clock timer on your cooktop has elapsed.,", THEN briefly toggles the lights off and on [ACTION_Z].",LOCKED
IF sunset approaching,", THEN activates a lighting scene in [ACTION_X].",LOCKED
IF sunrise approaching,", THEN turns off smart lights [ACTION_W].",LOCKED
__UNMATCHED_TRIGGER__ this trigger fires every time the nest protect you specify detects dangerous carbon monoxide levels.,", THEN turns on smart lights in [ACTION_X].",LOCKED
IF sunset approaching,", THEN sets the color temperature of lights [ACTION_Y].",LOCKED
IF an SMS is received,", THEN sets the color temperature of lights [ACTION_Y].",LOCKED
IF daily schedule,", THEN turns off smart lights [ACTION_W].",LOCKED
IF temperature rises above a threshold,", THEN sets the color temperature of lights [ACTION_Y].",LOCKED
IF alexa custom phrase,", THEN changes the color of lights [ACTION_Y].",LOCKED
IF generic button press,", THEN adjusts the brightness of lights [ACTION_W].",LOCKED
__UNMATCHED_TRIGGER__ this trigger fires for an account that is on a dynamic pricing plan such as the residential hourly pricing program or other real time market rates whenever the average price changes.,", THEN sets the color temperature of lights [ACTION_Y].",LOCKED
IF sunrise approaching,", THEN sets the color temperature of lights [ACTION_Y].",LOCKED
IF area entered,", THEN turns on a light switch [ACTION_Y].",LOCKED
IF withings motion detected,", THEN turns on smart lights in [ACTION_X].",LOCKED
__UNMATCHED_TRIGGER__ this trigger fires every time you log sleep above the target hours you specify.,", THEN turns on smart lights in [ACTION_X].",LOCKED
IF new follower,", THEN toggles the lights on or off [ACTION_Y].",LOCKED
IF generic button press,", THEN turns on smart lights in [ACTION_X].",LOCKED
IF Caavo search performed,", THEN adjusts the brightness of lights [ACTION_W].",LOCKED
IF alarm triggered,", THEN turns on smart lights in [ACTION_X].",LOCKED
IF area entered,", THEN briefly toggles the lights off and on [ACTION_Z].",LOCKED
IF flic clicked,", THEN toggles the lights on or off [ACTION_Y].",LOCKED
IF Arlo detects motion,", THEN turns on smart lights in [ACTION_X].",LOCKED
IF a tweet is posted,", THEN sets the color temperature of lights [ACTION_Y].",LOCKED
__UNMATCHED_TRIGGER__ this trigger fires every time your smartthings device is switched on.,", THEN turns on smart lights [ACTION_X].",LOCKED
IF weekly schedule,", THEN turns on a light switch in [ACTION_X].",LOCKED
__UNMATCHED_TRIGGER__ this trigger fires every time you submit any new note.,", THEN sets the color temperature of lights [ACTION_Y].",LOCKED
IF sunrise approaching,", THEN turns off a light switch [ACTION_W].",LOCKED
IF sunset approaching,", THEN turns on smart lights in [ACTION_X].",LOCKED
IF alexa custom phrase,", THEN sets the color temperature of lights [ACTION_Y].",LOCKED
IF calendar event is upcoming,", THEN sets the color temperature of lights [ACTION_Y].",LOCKED
__UNMATCHED_TRIGGER__ this trigger fires every time the nest protect you specify detects warning smoke levels.,", THEN sets the color temperature of lights [ACTION_Y].",LOCKED
IF daily schedule,", THEN turns off smart lights [ACTION_W].",LOCKED
__UNMATCHED_TRIGGER__ this trigger fires every time your timer goes off.,", THEN sets the color temperature of lights [ACTION_Y].",LOCKED
IF area exited,", THEN turns off smart lights [ACTION_W].",LOCKED
IF ifttt email trigger,", THEN turns on smart lights in [ACTION_X].",LOCKED
__UNMATCHED_TRIGGER__ this trigger fires when your smanos system is armed to away mode with no one in the house.,", THEN turns off smart lights [ACTION_W].",LOCKED
IF alexa custom phrase,", THEN sets the color temperature of lights [ACTION_Y].",LOCKED
IF noise threshold exceeded,", THEN sets the color temperature of lights [ACTION_Y].",LOCKED
IF yearly schedule,", THEN sets the color temperature of lights [ACTION_Y].",LOCKED
IF sunset approaching,", THEN turns on smart lights in [ACTION_X].",LOCKED
__UNMATCHED_TRIGGER__ this trigger fires when you send an ifttt-command from your xtactor wristband.,", THEN toggles the lights on or off [ACTION_Y].",LOCKED
IF area entered,", THEN sets lights to a predefined scene [ACTION_Z].",LOCKED
IF flic clicked,", THEN toggles lights based on current state in [ACTION_X].",LOCKED
IF google assistant phrase,", THEN turns on smart lights in [ACTION_X].",LOCKED
IF tomorrow weather change,", THEN sets the color temperature of lights [ACTION_Y].",LOCKED
IF wemo motion detected,", THEN turns on smart lights [ACTION_X].",LOCKED
IF ifttt hashtag email,", THEN sets the color temperature of lights [ACTION_Y].",LOCKED
IF sunrise approaching,", THEN turns off smart lights [ACTION_W].",LOCKED
IF alexa custom phrase,", THEN turns on the hood lighting [ACTION_Z].",LOCKED
__UNMATCHED_TRIGGER__ this trigger fires every time the you ask alexa what's on your to do list.,", THEN toggles the lights on or off [ACTION_Y].",LOCKED
IF Android notification is received,", THEN turns on smart lights in [ACTION_X].",LOCKED
__UNMATCHED_TRIGGER__ this trigger fires every time your timer goes off.,", THEN briefly toggles the lights off and on [ACTION_Z].",LOCKED
__UNMATCHED_TRIGGER__ this trigger fires every time the humidity drops below a percentage you specify.,", THEN turns on smart lights in [ACTION_X].",LOCKED
IF Arlo detects motion,", THEN briefly toggles the lights off and on [ACTION_Z].",LOCKED
IF generic button press,", THEN activates a lighting scene [ACTION_Y].",LOCKED
IF daily schedule,", THEN adjusts the brightness of lights [ACTION_W].",LOCKED
"__UNMATCHED_TRIGGER__ this trigger fires every time a song is played on amazon prime music. note: this trigger does not apply to songs provided by spotify, pandora, podcasts and sample clips.",", THEN turns on smart lights in [ACTION_X].",LOCKED
IF alexa custom phrase,", THEN toggles the lights on or off [ACTION_Y].",LOCKED
IF weight logged,", THEN briefly toggles the lights off and on [ACTION_Z].",LOCKED
IF yearly schedule,", THEN sets the color temperature of lights [ACTION_Y].",LOCKED
IF generic button press,", THEN toggles the lights on or off [ACTION_Y].",LOCKED
IF wemo motion detected,", THEN toggles the lights on or off [ACTION_Y].",LOCKED
IF sunrise approaching,", THEN turns off smart lights [ACTION_W].",LOCKED
IF sunset approaching,", THEN turns on smart lights in [ACTION_X].",LOCKED
IF yearly schedule,", THEN briefly toggles the lights off and on [ACTION_Z].",LOCKED
IF google assistant phrase,", THEN turns off a light switch [ACTION_W].",LOCKED
IF google assistant phrase,", THEN activates a lighting scene [ACTION_Y].",LOCKED
IF area exited,", THEN turns off a light switch [ACTION_W].",LOCKED
IF flic clicked,", THEN activates a lighting scene [ACTION_Y].",LOCKED
IF sunset approaching,", THEN turns on smart lights in [ACTION_X].",LOCKED
__UNMATCHED_TRIGGER__ this trigger fires every time your smartthings device's presence is detected.,", THEN turns on smart lights in [ACTION_X].",LOCKED
IF google assistant phrase,", THEN activates a lighting scene [ACTION_Y].",LOCKED
IF Caavo search performed,", THEN adjusts the brightness of lights [ACTION_W].",LOCKED
IF google assistant phrase,", THEN turns off smart lights [ACTION_W].",LOCKED
IF prayer time occurs,", THEN turns on smart lights in [ACTION_X].",LOCKED
IF BART delay,", THEN briefly toggles the lights off and on [ACTION_Z].",LOCKED
IF daily schedule,", THEN turns on smart lights in [ACTION_X].",LOCKED
IF Android notification is received,", THEN briefly toggles the lights off and on [ACTION_Z].",LOCKED
IF google assistant phrase,", THEN toggles the lights on or off [ACTION_Y].",LOCKED
IF Facebook status is posted,", THEN sets the color temperature of lights [ACTION_Y].",LOCKED
IF google assistant phrase,", THEN activates a lighting scene [ACTION_Y].",LOCKED
IF sunset approaching,", THEN turns on smart lights in [ACTION_X].",LOCKED
IF google assistant phrase,", THEN adjusts the brightness of lights [ACTION_W].",LOCKED
IF yearly schedule,", THEN briefly toggles the lights off and on [ACTION_Z].",LOCKED
__UNMATCHED_TRIGGER__ this trigger fires if you tap a gesture with a custom ifttt task matching the id of this trigger.,", THEN toggles the lights on or off [ACTION_Y].",LOCKED
__UNMATCHED_TRIGGER__ this trigger fires every time your skybell hd detects motions.,", THEN turns on smart lights in [ACTION_X].",LOCKED
IF alexa custom phrase,", THEN turns on smart lights in [ACTION_X].",LOCKED
IF alexa custom phrase,", THEN turns off smart lights [ACTION_W].",LOCKED
__UNMATCHED_TRIGGER__ this trigger fires every time you start a live event on vimeo. note: vimeo's live api is available only to vimeo enterprise customers.,", THEN activates a lighting scene [ACTION_Y].",LOCKED
IF alarm triggered,", THEN briefly toggles the lights off and on [ACTION_Z].",LOCKED
IF battery is low,", THEN triggers a light animation effect [ACTION_Z].",LOCKED
__UNMATCHED_TRIGGER__ this trigger fires every time a new tweet matches your search query. note: limited to 15 tweets per check.,", THEN sets the color temperature of lights [ACTION_Y].",LOCKED
IF today weather report,", THEN turns on smart lights in [ACTION_X].",LOCKED
__UNMATCHED_TRIGGER__ this trigger fires every time you take a photo with the front camera.,", THEN turns on smart lights in [ACTION_X].",LOCKED
__UNMATCHED_TRIGGER__ this trigger fires when no one of a user group is detected in or nearby your network.,", THEN turns off smart lights [ACTION_W].",LOCKED
IF alexa custom phrase,", THEN changes the color of lights [ACTION_Y].",LOCKED
IF alarm triggered,", THEN briefly toggles the lights off and on [ACTION_Z].",LOCKED
IF yearly schedule,", THEN turns off smart lights [ACTION_W].",LOCKED
IF sunset approaching,", THEN changes the color of lights [ACTION_Y].",LOCKED
__UNMATCHED_TRIGGER__ this trigger fires every time the button is pressed on your skybell hd.,", THEN briefly toggles the lights off and on [ACTION_Z].",LOCKED
IF google assistant phrase,", THEN turns on smart lights [ACTION_X].",LOCKED
__UNMATCHED_TRIGGER__ this trigger fires when your livy protect device reports a fire or motion alarm.,", THEN triggers a light animation effect [ACTION_Z].",LOCKED
IF out of bed,", THEN turns off smart lights [ACTION_W].",LOCKED
IF camera motion,", THEN turns on smart lights in [ACTION_X].",LOCKED
IF weekly schedule,", THEN turns on smart lights in [ACTION_X].",LOCKED
IF motion sensor is triggered,", THEN turns on smart lights in [ACTION_X].",LOCKED
IF prayer time occurs,", THEN briefly toggles the lights off and on [ACTION_Z].",LOCKED
IF sunset approaching,", THEN turns on smart lights in [ACTION_X].",LOCKED
IF generic button press,", THEN sets lights to a predefined scene [ACTION_Z].",LOCKED
IF tomorrow weather change,", THEN sets the color temperature of lights [ACTION_Y].",LOCKED
IF weekly schedule,", THEN sets the color temperature of lights [ACTION_Y].",LOCKED
IF wifi disconnected,", THEN turns off smart lights [ACTION_W].",LOCKED
IF quarter hour,", THEN briefly toggles the lights off and on [ACTION_Z].",LOCKED
__UNMATCHED_TRIGGER__ this trigger fires every time somebody rings your ring doorbell.,", THEN briefly toggles the lights off and on [ACTION_Z].",LOCKED
IF daily schedule,", THEN turns off smart lights [ACTION_W].",LOCKED
IF alexa custom phrase,", THEN changes the color of lights [ACTION_Y].",LOCKED
IF sunset approaching,", THEN activates a lighting scene in [ACTION_X].",LOCKED
IF weekly schedule,", THEN turns on smart lights in [ACTION_X].",LOCKED
__UNMATCHED_TRIGGER__ this trigger fires when the specified product turns off.,", THEN turns off the light [ACTION_W].",LOCKED
"__UNMATCHED_TRIGGER__ this trigger fires when you are scheduled to be in sleep mode and somebody is at home.
note: smartgeo™ needs to be active",", THEN turns off smart lights [ACTION_W].",LOCKED
IF alexa custom phrase,", THEN adjusts the brightness of lights [ACTION_W].",LOCKED
__UNMATCHED_TRIGGER__ this trigger fires every time your fitbit logs new sleep.,", THEN turns off smart lights [ACTION_W].",LOCKED
IF smoke is detected,", THEN sets the color temperature of lights [ACTION_Y].",LOCKED
__UNMATCHED_TRIGGER__ this trigger fires every time a new item is added to the feed you specify.,", THEN briefly toggles the lights off and on [ACTION_Z].",LOCKED
IF camera motion,", THEN sets the color temperature of lights [ACTION_Y].",LOCKED
IF WeMo light is turned on,", THEN adjusts the brightness of lights [ACTION_W].",LOCKED
IF sunset approaching,", THEN turns on a light switch [ACTION_Y].",LOCKED
IF alarm triggered,", THEN adjusts the brightness of lights [ACTION_W].",LOCKED
__UNMATCHED_TRIGGER__ this trigger fires when a user is detected in or nearby your network.,", THEN turns on smart lights [ACTION_X].",LOCKED
IF WeMo light is turned on,", THEN turns off a light switch [ACTION_W].",LOCKED
IF weekly schedule,", THEN triggers a light animation effect [ACTION_Z].",LOCKED
IF google assistant phrase,", THEN sets the color temperature of lights [ACTION_Y].",LOCKED
IF washer done,", THEN briefly toggles the lights off and on [ACTION_Z].",LOCKED
IF weekly schedule,", THEN sets the color temperature of lights [ACTION_Y].",LOCKED
IF daily schedule,", THEN changes the color of lights [ACTION_Y].",LOCKED
__UNMATCHED_TRIGGER__ this trigger fires if you tap a gesture with a custom ifttt task matching the id of this trigger.,", THEN sets the color temperature of lights [ACTION_Y].",LOCKED
IF daily schedule,", THEN turns off smart lights [ACTION_W].",LOCKED
__UNMATCHED_TRIGGER__ this trigger fires every time somebody rings your ring doorbell.,", THEN turns on smart lights [ACTION_X].",LOCKED
IF sunset approaching,", THEN sets the color temperature of lights [ACTION_Y].",LOCKED
IF quarter hour,", THEN turns on smart lights in [ACTION_X].",LOCKED
__UNMATCHED_TRIGGER__ this trigger fires every time your fitbit logs new sleep.,", THEN turns on smart lights [ACTION_X].",LOCKED
IF Wyze detects motion,", THEN turns on smart lights in [ACTION_X].",LOCKED
IF weather condition change,", THEN sets the color temperature of lights [ACTION_Y].",LOCKED
IF area entered,", THEN turns on smart lights [ACTION_X].",LOCKED
IF weekly schedule,", THEN turns on smart lights in [ACTION_X].",LOCKED
__UNMATCHED_TRIGGER__ this trigger monitors changes in your thermostat's measured temperature and fires if it exceeds a certain threshold.,", THEN sets the color temperature of lights [ACTION_Y].",LOCKED
IF google assistant phrase,", THEN turns off smart lights [ACTION_W].",LOCKED
__UNMATCHED_TRIGGER__ this trigger fires every time you are tagged you in a new photo. note: facebook privacy settings may block ifttt’s access to some photos you are tagged in.,", THEN adjusts the brightness of lights [ACTION_W].",LOCKED
__UNMATCHED_TRIGGER__ this trigger fires every time the nest protect you specify detects dangerous smoke levels.,", THEN turns on smart lights [ACTION_X].",LOCKED
IF weather condition change,", THEN sets the color temperature of lights [ACTION_Y].",LOCKED
IF sunrise approaching,", THEN turns off smart lights [ACTION_W].",LOCKED
IF generic button press,", THEN toggles the lights on or off [ACTION_Y].",LOCKED
IF wifi connected,", THEN turns on smart lights in [ACTION_X].",LOCKED
__UNMATCHED_TRIGGER__ this trigger fires when an alarm event occurs.,", THEN briefly toggles the lights off and on [ACTION_Z].",LOCKED
IF alexa custom phrase,", THEN sets the color temperature of lights [ACTION_Y].",LOCKED
IF weather condition change,", THEN sets the color temperature of lights [ACTION_Y].",LOCKED
IF weekly schedule,", THEN changes the color of lights [ACTION_Y].",LOCKED
IF alexa custom phrase,", THEN sets the color temperature of lights [ACTION_Y].",LOCKED
IF area exited,", THEN turns off smart lights [ACTION_W].",LOCKED
IF doorbell motion,", THEN turns on smart lights in [ACTION_X].",LOCKED
IF weather condition change,", THEN turns on a light switch [ACTION_Y].",LOCKED
IF motion detected,", THEN turns off smart lights [ACTION_W].",LOCKED
__UNMATCHED_TRIGGER__ this trigger fires every time you create a new status message on your facebook page.,", THEN briefly toggles the lights off and on [ACTION_Z].",LOCKED
IF Wyze detects motion,", THEN turns on smart lights [ACTION_X].",LOCKED
IF sunset approaching,", THEN turns on smart lights in [ACTION_X].",LOCKED
IF sunset approaching,", THEN turns on smart lights [ACTION_X].",LOCKED
IF quarter hour,", THEN turns off smart lights [ACTION_W].",LOCKED
IF yearly schedule,", THEN power-cycles a smart switch in [ACTION_X].",LOCKED
IF camera motion,", THEN turns on the light [ACTION_Y].",LOCKED
IF generic button press,", THEN turns on smart lights in [ACTION_X].",LOCKED
IF daily schedule,", THEN turns on smart lights in [ACTION_X].",LOCKED
IF generic button press,", THEN sets the color temperature of lights [ACTION_Y].",LOCKED
IF dryer finished,", THEN turns on the hood lighting [ACTION_Z].",LOCKED
IF flic clicked,", THEN turns off smart lights [ACTION_W].",LOCKED
IF WeMo light is turned off,", THEN turns off smart lights [ACTION_W].",LOCKED
IF google assistant phrase,", THEN turns off smart lights [ACTION_W].",LOCKED
IF door locked,", THEN turns off smart lights [ACTION_W].",LOCKED
IF sunset approaching,", THEN sets lights to a predefined scene [ACTION_Z].",LOCKED
IF google assistant phrase,", THEN activates a lighting scene [ACTION_Y].",LOCKED
IF ifttt hashtag email,", THEN toggles the lights on or off [ACTION_Y].",LOCKED
IF a call is received,", THEN triggers a light animation effect [ACTION_Z].",LOCKED
IF temperature rises above a threshold,", THEN sets the color temperature of lights [ACTION_Y].",LOCKED
__UNMATCHED_TRIGGER__ this trigger fires every time the nest protect you specify detects warning smoke levels.,", THEN triggers a light animation effect [ACTION_Z].",LOCKED
IF co2 low,", THEN sets the color temperature of lights [ACTION_Y].",LOCKED
__UNMATCHED_TRIGGER__ this trigger fires every time the twitter user you specify tweets.,", THEN briefly toggles the lights off and on [ACTION_Z].",LOCKED
IF flic clicked,", THEN turns on smart lights in [ACTION_X].",LOCKED
IF alarm triggered,", THEN toggles the lights on or off [ACTION_Y].",LOCKED
IF weekly schedule,", THEN turns on smart lights in [ACTION_X].",LOCKED
IF generic button press,", THEN toggles the lights on or off [ACTION_Y].",LOCKED
IF weather condition change,", THEN changes the color of lights [ACTION_Y].",LOCKED
IF today weather report,", THEN sets the color temperature of lights [ACTION_Y].",LOCKED
IF generic button press,", THEN sets the color temperature of lights [ACTION_Y].",LOCKED
__UNMATCHED_TRIGGER__ this trigger fires every time you click a button on thinga.,", THEN turns on smart lights in [ACTION_X].",LOCKED
IF flic clicked,", THEN triggers a light animation effect [ACTION_Z].",LOCKED
IF google assistant phrase,", THEN turns on smart lights [ACTION_X].",LOCKED
IF weather condition change,", THEN sets the color temperature of lights [ACTION_Y].",LOCKED
IF daily schedule,", THEN turns off smart lights [ACTION_W].",LOCKED
__UNMATCHED_TRIGGER__ this trigger fires when the co₂ level for a specific devices exceeded a specified threshold.,", THEN sets the color temperature of lights [ACTION_Y].",LOCKED
__UNMATCHED_TRIGGER__ this trigger fires every time you have a new weight from your withings scale.,", THEN turns off smart lights [ACTION_W].",LOCKED
__UNMATCHED_TRIGGER__ this trigger fires every time your smartthings device is opened.,", THEN turns on smart lights in [ACTION_X].",LOCKED
IF new public video is posted,", THEN adjusts the brightness of lights [ACTION_Z].",LOCKED
IF sunrise approaching,", THEN turns off smart lights [ACTION_W].",LOCKED
__UNMATCHED_TRIGGER__ this trigger fires ever time the gust speed rises above a value you specify.,", THEN sets the color temperature of lights [ACTION_Y].",LOCKED
IF daily schedule,", THEN turns off smart lights [ACTION_W].",LOCKED
__UNMATCHED_TRIGGER__ this trigger fires every time your smartthings device senses motion.,", THEN briefly toggles the lights off and on [ACTION_Z].",LOCKED
IF alexa custom phrase,", THEN turns on smart lights in [ACTION_X].",LOCKED
IF sunrise approaching,", THEN turns off smart lights [ACTION_W].",LOCKED
IF daily schedule,", THEN turns on smart lights in [ACTION_X].",LOCKED
IF area entered,", THEN triggers a light animation effect [ACTION_Z].",LOCKED
IF area entered,", THEN turns on smart lights in [ACTION_X].",LOCKED
IF generic button press,", THEN sets the color temperature of lights [ACTION_Y].",LOCKED
IF weekly schedule,", THEN turns on smart lights in [ACTION_X].",LOCKED
IF motion sensor is triggered,", THEN turns on smart lights in [ACTION_X].",LOCKED
IF alexa custom phrase,", THEN sets the color temperature of lights [ACTION_Y].",LOCKED
IF alexa custom phrase,", THEN sets the color temperature of lights [ACTION_Y].",LOCKED
IF alexa custom phrase,", THEN sets the color temperature of lights [ACTION_Y].",LOCKED
__UNMATCHED_TRIGGER__ this trigger fires every time your hood is turned off.,", THEN turns off smart lights [ACTION_W].",LOCKED
IF google assistant phrase,", THEN turns off smart lights [ACTION_W].",LOCKED
IF WeMo light is turned on,", THEN turns off a light switch [ACTION_W].",LOCKED
IF withings motion detected,", THEN briefly toggles the lights off and on [ACTION_Z].",LOCKED
IF weather condition change,", THEN sets the color temperature of lights [ACTION_Y].",LOCKED
IF daily schedule,", THEN turns off smart lights [ACTION_W].",LOCKED
IF sunset approaching,", THEN turns on smart lights in [ACTION_X].",LOCKED
__UNMATCHED_TRIGGER__ this trigger fires every time the nest protect you specify detects warning smoke levels.,", THEN briefly toggles the lights off and on [ACTION_Z].",LOCKED
IF google assistant phrase,", THEN turns off smart lights [ACTION_W].",LOCKED
IF alarm triggered,", THEN briefly toggles the lights off and on [ACTION_Z].",LOCKED
IF google assistant phrase,", THEN turns on smart lights in [ACTION_X].",LOCKED
IF apilio event,", THEN switches off the lights [ACTION_W].",LOCKED
IF generic button press,", THEN turns on smart lights [ACTION_X].",LOCKED
__UNMATCHED_TRIGGER__ this trigger fires every time you add a new reminder.,", THEN briefly toggles the lights off and on [ACTION_Z].",LOCKED
IF weekly schedule,", THEN briefly toggles the lights off and on [ACTION_Z].",LOCKED
IF lock unlocked by user,", THEN turns on smart lights [ACTION_X].",LOCKED
IF quarter hour,", THEN turns off smart lights [ACTION_W].",LOCKED
IF new public video is posted,", THEN adjusts the brightness of lights [ACTION_Z].",LOCKED
__UNMATCHED_TRIGGER__ this trigger fires during alarms,", THEN briefly toggles the lights off and on [ACTION_Z].",LOCKED
IF weekly schedule,", THEN switches on the lights [ACTION_Z].",LOCKED
__UNMATCHED_TRIGGER__ this trigger fires every time your ecobee light switch is turned off.,", THEN turns off a light switch [ACTION_Y].",LOCKED
IF alexa custom phrase,", THEN sets the color temperature of lights [ACTION_Y].",LOCKED
IF sunset approaching,", THEN turns on smart lights in [ACTION_X].",LOCKED
IF new playlist track,", THEN sets the color temperature of lights [ACTION_Y].",LOCKED
IF daily schedule,", THEN sets the color temperature of lights [ACTION_Y].",LOCKED
IF alexa custom phrase,", THEN adjusts the brightness of lights [ACTION_W].",LOCKED
IF alarm triggered,", THEN triggers a light animation effect [ACTION_Z].",LOCKED
IF google assistant phrase,", THEN toggles the lights on or off [ACTION_Y].",LOCKED
IF ifttt hashtag email,", THEN turns off smart lights [ACTION_W].",LOCKED
__UNMATCHED_TRIGGER__ this trigger fires 30 minutes after the end of a wash cycle.,", THEN sets the color temperature of lights [ACTION_Y].",LOCKED
IF new playlist track,", THEN sets the color temperature of lights [ACTION_Y].",LOCKED
IF motion is detected,", THEN turns on smart lights [ACTION_X].",LOCKED
IF area entered,", THEN turns on a light switch [ACTION_Y].",LOCKED
IF daily schedule,", THEN turns off smart lights [ACTION_W].",LOCKED
IF sunset approaching,", THEN turns on smart lights in [ACTION_X].",LOCKED
IF weather condition change,", THEN triggers a light animation effect [ACTION_Z].",LOCKED
IF daily schedule,", THEN turns off smart lights [ACTION_W].",LOCKED
IF google assistant phrase,", THEN turns on smart lights in [ACTION_X].",LOCKED
IF sunset approaching,", THEN turns on smart lights in [ACTION_X].",LOCKED
IF google assistant phrase,", THEN turns on smart lights [ACTION_X].",LOCKED
IF daily schedule,", THEN turns off smart lights [ACTION_W].",LOCKED
IF prayer time occurs,", THEN sets the color temperature of lights [ACTION_Y].",LOCKED
IF camera motion,", THEN briefly toggles the lights off and on [ACTION_Z].",LOCKED
"__UNMATCHED_TRIGGER__ this trigger fires when a door opens, closes, or moves.",", THEN activates a lighting scene in [ACTION_X].",LOCKED
IF google assistant phrase,", THEN sets the color temperature of lights [ACTION_Y].",LOCKED
IF alexa custom phrase,", THEN sets the color temperature of lights [ACTION_Y].",LOCKED
IF daily schedule,", THEN adjusts the brightness of lights [ACTION_Z].",LOCKED
IF weather condition change,", THEN sets the color temperature of lights [ACTION_Y].",LOCKED
IF sunset approaching,", THEN turns on smart lights in [ACTION_X].",LOCKED
__UNMATCHED_TRIGGER__ this trigger fires every time you check in to a venue in a specific category on foursquare or swarm. it only works with public check-ins.,", THEN turns on smart lights in [ACTION_X].",LOCKED
IF google assistant phrase,", THEN turns off smart lights [ACTION_W].",LOCKED
__UNMATCHED_TRIGGER__ this trigger fires every time you complete an item on your to do list.,", THEN briefly toggles the lights off and on [ACTION_Z].",LOCKED
IF weekly schedule,", THEN briefly toggles the lights off and on [ACTION_Z].",LOCKED
IF google assistant phrase,", THEN turns on smart lights in [ACTION_X].",LOCKED
IF generic button press,", THEN turns off smart lights [ACTION_W].",LOCKED
"__UNMATCHED_TRIGGER__ this trigger fires every time you check in on foursquare or swarm
with a single hashtag in the shout (e.g. #ifttt).",", THEN turns on a light switch [ACTION_Y].",LOCKED
IF google assistant phrase,", THEN turns on smart lights in [ACTION_X].",LOCKED
IF door left open,", THEN briefly toggles the lights off and on [ACTION_Z].",LOCKED
IF temperature rises above a threshold,", THEN changes the color of lights [ACTION_Y].",LOCKED
IF daily schedule,", THEN turns off smart lights [ACTION_W].",LOCKED
IF google assistant phrase,", THEN turns off smart lights [ACTION_W].",LOCKED
IF alexa custom phrase,", THEN sets the color temperature of lights [ACTION_Y].",LOCKED
IF Facebook status is posted,", THEN sets the color temperature of lights [ACTION_Y].",LOCKED
IF weather condition change,", THEN turns on smart lights in [ACTION_X].",LOCKED
IF weekly schedule,", THEN sets the color temperature of lights [ACTION_Y].",LOCKED
__UNMATCHED_TRIGGER__ this trigger fires when there is a new membership for your channel.,", THEN adjusts the brightness of lights [ACTION_Z].",LOCKED
__UNMATCHED_TRIGGER__ this trigger fires every time your site changes modes.,", THEN turns on smart lights in [ACTION_X].",LOCKED
IF ifttt email trigger,", THEN briefly toggles the lights off and on [ACTION_Z].",LOCKED
IF doorbell motion,", THEN briefly toggles the lights off and on [ACTION_Z].",LOCKED
IF alexa custom phrase,", THEN sets the color temperature of lights [ACTION_Y].",LOCKED
IF sunset approaching,", THEN turns on smart lights in [ACTION_X].",LOCKED
IF area entered,", THEN turns on smart lights in [ACTION_X].",LOCKED
IF camera motion,", THEN briefly toggles the lights off and on [ACTION_Z].",LOCKED
IF alexa custom phrase,", THEN turns off smart lights [ACTION_W].",LOCKED
IF daily schedule,", THEN turns on smart lights in [ACTION_X].",LOCKED
IF area entered,", THEN toggles the lights on or off [ACTION_Y].",LOCKED
IF weekly schedule,", THEN turns off smart lights [ACTION_W].",LOCKED
IF alexa custom phrase,", THEN turns on smart lights in [ACTION_X].",LOCKED
IF doorbell motion,", THEN turns on smart lights [ACTION_X].",LOCKED
IF weekly schedule,", THEN turns on smart lights [ACTION_X].",LOCKED
IF generic button press,", THEN turns off the hood lighting [ACTION_W].",LOCKED
__UNMATCHED_TRIGGER__ this trigger fires every time it is christmas in the time zone you specify.,", THEN sets the color temperature of lights [ACTION_Y].",LOCKED
IF sunset approaching,", THEN adjusts the brightness of lights [ACTION_W].",LOCKED
IF doorbell motion,", THEN turns on smart lights in [ACTION_X].",LOCKED
IF sunset approaching,", THEN changes the color of lights [ACTION_Y].",LOCKED
IF alexa custom phrase,", THEN toggles lights based on current state in [ACTION_X].",LOCKED
IF weekly schedule,", THEN turns on smart lights [ACTION_X].",LOCKED
IF alexa custom phrase,", THEN turns off smart lights [ACTION_W].",LOCKED
__UNMATCHED_TRIGGER__ this trigger fires every time it is christmas in the time zone you specify.,", THEN sets the color temperature of lights [ACTION_Y].",LOCKED
IF quarter hour,", THEN turns off smart lights [ACTION_W].",LOCKED
IF daily schedule,", THEN sets the color temperature of lights [ACTION_Y].",LOCKED
__UNMATCHED_TRIGGER__ this trigger fires every time your smartthings device is switched off.,", THEN toggles lights based on current state in [ACTION_X].",LOCKED
__UNMATCHED_TRIGGER__ this trigger fires when the co₂ level for a specific devices becomes lower than the specified threshold.,", THEN turns off smart lights [ACTION_W].",LOCKED
IF weekly schedule,", THEN turns off smart lights [ACTION_W].",LOCKED
IF area exited,", THEN turns off smart lights [ACTION_W].",LOCKED
IF laundry is finished,", THEN briefly toggles the lights off and on [ACTION_Z].",LOCKED
IF weather condition change,", THEN briefly toggles the lights off and on [ACTION_Z].",LOCKED
IF mentioned on Twitter,", THEN triggers a light animation effect [ACTION_Z].",LOCKED
__UNMATCHED_TRIGGER__ this trigger fires every time the nest protect you specify detects dangerous smoke levels.,", THEN sets the color temperature of lights [ACTION_Y].",LOCKED
__UNMATCHED_TRIGGER__ this trigger fires when there is a new membership for your channel.,", THEN sets lights to a predefined scene [ACTION_Z].",LOCKED
IF wifi disconnected,", THEN turns off smart lights [ACTION_W].",LOCKED
__UNMATCHED_TRIGGER__ this trigger fires every time the nest protect you specify detects warning carbon monoxide levels.,", THEN turns on a light switch [ACTION_Y].",LOCKED
__UNMATCHED_TRIGGER__ this trigger is fired from the assigned pusher on your jaguar watch.,", THEN toggles the lights on or off [ACTION_Y].",LOCKED
IF daily schedule,", THEN turns on a light switch [ACTION_Y].",LOCKED
IF WeMo Insight is turned on,", THEN turns on smart lights in [ACTION_X].",LOCKED
IF alexa custom phrase,", THEN sets the color temperature of lights [ACTION_Y].",LOCKED
IF lock unlocked,", THEN turns on smart lights in [ACTION_X].",LOCKED
__UNMATCHED_TRIGGER__ this trigger monitors changes in your thermostat's heating mode and fires if it is set to a certain mode.,", THEN turns off smart lights [ACTION_W].",LOCKED
"__UNMATCHED_TRIGGER__ this trigger retrieves tomorrow's weather report within 5 minutes of the time you specify, depending on when forecast data is updated.",", THEN sets the color temperature of lights [ACTION_Y].",LOCKED
IF daily schedule,", THEN adjusts the brightness of lights [ACTION_W].",LOCKED
__UNMATCHED_TRIGGER__ this trigger fires every time somebody rings your ring doorbell.,", THEN turns on smart lights in [ACTION_X].",LOCKED
IF google assistant phrase,", THEN turns on smart lights [ACTION_X].",LOCKED
IF daily schedule,", THEN turns on smart lights in [ACTION_X].",LOCKED
IF alarm triggered,", THEN activates a lighting scene [ACTION_Y].",LOCKED
IF alexa custom phrase,", THEN sets the color temperature of lights [ACTION_Y].",LOCKED
__UNMATCHED_TRIGGER__ this trigger fires every time the nest protect you specify detects dangerous smoke levels.,", THEN turns on smart lights in [ACTION_X].",LOCKED
IF google assistant phrase,", THEN activates a lighting scene [ACTION_Y].",LOCKED
IF robot starts cleaning,", THEN turns on smart lights [ACTION_X].",LOCKED
IF daily schedule,", THEN turns off smart lights [ACTION_W].",LOCKED
IF temperature falls below a threshold,", THEN sets the color temperature of lights [ACTION_Y].",LOCKED
IF today weather report,", THEN turns on smart lights in [ACTION_X].",LOCKED
IF area entered,", THEN triggers a light animation effect [ACTION_Z].",LOCKED
__UNMATCHED_TRIGGER__ this trigger fires every time the you ask alexa what's on your to do list.,", THEN turns on smart lights [ACTION_X].",LOCKED
__UNMATCHED_TRIGGER__ this trigger fires if you tap a gesture with a custom ifttt task matching the id of this trigger.,", THEN activates a lighting scene [ACTION_Y].",LOCKED
IF alexa custom phrase,", THEN changes the color of lights [ACTION_Y].",LOCKED
__UNMATCHED_TRIGGER__ this trigger fires every time somebody rings your ring doorbell.,", THEN triggers a light animation effect [ACTION_Z].",LOCKED
IF google assistant phrase,", THEN turns off smart lights [ACTION_W].",LOCKED
IF Android notification is received,", THEN sets lights to a predefined scene [ACTION_Z].",LOCKED
__UNMATCHED_TRIGGER__ this trigger fires every time your fitbit logs new sleep.,", THEN turns on smart lights in [ACTION_X].",LOCKED
IF google assistant phrase,", THEN turns off smart lights [ACTION_W].",LOCKED
IF generic button press,", THEN activates a lighting scene [ACTION_Y].",LOCKED
IF sunset approaching,", THEN turns on smart lights [ACTION_X].",LOCKED
__UNMATCHED_TRIGGER__ this trigger fires if you tap a gesture with a custom ifttt task matching the id of this trigger.,", THEN turns off a light switch [ACTION_W].",LOCKED
IF oven finished,", THEN briefly toggles the lights off and on [ACTION_Z].",LOCKED
IF weather condition change,", THEN sets the color temperature of lights [ACTION_Y].",LOCKED
IF google assistant phrase,", THEN turns on smart lights [ACTION_X].",LOCKED
IF temperature rises above a threshold,", THEN sets the color temperature of lights [ACTION_Y].",LOCKED
__UNMATCHED_TRIGGER__ this trigger fires during alarms,", THEN sets the color temperature of lights [ACTION_Y].",LOCKED
IF WeMo light is turned on,", THEN turns on smart lights [ACTION_X].",LOCKED
IF sunset approaching,", THEN switches on the lights [ACTION_Z].",LOCKED
IF wifi connected,", THEN turns on smart lights in [ACTION_X].",LOCKED
__UNMATCHED_TRIGGER__ this trigger fires when the filtrete™ outdoor air quality scale level changes; for example: from good to fair.,", THEN sets the color temperature of lights [ACTION_Y].",LOCKED
IF area exited,", THEN turns off smart lights [ACTION_W].",LOCKED
"__UNMATCHED_TRIGGER__ this trigger fires a set number of minutes before the starting time of an event on your calendar that contains a specific keyword or phrase in the event’s title, description, or location. ingredient will be based on the zone set in google.",", THEN changes the color of lights [ACTION_Y].",LOCKED
IF daily schedule,", THEN sets the color temperature of lights [ACTION_Y].",LOCKED
IF google assistant phrase,", THEN turns off smart lights [ACTION_W].",LOCKED
IF sunset approaching,", THEN activates a lighting scene [ACTION_Y].",LOCKED
IF alexa custom phrase,", THEN activates a lighting scene [ACTION_Y].",LOCKED
IF sunset approaching,", THEN sets lights to a predefined scene [ACTION_Z].",LOCKED
IF doorbell motion,", THEN turns on a light switch [ACTION_Y].",LOCKED
IF alexa custom phrase,", THEN changes the color of lights [ACTION_Y].",LOCKED
IF sunrise approaching,", THEN toggles the lights on or off [ACTION_Y].",LOCKED
IF generic button press,", THEN turns on smart lights in [ACTION_X].",LOCKED
__UNMATCHED_TRIGGER__ this trigger fires every time it is christmas in the time zone you specify.,", THEN sets the color temperature of lights [ACTION_Y].",LOCKED
IF alexa custom phrase,", THEN adjusts the brightness of lights [ACTION_W].",LOCKED
IF alexa custom phrase,", THEN turns off the light [ACTION_W].",LOCKED
IF WeMo light is turned on,", THEN turns off a light switch [ACTION_W].",LOCKED
IF ifttt email trigger,", THEN turns on smart lights in [ACTION_X].",LOCKED
IF sunset approaching,", THEN turns on smart lights in [ACTION_X].",LOCKED
IF sunset approaching,", THEN turns on smart lights in [ACTION_X].",LOCKED
IF washer done,", THEN sets the color temperature of lights [ACTION_Y].",LOCKED
IF generic button press,", THEN turns off smart lights [ACTION_W].",LOCKED
IF weekly schedule,", THEN turns on smart lights [ACTION_X].",LOCKED
IF temperature rises above a threshold,", THEN sets the color temperature of lights [ACTION_Y].",LOCKED
IF ifttt email trigger,", THEN turns off smart lights [ACTION_W].",LOCKED
IF generic button press,", THEN briefly toggles the lights off and on [ACTION_Z].",LOCKED
IF area entered,", THEN briefly toggles the lights off and on [ACTION_Z].",LOCKED
IF doorbell motion,", THEN turns on smart lights in [ACTION_X].",LOCKED
IF weekly schedule,", THEN turns on smart lights [ACTION_X].",LOCKED
__UNMATCHED_TRIGGER__ this trigger fires every time you are tagged you in a new photo. note: facebook privacy settings may block ifttt’s access to some photos you are tagged in.,", THEN briefly toggles the lights off and on [ACTION_Z].",LOCKED
IF Arlo detects motion,", THEN turns on a light switch [ACTION_Y].",LOCKED
IF google assistant phrase,", THEN activates a lighting scene [ACTION_Y].",LOCKED
IF sunset approaching,", THEN turns on smart lights in [ACTION_X].",LOCKED
IF sunset approaching,", THEN turns on a light switch [ACTION_Y].",LOCKED
IF google assistant phrase,", THEN turns off smart lights [ACTION_W].",LOCKED
IF area exited,", THEN turns off smart lights [ACTION_W].",LOCKED
