id,triggerChannelTitle,triggerTitle,triggerDesc,actionChannelTitle,actionTitle,actionDesc,deviceCategory,originalTrigger,originalAction
A5zLvJwg,Location,You enter an area,IF the user enters a specified area,Nest Thermostat,Set temperature,", THEN sets the thermostat temperature [ACTION_Y].",Thermostat/Heating,This Trigger fires every time you enter an area you specify.,This Action will set a Nest Thermostat to the temperature you specify. NOTE: works only when Nest is set to Home.
A6qvcEi8,Apilio,Receive an event from Apilio,IF a message containing a key phrase is sent,Heatmiser,Cancel Standby Mode,", THEN cancels [ACTION_X].",Thermostat/Heating,This trigger fires every time IFTTT receives a specific event from Apilio.,This Action will cancel Standby Mode on the selected Heatmiser Thermostat.
ACRXkehA,Weather Underground,Current temperature drops below,IF local temperature is below a specified value,GE Appliances Window AC,Set target temperature,", THEN sets the target temperature [ACTION_Z] on the window air conditioner.",Thermostat/Heating,This Trigger monitors your local temperature and fires whenever the temperature drops below the value you provide.,This Action will set a target temperature on your window ac unit.
AMHujS7k,Location,You exit an area,IF the user exits a specified area,Nest Thermostat,Set temperature,", THEN sets the thermostat temperature [ACTION_Y].",Thermostat/Heating,This Trigger fires every time you exit an area you specify.,This Action will set a Nest Thermostat to the temperature you specify. NOTE: works only when Nest is set to Home.
AMzRw3YF,Eight,Day and night mode,IF Night or Day mode is toggled in Eight App,Nest Thermostat,Set temperature,", THEN sets the thermostat temperature [ACTION_Y].",Thermostat/Heating,This Trigger fires when you tap the 'Night mode' or 'Day mode' buttons in the Eight App.,This Action will set a Nest Thermostat to the temperature you specify. NOTE: works only when Nest is set to Home.
AUEDFzH4,Amazon Alexa,Item added to your To Do List,IF an item is added to a to-do list,Nest Thermostat,Set temperature,", THEN sets the thermostat temperature [ACTION_Y].",Thermostat/Heating,This Trigger fires every time you add an item to your To Do List.,This Action will set a Nest Thermostat to the temperature you specify. NOTE: works only when Nest is set to Home.
AUVqwjZt,Date & Time,Every hour at,IF every hour at quarter intervals,Hive Active Heating™ - UK and Europe,Set the thermostat to schedule,", THEN sets heating mode to [ACTION_X].",Thermostat/Heating,"This Trigger fires once an hour at :00, :15, :30, or :45 minutes past the hour.",This Action will set the heating mode to schedule.
AY5hUui7,Weather Underground,Current temperature drops below,IF local temperature is below a specified value,Hive Active Heating™ - UK and Europe,Boost heating ,", THEN boosts heating [ACTION_Y].",Thermostat/Heating,This Trigger monitors your local temperature and fires whenever the temperature drops below the value you provide.,This Action will boost heating to the temperature and duration you specify.
AaMRsLhZ,Date & Time,Every day of the week at,IF is one of the specific days of the week at a specified time,Nature Remo,Turn on air conditioner,", THEN turns on the air conditioner and configures settings to [ACTION_X].",Thermostat/Heating,This Trigger fires only on specific days of the week at the time you provide.,"This action will turn on your air conditioner and set target temperature, AC operation mode and air volume settings.

Note: Please use the Control Home Appliances actions for the button registered by learning mode."
AeqA6Ssi,Amazon Alexa,Say a specific phrase,IF a voice assistant is activated with a specific phrase,Nest Thermostat,Set temperature,", THEN sets the thermostat temperature [ACTION_Y].",Thermostat/Heating,"This trigger fires every time you say 'Alexa trigger' + the phrase that you have defined. For instance, if you set 'party time' as the phrase, you can say 'Alexa trigger party time' to have your lights loop colors.",This Action will set a Nest Thermostat to the temperature you specify. NOTE: works only when Nest is set to Home.
AwSzLFDe,Nest Thermostat,Temperature drops below,IF temperature drops below a threshold,Nest Thermostat,Set temperature,", THEN sets the thermostat temperature [ACTION_Y].",Thermostat/Heating,This Trigger fires every time the temperature drops below a threshold you specify.,This Action will set a Nest Thermostat to the temperature you specify. NOTE: works only when Nest is set to Home.
B2CaBPvu,Google Assistant,Say a phrase with both a number and a text ingredient,IF a voice assistant is activated with a specific phrase,Nest Thermostat,Set temperature,", THEN sets the thermostat temperature [ACTION_Y].",Thermostat/Heating,This trigger fires when you say “Ok Google” to the Google Assistant followed by a phrase like “Block time for ‘exercise’ at 6 PM.” **Use the # symbol to specify where you'll say the number ingredient and $ where you'll say the text ingredient,This Action will set a Nest Thermostat to the temperature you specify. NOTE: works only when Nest is set to Home.
BAdrChei,Location,You enter an area,IF the user enters a specified area,Sensibo,Turn A/C on,", THEN turns on the air conditioner [ACTION_Z].",Thermostat/Heating,This Trigger fires every time you enter an area you specify.,"Turn your A/C on with a set temperature, mode and fan level."
BGV9ghui,Google Calendar,Event from search starts,IF shortly before a calendar event with a specific keyword occurs,ThermoSmart,Set temperature,", THEN the thermostat to the temperature you specify [ACTION_W].",Thermostat/Heating,"This Trigger fires a set number of minutes before the starting time of an event on your Calendar that contains a specific keyword or phrase in the event’s Title, Description, or Location. Ingredient will be based on the zone set in Google.",This Action will set your ThermoSmart to the temperature you specify.
BGZc2AQk,Notion,"Window opens, closes or moves",IF a window is opened or moved,ecobee,Set thermostat comfort profile until next transition,", THEN sets a timed [ACTION_X] to hold.",Thermostat/Heating,"This trigger fires when a window opens, closes, or moves.",This Action will set the thermostat into a hold using the settings from the specified comfort profile. This comfort profile hold will remain in effect until the next next comfort profile transition in the program.
BL6DyHY8,Date & Time,Every day at,IF every day at a specified time,BDR Thermea Group,Set temperature,", THEN the thermostat to the temperature you specify [ACTION_W].",Thermostat/Heating,This Trigger fires every single day at a specific time set by you.,This action will set the temperature on the thermostat.
BSF67wQq,Google Assistant,Say a phrase with a text ingredient,IF a voice assistant is activated with a specific phrase,Nest Thermostat,Set temperature,", THEN sets the thermostat temperature [ACTION_Y].",Thermostat/Heating,This trigger fires when you say “Ok Google” to the Google Assistant followed by a phrase like “Post a tweet saying ‘New high score.’” **Use the $ symbol to specify where you'll say the text ingredient,This Action will set a Nest Thermostat to the temperature you specify. NOTE: works only when Nest is set to Home.
BT6kMW8C,Location,You exit an area,IF the user exits a specified area,nVent Nuheat Signature Thermostat,Set thermostat mode,", THEN sets the thermostat mode to [ACTION_X].",Thermostat/Heating,This Trigger fires every time you exit an area you specify.,This action will set the thermostat mode.
BTvxVG2i,Location,You enter an area,IF the user enters a specified area,Netatmo Thermostat,Go back to schedule,", THEN restores default heating schedule [ACTION_Z].",Thermostat/Heating,This Trigger fires every time you enter an area you specify.,This Action will order your home to go back to default schedule.
BX8yCJEn,Apilio,Receive an event from Apilio,IF a message containing a key phrase is sent,Heatmiser,Set Standby Mode,", THEN activates [ACTION_X].",Thermostat/Heating,This trigger fires every time IFTTT receives a specific event from Apilio.,This Action will activate Standby Mode on the selected Heatmiser Thermostat.
BXKRUZn2,Button widget,Button press,IF a button is pressed,Netatmo Thermostat,Set to manual mode,", THEN sets the thermostat to [ACTION_X].",Thermostat/Heating,This trigger fires every time you press the button.,This Action will set your thermostat to manual mode.
BYMsZmDh,Amazon Alexa,Say a specific phrase,IF a voice assistant is activated with a specific phrase,Honeywell Total Connect Comfort,Set temperature for a period of time,", THEN sets the thermostat temperature [ACTION_Y].",Thermostat/Heating,"This trigger fires every time you say 'Alexa trigger' + the phrase that you have defined. For instance, if you set 'party time' as the phrase, you can say 'Alexa trigger party time' to have your lights loop colors.",This Action will set your Honeywell thermostat to hold a temperature for a specified period of time. The schedule will resume when the time expires.
Bh3sTGaP,Nest Thermostat,Temperature drops below,IF temperature drops below a threshold,Nest Thermostat,Set temperature,", THEN sets the thermostat temperature [ACTION_Y].",Thermostat/Heating,This Trigger fires every time the temperature drops below a threshold you specify.,This Action will set a Nest Thermostat to the temperature you specify. NOTE: works only when Nest is set to Home.
BtQe5y86,Agile Octopus,Energy price threshold change for duration,IF electricity price fluctuates beyond threshold,Hive Active Heating™ - UK and Europe,Boost hot water,", THEN boosts hot water [ACTION_Y].",Thermostat/Heating,Use this trigger to fire something when your electricity price stays above (or below) your set threshold for a minimum length of time in 30-minute blocks.,This Action will boost your hot water for 1 hour.
BwD7MRbi,Date & Time,Every hour at,IF every hour at quarter intervals,Honeywell Total Connect Comfort,Set fan to on or auto,", THEN configures thermostat fan mode [ACTION_Z].",Thermostat/Heating,"This Trigger fires once an hour at :00, :15, :30, or :45 minutes past the hour.",This Action will set the Honeywell thermostat fan to On where the fan is always on or Auto where the fan runs only when the heating or cooling system is on.
BxeTHNUZ,Amazon Alexa,Say a specific phrase,IF a voice assistant is activated with a specific phrase,Honeywell Total Connect Comfort,Set temperature for a period of time,", THEN sets the thermostat temperature [ACTION_Y].",Thermostat/Heating,"This trigger fires every time you say 'Alexa trigger' + the phrase that you have defined. For instance, if you set 'party time' as the phrase, you can say 'Alexa trigger party time' to have your lights loop colors.",This Action will set your Honeywell thermostat to hold a temperature for a specified period of time. The schedule will resume when the time expires.
ByTN2Veu,Somfy Protect,System is armed,IF a security system is armed,Nest Thermostat,Set temperature,", THEN sets the thermostat temperature [ACTION_Y].",Thermostat/Heating,This Trigger fires every time your Myfox Security system is armed.,This Action will set a Nest Thermostat to the temperature you specify. NOTE: works only when Nest is set to Home.
C4hCGRqW,Notion,Temperature crosses a threshold,IF temperature crosses a threshold,Nest Thermostat,Set temperature,", THEN sets the thermostat temperature [ACTION_Y].",Thermostat/Heating,This trigger fires when the current temperature goes above or below your set temperature thresholds.,This Action will set a Nest Thermostat to the temperature you specify. NOTE: works only when Nest is set to Home.
CEKiNjSA,Date & Time,Every day at,IF every day at a specified time,GE Appliances GeoSpring™,Set temperature,", THEN sets the water heater temperature [ACTION_Z].",Thermostat/Heating,This Trigger fires every single day at a specific time set by you.,This Action will set the temperature of your GE water heater.
CEpvXNuQ,Google Assistant,Say a simple phrase,IF a voice assistant is activated with a specific phrase,Nest Thermostat,Set temperature,", THEN sets the thermostat temperature [ACTION_Y].",Thermostat/Heating,"This trigger fires when you say “Ok Google” to the Google Assistant followed by a phrase you choose. For example, say “Ok Google, I’m running late” to text a family member that you’re on your way home.",This Action will set a Nest Thermostat to the temperature you specify. NOTE: works only when Nest is set to Home.
CGK3ui4b,Amazon Alexa,Say a specific phrase,IF a voice assistant is activated with a specific phrase,Honeywell Total Connect Comfort,Set temperature for a period of time,", THEN sets the thermostat temperature [ACTION_Y].",Thermostat/Heating,"This trigger fires every time you say 'Alexa trigger' + the phrase that you have defined. For instance, if you set 'party time' as the phrase, you can say 'Alexa trigger party time' to have your lights loop colors.",This Action will set your Honeywell thermostat to hold a temperature for a specified period of time. The schedule will resume when the time expires.
CHP4vM8F,Nest Protect,Carbon monoxide emergency,IF Nest Protect detects carbon monoxide,ecobee,Set thermostat comfort profile for X hours,", THEN sets a timed [ACTION_X] to hold.",Thermostat/Heating,This Trigger fires every time the Nest Protect you specify detects dangerous carbon monoxide levels.,This Action will set the thermostat into a hold using the settings from the specified comfort profile. This comfort profile hold will remain in effect for the specified number of hours.
CQJqNCDE,Apilio,Receive an event from Apilio,IF a message containing a key phrase is sent,Heatmiser,Cancel Standby Mode,", THEN cancels [ACTION_X].",Thermostat/Heating,This trigger fires every time IFTTT receives a specific event from Apilio.,This Action will cancel Standby Mode on the selected Heatmiser Thermostat.
CRAELpwb,Google Assistant,Say a phrase with a text ingredient,IF a voice assistant is activated with a specific phrase,Nest Thermostat,Set temperature,", THEN sets the thermostat temperature [ACTION_Y].",Thermostat/Heating,This trigger fires when you say “Ok Google” to the Google Assistant followed by a phrase like “Post a tweet saying ‘New high score.’” **Use the $ symbol to specify where you'll say the text ingredient,This Action will set a Nest Thermostat to the temperature you specify. NOTE: works only when Nest is set to Home.
CSYbxBFr,Amazon Alexa,Say a specific phrase,IF a voice assistant is activated with a specific phrase,Hive Active Heating™ - UK and Europe,Boost heating ,", THEN boosts heating [ACTION_Y].",Thermostat/Heating,"This trigger fires every time you say 'Alexa trigger' + the phrase that you have defined. For instance, if you set 'party time' as the phrase, you can say 'Alexa trigger party time' to have your lights loop colors.",This Action will boost heating to the temperature and duration you specify.
CWA7fdxG,Amazon Alexa,Your Alarm goes off,IF an alarm triggers,Heatzy,Set heat mode,", THEN sets heating mode [ACTION_Z].",Thermostat/Heating,This Trigger fires every time your alarm goes off.,This action will set a specific device on heat mode
CXKktyrG,Apilio,Receive an event from Apilio,IF a message containing a key phrase is sent,Heatmiser,Cancel Standby Mode,", THEN cancels [ACTION_X].",Thermostat/Heating,This trigger fires every time IFTTT receives a specific event from Apilio.,This Action will cancel Standby Mode on the selected Heatmiser Thermostat.
CZAvFh2R,Date & Time,Every day at,IF every day at a specified time,tadoº Heating,Return to tado⁠° automatic control,", THEN sets the room temperature [ACTION_Z].",Thermostat/Heating,This Trigger fires every single day at a specific time set by you.,"This Action will return control of your heating to tado⁠°, using your user-defined settings (e.g. location and Smart Schedule) to automatically determine the right room temperature."
CZuJLR8E,Amazon Alexa,Item added to your To Do List,IF an item is added to a to-do list,Nest Thermostat,Set temperature,", THEN sets the thermostat temperature [ACTION_Y].",Thermostat/Heating,This Trigger fires every time you add an item to your To Do List.,This Action will set a Nest Thermostat to the temperature you specify. NOTE: works only when Nest is set to Home.
CbekN7Ks,Caavo,Caavo search,IF a media search is performed,ecobee,Set thermostat hold for X hours,", THEN sets the thermostat temperature [ACTION_Y].",Thermostat/Heating,This trigger fires when Caavo Control Center performs any search query.,This action will set the thermostat into a hold with the specified temperature for the specified number of hours.
CdcWLnRv,Google Assistant,Say a phrase with a text ingredient,IF a voice assistant is activated with a specific phrase,Nest Thermostat,Set temperature,", THEN sets the thermostat temperature [ACTION_Y].",Thermostat/Heating,This trigger fires when you say “Ok Google” to the Google Assistant followed by a phrase like “Post a tweet saying ‘New high score.’” **Use the $ symbol to specify where you'll say the text ingredient,This Action will set a Nest Thermostat to the temperature you specify. NOTE: works only when Nest is set to Home.
CeDtvx7M,Apilio,Receive an event from Apilio,IF a message containing a key phrase is sent,Heatmiser,Set Standby Mode,", THEN activates [ACTION_X].",Thermostat/Heating,This trigger fires every time IFTTT receives a specific event from Apilio.,This Action will activate Standby Mode on the selected Heatmiser Thermostat.
CehCbLtS,Google Assistant,Say a simple phrase,IF a voice assistant is activated with a specific phrase,Nest Thermostat,Set temperature,", THEN sets the thermostat temperature [ACTION_Y].",Thermostat/Heating,"This trigger fires when you say “Ok Google” to the Google Assistant followed by a phrase you choose. For example, say “Ok Google, I’m running late” to text a family member that you’re on your way home.",This Action will set a Nest Thermostat to the temperature you specify. NOTE: works only when Nest is set to Home.
CgSnqLU3,Location,You enter an area,IF the user enters a specified area,Nest Thermostat,Set temperature,", THEN sets the thermostat temperature [ACTION_Y].",Thermostat/Heating,This Trigger fires every time you enter an area you specify.,This Action will set a Nest Thermostat to the temperature you specify. NOTE: works only when Nest is set to Home.
Chp2wYxW,Apilio,Receive an event from Apilio,IF a message containing a key phrase is sent,Nature Remo,Turn on air conditioner,", THEN turns on the air conditioner and configures settings to [ACTION_X].",Thermostat/Heating,This trigger fires every time IFTTT receives a specific event from Apilio.,"This action will turn on your air conditioner and set target temperature, AC operation mode and air volume settings.

Note: Please use the Control Home Appliances actions for the button registered by learning mode."
ChtNEkRi,Location,You enter an area,IF the user enters a specified area,Hive Active Heating™ - UK and Europe,Boost heating ,", THEN boosts heating [ACTION_Y].",Thermostat/Heating,This Trigger fires every time you enter an area you specify.,This Action will boost heating to the temperature and duration you specify.
Cm27RvAQ,Daikin Online Controller,Temperature drops below,IF indoor temperature drops below a specified threshold,Nest Thermostat,Set temperature,", THEN sets the thermostat temperature [ACTION_Y].",Thermostat/Heating,This Trigger fires within 15 minutes of detection of the indoor temperature dropping below the specified temperature threshold.,This Action will set a Nest Thermostat to the temperature you specify. NOTE: works only when Nest is set to Home.
CpBm9Jz6,smanos connect,System in home mode,IF a security system is armed,ecobee,Set thermostat comfort profile until next transition,", THEN sets a timed [ACTION_X] to hold.",Thermostat/Heating,This Triggers fires when your smanos system is armed to stay (home) mode with you and/or your family in the house.,This Action will set the thermostat into a hold using the settings from the specified comfort profile. This comfort profile hold will remain in effect until the next next comfort profile transition in the program.
CsGZSf67,Weather Underground,Sunset,IF a set number of minutes before sunset,Nest Thermostat,Set temperature,", THEN sets the thermostat temperature [ACTION_Y].",Thermostat/Heating,This Trigger fires within 15 minutes of the sunset in your location.,This Action will set a Nest Thermostat to the temperature you specify. NOTE: works only when Nest is set to Home.
CwWM2JfY,Google Calendar,Event from search starts,IF shortly before a calendar event with a specific keyword occurs,Sensibo,Turn A/C on,", THEN turns on the air conditioner [ACTION_Z].",Thermostat/Heating,"This Trigger fires a set number of minutes before the starting time of an event on your Calendar that contains a specific keyword or phrase in the event’s Title, Description, or Location. Ingredient will be based on the zone set in Google.","Turn your A/C on with a set temperature, mode and fan level."
D25JCBxU,Button widget,Button press,IF a button is pressed,Netatmo Thermostat,Switch schedule,", THEN updates the thermostat schedule [ACTION_W].",Thermostat/Heating,This trigger fires every time you press the button.,This Action will change the schedule for the corresponding home.
D27eVAj5,Apilio,Receive an event from Apilio,IF a message containing a key phrase is sent,Heatmiser,Set Temperature,", THEN sets the temperature [ACTION_Z] on thermostat.",Thermostat/Heating,This trigger fires every time IFTTT receives a specific event from Apilio.,The Action will set the temperature on the selected Heatmiser Thermostat.
D7F5Z4rA,Date & Time,Every day at,IF every day at a specified time,Honeywell Total Connect Comfort,Set temperature for a period of time,", THEN sets the thermostat temperature [ACTION_Y].",Thermostat/Heating,This Trigger fires every single day at a specific time set by you.,This Action will set your Honeywell thermostat to hold a temperature for a specified period of time. The schedule will resume when the time expires.
D9htMHwL,Nest Thermostat,Temperature rises above,IF temperature rises above a threshold,Nest Thermostat,Set temperature,", THEN sets the thermostat temperature [ACTION_Y].",Thermostat/Heating,This Trigger fires every time the temperature rises above a threshold you specify.,This Action will set a Nest Thermostat to the temperature you specify. NOTE: works only when Nest is set to Home.
DDPG5heU,Button widget,Button press,IF a button is pressed,ecobee,Set thermostat comfort profile until next transition,", THEN sets a timed [ACTION_X] to hold.",Thermostat/Heating,This trigger fires every time you press the button.,This Action will set the thermostat into a hold using the settings from the specified comfort profile. This comfort profile hold will remain in effect until the next next comfort profile transition in the program.
DFHPYsNz,Amazon Alexa,Say a specific phrase,IF a voice assistant is activated with a specific phrase,ecobee,Set thermostat hold until next transition,", THEN sets the thermostat temperature [ACTION_Y].",Thermostat/Heating,"This trigger fires every time you say 'Alexa trigger' + the phrase that you have defined. For instance, if you set 'party time' as the phrase, you can say 'Alexa trigger party time' to have your lights loop colors.",This action will set the thermostat into a hold with the specified temperature and the end date/time will be set to the next climate transition in the program.
DHhLfW8j,Date & Time,Every day of the week at,IF is one of the specific days of the week at a specified time,Wink: Aros,Turn A/C on,", THEN turns on the air conditioner in [ACTION_X].",Thermostat/Heating,This Trigger fires only on specific days of the week at the time you provide.,This Action will turn your Aros A/C on and set to a temperature you specify.
DKcWa2tM,Weather Underground,Current temperature rises above,IF local temperature is above a specified value,AQUAREA Smart Cloud,Change Heat Mode settings,", THEN sets heating mode [ACTION_Z].",Thermostat/Heating,This Trigger monitors your local temperature and fires whenever the temperature rises above the value you provide.,This action will change operation settings for Heat Mode in your device. 
DPqDta3x,Amazon Alexa,Say a specific phrase,IF a voice assistant is activated with a specific phrase,Nest Thermostat,Set temperature range,", THEN sets the thermostat temperature [ACTION_Y].",Thermostat/Heating,"This trigger fires every time you say 'Alexa trigger' + the phrase that you have defined. For instance, if you set 'party time' as the phrase, you can say 'Alexa trigger party time' to have your lights loop colors.",This Action will set a Nest Thermostat in Heat-Cool mode to the temperature range you specify. NOTE: works only when Nest is set to Home.
DQDZfz5a,Google Calendar,Event from search starts,IF shortly before a calendar event with a specific keyword occurs,Netatmo Thermostat,Set to away mode with a time limit,", THEN sets home to [ACTION_X].",Thermostat/Heating,"This Trigger fires a set number of minutes before the starting time of an event on your Calendar that contains a specific keyword or phrase in the event’s Title, Description, or Location. Ingredient will be based on the zone set in Google.",This Action will set your home to away mode for a time limit you specify.
DQUzP6qd,Location,You enter an area,IF the user enters a specified area,Nest Thermostat,Turn on fan for 15 minutes,", THEN configures thermostat fan mode [ACTION_Z].",Thermostat/Heating,This Trigger fires every time you enter an area you specify.,This Action will turn on your HVAC system fan for the amount of time you specify in your Nest fan timer setting (default is 15 minutes). NOTE: works only if you have a fan option and Nest is set to Home.
DQX3pCNt,RescueTime,FocusTime session finishes,IF a Focus Time session starts or ends,Nest Thermostat,Set temperature,", THEN sets the thermostat temperature [ACTION_Y].",Thermostat/Heating,This Trigger fires at the end of a Focus Time session.,This Action will set a Nest Thermostat to the temperature you specify. NOTE: works only when Nest is set to Home.
DR3ANX4m,Button widget,Button press,IF a button is pressed,Home Connect Fridge Freezer,Activate refrigerator Super Cooling mode,", THEN temporarily boosts refrigerator cooling [ACTION_Y].",Thermostat/Heating,This trigger fires every time you press the button.,This action will temporarily cool the refrigerator at maximum power.
DV8BN4nb,ecobee,Thermostat outdoor temperature is less than,IF temperature drops below a threshold,ecobee,Set thermostat comfort profile until next transition,", THEN sets a timed [ACTION_X] to hold.",Thermostat/Heating,This trigger fires every time your ecobee thermostat senses that the outdoor temperature is less than a specific value you supply.,This Action will set the thermostat into a hold using the settings from the specified comfort profile. This comfort profile hold will remain in effect until the next next comfort profile transition in the program.
Da3gqxWQ,SwitchBot,Motion detected or no motion detected,IF motion is detected,Heatzy,Set heat mode,", THEN sets heating mode [ACTION_Z].",Thermostat/Heating,"When Motion Sensor detected motion or no motion, the SwitchBot motion sensor will try to trigger the service.",This action will set a specific device on heat mode
DbXkyZ8H,Google Assistant,Say a phrase with a number,IF a voice assistant is activated with a specific phrase,Honeywell Total Connect Comfort,Set temperature for a period of time,", THEN sets the thermostat temperature [ACTION_Y].",Thermostat/Heating,This trigger fires when you say “Ok Google” to the Google Assistant followed by a phrase like “Set Nest thermostat to 68.” **Use the # symbol to specify where you'll say the number ingredient,This Action will set your Honeywell thermostat to hold a temperature for a specified period of time. The schedule will resume when the time expires.
DqNE8Yyx,EDF : vos plages tarifaires,Début de plage tarifaire,IF an energy tariff period starts,Netatmo Thermostat,Switch schedule,", THEN updates the thermostat schedule [ACTION_W].",Thermostat/Heating,Ce trigger se déclenche lorsque la plage tarifaire choisie commence dans votre logement.,This Action will change the schedule for the corresponding home.
DqQtbf2H,Nuki Smart Lock,Arrive home,IF a door is unlocked,Heatzy,Set heat mode,", THEN sets heating mode [ACTION_Z].",Thermostat/Heating,This trigger fires every time someone unlocks the door with Auto Unlock.,This action will set a specific device on heat mode
DtDUJWvg,Google Assistant,Say a simple phrase,IF a voice assistant is activated with a specific phrase,tadoº Heating,Turn heating on,", THEN starts heating [ACTION_Z].",Thermostat/Heating,"This trigger fires when you say “Ok Google” to the Google Assistant followed by a phrase you choose. For example, say “Ok Google, I’m running late” to text a family member that you’re on your way home.",This Action will start your heating.
Du2dwsQW,Weather Underground,Sunrise,IF it is sunrise,Mysa Thermostat,Change the setpoint,", THEN the thermostat to the temperature you specify [ACTION_W].",Thermostat/Heating,This Trigger fires within 15 minutes of the sunrise in your location.,This action will change the setpoint of a device to the desired value.
Dxzi4T2h,Button widget,Button press,IF a button is pressed,Warmup Smart Thermostat,Set temperature,", THEN sets the thermostat temperature [ACTION_Y].",Thermostat/Heating,This trigger fires every time you press the button.,This action will set your thermostat to a specified temperature.
DyQX9wRM,Location,You exit an area,IF the user exits a specified area,Mysa Thermostat,Change the setpoint,", THEN the thermostat to the temperature you specify [ACTION_W].",Thermostat/Heating,This Trigger fires every time you exit an area you specify.,This action will change the setpoint of a device to the desired value.
EAFifbkC,True Energy Smart Home Norway,Electricity in Norway is Expensive,IF electricity prices are high,Home Connect Fridge Freezer,Set freezer temperature,", THEN sets the freezer temperature [ACTION_Z].",Thermostat/Heating,This trigger fires at the hours where electricity in Norway is expensive.,This action will set the freezer temperature.
EBtXfDbN,Location,You enter an area,IF the user enters a specified area,Heatmiser,Set Temperature,", THEN sets the temperature [ACTION_Z] on thermostat.",Thermostat/Heating,This Trigger fires every time you enter an area you specify.,The Action will set the temperature on the selected Heatmiser Thermostat.
EGWSsTLh,Amazon Alexa,Say a specific phrase,IF a voice assistant is activated with a specific phrase,Honeywell Total Connect Comfort,Set temperature for a period of time,", THEN sets the thermostat temperature [ACTION_Y].",Thermostat/Heating,"This trigger fires every time you say 'Alexa trigger' + the phrase that you have defined. For instance, if you set 'party time' as the phrase, you can say 'Alexa trigger party time' to have your lights loop colors.",This Action will set your Honeywell thermostat to hold a temperature for a specified period of time. The schedule will resume when the time expires.
EL8zVkhx,Nest Protect,Smoke alarm warning,IF Nest Protect detects smoke,Nest Thermostat,Turn on fan for 15 minutes,", THEN configures thermostat fan mode [ACTION_Z].",Thermostat/Heating,This Trigger fires every time the Nest Protect you specify detects warning smoke levels.,This Action will turn on your HVAC system fan for the amount of time you specify in your Nest fan timer setting (default is 15 minutes). NOTE: works only if you have a fan option and Nest is set to Home.
EM7X9xqQ,Location,You exit an area,IF the user exits a specified area,Hive Active Heating™ - UK and Europe,Turn off thermostat ,", THEN turns heating mode off [ACTION_W].",Thermostat/Heating,This Trigger fires every time you exit an area you specify.,This Action will set the heating mode to off.
EPD2npwT,Apilio,Receive an event from Apilio,IF a message containing a key phrase is sent,Heatmiser,Cancel Standby Mode,", THEN cancels [ACTION_X].",Thermostat/Heating,This trigger fires every time IFTTT receives a specific event from Apilio.,This Action will cancel Standby Mode on the selected Heatmiser Thermostat.
EQk9bMGA,ComEd,Peak Time Savings - Savings Hours Announced,IF peak energy savings hours are announced,ecobee,Set thermostat comfort profile for X hours,", THEN sets a timed [ACTION_X] to hold.",Thermostat/Heating,This trigger activates whenever Peak Time Savings Hours are announced and during various stages of an event.,This Action will set the thermostat into a hold using the settings from the specified comfort profile. This comfort profile hold will remain in effect for the specified number of hours.
EfmJCYcA,Amazon Alexa,Say a specific phrase,IF a voice assistant is activated with a specific phrase,Nest Thermostat,Set temperature,", THEN sets the thermostat temperature [ACTION_Y].",Thermostat/Heating,"This trigger fires every time you say 'Alexa trigger' + the phrase that you have defined. For instance, if you set 'party time' as the phrase, you can say 'Alexa trigger party time' to have your lights loop colors.",This Action will set a Nest Thermostat to the temperature you specify. NOTE: works only when Nest is set to Home.
EgGXeZ8C,ComEd,Manage your Carbon Footprint - Change in carbon intensity,IF carbon intensity changes,ecobee,Resume thermostat program,", THEN cancels the current thermostat event [ACTION_W].",Thermostat/Heating,"This trigger fires whenever the carbon intensity changes for the ComEd service territory, use this trigger to help lower your carbon footprint by reducing your energy during high carbon times",This Action removes the currently running event on the selected thermostat providing the event is not a mandatory demand response event.
Egu9M5Zh,EDF : vos plages tarifaires,Début de plage tarifaire,IF an energy tariff period starts,Netatmo Thermostat,Switch schedule,", THEN updates the thermostat schedule [ACTION_W].",Thermostat/Heating,Ce trigger se déclenche lorsque la plage tarifaire choisie commence dans votre logement.,This Action will change the schedule for the corresponding home.
Eh2dRs5p,abode,Mode changed,IF a security mode changes,ecobee,Set thermostat comfort profile until next transition,", THEN sets a timed [ACTION_X] to hold.",Thermostat/Heating,"This trigger fires when your abode system mode is changed (Away, Home, Standby).",This Action will set the thermostat into a hold using the settings from the specified comfort profile. This comfort profile hold will remain in effect until the next next comfort profile transition in the program.
F6BwDnj7,Location,You enter an area,IF the user enters a specified area,Nest Thermostat,Set temperature,", THEN sets the thermostat temperature [ACTION_Y].",Thermostat/Heating,This Trigger fires every time you enter an area you specify.,This Action will set a Nest Thermostat to the temperature you specify. NOTE: works only when Nest is set to Home.
FBWZpmqz,Amazon Alexa,Say a specific phrase,IF a voice assistant is activated with a specific phrase,Nest Thermostat,Set temperature,", THEN sets the thermostat temperature [ACTION_Y].",Thermostat/Heating,"This trigger fires every time you say 'Alexa trigger' + the phrase that you have defined. For instance, if you set 'party time' as the phrase, you can say 'Alexa trigger party time' to have your lights loop colors.",This Action will set a Nest Thermostat to the temperature you specify. NOTE: works only when Nest is set to Home.
FEipUReL,Location,You exit an area,IF the user exits a specified area,Nest Thermostat,Set temperature,", THEN sets the thermostat temperature [ACTION_Y].",Thermostat/Heating,This Trigger fires every time you exit an area you specify.,This Action will set a Nest Thermostat to the temperature you specify. NOTE: works only when Nest is set to Home.
FGBUNzr8,Amazon Alexa,Say a specific phrase,IF a voice assistant is activated with a specific phrase,Nest Thermostat,Set temperature,", THEN sets the thermostat temperature [ACTION_Y].",Thermostat/Heating,"This trigger fires every time you say 'Alexa trigger' + the phrase that you have defined. For instance, if you set 'party time' as the phrase, you can say 'Alexa trigger party time' to have your lights loop colors.",This Action will set a Nest Thermostat to the temperature you specify. NOTE: works only when Nest is set to Home.
FHNwQxA3,Google Assistant,Say a simple phrase,IF a voice assistant is activated with a specific phrase,Nest Thermostat,Set temperature,", THEN sets the thermostat temperature [ACTION_Y].",Thermostat/Heating,"This trigger fires when you say “Ok Google” to the Google Assistant followed by a phrase you choose. For example, say “Ok Google, I’m running late” to text a family member that you’re on your way home.",This Action will set a Nest Thermostat to the temperature you specify. NOTE: works only when Nest is set to Home.
FHyz5UGA,Weather Underground,Sunrise,IF it is sunrise,Nest Thermostat,Turn on fan for 15 minutes,", THEN configures thermostat fan mode [ACTION_Z].",Thermostat/Heating,This Trigger fires within 15 minutes of the sunrise in your location.,This Action will turn on your HVAC system fan for the amount of time you specify in your Nest fan timer setting (default is 15 minutes). NOTE: works only if you have a fan option and Nest is set to Home.
FKkZgMda,Google Assistant,Say a simple phrase,IF a voice assistant is activated with a specific phrase,Honeywell Total Connect Comfort,Set temperature for a period of time,", THEN sets the thermostat temperature [ACTION_Y].",Thermostat/Heating,"This trigger fires when you say “Ok Google” to the Google Assistant followed by a phrase you choose. For example, say “Ok Google, I’m running late” to text a family member that you’re on your way home.",This Action will set your Honeywell thermostat to hold a temperature for a specified period of time. The schedule will resume when the time expires.
FQpfmZrL,Weather Underground,Sunrise,IF it is sunrise,Nest Thermostat,Turn on fan for 15 minutes,", THEN configures thermostat fan mode [ACTION_Z].",Thermostat/Heating,This Trigger fires within 15 minutes of the sunrise in your location.,This Action will turn on your HVAC system fan for the amount of time you specify in your Nest fan timer setting (default is 15 minutes). NOTE: works only if you have a fan option and Nest is set to Home.
FU8xbMse,smanos connect,System armed,IF a security system is armed,Hive Active Heating™ - UK and Europe,Turn off thermostat ,", THEN turns heating mode off [ACTION_W].",Thermostat/Heating,This Trigger fires when your smanos system is armed to away mode with no one in the house.,This Action will set the heating mode to off.
Fb5DAL8y,Google Assistant,Say a simple phrase,IF a voice assistant is activated with a specific phrase,Hive Active Heating™ - UK and Europe,Turn off thermostat ,", THEN turns heating mode off [ACTION_W].",Thermostat/Heating,"This trigger fires when you say “Ok Google” to the Google Assistant followed by a phrase you choose. For example, say “Ok Google, I’m running late” to text a family member that you’re on your way home.",This Action will set the heating mode to off.
FeFiRvq6,Date & Time,Every day at,IF every day at a specified time,Hive Active Heating™ - UK and Europe,Set the thermostat to schedule,", THEN sets heating mode to [ACTION_X].",Thermostat/Heating,This Trigger fires every single day at a specific time set by you.,This Action will set the heating mode to schedule.
FvZTCHV6,Location,You enter an area,IF the user enters a specified area,Netatmo Thermostat,Go back to schedule,", THEN restores default heating schedule [ACTION_Z].",Thermostat/Heating,This Trigger fires every time you enter an area you specify.,This Action will order your home to go back to default schedule.
FxTPYtbv,Google Assistant,Say a phrase with a text ingredient,IF a voice assistant is activated with a specific phrase,Nest Thermostat,Set temperature,", THEN sets the thermostat temperature [ACTION_Y].",Thermostat/Heating,This trigger fires when you say “Ok Google” to the Google Assistant followed by a phrase like “Post a tweet saying ‘New high score.’” **Use the $ symbol to specify where you'll say the text ingredient,This Action will set a Nest Thermostat to the temperature you specify. NOTE: works only when Nest is set to Home.
FxWKuhPE,Weather Underground,Current temperature rises above,IF local temperature is above a specified value,GE Appliances Window AC,Set target temperature,", THEN sets the target temperature [ACTION_Z] on the window air conditioner.",Thermostat/Heating,This Trigger monitors your local temperature and fires whenever the temperature rises above the value you provide.,This Action will set a target temperature on your window ac unit.
FyL2rbqB,Email,Send IFTTT an email tagged,IF a message containing a key phrase is sent,Sensibo,Turn A/C on,", THEN turns on the air conditioner [ACTION_Z].",Thermostat/Heating,Send IFTTT an email at trigger@applet.ifttt.com with a hashtag in the subject (e.g. #IFTTT) and this Trigger fires. You can optionally add a single file attachment (up to 30MB) and IFTTT will create a public URL to the file as an Ingredient.,"Turn your A/C on with a set temperature, mode and fan level."
FzFG36pr,Apilio,Receive an event from Apilio,IF a message containing a key phrase is sent,Hive Active Heating™ - UK and Europe,Set thermostat to a specific temperature in current mode,", THEN sets the thermostat temperature [ACTION_Y].",Thermostat/Heating,This trigger fires every time IFTTT receives a specific event from Apilio.,This Action will set thermostat to a specific temperature in current mode
FzHxGh9R,Date & Time,Every hour at,IF every hour at quarter intervals,tadoº Heating,Return to tado⁠° automatic control,", THEN sets the room temperature [ACTION_Z].",Thermostat/Heating,"This Trigger fires once an hour at :00, :15, :30, or :45 minutes past the hour.","This Action will return control of your heating to tado⁠°, using your user-defined settings (e.g. location and Smart Schedule) to automatically determine the right room temperature."
G4dg7bsT,Google Calendar,Event from search starts,IF a calendar event with a specific keyword occurs,ecobee,Set thermostat comfort profile until next transition,", THEN sets a timed [ACTION_X] to hold.",Thermostat/Heating,"This Trigger fires a set number of minutes before the starting time of an event on your Google Calendar that contains a specific keyword or phrase. The search looks at the event’s Title, Description, and Location.",This Action will set the thermostat into a hold using the settings from the specified comfort profile. This comfort profile hold will remain in effect until the next next comfort profile transition in the program.
G8jJPzv5,EDF : vos plages tarifaires,Début de plage tarifaire,IF an energy tariff period starts,Netatmo Thermostat,Switch schedule,", THEN updates the thermostat schedule [ACTION_W].",Thermostat/Heating,Ce trigger se déclenche lorsque la plage tarifaire choisie commence dans votre logement.,This Action will change the schedule for the corresponding home.
GA7fCmpv,Foursquare,New check-in tagged,IF a message containing a key phrase is sent,Wink: Aros,Turn A/C on,", THEN turns on the air conditioner in [ACTION_X].",Thermostat/Heating,This trigger fires every time you check in on Foursquare or Swarmwith a single hashtag in the shout (e.g. #IFTTT).,This Action will turn your Aros A/C on and set to a temperature you specify.
GBuTHfSe,Button widget,Button press,IF a button is pressed,ecobee,Set thermostat hold for X hours,", THEN sets the thermostat temperature [ACTION_Y].",Thermostat/Heating,This trigger fires every time you press the button.,This action will set the thermostat into a hold with the specified temperature for the specified number of hours.
GK6hARsn,Weather Underground,Sunset,IF a set number of minutes before sunset,Nest Thermostat,Turn on fan for 15 minutes,", THEN configures thermostat fan mode [ACTION_Z].",Thermostat/Heating,This Trigger fires within 15 minutes of the sunset in your location.,This Action will turn on your HVAC system fan for the amount of time you specify in your Nest fan timer setting (default is 15 minutes). NOTE: works only if you have a fan option and Nest is set to Home.
GNRMsmvK,Homey,A Flow has been started,IF a message containing a key phrase is sent,Heatzy,Set heat mode,", THEN sets heating mode [ACTION_Z].",Thermostat/Heating,This trigger is run every time a specific Flow has been started on Homey. In order to use this Applet you need to be an owner on your Homey and have the IFTTT Homey App installed.,This action will set a specific device on heat mode
GS59TAnu,Apilio,Receive an event from Apilio,IF a message containing a key phrase is sent,Sensibo,Turn A/C on,", THEN turns on the air conditioner [ACTION_Z].",Thermostat/Heating,This trigger fires every time IFTTT receives a specific event from Apilio.,"Turn your A/C on with a set temperature, mode and fan level."
GTcXn3JV,Google Calendar,Event from search starts,IF shortly before a calendar event with a specific keyword occurs,Hive Active Heating™ - UK and Europe,Turn off thermostat ,", THEN turns heating mode off [ACTION_W].",Thermostat/Heating,"This Trigger fires a set number of minutes before the starting time of an event on your Calendar that contains a specific keyword or phrase in the event’s Title, Description, or Location. Ingredient will be based on the zone set in Google.",This Action will set the heating mode to off.
Gb62TGte,Niko Home Control,Routine activated,IF a routine is activated,tadoº Heating,Turn heating off,", THEN turns off heating [ACTION_W].",Thermostat/Heating,This trigger fires when a Routine is activated.,This Action will turn your heating off.
GdWH4cVi,Knocki,Gesture with task matching ID occurs,IF a message containing a key phrase is sent,Nest Thermostat,Set temperature range,", THEN sets the thermostat temperature [ACTION_Y].",Thermostat/Heating,This trigger fires if you tap a gesture with a custom IFTTT task matching the ID of this trigger.,This Action will set a Nest Thermostat in Heat-Cool mode to the temperature range you specify. NOTE: works only when Nest is set to Home.
GfpwZPKz,Location,You enter an area,IF the user enters a specified area,Honeywell Total Connect Comfort,Resume programmed schedule,", THEN resumes the programmed schedule [ACTION_Y].",Thermostat/Heating,This Trigger fires every time you enter an area you specify.,This Action will set your Honeywell thermostat to resume the currently defined thermostat programmed schedule.
GjdsAVk9,Location,You enter an area,IF the user enters a specified area,Heatmiser,Set Temperature,", THEN sets the temperature [ACTION_Z] on thermostat.",Thermostat/Heating,This Trigger fires every time you enter an area you specify.,The Action will set the temperature on the selected Heatmiser Thermostat.
GuTBVY26,RescueTime,FocusTime session starts,IF a Focus Time session starts or ends,Nest Thermostat,Set temperature,", THEN sets the thermostat temperature [ACTION_Y].",Thermostat/Heating,This Trigger fires every time a FocusTime session is started.,This Action will set a Nest Thermostat to the temperature you specify. NOTE: works only when Nest is set to Home.
H2bUjixy,ecobee,Thermostat schedule override,IF Ecobee schedule is overridden,ecobee,Resume thermostat program,", THEN cancels the current thermostat event [ACTION_W].",Thermostat/Heating,"This trigger fires every time your ecobee schedule is overridden with a Hold event (including vacations), a Utility Demand Response event, or a Smart Home/Away event.",This Action removes the currently running event on the selected thermostat providing the event is not a mandatory demand response event.
H2cx3KpA,TP-Link Router,Device Connects,IF your Android device connects to a specified wifi network,Nest Thermostat,Set temperature,", THEN sets the thermostat temperature [ACTION_Y].",Thermostat/Heating,This trigger fires every time a previously-connected device connects to your TP-Link router.,This Action will set a Nest Thermostat to the temperature you specify. NOTE: works only when Nest is set to Home.
H3D7qvhB,Apilio,Receive an event from Apilio,IF a message containing a key phrase is sent,Heatmiser,Set Standby Mode,", THEN activates [ACTION_X].",Thermostat/Heating,This trigger fires every time IFTTT receives a specific event from Apilio.,This Action will activate Standby Mode on the selected Heatmiser Thermostat.
H6984vCV,Location,You enter or exit an area,IF the user enters a specified area,BDR Thermea Group,Set mode,", THEN sets heating mode [ACTION_Z].",Thermostat/Heating,This Trigger fires every time you enter or exit an area you specify.,This action will set the heating mode of the thermostat.
H8eHRWAE,Weather Underground,Current temperature drops below,IF local temperature is below a specified value,Hive Active Heating™ - UK and Europe,Boost heating ,", THEN boosts heating [ACTION_Y].",Thermostat/Heating,This Trigger monitors your local temperature and fires whenever the temperature drops below the value you provide.,This Action will boost heating to the temperature and duration you specify.
H9eaiBpZ,Weather Underground,Current temperature drops below,IF local temperature is below a specified value,Nefit Easy,Set room temperature,", THEN sets the room temperature [ACTION_Z].",Thermostat/Heating,This Trigger monitors your local temperature and fires whenever the temperature drops below the value you provide.,This Action will set the current room temperature to a level of your choice. This temperature level can be adjusted manually or if Clock Mode is activated.
HBqeZFJz,ecobee,Thermostat outdoor temperature is less than,IF temperature drops below a threshold,ecobee,Set thermostat comfort profile until next transition,", THEN sets a timed [ACTION_X] to hold.",Thermostat/Heating,This trigger fires every time your ecobee thermostat senses that the outdoor temperature is less than a specific value you supply.,This Action will set the thermostat into a hold using the settings from the specified comfort profile. This comfort profile hold will remain in effect until the next next comfort profile transition in the program.
HN9Z2nyY,Button widget,Button press,IF a button is pressed,BDR Thermea Group,Set temperature,", THEN the thermostat to the temperature you specify [ACTION_W].",Thermostat/Heating,This trigger fires every time you press the button.,This action will set the temperature on the thermostat.
HP6JdKU2,Blue by ADT,A change in arm state,IF a security system state changes,ecobee,Set thermostat comfort profile until next transition,", THEN sets a timed [ACTION_X] to hold.",Thermostat/Heating,This trigger fires whenever the Blue By ADT system arm state changes.,This Action will set the thermostat into a hold using the settings from the specified comfort profile. This comfort profile hold will remain in effect until the next next comfort profile transition in the program.
HSD42jfy,Google Assistant,Say a simple phrase,IF a voice assistant is activated with a specific phrase,Nest Thermostat,Turn on fan for 15 minutes,", THEN configures thermostat fan mode [ACTION_Z].",Thermostat/Heating,"This trigger fires when you say “Ok Google” to the Google Assistant followed by a phrase you choose. For example, say “Ok Google, I’m running late” to text a family member that you’re on your way home.",This Action will turn on your HVAC system fan for the amount of time you specify in your Nest fan timer setting (default is 15 minutes). NOTE: works only if you have a fan option and Nest is set to Home.
HWvZa85J,Amazon Alexa,Item added to your To Do List,IF an item is added to a to-do list,Nest Thermostat,Set temperature,", THEN sets the thermostat temperature [ACTION_Y].",Thermostat/Heating,This Trigger fires every time you add an item to your To Do List.,This Action will set a Nest Thermostat to the temperature you specify. NOTE: works only when Nest is set to Home.
HYp8HqZT,Google Assistant,Say a simple phrase,IF a voice assistant is activated with a specific phrase,BDR Thermea Group,Set mode,", THEN sets heating mode [ACTION_Z].",Thermostat/Heating,"This trigger fires when you say “Ok Google” to the Google Assistant followed by a phrase you choose. For example, say “Ok Google, I’m running late” to text a family member that you’re on your way home.",This action will set the heating mode of the thermostat.
HZK2sYth,Google Calendar,Event from search starts,IF a calendar event with a specific keyword occurs,ecobee,Set thermostat hold for X hours,", THEN sets the thermostat temperature [ACTION_Y].",Thermostat/Heating,"This Trigger fires a set number of minutes before the starting time of an event on your Google Calendar that contains a specific keyword or phrase. The search looks at the event’s Title, Description, and Location.",This action will set the thermostat into a hold with the specified temperature for the specified number of hours.
Hj43ABqT,Location,You enter an area,IF the user enters a specified area,Honeywell Total Connect Comfort,Resume programmed schedule,", THEN resumes the programmed schedule [ACTION_Y].",Thermostat/Heating,This Trigger fires every time you enter an area you specify.,This Action will set your Honeywell thermostat to resume the currently defined thermostat programmed schedule.
Hq9LRN4H,ecobee,Thermostat outdoor temperature is greater than,IF temperature rises above a threshold,ecobee,Resume thermostat program,", THEN cancels the current thermostat event [ACTION_W].",Thermostat/Heating,This trigger fires every time your ecobee thermostat senses that the outdoor temperature is greater than a specific value you supply.,This Action removes the currently running event on the selected thermostat providing the event is not a mandatory demand response event.
HsEqH4zA,Jaguar Watches,Pusher pressed,IF a Jaguar watch button is pressed,Nest Thermostat,Set temperature,", THEN sets the thermostat temperature [ACTION_Y].",Thermostat/Heating,This trigger is fired from the assigned pusher on your Jaguar watch.,This Action will set a Nest Thermostat to the temperature you specify. NOTE: works only when Nest is set to Home.
HsMVS9yX,EDF : vos plages tarifaires,Début de plage tarifaire,IF an energy tariff period starts,Netatmo Thermostat,Switch schedule,", THEN updates the thermostat schedule [ACTION_W].",Thermostat/Heating,Ce trigger se déclenche lorsque la plage tarifaire choisie commence dans votre logement.,This Action will change the schedule for the corresponding home.
HzcQvMXJ,Button widget,Button press,IF a button is pressed,Nest Thermostat,Set temperature,", THEN sets the thermostat temperature [ACTION_Y].",Thermostat/Heating,This trigger fires every time you press the button.,This Action will set a Nest Thermostat to the temperature you specify. NOTE: works only when Nest is set to Home.
J2XDwPBj,OhmConnect,An #OhmHour starts,IF a demand response event starts or ends,ecobee,Set thermostat comfort profile until next transition,", THEN sets a timed [ACTION_X] to hold.",Thermostat/Heating,This trigger fires when an OhmHour starts,This Action will set the thermostat into a hold using the settings from the specified comfort profile. This comfort profile hold will remain in effect until the next next comfort profile transition in the program.
JCXtYK3F,Amazon Alexa,Say a specific phrase,IF a voice assistant is activated with a specific phrase,tadoº Heating,Return to tado⁠° automatic control,", THEN sets the room temperature [ACTION_Z].",Thermostat/Heating,"This trigger fires every time you say 'Alexa trigger' + the phrase that you have defined. For instance, if you set 'party time' as the phrase, you can say 'Alexa trigger party time' to have your lights loop colors.","This Action will return control of your heating to tado⁠°, using your user-defined settings (e.g. location and Smart Schedule) to automatically determine the right room temperature."
JFCaBjEw,Date & Time,Every day of the week at,IF is one of the specific days of the week at a specified time,GE Appliances GeoSpring™,Set temperature,", THEN sets the water heater temperature [ACTION_Z].",Thermostat/Heating,This Trigger fires only on specific days of the week at the time you provide.,This Action will set the temperature of your GE water heater.
JKXPqE9R,Android SMS,New SMS sent to phone number,IF an SMS is sent from Android,Nest Thermostat,Set temperature,", THEN sets the thermostat temperature [ACTION_Y].",Thermostat/Heating,This Trigger fires every time you send an SMS on your Android device to a phone number you specify.,This Action will set a Nest Thermostat to the temperature you specify. NOTE: works only when Nest is set to Home.
JNmWPZiS,Weather Underground,Current temperature drops below,IF local temperature is below a specified value,Hive Active Heating™ - UK and Europe,Boost heating ,", THEN boosts heating [ACTION_Y].",Thermostat/Heating,This Trigger monitors your local temperature and fires whenever the temperature drops below the value you provide.,This Action will boost heating to the temperature and duration you specify.
JQzrHfSR,Button widget,Button press,IF a button is pressed,Netatmo Thermostat,Set to manual mode,", THEN sets the thermostat to [ACTION_X].",Thermostat/Heating,This trigger fires every time you press the button.,This Action will set your thermostat to manual mode.
JRywSqci,Wink: Spotter,Temperature drops below,IF temperature drops below a threshold,Nest Thermostat,Set temperature,", THEN sets the thermostat temperature [ACTION_Y].",Thermostat/Heating,This Trigger fires every time the temperature measured by your Spotter drops below the value you specify.,This Action will set a Nest Thermostat to the temperature you specify. NOTE: works only when Nest is set to Home.
JSY87a9s,Date & Time,Every day of the week at,IF is one of the specific days of the week at a specified time,GE Appliances GeoSpring™,Set temperature,", THEN sets the water heater temperature [ACTION_Z].",Thermostat/Heating,This Trigger fires only on specific days of the week at the time you provide.,This Action will set the temperature of your GE water heater.
JY3nVyKz,Amazon Alexa,Say a specific phrase,IF a voice assistant is activated with a specific phrase,Honeywell Total Connect Comfort,Set temperature for a period of time,", THEN sets the thermostat temperature [ACTION_Y].",Thermostat/Heating,"This trigger fires every time you say 'Alexa trigger' + the phrase that you have defined. For instance, if you set 'party time' as the phrase, you can say 'Alexa trigger party time' to have your lights loop colors.",This Action will set your Honeywell thermostat to hold a temperature for a specified period of time. The schedule will resume when the time expires.
JaLwEWxc,Amazon Alexa,Say a specific phrase,IF a voice assistant is activated with a specific phrase,ecobee,Set thermostat hold until next transition,", THEN sets the thermostat temperature [ACTION_Y].",Thermostat/Heating,"This trigger fires every time you say 'Alexa trigger' + the phrase that you have defined. For instance, if you set 'party time' as the phrase, you can say 'Alexa trigger party time' to have your lights loop colors.",This action will set the thermostat into a hold with the specified temperature and the end date/time will be set to the next climate transition in the program.
JbYQXMKt,Amazon Alexa,Say a specific phrase,IF a voice assistant is activated with a specific phrase,Nest Thermostat,Set temperature,", THEN sets the thermostat temperature [ACTION_Y].",Thermostat/Heating,"This trigger fires every time you say 'Alexa trigger' + the phrase that you have defined. For instance, if you set 'party time' as the phrase, you can say 'Alexa trigger party time' to have your lights loop colors.",This Action will set a Nest Thermostat to the temperature you specify. NOTE: works only when Nest is set to Home.
Jem4DWU6,Harvest,Project created,IF a new project is created on Harvest,Heatmiser,Set Temperature,", THEN sets the temperature [ACTION_Z] on thermostat.",Thermostat/Heating,This Trigger fires every time you create a new project on Harvest.,The Action will set the temperature on the selected Heatmiser Thermostat.
JfTqU2Mg,Google Assistant,Say a simple phrase,IF a voice assistant is activated with a specific phrase,ecobee,Set thermostat comfort profile until next transition,", THEN sets a timed [ACTION_X] to hold.",Thermostat/Heating,"This trigger fires when you say “Ok Google” to the Google Assistant followed by a phrase you choose. For example, say “Ok Google, I’m running late” to text a family member that you’re on your way home.",This Action will set the thermostat into a hold using the settings from the specified comfort profile. This comfort profile hold will remain in effect until the next next comfort profile transition in the program.
JfhZWk2P,Google Assistant,Say a phrase with a text ingredient,IF a voice assistant is activated with a specific phrase,Nest Thermostat,Set temperature,", THEN sets the thermostat temperature [ACTION_Y].",Thermostat/Heating,This trigger fires when you say “Ok Google” to the Google Assistant followed by a phrase like “Post a tweet saying ‘New high score.’” **Use the $ symbol to specify where you'll say the text ingredient,This Action will set a Nest Thermostat to the temperature you specify. NOTE: works only when Nest is set to Home.
JkqDmBE6,Google Assistant,Say a phrase with a text ingredient,IF a voice assistant is activated with a specific phrase,Nest Thermostat,Set temperature,", THEN sets the thermostat temperature [ACTION_Y].",Thermostat/Heating,This trigger fires when you say “Ok Google” to the Google Assistant followed by a phrase like “Post a tweet saying ‘New high score.’” **Use the $ symbol to specify where you'll say the text ingredient,This Action will set a Nest Thermostat to the temperature you specify. NOTE: works only when Nest is set to Home.
JmGdwp34,Withings Sleep,When I get out of bed,IF a sleep tracking device detects the user leaving the bed,Heatzy,Set heat mode,", THEN sets heating mode [ACTION_Z].",Thermostat/Heating,"This trigger fires every time your Withings Sleep detects that you get out of bed, within the start and end time parameters that you specify.",This action will set a specific device on heat mode
JpsEAXRf,Android Device,Disconnects from a specific WiFi network,IF your Android device connects to a specified wifi network,Nest Thermostat,Set temperature,", THEN sets the thermostat temperature [ACTION_Y].",Thermostat/Heating,This Trigger fires every time your Android device disconnects from a WiFi network you specify.,This Action will set a Nest Thermostat to the temperature you specify. NOTE: works only when Nest is set to Home.
K5hpJ9xK,Anyware Services,Temperature drops below threshold,IF temperature drops below a threshold,tadoº Heating,Turn heating on,", THEN starts heating [ACTION_Z].",Thermostat/Heating,This trigger fires when temperature drops below the specified value,This Action will start your heating.
K6wWn2Yg,Netatmo Weather Station,Temperature rises above,IF temperature rises above a threshold,Sensibo,Turn A/C on,", THEN turns on the air conditioner [ACTION_Z].",Thermostat/Heating,This Trigger fires every time the temperature rises above a value you specify.,"Turn your A/C on with a set temperature, mode and fan level."
KCBr4hnQ,Fort Collins Utilities Time of Day Pricing,Time of Day Peak Rates START/END,IF peak energy rates start or end,Honeywell Total Connect Comfort,Set temperature for a period of time,", THEN sets the thermostat temperature [ACTION_Y].",Thermostat/Heating,This trigger fires when time-of-day peak rates start or end.,This Action will set your Honeywell thermostat to hold a temperature for a specified period of time. The schedule will resume when the time expires.
KCvTBkVR,SwitchBot,Temperature or humidity changes,IF environmental conditions change,Heatzy,Set cool mode,", THEN sets cooling mode [ACTION_Z].",Thermostat/Heating,"Whenever a preset temperature and/or humidity change detected, SwitchBot Thermometer & Hygrometer (the Meter) will try to trigger the service. E.g. if the temperature is too high, turn on AC with the SwitchBot Hub Plus (the Hub Plus).",This action will set a specific device on cool mode
KE8NqdHB,Google Assistant,Say a simple phrase,IF a voice assistant is activated with a specific phrase,Nature Remo,Turn on air conditioner,", THEN turns on the air conditioner and configures settings to [ACTION_X].",Thermostat/Heating,"This trigger fires when you say “Ok Google” to the Google Assistant followed by a phrase you choose. For example, say “Ok Google, I’m running late” to text a family member that you’re on your way home.","This action will turn on your air conditioner and set target temperature, AC operation mode and air volume settings.Note: Please use the Control Home Appliances actions for the button registered by learning mode."
KFaPBjpw,Google Calendar,Event from search starts,IF a calendar event with a specific keyword occurs,ecobee,Set thermostat comfort profile until next transition,", THEN sets a timed [ACTION_X] to hold.",Thermostat/Heating,"This Trigger fires a set number of minutes before the starting time of an event on your Google Calendar that contains a specific keyword or phrase. The search looks at the event’s Title, Description, and Location.",This Action will set the thermostat into a hold using the settings from the specified comfort profile. This comfort profile hold will remain in effect until the next next comfort profile transition in the program.
KH5V6cPt,ComEd,Peak Time Savings - Savings Hours Announced,IF peak energy savings hours are announced,Honeywell Total Connect Comfort,Resume programmed schedule,", THEN resumes the programmed schedule [ACTION_Y].",Thermostat/Heating,This trigger activates whenever Peak Time Savings Hours are announced and during various stages of an event.,This Action will set your Honeywell thermostat to resume the currently defined thermostat programmed schedule.
KHqKX8fP,Weather Underground,Current temperature rises above,IF local temperature is above a specified value,Nest Thermostat,Set temperature range,", THEN sets the thermostat temperature [ACTION_Y].",Thermostat/Heating,This Trigger monitors your local temperature and fires whenever the temperature rises above the value you provide.,This Action will set a Nest Thermostat in Heat-Cool mode to the temperature range you specify. NOTE: works only when Nest is set to Home.
KM2K7pQV,Blue by ADT,A change in arm state,IF a security system state changes,Nest Thermostat,Set temperature,", THEN sets the thermostat temperature [ACTION_Y].",Thermostat/Heating,This trigger fires whenever the Blue By ADT system arm state changes.,This Action will set a Nest Thermostat to the temperature you specify. NOTE: works only when Nest is set to Home.
KNz7MgrK,Amazon Alexa,Say a specific phrase,IF a voice assistant is activated with a specific phrase,Honeywell Total Connect Comfort,Set temperature for a period of time,", THEN sets the thermostat temperature [ACTION_Y].",Thermostat/Heating,"This trigger fires every time you say 'Alexa trigger' + the phrase that you have defined. For instance, if you set 'party time' as the phrase, you can say 'Alexa trigger party time' to have your lights loop colors.",This Action will set your Honeywell thermostat to hold a temperature for a specified period of time. The schedule will resume when the time expires.
KTKkQmBA,Location,You enter an area,IF the user enters a specified area,Netatmo Thermostat,Go back to schedule,", THEN restores default heating schedule [ACTION_Z].",Thermostat/Heating,This Trigger fires every time you enter an area you specify.,This Action will order your home to go back to default schedule.
KZWbC6sF,Date & Time,Every day of the week at,IF is one of the specific days of the week at a specified time,Mysa Thermostat,Change the setpoint,", THEN the thermostat to the temperature you specify [ACTION_W].",Thermostat/Heating,This Trigger fires only on specific days of the week at the time you provide.,This action will change the setpoint of a device to the desired value.
KZjT9BHF,Amazon Alexa,Say a specific phrase,IF a voice assistant is activated with a specific phrase,ecobee,Set thermostat hold for X hours,", THEN sets the thermostat temperature [ACTION_Y].",Thermostat/Heating,"This trigger fires every time you say 'Alexa trigger' + the phrase that you have defined. For instance, if you set 'party time' as the phrase, you can say 'Alexa trigger party time' to have your lights loop colors.",This action will set the thermostat into a hold with the specified temperature for the specified number of hours.
KhZ7uGL2,Google Assistant,Say a simple phrase,IF a voice assistant is activated with a specific phrase,Nest Thermostat,Set temperature,", THEN sets the thermostat temperature [ACTION_Y].",Thermostat/Heating,"This trigger fires when you say “Ok Google” to the Google Assistant followed by a phrase you choose. For example, say “Ok Google, I’m running late” to text a family member that you’re on your way home.",This Action will set a Nest Thermostat to the temperature you specify. NOTE: works only when Nest is set to Home.
KiByQvwg,Weather Underground,Current condition changes to,IF the weather conditions change,Warmup Smart Thermostat,Set temperature,", THEN sets the thermostat temperature [ACTION_Y].",Thermostat/Heating,"This Trigger monitors changes in the current weather condition. When one of those conditions is met the Trigger fires. Currently only these simple conditions are supported: Rain, Snow, Cloudy, Clear. ",This action will set your thermostat to a specified temperature.
KiesPWhT,Google Assistant,Say a simple phrase,IF a voice assistant is activated with a specific phrase,Nefit Easy,Increase room temperature,", THEN increases room temperature [ACTION_Z].",Thermostat/Heating,"This trigger fires when you say “Ok Google” to the Google Assistant followed by a phrase you choose. For example, say “Ok Google, I’m running late” to text a family member that you’re on your way home.",This Action will increase the room temperature by a configurable amount.
KrkcQnxs,Amazon Alexa,Say a specific phrase,IF a voice assistant is activated with a specific phrase,Honeywell Total Connect Comfort,Set temperature for a period of time,", THEN sets the thermostat temperature [ACTION_Y].",Thermostat/Heating,"This trigger fires every time you say 'Alexa trigger' + the phrase that you have defined. For instance, if you set 'party time' as the phrase, you can say 'Alexa trigger party time' to have your lights loop colors.",This Action will set your Honeywell thermostat to hold a temperature for a specified period of time. The schedule will resume when the time expires.
KsiYx6tZ,Nest Thermostat,Nest set to Away,IF every time no one is at home,Nest Thermostat,Set temperature range,", THEN sets the thermostat temperature [ACTION_Y].",Thermostat/Heating,This Trigger fires every time the home you specify is set to Away.,This Action will set a Nest Thermostat in Heat-Cool mode to the temperature range you specify. NOTE: works only when Nest is set to Home.
KwSGcmrg,Google Calendar,Event from search starts,IF a calendar event with a specific keyword occurs,ecobee,Set thermostat comfort profile until next transition,", THEN sets a timed [ACTION_X] to hold.",Thermostat/Heating,"This Trigger fires a set number of minutes before the starting time of an event on your Google Calendar that contains a specific keyword or phrase. The search looks at the event’s Title, Description, and Location.",This Action will set the thermostat into a hold using the settings from the specified comfort profile. This comfort profile hold will remain in effect until the next next comfort profile transition in the program.
KxjXrf8w,Button widget,Button press,IF a button is pressed,Hive Active Heating™ - UK and Europe,Boost heating ,", THEN boosts heating [ACTION_Y].",Thermostat/Heating,This trigger fires every time you press the button.,This Action will boost heating to the temperature and duration you specify.
L4hYAZj5,Weather Underground,Tomorrow's low drops below,IF temperature drops below a threshold,Hive Active Heating™ - UK and Europe,Set the thermostat to schedule,", THEN sets heating mode to [ACTION_X].",Thermostat/Heating,This Trigger fires every time tomorrow’s forecasted low temperature drops below a value you provide.,This Action will set the heating mode to schedule.
LFkAh9mV,Location,You enter an area,IF the user enters a specified area,Nest Thermostat,Turn on fan for 15 minutes,", THEN configures thermostat fan mode [ACTION_Z].",Thermostat/Heating,This Trigger fires every time you enter an area you specify.,This Action will turn on your HVAC system fan for the amount of time you specify in your Nest fan timer setting (default is 15 minutes). NOTE: works only if you have a fan option and Nest is set to Home.
LPaLJxm8,Weather Underground,Current temperature drops below,IF local temperature is below a specified value,Nest Thermostat,Set temperature,", THEN sets the thermostat temperature [ACTION_Y].",Thermostat/Heating,This Trigger monitors your local temperature and fires whenever the temperature drops below the value you provide.,This Action will set a Nest Thermostat to the temperature you specify. NOTE: works only when Nest is set to Home.
LUk3gV7u,True Energy Smart Home Denmark,Electricity in Denmark is Expensive,IF electricity prices are high,Home Connect Fridge Freezer,Set freezer temperature,", THEN sets the freezer temperature [ACTION_Z].",Thermostat/Heating,This trigger fires at the hours where electricity in Denmark is expensive.,This action will set the freezer temperature.
Lahyc3pH,Google Calendar,Event from search starts,IF shortly before a calendar event with a specific keyword occurs,Home Connect Fridge Freezer,Activate Vacation mode,", THEN activates vacation mode [ACTION_Z].",Thermostat/Heating,"This Trigger fires a set number of minutes before the starting time of an event on your Calendar that contains a specific keyword or phrase in the event’s Title, Description, or Location. Ingredient will be based on the zone set in Google.",This action will activate Vacation mode (Holiday mode) on your appliance. Note that this will change set point temperature and manually changing it will disable the Vacation mode (Holiday mode).
Lgix6aCf,Flic,Flic is clicked,IF a button is pressed,Hive Active Heating™ - UK and Europe,Boost heating ,", THEN boosts heating [ACTION_Y].",Thermostat/Heating,This Trigger fires every time you click the selected Flic.,This Action will boost heating to the temperature and duration you specify.
LiwhyHdp,Google Assistant,Say a phrase with a text ingredient,IF a voice assistant is activated with a specific phrase,Nest Thermostat,Set temperature,", THEN sets the thermostat temperature [ACTION_Y].",Thermostat/Heating,This trigger fires when you say “Ok Google” to the Google Assistant followed by a phrase like “Post a tweet saying ‘New high score.’” **Use the $ symbol to specify where you'll say the text ingredient,This Action will set a Nest Thermostat to the temperature you specify. NOTE: works only when Nest is set to Home.
M4FWV7qN,Wink: Spotter,Temperature rises above,IF temperature rises above a threshold,Wink: Aros,Turn A/C on,", THEN turns on the air conditioner in [ACTION_X].",Thermostat/Heating,This Trigger fires every time the temperature measured by your Spotter rises above the value you specify.,This Action will turn your Aros A/C on and set to a temperature you specify.
MCd7YF4H,Weather Underground,Sunrise,IF it is sunrise,Nest Thermostat,Set temperature,", THEN sets the thermostat temperature [ACTION_Y].",Thermostat/Heating,This Trigger fires within 15 minutes of the sunrise in your location.,This Action will set a Nest Thermostat to the temperature you specify. NOTE: works only when Nest is set to Home.
MDRCKv9r,Weather Underground,Current temperature drops below,IF local temperature is below a specified value,Netatmo Thermostat,Go back to schedule,", THEN restores default heating schedule [ACTION_Z].",Thermostat/Heating,This Trigger monitors your local temperature and fires whenever the temperature drops below the value you provide.,This Action will order your home to go back to default schedule.
MJRNpwWh,Google Calendar,Event from search starts,IF shortly before a calendar event with a specific keyword occurs,Warmup Smart Thermostat,Set temperature,", THEN sets the thermostat temperature [ACTION_Y].",Thermostat/Heating,"This Trigger fires a set number of minutes before the starting time of an event on your Calendar that contains a specific keyword or phrase in the event’s Title, Description, or Location. Ingredient will be based on the zone set in Google.",This action will set your thermostat to a specified temperature.
MJpQqTbn,Google Calendar,Event from search starts,IF a calendar event with a specific keyword occurs,Nest Thermostat,Set temperature,", THEN sets the thermostat temperature [ACTION_Y].",Thermostat/Heating,"This Trigger fires a set number of minutes before the starting time of an event on your Google Calendar that contains a specific keyword or phrase. The search looks at the event’s Title, Description, and Location.",This Action will set a Nest Thermostat to the temperature you specify. NOTE: works only when Nest is set to Home.
MMwpLCBq,Telegram,New message with key phrase to @IFTTT,IF a message containing a key phrase is sent,Nest Thermostat,Set temperature,", THEN sets the thermostat temperature [ACTION_Y].",Thermostat/Heating,This trigger fires when you send a text message with a key phrase to the @IFTTT bot on Telegram.,This Action will set a Nest Thermostat to the temperature you specify. NOTE: works only when Nest is set to Home.
MNn6SsQg,Weather Underground,Current temperature rises above,IF local temperature is above a specified value,Nest Thermostat,Set temperature,", THEN sets the thermostat temperature [ACTION_Y].",Thermostat/Heating,This Trigger monitors your local temperature and fires whenever the temperature rises above the value you provide.,This Action will set a Nest Thermostat to the temperature you specify. NOTE: works only when Nest is set to Home.
MPM4K3wz,Date & Time,Every day at,IF every day at a specified time,tadoº Heating,Return to tado⁠° automatic control,", THEN sets the room temperature [ACTION_Z].",Thermostat/Heating,This Trigger fires every single day at a specific time set by you.,"This Action will return control of your heating to tado⁠°, using your user-defined settings (e.g. location and Smart Schedule) to automatically determine the right room temperature."
MPSyvK7G,Location,You enter an area,IF the user enters a specified area,Netatmo Thermostat,Go back to schedule,", THEN restores default heating schedule [ACTION_Z].",Thermostat/Heating,This Trigger fires every time you enter an area you specify.,This Action will order your home to go back to default schedule.
MRBY5DWu,Google Assistant,Say a simple phrase,IF a voice assistant is activated with a specific phrase,Nest Thermostat,Set temperature,", THEN sets the thermostat temperature [ACTION_Y].",Thermostat/Heating,"This trigger fires when you say “Ok Google” to the Google Assistant followed by a phrase you choose. For example, say “Ok Google, I’m running late” to text a family member that you’re on your way home.",This Action will set a Nest Thermostat to the temperature you specify. NOTE: works only when Nest is set to Home.
MRNZ84EG,Netatmo Weather Station,Temperature rises above,IF temperature rises above a threshold,Nest Thermostat,Set temperature range,", THEN sets the thermostat temperature [ACTION_Y].",Thermostat/Heating,This Trigger fires every time the temperature rises above a value you specify.,This Action will set a Nest Thermostat in Heat-Cool mode to the temperature range you specify. NOTE: works only when Nest is set to Home.
MS5sbKdB,SmartHours,OGE SmartHours price changes,IF electricity prices change,Warmup Smart Thermostat,Set temperature,", THEN sets the thermostat temperature [ACTION_Y].",Thermostat/Heating,This trigger fires when there is a price change.,This action will set your thermostat to a specified temperature.
MVTjd7Xs,Weather Underground,Current temperature rises above,IF local temperature is above a specified value,BDR Thermea Group,Set temperature,", THEN the thermostat to the temperature you specify [ACTION_W].",Thermostat/Heating,This Trigger monitors your local temperature and fires whenever the temperature rises above the value you provide.,This action will set the temperature on the thermostat.
MWmxThPH,Netatmo Thermostat,Entering manual mode,IF every time a room enters manual mode,Netatmo Thermostat,Go back to schedule,", THEN restores default heating schedule [ACTION_Z].",Thermostat/Heating,This Triggers fire every time your room enters manual mode.,This Action will order your home to go back to default schedule.
MnmCMZtg,Location,You exit an area,IF the user exits a specified area,BDR Thermea Group,Set mode,", THEN sets heating mode [ACTION_Z].",Thermostat/Heating,This Trigger fires every time you exit an area you specify.,This action will set the heating mode of the thermostat.
MtWfarmw,Google Assistant,Say a simple phrase,IF a voice assistant is activated with a specific phrase,Home Connect Fridge Freezer,Activate freezer Super Freezing mode,", THEN temporarily boosts freezer cooling [ACTION_Y].",Thermostat/Heating,"This trigger fires when you say “Ok Google” to the Google Assistant followed by a phrase you choose. For example, say “Ok Google, I’m running late” to text a family member that you’re on your way home.",This action will temporarily cool the freezer at maximum power.
MuEWgZVw,Google Assistant,Say a phrase with a text ingredient,IF a voice assistant is activated with a specific phrase,Nest Thermostat,Set temperature,", THEN sets the thermostat temperature [ACTION_Y].",Thermostat/Heating,This trigger fires when you say “Ok Google” to the Google Assistant followed by a phrase like “Post a tweet saying ‘New high score.’” **Use the $ symbol to specify where you'll say the text ingredient,This Action will set a Nest Thermostat to the temperature you specify. NOTE: works only when Nest is set to Home.
Mwm59Q3q,Weather Underground,Sunrise,IF it is sunrise,Wink: Aros,Turn A/C on,", THEN turns on the air conditioner in [ACTION_X].",Thermostat/Heating,This Trigger fires within 15 minutes of the sunrise in your location.,This Action will turn your Aros A/C on and set to a temperature you specify.
N7kpi2yv,Button widget,Button press,IF a button is pressed,ThermoSmart,Set temperature,", THEN the thermostat to the temperature you specify [ACTION_W].",Thermostat/Heating,This trigger fires every time you press the button.,This Action will set your ThermoSmart to the temperature you specify.
NGemQvrD,Nest Thermostat,Temperature drops below,IF temperature drops below a threshold,Nest Thermostat,Set temperature,", THEN sets the thermostat temperature [ACTION_Y].",Thermostat/Heating,This Trigger fires every time the temperature drops below a threshold you specify.,This Action will set a Nest Thermostat to the temperature you specify. NOTE: works only when Nest is set to Home.
NH3wWkRp,Location,You exit an area,IF the user exits a specified area,Nest Thermostat,Set temperature,", THEN sets the thermostat temperature [ACTION_Y].",Thermostat/Heating,This Trigger fires every time you exit an area you specify.,This Action will set a Nest Thermostat to the temperature you specify. NOTE: works only when Nest is set to Home.
NJcHhYwN,Google Assistant,Say a phrase with a text ingredient,IF a voice assistant is activated with a specific phrase,Nest Thermostat,Set temperature,", THEN sets the thermostat temperature [ACTION_Y].",Thermostat/Heating,This trigger fires when you say “Ok Google” to the Google Assistant followed by a phrase like “Post a tweet saying ‘New high score.’” **Use the $ symbol to specify where you'll say the text ingredient,This Action will set a Nest Thermostat to the temperature you specify. NOTE: works only when Nest is set to Home.
NKCic3kx,Weather Underground,Current temperature drops below,IF local temperature is below a specified value,Nest Thermostat,Set temperature,", THEN sets the thermostat temperature [ACTION_Y].",Thermostat/Heating,This Trigger monitors your local temperature and fires whenever the temperature drops below the value you provide.,This Action will set a Nest Thermostat to the temperature you specify. NOTE: works only when Nest is set to Home.
NKd2nUZE,Tempest Weather System ,Temperature rises above,IF temperature rises above a threshold,Nest Thermostat,Set temperature range,", THEN sets the thermostat temperature [ACTION_Y].",Thermostat/Heating,This Trigger fires every time the temperature at your WeatherFlow Tempest Station rises above a value that you select.,This Action will set a Nest Thermostat in Heat-Cool mode to the temperature range you specify. NOTE: works only when Nest is set to Home.
NLAatQWq,Google Calendar,Event from search starts,IF a calendar event with a specific keyword occurs,ecobee,Set thermostat comfort profile until next transition,", THEN sets a timed [ACTION_X] to hold.",Thermostat/Heating,"This Trigger fires a set number of minutes before the starting time of an event on your Google Calendar that contains a specific keyword or phrase. The search looks at the event’s Title, Description, and Location.",This Action will set the thermostat into a hold using the settings from the specified comfort profile. This comfort profile hold will remain in effect until the next next comfort profile transition in the program.
NN2Qke5d,HAVEN IAQ,PM2.5 threshold is crossed ,IF the air quality is below a specified value,Honeywell Total Connect Comfort,Set fan to on or auto,", THEN configures thermostat fan mode [ACTION_Z].",Thermostat/Heating,This Trigger fires whenever the measured Particulate Matter of 2.5 microns in size (PM2.5) is above or below the threshold.,This Action will set the Honeywell thermostat fan to On where the fan is always on or Auto where the fan runs only when the heating or cooling system is on.
NNcVi4uB,Apilio,Receive an event from Apilio,IF a message containing a key phrase is sent,Nature Remo,Turn on air conditioner,", THEN turns on the air conditioner and configures settings to [ACTION_X].",Thermostat/Heating,This trigger fires every time IFTTT receives a specific event from Apilio.,"This action will turn on your air conditioner and set target temperature, AC operation mode and air volume settings.

Note: Please use the Control Home Appliances actions for the button registered by learning mode."
NVwY3DyW,Location,You exit an area,IF the user exits a specified area,ecobee,Set thermostat comfort profile until next transition,", THEN sets a timed [ACTION_X] to hold.",Thermostat/Heating,This Trigger fires every time you exit an area you specify.,This Action will set the thermostat into a hold using the settings from the specified comfort profile. This comfort profile hold will remain in effect until the next next comfort profile transition in the program.
NYAQcUpN,Nest Thermostat,Temperature rises above,IF temperature rises above a threshold,Nest Thermostat,Turn on fan for 15 minutes,", THEN configures thermostat fan mode [ACTION_Z].",Thermostat/Heating,This Trigger fires every time the temperature rises above a threshold you specify.,This Action will turn on your HVAC system fan for the amount of time you specify in your Nest fan timer setting (default is 15 minutes). NOTE: works only if you have a fan option and Nest is set to Home.
NchAUrtx,EDF : vos plages tarifaires,Début de plage tarifaire,IF an energy tariff period starts,Netatmo Thermostat,Switch schedule,", THEN updates the thermostat schedule [ACTION_W].",Thermostat/Heating,Ce trigger se déclenche lorsque la plage tarifaire choisie commence dans votre logement.,This Action will change the schedule for the corresponding home.
P54er6iE,Fort Collins Utilities Time of Day Pricing,Time of Day Peak Rates START/END,IF peak energy rates start or end,GE Appliances Window AC,Set target temperature,", THEN sets the target temperature [ACTION_Z] on the window air conditioner.",Thermostat/Heating,This trigger fires when time-of-day peak rates start or end.,This Action will set a target temperature on your window ac unit.
P59EtSwP,Google Assistant,Say a simple phrase,IF a voice assistant is activated with a specific phrase,Nefit Easy,Decrease room temperature,", THEN decreases room temperature [ACTION_W].",Thermostat/Heating,"This trigger fires when you say “Ok Google” to the Google Assistant followed by a phrase you choose. For example, say “Ok Google, I’m running late” to text a family member that you’re on your way home.",This Action will decrease the room temperature by a configurable amount.
P9yFuLQU,Date & Time,Every day at,IF every day at a specified time,GE Appliances GeoSpring™,Set temperature,", THEN sets the water heater temperature [ACTION_Z].",Thermostat/Heating,This Trigger fires every single day at a specific time set by you.,This Action will set the temperature of your GE water heater.
PMcLkRNK,Location,You exit an area,IF the user exits a specified area,ecobee,Set thermostat comfort profile until next transition,", THEN sets a timed [ACTION_X] to hold.",Thermostat/Heating,This Trigger fires every time you exit an area you specify.,This Action will set the thermostat into a hold using the settings from the specified comfort profile. This comfort profile hold will remain in effect until the next next comfort profile transition in the program.
PVits2EP,Weather Underground,Sunrise,IF it is sunrise,Nest Thermostat,Turn on fan for 15 minutes,", THEN configures thermostat fan mode [ACTION_Z].",Thermostat/Heating,This Trigger fires within 15 minutes of the sunrise in your location.,This Action will turn on your HVAC system fan for the amount of time you specify in your Nest fan timer setting (default is 15 minutes). NOTE: works only if you have a fan option and Nest is set to Home.
PdDKUuZJ,EZVIZ,An alarm event occurred,IF an alarm triggers,Nest Thermostat,Set temperature,", THEN sets the thermostat temperature [ACTION_Y].",Thermostat/Heating,This Trigger fires when an alarm event occurs.,This Action will set a Nest Thermostat to the temperature you specify. NOTE: works only when Nest is set to Home.
PdnM5pbq,Amazon Alexa,Say a specific phrase,IF a voice assistant is activated with a specific phrase,ecobee,Set thermostat comfort profile until next transition,", THEN sets a timed [ACTION_X] to hold.",Thermostat/Heating,"This trigger fires every time you say 'Alexa trigger' + the phrase that you have defined. For instance, if you set 'party time' as the phrase, you can say 'Alexa trigger party time' to have your lights loop colors.",This Action will set the thermostat into a hold using the settings from the specified comfort profile. This comfort profile hold will remain in effect until the next next comfort profile transition in the program.
Pesr63pU,Location,You enter an area,IF the user enters a specified area,Netatmo Thermostat,Go back to schedule,", THEN restores default heating schedule [ACTION_Z].",Thermostat/Heating,This Trigger fires every time you enter an area you specify.,This Action will order your home to go back to default schedule.
Phtez5GD,uHoo,uHoo air quality alert,IF air quality crosses a threshold,Nest Thermostat,Set temperature,", THEN sets the thermostat temperature [ACTION_Y].",Thermostat/Heating,This trigger fires when your air quality goes above or below the target level.,This Action will set a Nest Thermostat to the temperature you specify. NOTE: works only when Nest is set to Home.
PiLUrcwQ,Date & Time,Every day of the week at,IF is one of the specific days of the week at a specified time,GE Appliances GeoSpring™,Set temperature,", THEN sets the water heater temperature [ACTION_Z].",Thermostat/Heating,This Trigger fires only on specific days of the week at the time you provide.,This Action will set the temperature of your GE water heater.
PkmAWbtv,Google Assistant,Say a simple phrase,IF a voice assistant is activated with a specific phrase,tadoº Heating,Turn heating on,", THEN starts heating [ACTION_Z].",Thermostat/Heating,"This trigger fires when you say “Ok Google” to the Google Assistant followed by a phrase you choose. For example, say “Ok Google, I’m running late” to text a family member that you’re on your way home.",This Action will start your heating.
Pn8fxFQY,Button widget,Button press,IF a button is pressed,AQUAREA Smart Cloud,Change Heat Mode settings,", THEN sets heating mode [ACTION_Z].",Thermostat/Heating,This trigger fires every time you press the button.,This action will change operation settings for Heat Mode in your device. 
PwHrgvJU,Google Assistant,Say a simple phrase,IF a voice assistant is activated with a specific phrase,tadoº Heating,Turn heating off,", THEN turns off heating [ACTION_W].",Thermostat/Heating,"This trigger fires when you say “Ok Google” to the Google Assistant followed by a phrase you choose. For example, say “Ok Google, I’m running late” to text a family member that you’re on your way home.",This Action will turn your heating off.
PxAFim6c,Nest Protect,Carbon monoxide warning,IF Nest Protect detects carbon monoxide,ecobee,Set thermostat comfort profile until next transition,", THEN sets a timed [ACTION_X] to hold.",Thermostat/Heating,This Trigger fires every time the Nest Protect you specify detects warning carbon monoxide levels.,This Action will set the thermostat into a hold using the settings from the specified comfort profile. This comfort profile hold will remain in effect until the next next comfort profile transition in the program.
PzwQuNDm,Location,You exit an area,IF the user exits a specified area,ecobee,Set thermostat comfort profile until next transition,", THEN sets a timed [ACTION_X] to hold.",Thermostat/Heating,This Trigger fires every time you exit an area you specify.,This Action will set the thermostat into a hold using the settings from the specified comfort profile. This comfort profile hold will remain in effect until the next next comfort profile transition in the program.
Q93Kkf2p,Location,You enter an area,IF the user enters a specified area,Nest Thermostat,Set temperature,", THEN sets the thermostat temperature [ACTION_Y].",Thermostat/Heating,This Trigger fires every time you enter an area you specify.,This Action will set a Nest Thermostat to the temperature you specify. NOTE: works only when Nest is set to Home.
Q965u32g,Location,You enter an area,IF the user enters a specified area,ecobee,Resume thermostat program,", THEN cancels the current thermostat event [ACTION_W].",Thermostat/Heating,This Trigger fires every time you enter an area you specify.,This Action removes the currently running event on the selected thermostat providing the event is not a mandatory demand response event.
QEgMJKLv,Android Device,Connects to a specific WiFi network,IF your Android device connects to a specified wifi network,Wink: Aros,Turn A/C on,", THEN turns on the air conditioner in [ACTION_X].",Thermostat/Heating,This Trigger fires every time your Android device connects to a WiFi network you specify.,This Action will turn your Aros A/C on and set to a temperature you specify.
QMT9qHks,Weather Underground,Sunrise,IF it is sunrise,ThermoSmart,Set temperature,", THEN the thermostat to the temperature you specify [ACTION_W].",Thermostat/Heating,This Trigger fires within 15 minutes of the sunrise in your location.,This Action will set your ThermoSmart to the temperature you specify.
QRCufVGW,Location,You enter an area,IF the user enters a specified area,ecobee,Set thermostat comfort profile until next transition,", THEN sets a timed [ACTION_X] to hold.",Thermostat/Heating,This Trigger fires every time you enter an area you specify.,This Action will set the thermostat into a hold using the settings from the specified comfort profile. This comfort profile hold will remain in effect until the next next comfort profile transition in the program.
QSjUsXnb,Weather Underground,Current temperature drops below,IF local temperature is below a specified value,tadoº Heating,Return to tado⁠° automatic control,", THEN sets the room temperature [ACTION_Z].",Thermostat/Heating,This Trigger monitors your local temperature and fires whenever the temperature drops below the value you provide.,"This Action will return control of your heating to tado⁠°, using your user-defined settings (e.g. location and Smart Schedule) to automatically determine the right room temperature."
QheKFfRx,Android Device,Connects to a specific WiFi network,IF your Android device connects to a specified wifi network,ecobee,Resume thermostat program,", THEN cancels the current thermostat event [ACTION_W].",Thermostat/Heating,This Trigger fires every time your Android device connects to a WiFi network you specify.,This Action removes the currently running event on the selected thermostat providing the event is not a mandatory demand response event.
QieWrYNS,Google Assistant,Say a phrase with a text ingredient,IF a voice assistant is activated with a specific phrase,Nest Thermostat,Set temperature,", THEN sets the thermostat temperature [ACTION_Y].",Thermostat/Heating,This trigger fires when you say “Ok Google” to the Google Assistant followed by a phrase like “Post a tweet saying ‘New high score.’” **Use the $ symbol to specify where you'll say the text ingredient,This Action will set a Nest Thermostat to the temperature you specify. NOTE: works only when Nest is set to Home.
QnJ5mr7b,domovea,Scene is launched,IF an automation routine is activated,tadoº Heating,Turn heating off,", THEN turns off heating [ACTION_W].",Thermostat/Heating,This Trigger fires every time a scene is launched.,This Action will turn your heating off.
Qy6WVLFP,Location,You enter an area,IF the user enters a specified area,Nest Thermostat,Set temperature,", THEN sets the thermostat temperature [ACTION_Y].",Thermostat/Heating,This Trigger fires every time you enter an area you specify.,This Action will set a Nest Thermostat to the temperature you specify. NOTE: works only when Nest is set to Home.
QyvHk3ds,Amazon Alexa,Say a specific phrase,IF a voice assistant is activated with a specific phrase,Nature Remo,Turn on air conditioner,", THEN turns on the air conditioner and configures settings to [ACTION_X].",Thermostat/Heating,"This trigger fires every time you say 'Alexa trigger' + the phrase that you have defined. For instance, if you set 'party time' as the phrase, you can say 'Alexa trigger party time' to have your lights loop colors.","This action will turn on your air conditioner and set target temperature, AC operation mode and air volume settings.

Note: Please use the Control Home Appliances actions for the button registered by learning mode."
R3MDLhy7,Location,You enter an area,IF the user enters a specified area,Hive Active Heating™ - UK and Europe,Boost heating ,", THEN boosts heating [ACTION_Y].",Thermostat/Heating,This Trigger fires every time you enter an area you specify.,This Action will boost heating to the temperature and duration you specify.
RBup5FKQ,Location,You enter an area,IF the user enters a specified area,ecobee,Resume thermostat program,", THEN cancels the current thermostat event [ACTION_W].",Thermostat/Heating,This Trigger fires every time you enter an area you specify.,This Action removes the currently running event on the selected thermostat providing the event is not a mandatory demand response event.
RE2nWeZm,Button widget,Button press,IF a button is pressed,Netatmo Thermostat,Set to away mode,", THEN sets home to [ACTION_X].",Thermostat/Heating,This trigger fires every time you press the button.,This Action will set your home to away mode.
REeGQi5F,Nuki Smart Lock,Leave home,IF a button is pressed,Heatzy,Set heat mode,", THEN sets heating mode [ACTION_Z].",Thermostat/Heating,This trigger fires every time someone locks the door with Lock 'n' Go by pressing the button on the Smart Lock twice.,This action will set a specific device on heat mode
RRdCij9N,Amazon Alexa,Say a specific phrase,IF a voice assistant is activated with a specific phrase,ecobee,Set thermostat comfort profile until next transition,", THEN sets a timed [ACTION_X] to hold.",Thermostat/Heating,"This trigger fires every time you say 'Alexa trigger' + the phrase that you have defined. For instance, if you set 'party time' as the phrase, you can say 'Alexa trigger party time' to have your lights loop colors.",This Action will set the thermostat into a hold using the settings from the specified comfort profile. This comfort profile hold will remain in effect until the next next comfort profile transition in the program.
RVyfT42s,Google Calendar,Event from search starts,IF a calendar event with a specific keyword occurs,ecobee,Set thermostat comfort profile until next transition,", THEN sets a timed [ACTION_X] to hold.",Thermostat/Heating,"This Trigger fires a set number of minutes before the starting time of an event on your Google Calendar that contains a specific keyword or phrase. The search looks at the event’s Title, Description, and Location.",This Action will set the thermostat into a hold using the settings from the specified comfort profile. This comfort profile hold will remain in effect until the next next comfort profile transition in the program.
RWziRnP8,Amazon Alexa,Say a specific phrase,IF a voice assistant is activated with a specific phrase,Nest Thermostat,Set temperature,", THEN sets the thermostat temperature [ACTION_Y].",Thermostat/Heating,"This trigger fires every time you say 'Alexa trigger' + the phrase that you have defined. For instance, if you set 'party time' as the phrase, you can say 'Alexa trigger party time' to have your lights loop colors.",This Action will set a Nest Thermostat to the temperature you specify. NOTE: works only when Nest is set to Home.
RZyqXGLP,SmartThings,Switched on,IF a smart device is switched on,Nest Thermostat,Set temperature range,", THEN sets the thermostat temperature [ACTION_Y].",Thermostat/Heating,This Trigger fires every time your SmartThings device is switched on.,This Action will set a Nest Thermostat in Heat-Cool mode to the temperature range you specify. NOTE: works only when Nest is set to Home.
RaxWwUnX,Button widget,Button press,IF a button is pressed,nVent Nuheat Signature Thermostat,Set temperature,", THEN sets the thermostat temperature [ACTION_Y].",Thermostat/Heating,This trigger fires every time you press the button.,This action will set the thermostat temperature
Rc2JFhwt,Weather Underground,Current temperature rises above,IF local temperature is above a specified value,Wink: Aros,Turn A/C on,", THEN turns on the air conditioner in [ACTION_X].",Thermostat/Heating,This Trigger monitors your local temperature and fires whenever the temperature rises above the value you provide.,This Action will turn your Aros A/C on and set to a temperature you specify.
RnsKdRFm,Nest Thermostat,Temperature rises above,IF temperature rises above a threshold,Nest Thermostat,Set temperature,", THEN sets the thermostat temperature [ACTION_Y].",Thermostat/Heating,This Trigger fires every time the temperature rises above a threshold you specify.,This Action will set a Nest Thermostat to the temperature you specify. NOTE: works only when Nest is set to Home.
RuXpvhsA,Date & Time,Every day of the week at,IF is one of the specific days of the week at a specified time,GE Appliances GeoSpring™,Set temperature,", THEN sets the water heater temperature [ACTION_Z].",Thermostat/Heating,This Trigger fires only on specific days of the week at the time you provide.,This Action will set the temperature of your GE water heater.
SE4qQNmu,Google Assistant,Say a simple phrase,IF a voice assistant is activated with a specific phrase,ecobee,Set thermostat comfort profile until next transition,", THEN sets a timed [ACTION_X] to hold.",Thermostat/Heating,"This trigger fires when you say “Ok Google” to the Google Assistant followed by a phrase you choose. For example, say “Ok Google, I’m running late” to text a family member that you’re on your way home.",This Action will set the thermostat into a hold using the settings from the specified comfort profile. This comfort profile hold will remain in effect until the next next comfort profile transition in the program.
SMgp537w,Location,You exit an area,IF the user exits a specified area,Nest Thermostat,Set temperature,", THEN sets the thermostat temperature [ACTION_Y].",Thermostat/Heating,This Trigger fires every time you exit an area you specify.,This Action will set a Nest Thermostat to the temperature you specify. NOTE: works only when Nest is set to Home.
SPMG7t5z,Location,You exit an area,IF the user exits a specified area,iDevices,Set thermostat target temperature,", THEN sets the thermostat target temperature [ACTION_Y].",Thermostat/Heating,This Trigger fires every time you exit an area you specify.,This action will set the target temperature of your thermostat.
SQGPHBMh,Date & Time,Every day at,IF every day at a specified time,ecobee,Resume thermostat program,", THEN cancels the current thermostat event [ACTION_W].",Thermostat/Heating,This Trigger fires every single day at a specific time set by you.,This Action removes the currently running event on the selected thermostat providing the event is not a mandatory demand response event.
SQsh5zqM,Weather Underground,Current temperature drops below,IF local temperature is below a specified value,GE Appliances Window AC,Set target temperature,", THEN sets the target temperature [ACTION_Z] on the window air conditioner.",Thermostat/Heating,This Trigger monitors your local temperature and fires whenever the temperature drops below the value you provide.,This Action will set a target temperature on your window ac unit.
ST3XxyqU,Location,You exit an area,IF the user exits a specified area,Honeywell Total Connect Comfort,Resume programmed schedule,", THEN resumes the programmed schedule [ACTION_Y].",Thermostat/Heating,This Trigger fires every time you exit an area you specify.,This Action will set your Honeywell thermostat to resume the currently defined thermostat programmed schedule.
Sju74KPH,Netatmo Weather Station,Temperature drops below,IF temperature drops below a threshold,Netatmo Thermostat,Set to manual mode,", THEN sets the thermostat to [ACTION_X].",Thermostat/Heating,This Trigger fires every time the temperature drops below a value you specify.,This Action will set your thermostat to manual mode.
SqGRMgwu,Location,You enter an area,IF the user enters a specified area,nVent Nuheat Signature Thermostat,Set thermostat mode,", THEN sets the thermostat mode to [ACTION_X].",Thermostat/Heating,This Trigger fires every time you enter an area you specify.,This action will set the thermostat mode.
SrAETHpg,Android SMS,New SMS received matches search,IF an SMS is received on Android,ecobee,Resume thermostat program,", THEN cancels the current thermostat event [ACTION_W].",Thermostat/Heating,This Trigger fires every time you receive an SMS on your Android device that matches a search you specify.,This Action removes the currently running event on the selected thermostat providing the event is not a mandatory demand response event.
SxasFQ43,Netatmo Weather Station,Temperature drops below,IF temperature drops below a threshold,Netatmo Thermostat,Turn thermostat off (Hidden),", THEN turn off the thermostat [ACTION_W].",Thermostat/Heating,This Trigger fires every time the temperature drops below a value you specify.,This Action will turn your thermostat off.
T9QkFh8f,Google Assistant,Say a phrase with a text ingredient,IF a voice assistant is activated with a specific phrase,Nest Thermostat,Set temperature,", THEN sets the thermostat temperature [ACTION_Y].",Thermostat/Heating,This trigger fires when you say “Ok Google” to the Google Assistant followed by a phrase like “Post a tweet saying ‘New high score.’” **Use the $ symbol to specify where you'll say the text ingredient,This Action will set a Nest Thermostat to the temperature you specify. NOTE: works only when Nest is set to Home.
TJNQmHfe,Amazon Alexa,Say a specific phrase,IF a voice assistant is activated with a specific phrase,Nest Thermostat,Set temperature,", THEN sets the thermostat temperature [ACTION_Y].",Thermostat/Heating,"This trigger fires every time you say 'Alexa trigger' + the phrase that you have defined. For instance, if you set 'party time' as the phrase, you can say 'Alexa trigger party time' to have your lights loop colors.",This Action will set a Nest Thermostat to the temperature you specify. NOTE: works only when Nest is set to Home.
TRqa8myv,Location,You enter an area,IF the user enters a specified area,Nature Remo,Turn on air conditioner,", THEN turns on the air conditioner and configures settings to [ACTION_X].",Thermostat/Heating,This Trigger fires every time you enter an area you specify.,"This action will turn on your air conditioner and set target temperature, AC operation mode and air volume settings.

Note: Please use the Control Home Appliances actions for the button registered by learning mode."
TTGd6KUJ,Location,You exit an area,IF the user exits a specified area,Nest Thermostat,Turn on fan for 15 minutes,", THEN configures thermostat fan mode [ACTION_Z].",Thermostat/Heating,This Trigger fires every time you exit an area you specify.,This Action will turn on your HVAC system fan for the amount of time you specify in your Nest fan timer setting (default is 15 minutes). NOTE: works only if you have a fan option and Nest is set to Home.
TWeB67jq,August,Lock unlocked,IF a door is unlocked,ecobee,Set thermostat comfort profile until next transition,", THEN sets a timed [ACTION_X] to hold.",Thermostat/Heating,This Trigger fires every time the specified lock is unlocked.,This Action will set the thermostat into a hold using the settings from the specified comfort profile. This comfort profile hold will remain in effect until the next next comfort profile transition in the program.
TWeRHbLY,WeMo Motion,New motion after quiet period,IF motion is detected,Nest Thermostat,Turn on fan for 15 minutes,", THEN configures thermostat fan mode [ACTION_Z].",Thermostat/Heating,This Trigger fires every time your WeMo Motion sensor detects new motion after a specific period of inactivity.,This Action will turn on your HVAC system fan for the amount of time you specify in your Nest fan timer setting (default is 15 minutes). NOTE: works only if you have a fan option and Nest is set to Home.
TbMRjtqa,Aura Air ,Sensor Measurement,IF Aura Air sensor reaches a specific value,Sensibo,Turn A/C on,", THEN turns on the air conditioner [ACTION_Z].",Thermostat/Heating,This trigger will only start when a specific value of a specific sensor of your Aura Air device is reached,"Turn your A/C on with a set temperature, mode and fan level."
TjALhBKn,Android Device,Notification received from a specific app,IF a message containing a key phrase is sent,tadoº Heating,Turn heating off,", THEN turns off heating [ACTION_W].",Thermostat/Heating,This trigger fires every time a new notification is received on your Android device from an app that you specify. NOTE: will not fire for IFTTT app notifications.,This Action will turn your heating off.
TvcSHGU8,OhmConnect,An #OhmHour ends,IF a demand response event starts or ends,Honeywell Total Connect Comfort,Set temperature for a period of time,", THEN sets the thermostat temperature [ACTION_Y].",Thermostat/Heating,This trigger fires when an OhmHour ends.,This Action will set your Honeywell thermostat to hold a temperature for a specified period of time. The schedule will resume when the time expires.
Tw8ynkTM,SwitchBot,Motion detected or no motion detected,IF motion is detected,Heatzy,Set cool mode,", THEN sets cooling mode [ACTION_Z].",Thermostat/Heating,"When Motion Sensor detected motion or no motion, the SwitchBot motion sensor will try to trigger the service.",This action will set a specific device on cool mode
Txwyn5iN,Google Calendar,Event from search starts,IF shortly before a calendar event with a specific keyword occurs,ecobee,Create vacation on thermostat,", THEN creates an [ACTION_X] temperature schedule.",Thermostat/Heating,"This Trigger fires a set number of minutes before the starting time of an event on your Calendar that contains a specific keyword or phrase in the event’s Title, Description, or Location. Ingredient will be based on the zone set in Google.",This Action will create a vacation event on the selected thermostat with the specified setpoint. The vacation event will begin immediately and last the number of specified days.
U2w4DFEW,Location,You exit an area,IF the user exits a specified area,Netatmo Thermostat,Set to away mode,", THEN sets home to [ACTION_X].",Thermostat/Heating,This Trigger fires every time you exit an area you specify.,This Action will set your home to away mode.
UC3UxFpe,Date & Time,Every day at,IF every day at a specified time,Honeywell Total Connect Comfort,Resume programmed schedule,", THEN resumes the programmed schedule [ACTION_Y].",Thermostat/Heating,This Trigger fires every single day at a specific time set by you.,This Action will set your Honeywell thermostat to resume the currently defined thermostat programmed schedule.
UEheLuKP,Button widget,Button press,IF a button is pressed,Hive Active Heating™ - UK and Europe,Boost hot water,", THEN boosts hot water [ACTION_Y].",Thermostat/Heating,This trigger fires every time you press the button.,This Action will boost your hot water for 1 hour.
UNwhHYaA,Android Device,Disconnects from a specific WiFi network,IF your Android device connects to a specified wifi network,ecobee,Set thermostat comfort profile until next transition,", THEN sets a timed [ACTION_X] to hold.",Thermostat/Heating,This Trigger fires every time your Android device disconnects from a WiFi network you specify.,This Action will set the thermostat into a hold using the settings from the specified comfort profile. This comfort profile hold will remain in effect until the next next comfort profile transition in the program.
UPZd2hFU,Amazon Alexa,Say a specific phrase,IF a voice assistant is activated with a specific phrase,Nest Thermostat,Turn on fan for 15 minutes,", THEN configures thermostat fan mode [ACTION_Z].",Thermostat/Heating,"This trigger fires every time you say 'Alexa trigger' + the phrase that you have defined. For instance, if you set 'party time' as the phrase, you can say 'Alexa trigger party time' to have your lights loop colors.",This Action will turn on your HVAC system fan for the amount of time you specify in your Nest fan timer setting (default is 15 minutes). NOTE: works only if you have a fan option and Nest is set to Home.
UQBVi5Df,Wink: Spotter,Temperature rises above,IF temperature rises above a threshold,Nest Thermostat,Turn on fan for 15 minutes,", THEN configures thermostat fan mode [ACTION_Z].",Thermostat/Heating,This Trigger fires every time the temperature measured by your Spotter rises above the value you specify.,This Action will turn on your HVAC system fan for the amount of time you specify in your Nest fan timer setting (default is 15 minutes). NOTE: works only if you have a fan option and Nest is set to Home.
URznpkXm,OhmConnect,An #OhmHour starts,IF a demand response event starts or ends,Honeywell Total Connect Comfort,Set temperature for a period of time,", THEN sets the thermostat temperature [ACTION_Y].",Thermostat/Heating,This trigger fires when an OhmHour starts,This Action will set your Honeywell thermostat to hold a temperature for a specified period of time. The schedule will resume when the time expires.
USW63Lkm,Foobot,Pollution is high,IF air pollution exceeds a threshold,ecobee,Set thermostat comfort profile for X hours,", THEN sets a timed [ACTION_X] to hold.",Thermostat/Heating,This Trigger fires when global air pollution is higher than 50.,This Action will set the thermostat into a hold using the settings from the specified comfort profile. This comfort profile hold will remain in effect for the specified number of hours.
UXnsbvgj,Nest Thermostat,Nest set to Home,IF every time someone is at home,Nest Thermostat,Set temperature,", THEN sets the thermostat temperature [ACTION_Y].",Thermostat/Heating,This Trigger fires every time the home you specify is set to Home.,This Action will set a Nest Thermostat to the temperature you specify. NOTE: works only when Nest is set to Home.
UYAedJMN,Android Device,Disconnects from a specific WiFi network,IF your Android device connects to a specified wifi network,ecobee,Set thermostat comfort profile until next transition,", THEN sets a timed [ACTION_X] to hold.",Thermostat/Heating,This Trigger fires every time your Android device disconnects from a WiFi network you specify.,This Action will set the thermostat into a hold using the settings from the specified comfort profile. This comfort profile hold will remain in effect until the next next comfort profile transition in the program.
UYLQR4aB,Button widget,Button press,IF a button is pressed,Netatmo Thermostat,Set to away mode,", THEN sets home to [ACTION_X].",Thermostat/Heating,This trigger fires every time you press the button.,This Action will set your home to away mode.
UYkVTJf4,Location,You enter an area,IF the user enters a specified area,ecobee,Set thermostat comfort profile until next transition,", THEN sets a timed [ACTION_X] to hold.",Thermostat/Heating,This Trigger fires every time you enter an area you specify.,This Action will set the thermostat into a hold using the settings from the specified comfort profile. This comfort profile hold will remain in effect until the next next comfort profile transition in the program.
UYp4wMgu,Ballotpedia,Breaking News,IF Ballotpedia reports breaking news,Home Connect Fridge Freezer,Set freezer temperature,", THEN sets the freezer temperature [ACTION_Z].",Thermostat/Heating,This trigger fires when Ballotpedia covers new Breaking News. ,This action will set the freezer temperature.
UdygtUkb,Location,You exit an area,IF the user exits a specified area,ecobee,Set thermostat comfort profile until next transition,", THEN sets a timed [ACTION_X] to hold.",Thermostat/Heating,This Trigger fires every time you exit an area you specify.,This Action will set the thermostat into a hold using the settings from the specified comfort profile. This comfort profile hold will remain in effect until the next next comfort profile transition in the program.
UfvV8GnX,Weather Underground,Current temperature drops below,IF local temperature is below a specified value,GE Appliances Window AC,Set target temperature,", THEN sets the target temperature [ACTION_Z] on the window air conditioner.",Thermostat/Heating,This Trigger monitors your local temperature and fires whenever the temperature drops below the value you provide.,This Action will set a target temperature on your window ac unit.
Ug724ufD,True Energy Smart Home Denmark,Electricity in Denmark is Expensive,IF electricity prices are high,Home Connect Fridge Freezer,Set refrigerator temperature,", THEN sets the refrigerator temperature [ACTION_Z].",Thermostat/Heating,This trigger fires at the hours where electricity in Denmark is expensive.,This action will set the refrigerator temperature.
UitCnqP6,Nest Protect,Smoke alarm warning,IF Nest Protect detects smoke,Nest Thermostat,Turn on fan for 15 minutes,", THEN configures thermostat fan mode [ACTION_Z].",Thermostat/Heating,This Trigger fires every time the Nest Protect you specify detects warning smoke levels.,This Action will turn on your HVAC system fan for the amount of time you specify in your Nest fan timer setting (default is 15 minutes). NOTE: works only if you have a fan option and Nest is set to Home.
UkRz7TS6,Amazon Alexa,Item added to your To Do List,IF an item is added to a to-do list,Nest Thermostat,Set temperature,", THEN sets the thermostat temperature [ACTION_Y].",Thermostat/Heating,This Trigger fires every time you add an item to your To Do List.,This Action will set a Nest Thermostat to the temperature you specify. NOTE: works only when Nest is set to Home.
UrfNgZCL,Date & Time,Every day of the week at,IF is one of the specific days of the week at a specified time,GE Appliances GeoSpring™,Set temperature,", THEN sets the water heater temperature [ACTION_Z].",Thermostat/Heating,This Trigger fires only on specific days of the week at the time you provide.,This Action will set the temperature of your GE water heater.
UuS4GC3w,Date & Time,Every hour at,IF every hour at quarter intervals,Hive Active Heating™ - UK and Europe,Set the thermostat to schedule,", THEN sets heating mode to [ACTION_X].",Thermostat/Heating,"This Trigger fires once an hour at :00, :15, :30, or :45 minutes past the hour.",This Action will set the heating mode to schedule.
Uv4MX57h,Strava,New activity by you,IF a new activity is completed on Strava,Hive Active Heating™ - UK and Europe,Boost hot water,", THEN boosts hot water [ACTION_Y].",Thermostat/Heating,This Trigger fires every time you complete a new activity on Strava.,This Action will boost your hot water for 1 hour.
UwCXy7LV,Smart Life,Door sensor is open,IF a door is opened,tadoº Heating,Turn heating off,", THEN turns off heating [ACTION_W].",Thermostat/Heating,This trigger fires when the door sensor is open.,This Action will turn your heating off.
V38tDM7K,Amazon Alexa,Say a specific phrase,IF a voice assistant is activated with a specific phrase,ecobee,Set thermostat hold until next transition,", THEN sets the thermostat temperature [ACTION_Y].",Thermostat/Heating,"This trigger fires every time you say 'Alexa trigger' + the phrase that you have defined. For instance, if you set 'party time' as the phrase, you can say 'Alexa trigger party time' to have your lights loop colors.",This action will set the thermostat into a hold with the specified temperature and the end date/time will be set to the next climate transition in the program.
V3APqy75,Amazon Alexa,Say a specific phrase,IF a voice assistant is activated with a specific phrase,Honeywell Total Connect Comfort,Set temperature for a period of time,", THEN sets the thermostat temperature [ACTION_Y].",Thermostat/Heating,"This trigger fires every time you say 'Alexa trigger' + the phrase that you have defined. For instance, if you set 'party time' as the phrase, you can say 'Alexa trigger party time' to have your lights loop colors.",This Action will set your Honeywell thermostat to hold a temperature for a specified period of time. The schedule will resume when the time expires.
V3AthjVX,Nest Thermostat,Temperature rises above,IF temperature rises above a threshold,Nest Thermostat,Set temperature,", THEN sets the thermostat temperature [ACTION_Y].",Thermostat/Heating,This Trigger fires every time the temperature rises above a threshold you specify.,This Action will set a Nest Thermostat to the temperature you specify. NOTE: works only when Nest is set to Home.
V4mBR7iA,Amazon Alexa,Item added to your To Do List,IF an item is added to a to-do list,Nest Thermostat,Set temperature,", THEN sets the thermostat temperature [ACTION_Y].",Thermostat/Heating,This Trigger fires every time you add an item to your To Do List.,This Action will set a Nest Thermostat to the temperature you specify. NOTE: works only when Nest is set to Home.
V7n9HdJG,Button widget,Button press,IF a button is pressed,tadoº Heating,Return to tado⁠° automatic control,", THEN sets the room temperature [ACTION_Z].",Thermostat/Heating,This trigger fires every time you press the button.,"This Action will return control of your heating to tado⁠°, using your user-defined settings (e.g. location and Smart Schedule) to automatically determine the right room temperature."
VBnKjfZA,Amazon Alexa,Say a specific phrase,IF a voice assistant is activated with a specific phrase,Nest Thermostat,Set temperature,", THEN sets the thermostat temperature [ACTION_Y].",Thermostat/Heating,"This trigger fires every time you say 'Alexa trigger' + the phrase that you have defined. For instance, if you set 'party time' as the phrase, you can say 'Alexa trigger party time' to have your lights loop colors.",This Action will set a Nest Thermostat to the temperature you specify. NOTE: works only when Nest is set to Home.
VF9hueym,Amazon Alexa,Item added to your To Do List,IF an item is added to a to-do list,Nest Thermostat,Set temperature,", THEN sets the thermostat temperature [ACTION_Y].",Thermostat/Heating,This Trigger fires every time you add an item to your To Do List.,This Action will set a Nest Thermostat to the temperature you specify. NOTE: works only when Nest is set to Home.
VLeTFQRd,Android SMS,New SMS received matches search,IF an SMS is received on Android,ecobee,Resume thermostat program,", THEN cancels the current thermostat event [ACTION_W].",Thermostat/Heating,This Trigger fires every time you receive an SMS on your Android device that matches a search you specify.,This Action removes the currently running event on the selected thermostat providing the event is not a mandatory demand response event.
VMVhnrBZ,Amazon Alexa,Say a specific phrase,IF a voice assistant is activated with a specific phrase,Honeywell Total Connect Comfort,Set temperature for a period of time,", THEN sets the thermostat temperature [ACTION_Y].",Thermostat/Heating,"This trigger fires every time you say 'Alexa trigger' + the phrase that you have defined. For instance, if you set 'party time' as the phrase, you can say 'Alexa trigger party time' to have your lights loop colors.",This Action will set your Honeywell thermostat to hold a temperature for a specified period of time. The schedule will resume when the time expires.
VN3p5m8M,Google Assistant,Say a phrase with a text ingredient,IF a voice assistant is activated with a specific phrase,Nest Thermostat,Set temperature,", THEN sets the thermostat temperature [ACTION_Y].",Thermostat/Heating,This trigger fires when you say “Ok Google” to the Google Assistant followed by a phrase like “Post a tweet saying ‘New high score.’” **Use the $ symbol to specify where you'll say the text ingredient,This Action will set a Nest Thermostat to the temperature you specify. NOTE: works only when Nest is set to Home.
VRDrjCG2,Amazon Alexa,Item added to your To Do List,IF an item is added to a to-do list,Nest Thermostat,Set temperature,", THEN sets the thermostat temperature [ACTION_Y].",Thermostat/Heating,This Trigger fires every time you add an item to your To Do List.,This Action will set a Nest Thermostat to the temperature you specify. NOTE: works only when Nest is set to Home.
VRWG29Ud,Google Assistant,Say a simple phrase,IF a voice assistant is activated with a specific phrase,ecobee,Set thermostat comfort profile until next transition,", THEN sets a timed [ACTION_X] to hold.",Thermostat/Heating,"This trigger fires when you say “Ok Google” to the Google Assistant followed by a phrase you choose. For example, say “Ok Google, I’m running late” to text a family member that you’re on your way home.",This Action will set the thermostat into a hold using the settings from the specified comfort profile. This comfort profile hold will remain in effect until the next next comfort profile transition in the program.
VTqyDaGZ,Amazon Alexa,Say a specific phrase,IF a voice assistant is activated with a specific phrase,Nest Thermostat,Set temperature,", THEN sets the thermostat temperature [ACTION_Y].",Thermostat/Heating,"This trigger fires every time you say 'Alexa trigger' + the phrase that you have defined. For instance, if you set 'party time' as the phrase, you can say 'Alexa trigger party time' to have your lights loop colors.",This Action will set a Nest Thermostat to the temperature you specify. NOTE: works only when Nest is set to Home.
Vc7p5a3g,Fitbit,Daily calorie burn goal achieved,IF a daily calorie goal is achieved,Wink: Aros,Turn A/C on,", THEN turns on the air conditioner in [ACTION_X].",Thermostat/Heating,This Trigger fires when you achieve your daily calorie burn goal.,This Action will turn your Aros A/C on and set to a temperature you specify.
VeL4WBk6,Fitbit,New sleep logged,IF a device logs new sleep data,ecobee,Set thermostat comfort profile until next transition,", THEN sets a timed [ACTION_X] to hold.",Thermostat/Heating,This Trigger fires every time your Fitbit logs new sleep.,This Action will set the thermostat into a hold using the settings from the specified comfort profile. This comfort profile hold will remain in effect until the next next comfort profile transition in the program.
Vg8nfcT6,Weather Underground,Current temperature rises above,IF local temperature is above a specified value,GE Appliances Window AC,Set target temperature,", THEN sets the target temperature [ACTION_Z] on the window air conditioner.",Thermostat/Heating,This Trigger monitors your local temperature and fires whenever the temperature rises above the value you provide.,This Action will set a target temperature on your window ac unit.
VgTjbMqU,Button widget,Button press,IF a button is pressed,ThermoSmart,Set temperature,", THEN the thermostat to the temperature you specify [ACTION_W].",Thermostat/Heating,This trigger fires every time you press the button.,This Action will set your ThermoSmart to the temperature you specify.
ViQN6G2R,Withings Sleep,When I get into bed,IF Withings detects user getting into bed,Nest Thermostat,Set temperature,", THEN sets the thermostat temperature [ACTION_Y].",Thermostat/Heating,"This trigger fires every time your Withings Sleep detects that you get into bed, within the start and end time parameters that you specify. ",This Action will set a Nest Thermostat to the temperature you specify. NOTE: works only when Nest is set to Home.
VinGJqMp,Amazon Alexa,Say a specific phrase,IF a voice assistant is activated with a specific phrase,ecobee,Set thermostat comfort profile until next transition,", THEN sets a timed [ACTION_X] to hold.",Thermostat/Heating,"This trigger fires every time you say 'Alexa trigger' + the phrase that you have defined. For instance, if you set 'party time' as the phrase, you can say 'Alexa trigger party time' to have your lights loop colors.",This Action will set the thermostat into a hold using the settings from the specified comfort profile. This comfort profile hold will remain in effect until the next next comfort profile transition in the program.
VizKCSfH,Button widget,Button press,IF a button is pressed,tadoº Heating,Turn heating on,", THEN starts heating [ACTION_Z].",Thermostat/Heating,This trigger fires every time you press the button.,This Action will start your heating.
VrN2fYkw,Button widget,Button press,IF a button is pressed,Hive Active Heating™ - UK and Europe,Boost heating ,", THEN boosts heating [ACTION_Y].",Thermostat/Heating,This trigger fires every time you press the button.,This Action will boost heating to the temperature and duration you specify.
Vs7dgcVj,Google Assistant,Say a phrase with a text ingredient,IF a voice assistant is activated with a specific phrase,Nest Thermostat,Set temperature,", THEN sets the thermostat temperature [ACTION_Y].",Thermostat/Heating,This trigger fires when you say “Ok Google” to the Google Assistant followed by a phrase like “Post a tweet saying ‘New high score.’” **Use the $ symbol to specify where you'll say the text ingredient,This Action will set a Nest Thermostat to the temperature you specify. NOTE: works only when Nest is set to Home.
VsrmUcgQ,Weather Underground,Current temperature drops below,IF local temperature is below a specified value,Heatmiser,Set temperature hold,", THEN enables a temperature hold [ACTION_Y].",Thermostat/Heating,This Trigger monitors your local temperature and fires whenever the temperature drops below the value you provide.,This Action will enable a temperature hold on the selected Heatmiser Thermostat.
VxNpikbv,Weather Underground,Current temperature rises above,IF local temperature is above a specified value,Nest Thermostat,Set temperature,", THEN sets the thermostat temperature [ACTION_Y].",Thermostat/Heating,This Trigger monitors your local temperature and fires whenever the temperature rises above the value you provide.,This Action will set a Nest Thermostat to the temperature you specify. NOTE: works only when Nest is set to Home.
Vxy9bjJA,Amazon Alexa,Item added to your To Do List,IF an item is added to a to-do list,Nest Thermostat,Set temperature,", THEN sets the thermostat temperature [ACTION_Y].",Thermostat/Heating,This Trigger fires every time you add an item to your To Do List.,This Action will set a Nest Thermostat to the temperature you specify. NOTE: works only when Nest is set to Home.
VzLWwEcP,Knocki,Gesture with task matching ID occurs,IF a message containing a key phrase is sent,Nest Thermostat,Set temperature,", THEN sets the thermostat temperature [ACTION_Y].",Thermostat/Heating,This trigger fires if you tap a gesture with a custom IFTTT task matching the ID of this trigger.,This Action will set a Nest Thermostat to the temperature you specify. NOTE: works only when Nest is set to Home.
WAzP9diD,Button widget,Button press,IF a button is pressed,Heatzy,Set heat mode,", THEN sets heating mode [ACTION_Z].",Thermostat/Heating,This trigger fires every time you press the button.,This action will set a specific device on heat mode
WB3TNQC2,Withings Sleep,When I get into bed,IF Withings detects user getting into bed,ecobee,Set thermostat hold until next transition,", THEN sets the thermostat temperature [ACTION_Y].",Thermostat/Heating,"This trigger fires every time your Withings Sleep detects that you get into bed, within the start and end time parameters that you specify. ",This action will set the thermostat into a hold with the specified temperature and the end date/time will be set to the next climate transition in the program.
WCBA5z4k,Amazon Alexa,Say a specific phrase,IF a voice assistant is activated with a specific phrase,Nest Thermostat,Set temperature,", THEN sets the thermostat temperature [ACTION_Y].",Thermostat/Heating,"This trigger fires every time you say 'Alexa trigger' + the phrase that you have defined. For instance, if you set 'party time' as the phrase, you can say 'Alexa trigger party time' to have your lights loop colors.",This Action will set a Nest Thermostat to the temperature you specify. NOTE: works only when Nest is set to Home.
WEJY2fkP,Weather Underground,Current temperature rises above,IF local temperature is above a specified value,ThermoSmart,Set temperature,", THEN the thermostat to the temperature you specify [ACTION_W].",Thermostat/Heating,This Trigger monitors your local temperature and fires whenever the temperature rises above the value you provide.,This Action will set your ThermoSmart to the temperature you specify.
WG4hUqBj,Weather Underground,Current temperature drops below,IF local temperature is below a specified value,Mysa Thermostat,Change the setpoint,", THEN the thermostat to the temperature you specify [ACTION_W].",Thermostat/Heating,This Trigger monitors your local temperature and fires whenever the temperature drops below the value you provide.,This action will change the setpoint of a device to the desired value.
WHDApWFP,iHome Enhance,iHome Enhance button is pressed,IF a button is pressed,Nest Thermostat,Turn on fan for 15 minutes,", THEN configures thermostat fan mode [ACTION_Z].",Thermostat/Heating,This trigger fires when an iHome Enhance button is pressed,This Action will turn on your HVAC system fan for the amount of time you specify in your Nest fan timer setting (default is 15 minutes). NOTE: works only if you have a fan option and Nest is set to Home.
WKCkBmV6,True Energy Smart Home Norway,Electricity in Norway is Cheap,IF electricity prices are low,Home Connect Fridge Freezer,Set freezer temperature,", THEN sets the freezer temperature [ACTION_Z].",Thermostat/Heating,This trigger fires at the hours where electricity in Norway is cheap.,This action will set the freezer temperature.
WZM9VNRQ,SmartThings,Switched off,IF a smart device is switched off,ecobee,Resume thermostat program,", THEN cancels the current thermostat event [ACTION_W].",Thermostat/Heating,This Trigger fires every time your SmartThings device is switched off.,This Action removes the currently running event on the selected thermostat providing the event is not a mandatory demand response event.
WbTK2rUn,Google Assistant,Say a simple phrase,IF a voice assistant is activated with a specific phrase,Home Connect Fridge Freezer,Activate refrigerator Super Cooling mode,", THEN temporarily boosts refrigerator cooling [ACTION_Y].",Thermostat/Heating,"This trigger fires when you say “Ok Google” to the Google Assistant followed by a phrase you choose. For example, say “Ok Google, I’m running late” to text a family member that you’re on your way home.",This action will temporarily cool the refrigerator at maximum power.
WcKeETDj,Date & Time,Every hour at,IF every hour at quarter intervals,Wink: Aros,Turn A/C on,", THEN turns on the air conditioner in [ACTION_X].",Thermostat/Heating,"This Trigger fires once an hour at :00, :15, :30, or :45 minutes past the hour.",This Action will turn your Aros A/C on and set to a temperature you specify.
WmHRV4hG,Google Assistant,Say a simple phrase,IF a voice assistant is activated with a specific phrase,AQUAREA Smart Cloud,Change Heat Mode settings,", THEN sets heating mode [ACTION_Z].",Thermostat/Heating,"This trigger fires when you say “Ok Google” to the Google Assistant followed by a phrase you choose. For example, say “Ok Google, I’m running late” to text a family member that you’re on your way home.",This action will change operation settings for Heat Mode in your device. 
WmUqvhpP,Location,You enter an area,IF the user enters a specified area,Nest Thermostat,Set temperature,", THEN sets the thermostat temperature [ACTION_Y].",Thermostat/Heating,This Trigger fires every time you enter an area you specify.,This Action will set a Nest Thermostat to the temperature you specify. NOTE: works only when Nest is set to Home.
Wv8f3MhB,Amazon Alexa,Say a specific phrase,IF a voice assistant is activated with a specific phrase,Honeywell Total Connect Comfort,Resume programmed schedule,", THEN resumes the programmed schedule [ACTION_Y].",Thermostat/Heating,"This trigger fires every time you say 'Alexa trigger' + the phrase that you have defined. For instance, if you set 'party time' as the phrase, you can say 'Alexa trigger party time' to have your lights loop colors.",This Action will set your Honeywell thermostat to resume the currently defined thermostat programmed schedule.
WvMdJnBt,Google Assistant,Say a simple phrase,IF a voice assistant is activated with a specific phrase,Nest Thermostat,Turn on fan for 15 minutes,", THEN configures thermostat fan mode [ACTION_Z].",Thermostat/Heating,"This trigger fires when you say “Ok Google” to the Google Assistant followed by a phrase you choose. For example, say “Ok Google, I’m running late” to text a family member that you’re on your way home.",This Action will turn on your HVAC system fan for the amount of time you specify in your Nest fan timer setting (default is 15 minutes). NOTE: works only if you have a fan option and Nest is set to Home.
X7tfmSMC,Weather Underground,Sunrise,IF it is sunrise,BDR Thermea Group,Set mode,", THEN sets heating mode [ACTION_Z].",Thermostat/Heating,This Trigger fires within 15 minutes of the sunrise in your location.,This action will set the heating mode of the thermostat.
XANrJE4k,Nest Thermostat,Nest set to Away,IF every time no one is at home,Nest Thermostat,Set temperature,", THEN sets the thermostat temperature [ACTION_Y].",Thermostat/Heating,This Trigger fires every time the home you specify is set to Away.,This Action will set a Nest Thermostat to the temperature you specify. NOTE: works only when Nest is set to Home.
XBVYiZkm,ComEd,Peak Time Savings - Savings Hours Announced,IF peak energy savings hours are announced,ecobee,Set thermostat comfort profile for X hours,", THEN sets a timed [ACTION_X] to hold.",Thermostat/Heating,This trigger activates whenever Peak Time Savings Hours are announced and during various stages of an event.,This Action will set the thermostat into a hold using the settings from the specified comfort profile. This comfort profile hold will remain in effect for the specified number of hours.
XPJcCuL4,Weather Underground,Current temperature rises above,IF local temperature is above a specified value,Nest Thermostat,Turn on fan for 15 minutes,", THEN configures thermostat fan mode [ACTION_Z].",Thermostat/Heating,This Trigger monitors your local temperature and fires whenever the temperature rises above the value you provide.,This Action will turn on your HVAC system fan for the amount of time you specify in your Nest fan timer setting (default is 15 minutes). NOTE: works only if you have a fan option and Nest is set to Home.
XTqckauw,Weather Underground,Sunrise,IF it is sunrise,BDR Thermea Group,Set temperature,", THEN the thermostat to the temperature you specify [ACTION_W].",Thermostat/Heating,This Trigger fires within 15 minutes of the sunrise in your location.,This action will set the temperature on the thermostat.
XVtcbqMi,Location,You enter an area,IF the user enters a specified area,Nest Thermostat,Set temperature,", THEN sets the thermostat temperature [ACTION_Y].",Thermostat/Heating,This Trigger fires every time you enter an area you specify.,This Action will set a Nest Thermostat to the temperature you specify. NOTE: works only when Nest is set to Home.
XY8SkzvN,Google Assistant,Say a simple phrase,IF a voice assistant is activated with a specific phrase,Heatzy,Set cool mode,", THEN sets cooling mode [ACTION_Z].",Thermostat/Heating,"This trigger fires when you say “Ok Google” to the Google Assistant followed by a phrase you choose. For example, say “Ok Google, I’m running late” to text a family member that you’re on your way home.",This action will set a specific device on cool mode
XZnEwYaN,ComEd,Change in Average Price,IF electricity prices change,Honeywell Total Connect Comfort,Resume programmed schedule,", THEN resumes the programmed schedule [ACTION_Y].",Thermostat/Heating,This trigger fires for an account that is on a dynamic pricing plan such as the Residential Hourly Pricing program or other real time market rates whenever the average price changes.,This Action will set your Honeywell thermostat to resume the currently defined thermostat programmed schedule.
XcdSQWfU,Nuki Smart Lock,Arrive home,IF a door is unlocked,Heatzy,Set cool mode,", THEN sets cooling mode [ACTION_Z].",Thermostat/Heating,This trigger fires every time someone unlocks the door with Auto Unlock.,This action will set a specific device on cool mode
XdS8RwqG,Weather Underground,Current temperature drops below,IF local temperature is below a specified value,AQUAREA Smart Cloud,Change Heat Mode settings,", THEN sets heating mode [ACTION_Z].",Thermostat/Heating,This Trigger monitors your local temperature and fires whenever the temperature drops below the value you provide.,This action will change operation settings for Heat Mode in your device. 
Xeci4y8S,EDF : vos plages tarifaires,Début de plage tarifaire,IF an energy tariff period starts,Netatmo Thermostat,Switch schedule,", THEN updates the thermostat schedule [ACTION_W].",Thermostat/Heating,Ce trigger se déclenche lorsque la plage tarifaire choisie commence dans votre logement.,This Action will change the schedule for the corresponding home.
Xf6BTFQp,ZEEQ Smart Pillow by REM-Fit,ZEEQ 'Start Sleep' Button,IF a button is pressed,tadoº Heating,Turn heating off,", THEN turns off heating [ACTION_W].",Thermostat/Heating,This trigger fires when you press the 'Start Sleep' button in the ZEEQ app.,This Action will turn your heating off.
XfRdrM5A,Google Calendar,Event from search starts,IF shortly before a calendar event with a specific keyword occurs,Heatzy,Set heat mode,", THEN sets heating mode [ACTION_Z].",Thermostat/Heating,"This Trigger fires a set number of minutes before the starting time of an event on your Calendar that contains a specific keyword or phrase in the event’s Title, Description, or Location. Ingredient will be based on the zone set in Google.",This action will set a specific device on heat mode
XqmEdtej,Android SMS,New SMS received matches search,IF an SMS is received on Android,ecobee,Set thermostat comfort profile until next transition,", THEN sets a timed [ACTION_X] to hold.",Thermostat/Heating,This Trigger fires every time you receive an SMS on your Android device that matches a search you specify.,This Action will set the thermostat into a hold using the settings from the specified comfort profile. This comfort profile hold will remain in effect until the next next comfort profile transition in the program.
XuMqzg3t,ComEd,Change in Average Price,IF electricity prices change,ecobee,Set thermostat comfort profile for X hours,", THEN sets a timed [ACTION_X] to hold.",Thermostat/Heating,This trigger fires for an account that is on a dynamic pricing plan such as the Residential Hourly Pricing program or other real time market rates whenever the average price changes.,This Action will set the thermostat into a hold using the settings from the specified comfort profile. This comfort profile hold will remain in effect for the specified number of hours.
XubsXA2P,Button widget,Button press,IF a button is pressed,ecobee,Set thermostat comfort profile until next transition,", THEN sets a timed [ACTION_X] to hold.",Thermostat/Heating,This trigger fires every time you press the button.,This Action will set the thermostat into a hold using the settings from the specified comfort profile. This comfort profile hold will remain in effect until the next next comfort profile transition in the program.
XvZAk3RD,Phyn,Alert detected,IF Phyn detects an alert,Nest Thermostat,Set temperature,", THEN sets the thermostat temperature [ACTION_Y].",Thermostat/Heating,This trigger fires when Phyn detects an alert.,This Action will set a Nest Thermostat to the temperature you specify. NOTE: works only when Nest is set to Home.
XxYUtV2M,SmartThings,Any new motion,IF SmartThings detects motion,ecobee,Resume thermostat program,", THEN cancels the current thermostat event [ACTION_W].",Thermostat/Heating,This Trigger fires every time your SmartThings device senses motion.,This Action removes the currently running event on the selected thermostat providing the event is not a mandatory demand response event.
XyKqsM82,Location,You exit an area,IF the user exits a specified area,Heatzy,Set cool mode,", THEN sets cooling mode [ACTION_Z].",Thermostat/Heating,This Trigger fires every time you exit an area you specify.,This action will set a specific device on cool mode
XzwGeitd,Google Assistant,Say a phrase with a text ingredient,IF a voice assistant is activated with a specific phrase,ecobee,Set thermostat hold until next transition,", THEN sets the thermostat temperature [ACTION_Y].",Thermostat/Heating,This trigger fires when you say “Ok Google” to the Google Assistant followed by a phrase like “Post a tweet saying ‘New high score.’” **Use the $ symbol to specify where you'll say the text ingredient,This action will set the thermostat into a hold with the specified temperature and the end date/time will be set to the next climate transition in the program.
Y25HyizE,Button widget,Button press,IF a button is pressed,Netatmo Thermostat,Go back to schedule,", THEN restores default heating schedule [ACTION_Z].",Thermostat/Heating,This trigger fires every time you press the button.,This Action will order your home to go back to default schedule.
Y2Amt4Ev,Google Assistant,Say a phrase with a text ingredient,IF a voice assistant is activated with a specific phrase,Nest Thermostat,Set temperature,", THEN sets the thermostat temperature [ACTION_Y].",Thermostat/Heating,This trigger fires when you say “Ok Google” to the Google Assistant followed by a phrase like “Post a tweet saying ‘New high score.’” **Use the $ symbol to specify where you'll say the text ingredient,This Action will set a Nest Thermostat to the temperature you specify. NOTE: works only when Nest is set to Home.
Y2iTLN5R,Google Assistant,Say a simple phrase,IF a voice assistant is activated with a specific phrase,ecobee,Set thermostat comfort profile until next transition,", THEN sets a timed [ACTION_X] to hold.",Thermostat/Heating,"This trigger fires when you say “Ok Google” to the Google Assistant followed by a phrase you choose. For example, say “Ok Google, I’m running late” to text a family member that you’re on your way home.",This Action will set the thermostat into a hold using the settings from the specified comfort profile. This comfort profile hold will remain in effect until the next next comfort profile transition in the program.
Y3praDd2,HAVEN IAQ,PM2.5 threshold is crossed ,IF the air quality is below a specified value,Honeywell Total Connect Comfort,Set fan to on or auto,", THEN configures thermostat fan mode [ACTION_Z].",Thermostat/Heating,This Trigger fires whenever the measured Particulate Matter of 2.5 microns in size (PM2.5) is above or below the threshold.,This Action will set the Honeywell thermostat fan to On where the fan is always on or Auto where the fan runs only when the heating or cooling system is on.
YADfkZYr,Amazon Alexa,Say a specific phrase,IF a voice assistant is activated with a specific phrase,AQUAREA Smart Cloud,Change Heat Mode settings,", THEN sets heating mode [ACTION_Z].",Thermostat/Heating,"This trigger fires every time you say 'Alexa trigger' + the phrase that you have defined. For instance, if you set 'party time' as the phrase, you can say 'Alexa trigger party time' to have your lights loop colors.",This action will change operation settings for Heat Mode in your device. 
YBGMiJAt,Weather Underground,Current temperature rises above,IF local temperature is above a specified value,Nest Thermostat,Set temperature,", THEN sets the thermostat temperature [ACTION_Y].",Thermostat/Heating,This Trigger monitors your local temperature and fires whenever the temperature rises above the value you provide.,This Action will set a Nest Thermostat to the temperature you specify. NOTE: works only when Nest is set to Home.
YH3Wf7YR,Location,You enter an area,IF the user enters a specified area,nVent Nuheat Signature Thermostat,Set temperature,", THEN sets the thermostat temperature [ACTION_Y].",Thermostat/Heating,This Trigger fires every time you enter an area you specify.,This action will set the thermostat temperature
YJ3XFZ86,ecobee,Thermostat indoor humidity is greater than,IF Ecobee detects high humidity,ecobee,Set thermostat comfort profile for X hours,", THEN sets a timed [ACTION_X] to hold.",Thermostat/Heating,This trigger fires every time your ecobee thermostat senses that the indoor humidity is greater than a specific value you supply.,This Action will set the thermostat into a hold using the settings from the specified comfort profile. This comfort profile hold will remain in effect for the specified number of hours.
YK9vdUbq,Location,You enter an area,IF the user enters a specified area,Honeywell Total Connect Comfort,Resume programmed schedule,", THEN resumes the programmed schedule [ACTION_Y].",Thermostat/Heating,This Trigger fires every time you enter an area you specify.,This Action will set your Honeywell thermostat to resume the currently defined thermostat programmed schedule.
YPvkF3su,Amazon Alexa,Say a specific phrase,IF a voice assistant is activated with a specific phrase,Nest Thermostat,Set temperature range,", THEN sets the thermostat temperature [ACTION_Y].",Thermostat/Heating,"This trigger fires every time you say 'Alexa trigger' + the phrase that you have defined. For instance, if you set 'party time' as the phrase, you can say 'Alexa trigger party time' to have your lights loop colors.",This Action will set a Nest Thermostat in Heat-Cool mode to the temperature range you specify. NOTE: works only when Nest is set to Home.
YQEreipF,Nest Thermostat,Temperature rises above,IF temperature rises above a threshold,Nest Thermostat,Set temperature,", THEN sets the thermostat temperature [ACTION_Y].",Thermostat/Heating,This Trigger fires every time the temperature rises above a threshold you specify.,This Action will set a Nest Thermostat to the temperature you specify. NOTE: works only when Nest is set to Home.
YS63YpVz,Weather Underground,Current temperature drops below,IF local temperature is below a specified value,Nest Thermostat,Set temperature,", THEN sets the thermostat temperature [ACTION_Y].",Thermostat/Heating,This Trigger monitors your local temperature and fires whenever the temperature drops below the value you provide.,This Action will set a Nest Thermostat to the temperature you specify. NOTE: works only when Nest is set to Home.
YTbeSCwJ,Nest Thermostat,Temperature rises above,IF temperature rises above a threshold,Nest Thermostat,Turn on fan for 15 minutes,", THEN configures thermostat fan mode [ACTION_Z].",Thermostat/Heating,This Trigger fires every time the temperature rises above a threshold you specify.,This Action will turn on your HVAC system fan for the amount of time you specify in your Nest fan timer setting (default is 15 minutes). NOTE: works only if you have a fan option and Nest is set to Home.
YTfmbXxB,Amazon Alexa,Say a specific phrase,IF a voice assistant is activated with a specific phrase,Nest Thermostat,Set temperature,", THEN sets the thermostat temperature [ACTION_Y].",Thermostat/Heating,"This trigger fires every time you say 'Alexa trigger' + the phrase that you have defined. For instance, if you set 'party time' as the phrase, you can say 'Alexa trigger party time' to have your lights loop colors.",This Action will set a Nest Thermostat to the temperature you specify. NOTE: works only when Nest is set to Home.
YZ64Ctj7,Google Assistant,Say a phrase with a text ingredient,IF a voice assistant is activated with a specific phrase,Nest Thermostat,Set temperature,", THEN sets the thermostat temperature [ACTION_Y].",Thermostat/Heating,This trigger fires when you say “Ok Google” to the Google Assistant followed by a phrase like “Post a tweet saying ‘New high score.’” **Use the $ symbol to specify where you'll say the text ingredient,This Action will set a Nest Thermostat to the temperature you specify. NOTE: works only when Nest is set to Home.
YZG4gWec,Google Calendar,Event from search starts,IF shortly before a calendar event with a specific keyword occurs,Netatmo Thermostat,Switch schedule,", THEN updates the thermostat schedule [ACTION_W].",Thermostat/Heating,"This Trigger fires a set number of minutes before the starting time of an event on your Calendar that contains a specific keyword or phrase in the event’s Title, Description, or Location. Ingredient will be based on the zone set in Google.",This Action will change the schedule for the corresponding home.
YbC6ZPsn,Foobot,Pollution is high,IF air pollution exceeds a threshold,Honeywell Total Connect Comfort,Set fan to on or auto,", THEN configures thermostat fan mode [ACTION_Z].",Thermostat/Heating,This Trigger fires when global air pollution is higher than 50.,This Action will set the Honeywell thermostat fan to On where the fan is always on or Auto where the fan runs only when the heating or cooling system is on.
YdN2UcJj,Amazon Alexa,Say a specific phrase,IF a voice assistant is activated with a specific phrase,Honeywell Total Connect Comfort,Set temperature for a period of time,", THEN sets the thermostat temperature [ACTION_Y].",Thermostat/Heating,"This trigger fires every time you say 'Alexa trigger' + the phrase that you have defined. For instance, if you set 'party time' as the phrase, you can say 'Alexa trigger party time' to have your lights loop colors.",This Action will set your Honeywell thermostat to hold a temperature for a specified period of time. The schedule will resume when the time expires.
YgJNZBsG,Date & Time,Every day of the week at,IF is one of the specific days of the week at a specified time,Nest Thermostat,Set temperature,", THEN sets the thermostat temperature [ACTION_Y].",Thermostat/Heating,This Trigger fires only on specific days of the week at the time you provide.,This Action will set a Nest Thermostat to the temperature you specify. NOTE: works only when Nest is set to Home.
YkU5mwPY,Google Assistant,Say a simple phrase,IF a voice assistant is activated with a specific phrase,Hive Active Heating™ - UK and Europe,Boost hot water,", THEN boosts hot water [ACTION_Y].",Thermostat/Heating,"This trigger fires when you say “Ok Google” to the Google Assistant followed by a phrase you choose. For example, say “Ok Google, I’m running late” to text a family member that you’re on your way home.",This Action will boost your hot water for 1 hour.
YkYzhdvD,SmartThings,Presence detected,IF user presence is detected,Nest Thermostat,Set temperature,", THEN sets the thermostat temperature [ACTION_Y].",Thermostat/Heating,This Trigger fires every time your SmartThings device's presence is detected.,This Action will set a Nest Thermostat to the temperature you specify. NOTE: works only when Nest is set to Home.
YuiPexqz,Location,You exit an area,IF the user exits a specified area,Netatmo Thermostat,Set to manual mode,", THEN sets the thermostat to [ACTION_X].",Thermostat/Heating,This Trigger fires every time you exit an area you specify.,This Action will set your thermostat to manual mode.
YwMUsa9f,Fort Collins Utilities Time of Day Pricing,Time of Day Peak Rates START/END,IF peak energy rates start or end,Nest Thermostat,Set temperature,", THEN sets the thermostat temperature [ACTION_Y].",Thermostat/Heating,This trigger fires when time-of-day peak rates start or end.,This Action will set a Nest Thermostat to the temperature you specify. NOTE: works only when Nest is set to Home.
Z6gzJDxu,Location,You enter an area,IF the user enters a specified area,Nest Thermostat,Set temperature,", THEN sets the thermostat temperature [ACTION_Y].",Thermostat/Heating,This Trigger fires every time you enter an area you specify.,This Action will set a Nest Thermostat to the temperature you specify. NOTE: works only when Nest is set to Home.
ZMWqywz2,Date & Time,Every day at,IF every day at a specified time,BDR Thermea Group,Set mode,", THEN sets heating mode [ACTION_Z].",Thermostat/Heating,This Trigger fires every single day at a specific time set by you.,This action will set the heating mode of the thermostat.
ZRtHSW9V,Date & Time,Every day of the week at,IF is one of the specific days of the week at a specified time,ecobee,Set thermostat comfort profile until next transition,", THEN sets a timed [ACTION_X] to hold.",Thermostat/Heating,This Trigger fires only on specific days of the week at the time you provide.,This Action will set the thermostat into a hold using the settings from the specified comfort profile. This comfort profile hold will remain in effect until the next next comfort profile transition in the program.
ZnfTsUNj,Weather Underground,Current temperature drops below,IF local temperature is below a specified value,Netatmo Thermostat,Set to manual mode,", THEN sets the thermostat to [ACTION_X].",Thermostat/Heating,This Trigger monitors your local temperature and fires whenever the temperature drops below the value you provide.,This Action will set your thermostat to manual mode.
Zt3RYvKW,Date & Time,Every day at,IF every day at a specified time,ecobee,Resume thermostat program,", THEN cancels the current thermostat event [ACTION_W].",Thermostat/Heating,This Trigger fires every single day at a specific time set by you.,This Action removes the currently running event on the selected thermostat providing the event is not a mandatory demand response event.
ZvCzxQmc,NPR,New story published,IF a new story is published on NPR,Nest Thermostat,Set temperature,", THEN sets the thermostat temperature [ACTION_Y].",Thermostat/Heating,"The Trigger fires every time a new story is published on NPR in the selected category, program, or topic.",This Action will set a Nest Thermostat to the temperature you specify. NOTE: works only when Nest is set to Home.
ZvfYcn5d,Amazon Alexa,Say a specific phrase,IF a voice assistant is activated with a specific phrase,Honeywell Total Connect Comfort,Set temperature for a period of time,", THEN sets the thermostat temperature [ACTION_Y].",Thermostat/Heating,"This trigger fires every time you say 'Alexa trigger' + the phrase that you have defined. For instance, if you set 'party time' as the phrase, you can say 'Alexa trigger party time' to have your lights loop colors.",This Action will set your Honeywell thermostat to hold a temperature for a specified period of time. The schedule will resume when the time expires.
a2ihvQtP,Weather Underground,Current temperature drops below,IF local temperature is below a specified value,Nest Thermostat,Set temperature,", THEN sets the thermostat temperature [ACTION_Y].",Thermostat/Heating,This Trigger monitors your local temperature and fires whenever the temperature drops below the value you provide.,This Action will set a Nest Thermostat to the temperature you specify. NOTE: works only when Nest is set to Home.
a53NAjck,Date & Time,Every day at,IF every day at a specified time,Nest Thermostat,Set temperature,", THEN sets the thermostat temperature [ACTION_Y].",Thermostat/Heating,This Trigger fires every single day at a specific time set by you.,This Action will set a Nest Thermostat to the temperature you specify. NOTE: works only when Nest is set to Home.
a58sJ6qc,Button widget,Button press,IF a button is pressed,ecobee,Set thermostat comfort profile for X hours,", THEN sets a timed [ACTION_X] to hold.",Thermostat/Heating,This trigger fires every time you press the button.,This Action will set the thermostat into a hold using the settings from the specified comfort profile. This comfort profile hold will remain in effect for the specified number of hours.
a7k8phAy,Amazon Alexa,Say a specific phrase,IF a voice assistant is activated with a specific phrase,Honeywell Total Connect Comfort,Set temperature for a period of time,", THEN sets the thermostat temperature [ACTION_Y].",Thermostat/Heating,"This trigger fires every time you say 'Alexa trigger' + the phrase that you have defined. For instance, if you set 'party time' as the phrase, you can say 'Alexa trigger party time' to have your lights loop colors.",This Action will set your Honeywell thermostat to hold a temperature for a specified period of time. The schedule will resume when the time expires.
a8YNLsMa,Location,You exit an area,IF the user exits a specified area,Nest Thermostat,Set temperature,", THEN sets the thermostat temperature [ACTION_Y].",Thermostat/Heating,This Trigger fires every time you exit an area you specify.,This Action will set a Nest Thermostat to the temperature you specify. NOTE: works only when Nest is set to Home.
a9ZJUqRr,Weather Underground,Sunset,IF a set number of minutes before sunset,Nest Thermostat,Set temperature,", THEN sets the thermostat temperature [ACTION_Y].",Thermostat/Heating,This Trigger fires within 15 minutes of the sunset in your location.,This Action will set a Nest Thermostat to the temperature you specify. NOTE: works only when Nest is set to Home.
aG8m2Rth,Button widget,Button press,IF a button is pressed,Wink: Aros,Turn A/C on,", THEN turns on the air conditioner in [ACTION_X].",Thermostat/Heating,This trigger fires every time you press the button.,This Action will turn your Aros A/C on and set to a temperature you specify.
aHZupb4N,Amazon Alexa,Say a specific phrase,IF a voice assistant is activated with a specific phrase,Honeywell Total Connect Comfort,Set temperature for a period of time,", THEN sets the thermostat temperature [ACTION_Y].",Thermostat/Heating,"This trigger fires every time you say 'Alexa trigger' + the phrase that you have defined. For instance, if you set 'party time' as the phrase, you can say 'Alexa trigger party time' to have your lights loop colors.",This Action will set your Honeywell thermostat to hold a temperature for a specified period of time. The schedule will resume when the time expires.
aMKQNE6y,Button widget,Button press,IF a button is pressed,AQUAREA Smart Cloud,Change Heat Mode settings,", THEN sets heating mode [ACTION_Z].",Thermostat/Heating,This trigger fires every time you press the button.,This action will change operation settings for Heat Mode in your device. 
aMhC3T5x,Location,You enter an area,IF the user enters a specified area,ecobee,Set thermostat comfort profile until next transition,", THEN sets a timed [ACTION_X] to hold.",Thermostat/Heating,This Trigger fires every time you enter an area you specify.,This Action will set the thermostat into a hold using the settings from the specified comfort profile. This comfort profile hold will remain in effect until the next next comfort profile transition in the program.
aNjZFYEA,Google Assistant,Say a phrase with a text ingredient,IF a voice assistant is activated with a specific phrase,Nest Thermostat,Set temperature,", THEN sets the thermostat temperature [ACTION_Y].",Thermostat/Heating,This trigger fires when you say “Ok Google” to the Google Assistant followed by a phrase like “Post a tweet saying ‘New high score.’” **Use the $ symbol to specify where you'll say the text ingredient,This Action will set a Nest Thermostat to the temperature you specify. NOTE: works only when Nest is set to Home.
aPzjYq9E,Location,You enter an area,IF the user enters a specified area,Nest Thermostat,Turn on fan for 15 minutes,", THEN configures thermostat fan mode [ACTION_Z].",Thermostat/Heating,This Trigger fires every time you enter an area you specify.,This Action will turn on your HVAC system fan for the amount of time you specify in your Nest fan timer setting (default is 15 minutes). NOTE: works only if you have a fan option and Nest is set to Home.
aV4SwqcD,Location,You exit an area,IF the user exits a specified area,Mysa Thermostat,Change the setpoint,", THEN the thermostat to the temperature you specify [ACTION_W].",Thermostat/Heating,This Trigger fires every time you exit an area you specify.,This action will change the setpoint of a device to the desired value.
aYMhPtg4,Google Assistant,Say a simple phrase,IF a voice assistant is activated with a specific phrase,Nest Thermostat,Set temperature,", THEN sets the thermostat temperature [ACTION_Y].",Thermostat/Heating,"This trigger fires when you say “Ok Google” to the Google Assistant followed by a phrase you choose. For example, say “Ok Google, I’m running late” to text a family member that you’re on your way home.",This Action will set a Nest Thermostat to the temperature you specify. NOTE: works only when Nest is set to Home.
ahbY5XDB,eWeLink Smart Home,1-Channel Switch turned on or off,IF eWeLink switch is toggled,Heatmiser,Set Temperature,", THEN sets the temperature [ACTION_Z] on thermostat.",Thermostat/Heating,This trigger fires when your eWeLink Support 1-Channel Switch is turned on or off.,The Action will set the temperature on the selected Heatmiser Thermostat.
ajFaWgNH,Wink: Spotter,Temperature drops below,IF temperature drops below a threshold,Nest Thermostat,Set temperature,", THEN sets the thermostat temperature [ACTION_Y].",Thermostat/Heating,This Trigger fires every time the temperature measured by your Spotter drops below the value you specify.,This Action will set a Nest Thermostat to the temperature you specify. NOTE: works only when Nest is set to Home.
akDdKsaH,Amazon Alexa,Say a specific phrase,IF a voice assistant is activated with a specific phrase,Wink: Aros,Turn A/C on,", THEN turns on the air conditioner in [ACTION_X].",Thermostat/Heating,"This trigger fires every time you say 'Alexa trigger' + the phrase that you have defined. For instance, if you set 'party time' as the phrase, you can say 'Alexa trigger party time' to have your lights loop colors.",This Action will turn your Aros A/C on and set to a temperature you specify.
anASu8Tq,Date & Time,Every day at,IF every day at a specified time,ecobee,Set thermostat hold for X hours,", THEN sets the thermostat temperature [ACTION_Y].",Thermostat/Heating,This Trigger fires every single day at a specific time set by you.,This action will set the thermostat into a hold with the specified temperature for the specified number of hours.
ar5LGmw4,Location,You enter an area,IF the user enters a specified area,Honeywell Total Connect Comfort,Resume programmed schedule,", THEN resumes the programmed schedule [ACTION_Y].",Thermostat/Heating,This Trigger fires every time you enter an area you specify.,This Action will set your Honeywell thermostat to resume the currently defined thermostat programmed schedule.
arEAVjKw,Amazon Alexa,Say a specific phrase,IF a voice assistant is activated with a specific phrase,Honeywell Total Connect Comfort,Set temperature for a period of time,", THEN sets the thermostat temperature [ACTION_Y].",Thermostat/Heating,"This trigger fires every time you say 'Alexa trigger' + the phrase that you have defined. For instance, if you set 'party time' as the phrase, you can say 'Alexa trigger party time' to have your lights loop colors.",This Action will set your Honeywell thermostat to hold a temperature for a specified period of time. The schedule will resume when the time expires.
arx7Q5Zb,Button widget,Button press,IF a button is pressed,Home Connect Oven,Start heating mode,", THEN starts heating at a preferred temperature [ACTION_Y].",Thermostat/Heating,This trigger fires every time you press the button.,This action will start the selected heating mode at your preferred temperature and duration.
avQdpbjs,Location,You enter an area,IF the user enters a specified area,Sensibo,Turn A/C on,", THEN turns on the air conditioner [ACTION_Z].",Thermostat/Heating,This Trigger fires every time you enter an area you specify.,"Turn your A/C on with a set temperature, mode and fan level."
awfGv6aH,ecobee,Thermostat outdoor temperature is less than,IF temperature drops below a threshold,ecobee,Set thermostat comfort profile until next transition,", THEN sets a timed [ACTION_X] to hold.",Thermostat/Heating,This trigger fires every time your ecobee thermostat senses that the outdoor temperature is less than a specific value you supply.,This Action will set the thermostat into a hold using the settings from the specified comfort profile. This comfort profile hold will remain in effect until the next next comfort profile transition in the program.
b96GRrjF,Email,Send IFTTT an email tagged,IF a message containing a key phrase is sent,Nest Thermostat,Set temperature,", THEN sets the thermostat temperature [ACTION_Y].",Thermostat/Heating,Send IFTTT an email at trigger@applet.ifttt.com with a hashtag in the subject (e.g. #IFTTT) and this Trigger fires. You can optionally add a single file attachment and IFTTT will create a public URL to the file as an Ingredient.,This Action will set a Nest Thermostat to the temperature you specify. NOTE: works only when Nest is set to Home.
bAJKsLZu,SmartThings,Switched on,IF a smart device is switched on,ecobee,Set thermostat comfort profile for X hours,", THEN sets a timed [ACTION_X] to hold.",Thermostat/Heating,This Trigger fires every time your SmartThings device is switched on.,This Action will set the thermostat into a hold using the settings from the specified comfort profile. This comfort profile hold will remain in effect for the specified number of hours.
bCLJ8FMS,Date & Time,Every day at,IF every day at a specified time,Wink: Aros,Turn A/C on,", THEN turns on the air conditioner in [ACTION_X].",Thermostat/Heating,This Trigger fires every single day at a specific time set by you.,This Action will turn your Aros A/C on and set to a temperature you specify.
bJBPc8gd,Location,You enter an area,IF the user enters a specified area,Honeywell Total Connect Comfort,Resume programmed schedule,", THEN resumes the programmed schedule [ACTION_Y].",Thermostat/Heating,This Trigger fires every time you enter an area you specify.,This Action will set your Honeywell thermostat to resume the currently defined thermostat programmed schedule.
bKTF63ps,Agile Octopus,Energy price change,IF electricity price fluctuates beyond threshold,Nest Thermostat,Set temperature,", THEN sets the thermostat temperature [ACTION_Y].",Thermostat/Heating,Use this trigger to fire something when your electricity price falls or rises past your set threshold and between your preferred time settings.,This Action will set a Nest Thermostat to the temperature you specify. NOTE: works only when Nest is set to Home.
bNDhCu5X,Amazon Alexa,Say a specific phrase,IF a voice assistant is activated with a specific phrase,Nefit Easy,Set room temperature,", THEN sets the room temperature [ACTION_Z].",Thermostat/Heating,"This trigger fires every time you say 'Alexa trigger' + the phrase that you have defined. For instance, if you set 'party time' as the phrase, you can say 'Alexa trigger party time' to have your lights loop colors.",This Action will set the current room temperature to a level of your choice. This temperature level can be adjusted manually or if Clock Mode is activated.
bTRr6YbU,OhmConnect,An #OhmHour ends,IF a demand response event starts or ends,ecobee,Resume thermostat program,", THEN cancels the current thermostat event [ACTION_W].",Thermostat/Heating,This trigger fires when an OhmHour ends.,This Action removes the currently running event on the selected thermostat providing the event is not a mandatory demand response event.
bVrjSGmk,Amazon Alexa,Say a specific phrase,IF a voice assistant is activated with a specific phrase,AQUAREA Smart Cloud,Change Heat Mode settings,", THEN sets heating mode [ACTION_Z].",Thermostat/Heating,"This trigger fires every time you say 'Alexa trigger' + the phrase that you have defined. For instance, if you set 'party time' as the phrase, you can say 'Alexa trigger party time' to have your lights loop colors.",This action will change operation settings for Heat Mode in your device. 
bXNh4sDz,Netatmo Weather Station,Carbon dioxide rises above,IF CO2 level rises above a threshold,Nest Thermostat,Turn on fan for 15 minutes,", THEN configures thermostat fan mode [ACTION_Z].",Thermostat/Heating,This Trigger fires every time the carbon dioxide rises above a value you specify.,This Action will turn on your HVAC system fan for the amount of time you specify in your Nest fan timer setting (default is 15 minutes). NOTE: works only if you have a fan option and Nest is set to Home.
bZ2jNEhw,Google Assistant,Say a simple phrase,IF a voice assistant is activated with a specific phrase,ecobee,Set thermostat comfort profile until next transition,", THEN sets a timed [ACTION_X] to hold.",Thermostat/Heating,"This trigger fires when you say “Ok Google” to the Google Assistant followed by a phrase you choose. For example, say “Ok Google, I’m running late” to text a family member that you’re on your way home.",This Action will set the thermostat into a hold using the settings from the specified comfort profile. This comfort profile hold will remain in effect until the next next comfort profile transition in the program.
bZReYdJE,Date & Time,Every day of the week at,IF is one of the specific days of the week at a specified time,Home Connect Fridge Freezer,Activate Fresh mode,", THEN activates [ACTION_X] on the appliance.",Thermostat/Heating,This Trigger fires only on specific days of the week at the time you provide.,This action will activate Fresh mode on your appliance. Note that this will change set point temperature and manually changing it will disable the Fresh mode.
bbLzidKj,ecobee,Thermostat indoor temperature is less than,IF temperature drops below a threshold,ecobee,Set thermostat comfort profile until next transition,", THEN sets a timed [ACTION_X] to hold.",Thermostat/Heating,This trigger fires every time your ecobee thermostat senses that the indoor temperature is less than a specific value you supply.,This Action will set the thermostat into a hold using the settings from the specified comfort profile. This comfort profile hold will remain in effect until the next next comfort profile transition in the program.
bcUzjixE,Twitter,New tweet by you with hashtag,IF a new tweet with a specific hashtag is posted,Nature Remo,Turn on air conditioner,", THEN turns on the air conditioner and configures settings to [ACTION_X].",Thermostat/Heating,This Trigger fires every time you post a new tweet with a specific hashtag.,"This action will turn on your air conditioner and set target temperature, AC operation mode and air volume settings.

Note: Please use the Control Home Appliances actions for the button registered by learning mode."
bjFiUy9Y,Amazon Alexa,Say a specific phrase,IF a voice assistant is activated with a specific phrase,Nest Thermostat,Set temperature,", THEN sets the thermostat temperature [ACTION_Y].",Thermostat/Heating,"This trigger fires every time you say 'Alexa trigger' + the phrase that you have defined. For instance, if you set 'party time' as the phrase, you can say 'Alexa trigger party time' to have your lights loop colors.",This Action will set a Nest Thermostat to the temperature you specify. NOTE: works only when Nest is set to Home.
c3XhxEem,Location,You exit an area,IF the user exits a specified area,nVent Nuheat Signature Thermostat,Set group mode,", THEN sets thermostat group mode to [ACTION_X].",Thermostat/Heating,This Trigger fires every time you exit an area you specify.,This action will set a thermostat group mode
c8D4nA6X,Date & Time,Every day at,IF every day at a specified time,Honeywell Total Connect Comfort,Set temperature for a period of time,", THEN sets the thermostat temperature [ACTION_Y].",Thermostat/Heating,This Trigger fires every single day at a specific time set by you.,This Action will set your Honeywell thermostat to hold a temperature for a specified period of time. The schedule will resume when the time expires.
c8js4iCA,Fort Collins Utilities Time of Day Pricing,Time of Day Peak Rates START/END,IF peak energy rates start or end,GE Appliances Window AC,Set target temperature,", THEN sets the target temperature [ACTION_Z] on the window air conditioner.",Thermostat/Heating,This trigger fires when time-of-day peak rates start or end.,This Action will set a target temperature on your window ac unit.
cBeU4D6b,Location,You exit an area,IF the user exits a specified area,ecobee,Resume thermostat program,", THEN cancels the current thermostat event [ACTION_W].",Thermostat/Heating,This Trigger fires every time you exit an area you specify.,This Action removes the currently running event on the selected thermostat providing the event is not a mandatory demand response event.
cHkmKuL4,Location,You exit an area,IF the user exits a specified area,ecobee,Set thermostat comfort profile until next transition,", THEN sets a timed [ACTION_X] to hold.",Thermostat/Heating,This Trigger fires every time you exit an area you specify.,This Action will set the thermostat into a hold using the settings from the specified comfort profile. This comfort profile hold will remain in effect until the next next comfort profile transition in the program.
cMFVxdeS,Button widget,Button press,IF a button is pressed,Hive Active Heating™ - UK and Europe,Boost heating ,", THEN boosts heating [ACTION_Y].",Thermostat/Heating,This trigger fires every time you press the button.,This Action will boost heating to the temperature and duration you specify.
cQjcbCL2,Amazon Alexa,Item added to your To Do List,IF an item is added to a to-do list,Nest Thermostat,Set temperature,", THEN sets the thermostat temperature [ACTION_Y].",Thermostat/Heating,This Trigger fires every time you add an item to your To Do List.,This Action will set a Nest Thermostat to the temperature you specify. NOTE: works only when Nest is set to Home.
cXFZtGYQ,Google Calendar,Event from search starts,IF a calendar event with a specific keyword occurs,ecobee,Set thermostat comfort profile for X hours,", THEN sets a timed [ACTION_X] to hold.",Thermostat/Heating,"This Trigger fires a set number of minutes before the starting time of an event on your Google Calendar that contains a specific keyword or phrase. The search looks at the event’s Title, Description, and Location.",This Action will set the thermostat into a hold using the settings from the specified comfort profile. This comfort profile hold will remain in effect for the specified number of hours.
cZcW8NDV,Nest Protect,Smoke alarm warning,IF Nest Protect detects smoke,Nest Thermostat,Turn on fan for 15 minutes,", THEN configures thermostat fan mode [ACTION_Z].",Thermostat/Heating,This Trigger fires every time the Nest Protect you specify detects warning smoke levels.,This Action will turn on your HVAC system fan for the amount of time you specify in your Nest fan timer setting (default is 15 minutes). NOTE: works only if you have a fan option and Nest is set to Home.
cZeh3zmf,Location,You exit an area,IF the user exits a specified area,Nest Thermostat,Set temperature,", THEN sets the thermostat temperature [ACTION_Y].",Thermostat/Heating,This Trigger fires every time you exit an area you specify.,This Action will set a Nest Thermostat to the temperature you specify. NOTE: works only when Nest is set to Home.
caZBHgpM,Amazon Alexa,Say a specific phrase,IF a voice assistant is activated with a specific phrase,Nest Thermostat,Set temperature,", THEN sets the thermostat temperature [ACTION_Y].",Thermostat/Heating,"This trigger fires every time you say 'Alexa trigger' + the phrase that you have defined. For instance, if you set 'party time' as the phrase, you can say 'Alexa trigger party time' to have your lights loop colors.",This Action will set a Nest Thermostat to the temperature you specify. NOTE: works only when Nest is set to Home.
caqFJd92,Location,You exit an area,IF the user exits a specified area,Netatmo Thermostat,Set to away mode,", THEN sets home to [ACTION_X].",Thermostat/Heating,This Trigger fires every time you exit an area you specify.,This Action will set your home to away mode.
chPEFk3d,Weather Underground,Current temperature rises above,IF local temperature is above a specified value,Nest Thermostat,Set temperature,", THEN sets the thermostat temperature [ACTION_Y].",Thermostat/Heating,This Trigger monitors your local temperature and fires whenever the temperature rises above the value you provide.,This Action will set a Nest Thermostat to the temperature you specify. NOTE: works only when Nest is set to Home.
cpHQGVRb,Wireless Tag,Door or window is opened,IF motion is detected,Heatmiser,Set Standby Mode,", THEN activates [ACTION_X].",Thermostat/Heating,This Trigger fires when a specified motion sensor tag(s) or reed sensor(s) detect that a door or window is open.,This Action will activate Standby Mode on the selected Heatmiser Thermostat.
cq3MptTr,Weather Underground,Current temperature rises above,IF local temperature is above a specified value,GE Appliances Window AC,Set target temperature,", THEN sets the target temperature [ACTION_Z] on the window air conditioner.",Thermostat/Heating,This Trigger monitors your local temperature and fires whenever the temperature rises above the value you provide.,This Action will set a target temperature on your window ac unit.
cv3wa8KQ,Google Assistant,Say a phrase with a text ingredient,IF a voice assistant is activated with a specific phrase,BDR Thermea Group,Set temperature,", THEN the thermostat to the temperature you specify [ACTION_W].",Thermostat/Heating,This trigger fires when you say “Ok Google” to the Google Assistant followed by a phrase like “Post a tweet saying ‘New high score.’” **Use the $ symbol to specify where you'll say the text ingredient,This action will set the temperature on the thermostat.
cwJ8ATKG,Amazon Alexa,Say a specific phrase,IF a voice assistant is activated with a specific phrase,Nest Thermostat,Set temperature,", THEN sets the thermostat temperature [ACTION_Y].",Thermostat/Heating,"This trigger fires every time you say 'Alexa trigger' + the phrase that you have defined. For instance, if you set 'party time' as the phrase, you can say 'Alexa trigger party time' to have your lights loop colors.",This Action will set a Nest Thermostat to the temperature you specify. NOTE: works only when Nest is set to Home.
cweRPYBy,Scout Alarm,Mode disarmed,IF a security mode is armed,ecobee,Resume thermostat program,", THEN cancels the current thermostat event [ACTION_W].",Thermostat/Heating,This Trigger fires when a mode is disarmed.,This Action removes the currently running event on the selected thermostat providing the event is not a mandatory demand response event.
cyNgHpq4,Google Assistant,Say a phrase with a text ingredient,IF a voice assistant is activated with a specific phrase,Nest Thermostat,Set temperature,", THEN sets the thermostat temperature [ACTION_Y].",Thermostat/Heating,This trigger fires when you say “Ok Google” to the Google Assistant followed by a phrase like “Post a tweet saying ‘New high score.’” **Use the $ symbol to specify where you'll say the text ingredient,This Action will set a Nest Thermostat to the temperature you specify. NOTE: works only when Nest is set to Home.
czrEhAjR,True Energy Smart Home Norway,Electricity in Norway is Expensive,IF electricity prices are high,Home Connect Fridge Freezer,Set freezer temperature,", THEN sets the freezer temperature [ACTION_Z].",Thermostat/Heating,This trigger fires at the hours where electricity in Norway is expensive.,This action will set the freezer temperature.
d3Tu6z2i,Button widget,Button press,IF a button is pressed,Netatmo Thermostat,Turn thermostat off (Hidden),", THEN turn off the thermostat [ACTION_W].",Thermostat/Heating,This trigger fires every time you press the button.,This Action will turn your thermostat off.
d7jKsSPx,Location,You enter an area,IF the user enters a specified area,nVent Nuheat Signature Thermostat,Set group mode,", THEN sets thermostat group mode to [ACTION_X].",Thermostat/Heating,This Trigger fires every time you enter an area you specify.,This action will set a thermostat group mode
dLghVEdY,Android Device,Connects to a specific WiFi network,IF your Android device connects to a specified wifi network,Sensibo,Turn A/C on,", THEN turns on the air conditioner [ACTION_Z].",Thermostat/Heating,This Trigger fires every time your Android device connects to a WiFi network you specify.,"Turn your A/C on with a set temperature, mode and fan level."
dLqeYc3k,Weather Underground,Current temperature drops below,IF local temperature is below a specified value,Nest Thermostat,Set temperature,", THEN sets the thermostat temperature [ACTION_Y].",Thermostat/Heating,This Trigger monitors your local temperature and fires whenever the temperature drops below the value you provide.,This Action will set a Nest Thermostat to the temperature you specify. NOTE: works only when Nest is set to Home.
dWDF2V8E,Android SMS,New SMS received matches search,IF an SMS is received on Android,ecobee,Set thermostat comfort profile until next transition,", THEN sets a timed [ACTION_X] to hold.",Thermostat/Heating,This Trigger fires every time you receive an SMS on your Android device that matches a search you specify.,This Action will set the thermostat into a hold using the settings from the specified comfort profile. This comfort profile hold will remain in effect until the next next comfort profile transition in the program.
dakVp7R9,Amazon Alexa,Item added to your To Do List,IF an item is added to a to-do list,Nest Thermostat,Set temperature,", THEN sets the thermostat temperature [ACTION_Y].",Thermostat/Heating,This Trigger fires every time you add an item to your To Do List.,This Action will set a Nest Thermostat to the temperature you specify. NOTE: works only when Nest is set to Home.
duC5jLqb,Google Assistant,Say a simple phrase,IF a voice assistant is activated with a specific phrase,Nest Thermostat,Set temperature,", THEN sets the thermostat temperature [ACTION_Y].",Thermostat/Heating,"This trigger fires when you say “Ok Google” to the Google Assistant followed by a phrase you choose. For example, say “Ok Google, I’m running late” to text a family member that you’re on your way home.",This Action will set a Nest Thermostat to the temperature you specify. NOTE: works only when Nest is set to Home.
duhL78pF,RescueTime,New alert delivered,IF a productivity alert is triggered,Nest Thermostat,Set temperature,", THEN sets the thermostat temperature [ACTION_Y].",Thermostat/Heating,This Trigger fires every time a RescueTime alert goes off.,This Action will set a Nest Thermostat to the temperature you specify. NOTE: works only when Nest is set to Home.
e2LR3Yn5,Weather Underground,Current temperature rises above,IF local temperature is above a specified value,Heatmiser,Set Standby Mode,", THEN activates [ACTION_X].",Thermostat/Heating,This Trigger monitors your local temperature and fires whenever the temperature rises above the value you provide.,This Action will activate Standby Mode on the selected Heatmiser Thermostat.
e4F2ALj3,Uplink Remote,The alarm panel has been armed,IF an alarm is armed,Nest Thermostat,Set temperature,", THEN sets the thermostat temperature [ACTION_Y].",Thermostat/Heating,This trigger fires every time when your alarm panel is armed,This Action will set a Nest Thermostat to the temperature you specify. NOTE: works only when Nest is set to Home.
eKWCQ54M,ecobee,Thermostat indoor humidity is greater than,IF Ecobee detects high humidity,ecobee,Set thermostat hold for X hours,", THEN sets the thermostat temperature [ACTION_Y].",Thermostat/Heating,This trigger fires every time your ecobee thermostat senses that the indoor humidity is greater than a specific value you supply.,This action will set the thermostat into a hold with the specified temperature for the specified number of hours.
eSL5sk4b,Location,You enter an area,IF the user enters a specified area,Honeywell Total Connect Comfort,Set temperature for a period of time,", THEN sets the thermostat temperature [ACTION_Y].",Thermostat/Heating,This Trigger fires every time you enter an area you specify.,This Action will set your Honeywell thermostat to hold a temperature for a specified period of time. The schedule will resume when the time expires.
eUWirDx8,Netatmo Weather Station,Carbon dioxide rises above,IF CO2 level rises above a threshold,Nest Thermostat,Turn on fan for 15 minutes,", THEN configures thermostat fan mode [ACTION_Z].",Thermostat/Heating,This Trigger fires every time the carbon dioxide rises above a value you specify.,This Action will turn on your HVAC system fan for the amount of time you specify in your Nest fan timer setting (default is 15 minutes). NOTE: works only if you have a fan option and Nest is set to Home.
eVp5YWxH,Weather Underground,Current temperature drops below,IF local temperature is below a specified value,Nest Thermostat,Set temperature,", THEN sets the thermostat temperature [ACTION_Y].",Thermostat/Heating,This Trigger monitors your local temperature and fires whenever the temperature drops below the value you provide.,This Action will set a Nest Thermostat to the temperature you specify. NOTE: works only when Nest is set to Home.
eWCiJBwN,Amazon Alexa,Say a specific phrase,IF a voice assistant is activated with a specific phrase,Nest Thermostat,Set temperature,", THEN sets the thermostat temperature [ACTION_Y].",Thermostat/Heating,"This trigger fires every time you say 'Alexa trigger' + the phrase that you have defined. For instance, if you set 'party time' as the phrase, you can say 'Alexa trigger party time' to have your lights loop colors.",This Action will set a Nest Thermostat to the temperature you specify. NOTE: works only when Nest is set to Home.
ehgkbyi5,Amazon Alexa,Say a specific phrase,IF a voice assistant is activated with a specific phrase,Honeywell Total Connect Comfort,Set temperature for a period of time,", THEN sets the thermostat temperature [ACTION_Y].",Thermostat/Heating,"This trigger fires every time you say 'Alexa trigger' + the phrase that you have defined. For instance, if you set 'party time' as the phrase, you can say 'Alexa trigger party time' to have your lights loop colors.",This Action will set your Honeywell thermostat to hold a temperature for a specified period of time. The schedule will resume when the time expires.
etrM483v,Gira Smart Home,Switched off,IF a KNX or binary switch is turned off,tadoº Heating,Return to tado⁠° automatic control,", THEN sets the room temperature [ACTION_Z].",Thermostat/Heating,This trigger fires when a KNX device or binary switch is turned off.,"This Action will return control of your heating to tado⁠°, using your user-defined settings (e.g. location and Smart Schedule) to automatically determine the right room temperature."
etu5dbrs,Weather Underground,Current temperature drops below,IF local temperature is below a specified value,Nest Thermostat,Turn on fan for 15 minutes,", THEN configures thermostat fan mode [ACTION_Z].",Thermostat/Heating,This Trigger monitors your local temperature and fires whenever the temperature drops below the value you provide.,This Action will turn on your HVAC system fan for the amount of time you specify in your Nest fan timer setting (default is 15 minutes). NOTE: works only if you have a fan option and Nest is set to Home.
eui6xwR7,Google Assistant,Say a phrase with a text ingredient,IF a voice assistant is activated with a specific phrase,Nest Thermostat,Set temperature,", THEN sets the thermostat temperature [ACTION_Y].",Thermostat/Heating,This trigger fires when you say “Ok Google” to the Google Assistant followed by a phrase like “Post a tweet saying ‘New high score.’” **Use the $ symbol to specify where you'll say the text ingredient,This Action will set a Nest Thermostat to the temperature you specify. NOTE: works only when Nest is set to Home.
evVx2iNg,True Energy Smart Home Norway,Electricity in Norway is Expensive,IF electricity prices are high,Home Connect Fridge Freezer,Set freezer temperature,", THEN sets the freezer temperature [ACTION_Z].",Thermostat/Heating,This trigger fires at the hours where electricity in Norway is expensive.,This action will set the freezer temperature.
exNdAYsE,Nest Thermostat,Nest set to Away,IF every time no one is at home,ecobee,Set thermostat comfort profile until next transition,", THEN sets a timed [ACTION_X] to hold.",Thermostat/Heating,This Trigger fires every time the home you specify is set to Away.,This Action will set the thermostat into a hold using the settings from the specified comfort profile. This comfort profile hold will remain in effect until the next next comfort profile transition in the program.
ezBDypXY,Location,You enter an area,IF the user enters a specified area,Honeywell Total Connect Comfort,Set temperature for a period of time,", THEN sets the thermostat temperature [ACTION_Y].",Thermostat/Heating,This Trigger fires every time you enter an area you specify.,This Action will set your Honeywell thermostat to hold a temperature for a specified period of time. The schedule will resume when the time expires.
ezdStZb7,Google Assistant,Say a simple phrase,IF a voice assistant is activated with a specific phrase,Nest Thermostat,Set temperature,", THEN sets the thermostat temperature [ACTION_Y].",Thermostat/Heating,"This trigger fires when you say “Ok Google” to the Google Assistant followed by a phrase you choose. For example, say “Ok Google, I’m running late” to text a family member that you’re on your way home.",This Action will set a Nest Thermostat to the temperature you specify. NOTE: works only when Nest is set to Home.
f7feEMwt,Flic,Flic is clicked,IF a button is pressed,Nest Thermostat,Set temperature,", THEN sets the thermostat temperature [ACTION_Y].",Thermostat/Heating,This Trigger fires every time you click the selected Flic.,This Action will set a Nest Thermostat to the temperature you specify. NOTE: works only when Nest is set to Home.
f9UG7vfD,Google Assistant,Say a simple phrase,IF a voice assistant is activated with a specific phrase,Hive Active Heating™ - UK and Europe,Boost heating ,", THEN boosts heating [ACTION_Y].",Thermostat/Heating,"This trigger fires when you say “Ok Google” to the Google Assistant followed by a phrase you choose. For example, say “Ok Google, I’m running late” to text a family member that you’re on your way home.",This Action will boost heating to the temperature and duration you specify.
fBC4jwDv,Weather Underground,Current temperature rises above,IF local temperature is above a specified value,BDR Thermea Group,Set mode,", THEN sets heating mode [ACTION_Z].",Thermostat/Heating,This Trigger monitors your local temperature and fires whenever the temperature rises above the value you provide.,This action will set the heating mode of the thermostat.
fF2HqCZe,Weather Underground,Current temperature rises above,IF local temperature is above a specified value,Nature Remo,Turn on air conditioner,", THEN turns on the air conditioner and configures settings to [ACTION_X].",Thermostat/Heating,This Trigger monitors your local temperature and fires whenever the temperature rises above the value you provide.,"This action will turn on your air conditioner and set target temperature, AC operation mode and air volume settings.

Note: Please use the Control Home Appliances actions for the button registered by learning mode."
fH2YJndW,Location,You exit an area,IF the user exits a specified area,Hive Active Heating™ - UK and Europe,Turn off thermostat ,", THEN turns heating mode off [ACTION_W].",Thermostat/Heating,This Trigger fires every time you exit an area you specify.,This Action will set the heating mode to off.
fHnBt7sk,Amazon Alexa,Say a specific phrase,IF a voice assistant is activated with a specific phrase,Nest Thermostat,Set temperature,", THEN sets the thermostat temperature [ACTION_Y].",Thermostat/Heating,"This trigger fires every time you say 'Alexa trigger' + the phrase that you have defined. For instance, if you set 'party time' as the phrase, you can say 'Alexa trigger party time' to have your lights loop colors.",This Action will set a Nest Thermostat to the temperature you specify. NOTE: works only when Nest is set to Home.
fMcpiX4T,tadoº Heating,tado⁠° switches to Away Mode,IF Tado switches to Away mode,tadoº Heating,Return to tado⁠° automatic control,", THEN sets the room temperature [ACTION_Z].",Thermostat/Heating,This trigger fires when tado⁠° switches to Away Mode.,"This Action will return control of your heating to tado⁠°, using your user-defined settings (e.g. location and Smart Schedule) to automatically determine the right room temperature."
fYViwt4F,Android Device,Connects to a specific WiFi network,IF your Android device connects to a specified wifi network,Nefit Easy,Set room temperature,", THEN sets the room temperature [ACTION_Z].",Thermostat/Heating,This Trigger fires every time your Android device connects to a WiFi network you specify.,This Action will set the current room temperature to a level of your choice. This temperature level can be adjusted manually or if Clock Mode is activated.
fZXrpWqz,Tempest Weather System ,Temperature drops below,IF temperature drops below a threshold,Nest Thermostat,Set temperature range,", THEN sets the thermostat temperature [ACTION_Y].",Thermostat/Heating,This Trigger fires every time the temperature at your WeatherFlow Tempest Station drops below a value that you select.,This Action will set a Nest Thermostat in Heat-Cool mode to the temperature range you specify. NOTE: works only when Nest is set to Home.
ff4Qa5Gp,Google Wifi,Device Disconnects,IF your Android device connects to a specified wifi network,Nest Thermostat,Set temperature range,", THEN sets the thermostat temperature [ACTION_Y].",Thermostat/Heating,This Trigger fires every time a device disconnects from Google Wifi.,This Action will set a Nest Thermostat in Heat-Cool mode to the temperature range you specify. NOTE: works only when Nest is set to Home.
fnxBh56V,SmartThings,Presence no longer detected,IF user presence is detected,Nest Thermostat,Set temperature,", THEN sets the thermostat temperature [ACTION_Y].",Thermostat/Heating,This Trigger fires every time your SmartThings device's presence is no longer detected.,This Action will set a Nest Thermostat to the temperature you specify. NOTE: works only when Nest is set to Home.
frfcKHDs,Weather Underground,Current temperature drops below,IF local temperature is below a specified value,ecobee,Set thermostat hold for X hours,", THEN sets the thermostat temperature [ACTION_Y].",Thermostat/Heating,This Trigger monitors your local temperature and fires whenever the temperature drops below the value you provide.,This action will set the thermostat into a hold with the specified temperature for the specified number of hours.
fuB7mngv,Android Device,Connects to a specific WiFi network,IF your Android device connects to a specified wifi network,Wink: Aros,Turn A/C on,", THEN turns on the air conditioner in [ACTION_X].",Thermostat/Heating,This Trigger fires every time your Android device connects to a WiFi network you specify.,This Action will turn your Aros A/C on and set to a temperature you specify.
fx5cWtRH,Location,You enter an area,IF the user enters a specified area,ecobee,Set thermostat comfort profile until next transition,", THEN sets a timed [ACTION_X] to hold.",Thermostat/Heating,This Trigger fires every time you enter an area you specify.,This Action will set the thermostat into a hold using the settings from the specified comfort profile. This comfort profile hold will remain in effect until the next next comfort profile transition in the program.
fxJfzkEM,Location,You exit an area,IF the user exits a specified area,Nest Thermostat,Set temperature,", THEN sets the thermostat temperature [ACTION_Y].",Thermostat/Heating,This Trigger fires every time you exit an area you specify.,This Action will set a Nest Thermostat to the temperature you specify. NOTE: works only when Nest is set to Home.
g2YyzatD,Amazon Alexa,Say a specific phrase,IF a voice assistant is activated with a specific phrase,Home Connect Fridge Freezer,Activate refrigerator Super Cooling mode,", THEN temporarily boosts refrigerator cooling [ACTION_Y].",Thermostat/Heating,"This trigger fires every time you say 'Alexa trigger' + the phrase that you have defined. For instance, if you set 'party time' as the phrase, you can say 'Alexa trigger party time' to have your lights loop colors.",This action will temporarily cool the refrigerator at maximum power.
g3enuFtY,Google Calendar,Event from search starts,IF shortly before a calendar event with a specific keyword occurs,Heatzy,Set heat mode,", THEN sets heating mode [ACTION_Z].",Thermostat/Heating,"This Trigger fires a set number of minutes before the starting time of an event on your Calendar that contains a specific keyword or phrase in the event’s Title, Description, or Location. Ingredient will be based on the zone set in Google.",This action will set a specific device on heat mode
g4Jn9jHg,Google Assistant,Say a simple phrase,IF a voice assistant is activated with a specific phrase,Nest Thermostat,Set temperature,", THEN sets the thermostat temperature [ACTION_Y].",Thermostat/Heating,"This trigger fires when you say “Ok Google” to the Google Assistant followed by a phrase you choose. For example, say “Ok Google, I’m running late” to text a family member that you’re on your way home.",This Action will set a Nest Thermostat to the temperature you specify. NOTE: works only when Nest is set to Home.
g4RzHDbK,Button widget,Button press,IF a button is pressed,Heatzy,Set cool mode,", THEN sets cooling mode [ACTION_Z].",Thermostat/Heating,This trigger fires every time you press the button.,This action will set a specific device on cool mode
g6eKtmL9,Weather Underground,Current temperature drops below,IF local temperature is below a specified value,Nest Thermostat,Set temperature,", THEN sets the thermostat temperature [ACTION_Y].",Thermostat/Heating,This Trigger monitors your local temperature and fires whenever the temperature drops below the value you provide.,This Action will set a Nest Thermostat to the temperature you specify. NOTE: works only when Nest is set to Home.
gCTda3g9,Google Assistant,Say a simple phrase,IF a voice assistant is activated with a specific phrase,Honeywell Total Connect Comfort,Resume programmed schedule,", THEN resumes the programmed schedule [ACTION_Y].",Thermostat/Heating,"This trigger fires when you say “Ok Google” to the Google Assistant followed by a phrase you choose. For example, say “Ok Google, I’m running late” to text a family member that you’re on your way home.",This Action will set your Honeywell thermostat to resume the currently defined thermostat programmed schedule.
gCWDHivM,Apilio,Receive an event from Apilio,IF a message containing a key phrase is sent,Hive Active Heating™ - UK and Europe,Set thermostat to a specific temperature in current mode,", THEN sets the thermostat temperature [ACTION_Y].",Thermostat/Heating,This trigger fires every time IFTTT receives a specific event from Apilio.,This Action will set thermostat to a specific temperature in current mode
gLUBaV2q,Weather Underground,Current temperature rises above,IF local temperature is above a specified value,Nest Thermostat,Set temperature,", THEN sets the thermostat temperature [ACTION_Y].",Thermostat/Heating,This Trigger monitors your local temperature and fires whenever the temperature rises above the value you provide.,This Action will set a Nest Thermostat to the temperature you specify. NOTE: works only when Nest is set to Home.
gQT8egta,Amazon Alexa,Say a specific phrase,IF a voice assistant is activated with a specific phrase,Honeywell Total Connect Comfort,Set temperature for a period of time,", THEN sets the thermostat temperature [ACTION_Y].",Thermostat/Heating,"This trigger fires every time you say 'Alexa trigger' + the phrase that you have defined. For instance, if you set 'party time' as the phrase, you can say 'Alexa trigger party time' to have your lights loop colors.",This Action will set your Honeywell thermostat to hold a temperature for a specified period of time. The schedule will resume when the time expires.
gSzJsnVq,Date & Time,Every day at,IF every day at a specified time,Nest Thermostat,Turn on fan for 15 minutes,", THEN configures thermostat fan mode [ACTION_Z].",Thermostat/Heating,This Trigger fires every single day at a specific time set by you.,This Action will turn on your HVAC system fan for the amount of time you specify in your Nest fan timer setting (default is 15 minutes). NOTE: works only if you have a fan option and Nest is set to Home.
gVLFvkXR,Location,You enter an area,IF the user enters a specified area,Nest Thermostat,Set temperature,", THEN sets the thermostat temperature [ACTION_Y].",Thermostat/Heating,This Trigger fires every time you enter an area you specify.,This Action will set a Nest Thermostat to the temperature you specify. NOTE: works only when Nest is set to Home.
gb6DiTBv,Location,You enter an area,IF the user enters a specified area,ecobee,Set thermostat comfort profile until next transition,", THEN sets a timed [ACTION_X] to hold.",Thermostat/Heating,This Trigger fires every time you enter an area you specify.,This Action will set the thermostat into a hold using the settings from the specified comfort profile. This comfort profile hold will remain in effect until the next next comfort profile transition in the program.
gewMzcsf,Location,You enter an area,IF the user enters a specified area,Hive Active Heating™ - UK and Europe,Set the thermostat to schedule,", THEN sets heating mode to [ACTION_X].",Thermostat/Heating,This Trigger fires every time you enter an area you specify.,This Action will set the heating mode to schedule.
gn5jQmik,Amazon Alexa,Say a specific phrase,IF a voice assistant is activated with a specific phrase,Nest Thermostat,Set temperature,", THEN sets the thermostat temperature [ACTION_Y].",Thermostat/Heating,"This trigger fires every time you say 'Alexa trigger' + the phrase that you have defined. For instance, if you set 'party time' as the phrase, you can say 'Alexa trigger party time' to have your lights loop colors.",This Action will set a Nest Thermostat to the temperature you specify. NOTE: works only when Nest is set to Home.
gnXYdbGq,Weather Underground,Current temperature rises above,IF local temperature is above a specified value,Nest Thermostat,Set temperature,", THEN sets the thermostat temperature [ACTION_Y].",Thermostat/Heating,This Trigger monitors your local temperature and fires whenever the temperature rises above the value you provide.,This Action will set a Nest Thermostat to the temperature you specify. NOTE: works only when Nest is set to Home.
gsedw6K9,Android Device,Connects to a specific WiFi network,IF your Android device connects to a specified wifi network,Nature Remo,Turn on air conditioner,", THEN turns on the air conditioner and configures settings to [ACTION_X].",Thermostat/Heating,This Trigger fires every time your Android device connects to a WiFi network you specify.,"This action will turn on your air conditioner and set target temperature, AC operation mode and air volume settings.Note: Please use the Control Home Appliances actions for the button registered by learning mode."
gwJxQSTr,Netatmo Weather Station,Temperature drops below,IF temperature drops below a threshold,Netatmo Thermostat,Go back to schedule,", THEN restores default heating schedule [ACTION_Z].",Thermostat/Heating,This Trigger fires every time the temperature drops below a value you specify.,This Action will order your home to go back to default schedule.
h2y9MtQp,Location,You enter an area,IF the user enters a specified area,Hive Active Heating™ - UK and Europe,Boost heating ,", THEN boosts heating [ACTION_Y].",Thermostat/Heating,This Trigger fires every time you enter an area you specify.,This Action will boost heating to the temperature and duration you specify.
h5p2uSKB,Location,You enter an area,IF the user enters a specified area,Nest Thermostat,Set temperature,", THEN sets the thermostat temperature [ACTION_Y].",Thermostat/Heating,This Trigger fires every time you enter an area you specify.,This Action will set a Nest Thermostat to the temperature you specify. NOTE: works only when Nest is set to Home.
h8fP6bCi,Weather Underground,Current temperature drops below,IF local temperature is below a specified value,Nest Thermostat,Set temperature,", THEN sets the thermostat temperature [ACTION_Y].",Thermostat/Heating,This Trigger monitors your local temperature and fires whenever the temperature drops below the value you provide.,This Action will set a Nest Thermostat to the temperature you specify. NOTE: works only when Nest is set to Home.
hFYnsAt9,Amazon Alexa,Say a specific phrase,IF a voice assistant is activated with a specific phrase,Warmup Smart Thermostat,Set temperature,", THEN sets the thermostat temperature [ACTION_Y].",Thermostat/Heating,"This trigger fires every time you say 'Alexa trigger' + the phrase that you have defined. For instance, if you set 'party time' as the phrase, you can say 'Alexa trigger party time' to have your lights loop colors.",This action will set your thermostat to a specified temperature.
hJZbAc7X,Location,You exit an area,IF the user exits a specified area,Nefit Easy,Set room temperature,", THEN sets the room temperature [ACTION_Z].",Thermostat/Heating,This Trigger fires every time you exit an area you specify.,This Action will set the current room temperature to a level of your choice. This temperature level can be adjusted manually or if Clock Mode is activated.
hjAqwfHu,Location,You enter an area,IF the user enters a specified area,Honeywell Total Connect Comfort,Resume programmed schedule,", THEN resumes the programmed schedule [ACTION_Y].",Thermostat/Heating,This Trigger fires every time you enter an area you specify.,This Action will set your Honeywell thermostat to resume the currently defined thermostat programmed schedule.
hjDTK5bY,Location,You exit an area,IF the user exits a specified area,ecobee,Set thermostat comfort profile until next transition,", THEN sets a timed [ACTION_X] to hold.",Thermostat/Heating,This Trigger fires every time you exit an area you specify.,This Action will set the thermostat into a hold using the settings from the specified comfort profile. This comfort profile hold will remain in effect until the next next comfort profile transition in the program.
hm326ixG,Amazon Alexa,Item added to your To Do List,IF an item is added to a to-do list,Nest Thermostat,Set temperature,", THEN sets the thermostat temperature [ACTION_Y].",Thermostat/Heating,This Trigger fires every time you add an item to your To Do List.,This Action will set a Nest Thermostat to the temperature you specify. NOTE: works only when Nest is set to Home.
hv6aqsCV,Amazon Alexa,Say a specific phrase,IF a voice assistant is activated with a specific phrase,Home Connect Fridge Freezer,Activate freezer Super Freezing mode,", THEN temporarily boosts freezer cooling [ACTION_Y].",Thermostat/Heating,"This trigger fires every time you say 'Alexa trigger' + the phrase that you have defined. For instance, if you set 'party time' as the phrase, you can say 'Alexa trigger party time' to have your lights loop colors.",This action will temporarily cool the freezer at maximum power.
hvSyK6FQ,Powered by Viva,We detect that the home is empty,IF everyone leaves home,Netatmo Thermostat,Set to away mode,", THEN sets home to [ACTION_X].",Thermostat/Heating,This trigger fires when every family member has left.,This Action will set your home to away mode.
hxAP475Y,Date & Time,Every day at,IF every day at a specified time,Home Connect Fridge Freezer,Activate Eco mode,", THEN activates [ACTION_X] on the appliance.",Thermostat/Heating,This Trigger fires every single day at a specific time set by you.,This action will activate Eco mode on your appliance. Note that this will change set point temperature and manually changing it will disable the Eco mode.
i4RJxHre,SmartThings,Presence no longer detected,IF user presence is detected,ecobee,Set thermostat comfort profile until next transition,", THEN sets a timed [ACTION_X] to hold.",Thermostat/Heating,This Trigger fires every time your SmartThings device's presence is no longer detected.,This Action will set the thermostat into a hold using the settings from the specified comfort profile. This comfort profile hold will remain in effect until the next next comfort profile transition in the program.
i4shUDbE,Apilio,Receive an event from Apilio,IF a message containing a key phrase is sent,Sensibo,Turn A/C on,", THEN turns on the air conditioner [ACTION_Z].",Thermostat/Heating,This trigger fires every time IFTTT receives a specific event from Apilio.,"Turn your A/C on with a set temperature, mode and fan level."
i6W83iH2,Google Assistant,Say a simple phrase,IF a voice assistant is activated with a specific phrase,Nest Thermostat,Set temperature,", THEN sets the thermostat temperature [ACTION_Y].",Thermostat/Heating,"This trigger fires when you say “Ok Google” to the Google Assistant followed by a phrase you choose. For example, say “Ok Google, I’m running late” to text a family member that you’re on your way home.",This Action will set a Nest Thermostat to the temperature you specify. NOTE: works only when Nest is set to Home.
i6qF8sAQ,tadoº Heating,Temperature rises above threshold,IF temperature rises above a threshold,tadoº Heating,Return to tado⁠° automatic control,", THEN sets the room temperature [ACTION_Z].",Thermostat/Heating,This trigger fires when the room temperature rises above a user-defined value.,"This Action will return control of your heating to tado⁠°, using your user-defined settings (e.g. location and Smart Schedule) to automatically determine the right room temperature."
iHt7Wa4A,Date & Time,Every hour at,IF every hour at quarter intervals,Honeywell Total Connect Comfort,Resume programmed schedule,", THEN resumes the programmed schedule [ACTION_Y].",Thermostat/Heating,"This Trigger fires once an hour at :00, :15, :30, or :45 minutes past the hour.",This Action will set your Honeywell thermostat to resume the currently defined thermostat programmed schedule.
iR8sQvfV,Location,You exit an area,IF the user exits a specified area,Nest Thermostat,Turn on fan for 15 minutes,", THEN configures thermostat fan mode [ACTION_Z].",Thermostat/Heating,This Trigger fires every time you exit an area you specify.,This Action will turn on your HVAC system fan for the amount of time you specify in your Nest fan timer setting (default is 15 minutes). NOTE: works only if you have a fan option and Nest is set to Home.
iUsYNHV3,Button widget,Button press,IF a button is pressed,Nefit Easy,Activate overwork timer,", THEN sets the room temperature [ACTION_Z].",Thermostat/Heating,This trigger fires every time you press the button.,This Action will set your room temperature to a new set point for a configurable period.
iWikcf6E,Amazon Alexa,Say a specific phrase,IF a voice assistant is activated with a specific phrase,Hive Active Heating™ - UK and Europe,Boost heating ,", THEN boosts heating [ACTION_Y].",Thermostat/Heating,"This trigger fires every time you say 'Alexa trigger' + the phrase that you have defined. For instance, if you set 'party time' as the phrase, you can say 'Alexa trigger party time' to have your lights loop colors.",This Action will boost heating to the temperature and duration you specify.
iXSbGL9i,Weather Underground,Current temperature drops below,IF local temperature is below a specified value,Nest Thermostat,Turn on fan for 15 minutes,", THEN configures thermostat fan mode [ACTION_Z].",Thermostat/Heating,This Trigger monitors your local temperature and fires whenever the temperature drops below the value you provide.,This Action will turn on your HVAC system fan for the amount of time you specify in your Nest fan timer setting (default is 15 minutes). NOTE: works only if you have a fan option and Nest is set to Home.
iZqN2Hcs,Weather Underground,Current temperature drops below,IF local temperature is below a specified value,Hive Active Heating™ - UK and Europe,Set the thermostat to schedule,", THEN sets heating mode to [ACTION_X].",Thermostat/Heating,This Trigger monitors your local temperature and fires whenever the temperature drops below the value you provide.,This Action will set the heating mode to schedule.
ibWyjaRe,Google Calendar,Event from search starts,IF shortly before a calendar event with a specific keyword occurs,Netatmo Thermostat,Go back to schedule,", THEN restores default heating schedule [ACTION_Z].",Thermostat/Heating,"This Trigger fires a set number of minutes before the starting time of an event on your Calendar that contains a specific keyword or phrase in the event’s Title, Description, or Location. Ingredient will be based on the zone set in Google.",This Action will order your home to go back to default schedule.
idkUamqR,Amazon Alexa,Say a specific phrase,IF a voice assistant is activated with a specific phrase,Honeywell Total Connect Comfort,Set temperature for a period of time,", THEN sets the thermostat temperature [ACTION_Y].",Thermostat/Heating,"This trigger fires every time you say 'Alexa trigger' + the phrase that you have defined. For instance, if you set 'party time' as the phrase, you can say 'Alexa trigger party time' to have your lights loop colors.",This Action will set your Honeywell thermostat to hold a temperature for a specified period of time. The schedule will resume when the time expires.
iiEm3n8U,Weather Underground,Tomorrow's high rises above,IF temperature rises above a threshold,Hive Active Heating™ - UK and Europe,Turn off thermostat ,", THEN turns heating mode off [ACTION_W].",Thermostat/Heating,This Trigger fires every time tomorrow’s forecasted high temperature rises above a value you provide.,This Action will set the heating mode to off.
j7WmSA48,Flic,Flic is clicked,IF a button is pressed,Nest Thermostat,Set temperature,", THEN sets the thermostat temperature [ACTION_Y].",Thermostat/Heating,This Trigger fires every time you click the selected Flic.,This Action will set a Nest Thermostat to the temperature you specify. NOTE: works only when Nest is set to Home.
j9bpeu67,Button widget,Button press,IF a button is pressed,Nest Thermostat,Set temperature,", THEN sets the thermostat temperature [ACTION_Y].",Thermostat/Heating,This trigger fires every time you press the button.,This Action will set a Nest Thermostat to the temperature you specify. NOTE: works only when Nest is set to Home.
j9fsbDVq,Google Calendar,Event from search starts,IF a calendar event with a specific keyword occurs,Nest Thermostat,Set temperature,", THEN sets the thermostat temperature [ACTION_Y].",Thermostat/Heating,"This Trigger fires a set number of minutes before the starting time of an event on your Google Calendar that contains a specific keyword or phrase. The search looks at the event’s Title, Description, and Location.",This Action will set a Nest Thermostat to the temperature you specify. NOTE: works only when Nest is set to Home.
jDHVCti7,Weather Underground,Current temperature drops below,IF local temperature is below a specified value,tadoº Heating,Turn heating on,", THEN starts heating [ACTION_Z].",Thermostat/Heating,This Trigger monitors your local temperature and fires whenever the temperature drops below the value you provide.,This Action will start your heating.
jLA9TuEH,Date & Time,Every day of the week at,IF is one of the specific days of the week at a specified time,ecobee,Set thermostat comfort profile until next transition,", THEN sets a timed [ACTION_X] to hold.",Thermostat/Heating,This Trigger fires only on specific days of the week at the time you provide.,This Action will set the thermostat into a hold using the settings from the specified comfort profile. This comfort profile hold will remain in effect until the next next comfort profile transition in the program.
jPvmFGpK,Date & Time,Every hour at,IF every hour at quarter intervals,Hive Active Heating™ - UK and Europe,Set the thermostat to schedule,", THEN sets heating mode to [ACTION_X].",Thermostat/Heating,"This Trigger fires once an hour at :00, :15, :30, or :45 minutes past the hour.",This Action will set the heating mode to schedule.
jQf6FzHs,Amazon Alexa,Say a specific phrase,IF a voice assistant is activated with a specific phrase,Nature Remo,Turn on air conditioner,", THEN turns on the air conditioner and configures settings to [ACTION_X].",Thermostat/Heating,"This trigger fires every time you say 'Alexa trigger' + the phrase that you have defined. For instance, if you set 'party time' as the phrase, you can say 'Alexa trigger party time' to have your lights loop colors.","This action will turn on your air conditioner and set target temperature, AC operation mode and air volume settings.

Note: Please use the Control Home Appliances actions for the button registered by learning mode."
jjydSDUA,Uplink Remote,The alarm panel has been disarmed,IF an alarm is armed,Nest Thermostat,Set temperature,", THEN sets the thermostat temperature [ACTION_Y].",Thermostat/Heating,This trigger fires every time when your alarm panel is disarmed.,This Action will set a Nest Thermostat to the temperature you specify. NOTE: works only when Nest is set to Home.
jsEHAzVC,Wireless Tag,Door or window is closed,IF a door or window is closed,Heatmiser,Set Standby Mode,", THEN activates [ACTION_X].",Thermostat/Heating,This Trigger fires when a specified motion sensor tag(s) or reed sensor(s) detect that a door or window is closed.,This Action will activate Standby Mode on the selected Heatmiser Thermostat.
juc9dXmE,Android Device,Connects to a specific WiFi network,IF your Android device connects to a specified wifi network,ecobee,Set thermostat comfort profile until next transition,", THEN sets a timed [ACTION_X] to hold.",Thermostat/Heating,This Trigger fires every time your Android device connects to a WiFi network you specify.,This Action will set the thermostat into a hold using the settings from the specified comfort profile. This comfort profile hold will remain in effect until the next next comfort profile transition in the program.
jy69rHkQ,Email,Send IFTTT an email tagged,IF a message containing a key phrase is sent,Nest Thermostat,Set temperature,", THEN sets the thermostat temperature [ACTION_Y].",Thermostat/Heating,Send IFTTT an email at trigger@applet.ifttt.com with a hashtag in the subject (e.g. #IFTTT) and this Trigger fires. You can optionally add a single file attachment and IFTTT will create a public URL to the file as an Ingredient.,This Action will set a Nest Thermostat to the temperature you specify. NOTE: works only when Nest is set to Home.
k29evkB8,Amazon Alexa,Say a specific phrase,IF a voice assistant is activated with a specific phrase,Nest Thermostat,Set temperature,", THEN sets the thermostat temperature [ACTION_Y].",Thermostat/Heating,"This trigger fires every time you say 'Alexa trigger' + the phrase that you have defined. For instance, if you set 'party time' as the phrase, you can say 'Alexa trigger party time' to have your lights loop colors.",This Action will set a Nest Thermostat to the temperature you specify. NOTE: works only when Nest is set to Home.
k2NHRbmd,Amazon Alexa,Item added to your To Do List,IF an item is added to a to-do list,Nest Thermostat,Set temperature,", THEN sets the thermostat temperature [ACTION_Y].",Thermostat/Heating,This Trigger fires every time you add an item to your To Do List.,This Action will set a Nest Thermostat to the temperature you specify. NOTE: works only when Nest is set to Home.
k4kV7L9m,ecobee,Thermostat enters Smart Home/Away,IF Ecobee switches to Smart Home/Away profile,ecobee,Set thermostat comfort profile until next transition,", THEN sets a timed [ACTION_X] to hold.",Thermostat/Heating,This trigger fires every time your ecobee thermostat and Room Sensors change to Smart Home or Smart Away comfort profiles.,This Action will set the thermostat into a hold using the settings from the specified comfort profile. This comfort profile hold will remain in effect until the next next comfort profile transition in the program.
k6SfMdUk,Netatmo Weather Station,Temperature drops below,IF temperature drops below a threshold,Netatmo Thermostat,Set to frost-guard mode,", THEN enables [ACTION_X].",Thermostat/Heating,This Trigger fires every time the temperature drops below a value you specify.,This Action will set home to frost-guard mode.
k6cZxvAz,Amazon Alexa,Say a specific phrase,IF a voice assistant is activated with a specific phrase,Nest Thermostat,Set temperature,", THEN sets the thermostat temperature [ACTION_Y].",Thermostat/Heating,"This trigger fires every time you say 'Alexa trigger' + the phrase that you have defined. For instance, if you set 'party time' as the phrase, you can say 'Alexa trigger party time' to have your lights loop colors.",This Action will set a Nest Thermostat to the temperature you specify. NOTE: works only when Nest is set to Home.
kAEfCUqG,Withings Sleep,When I get into bed,IF Withings detects user getting into bed,Heatzy,Set cool mode,", THEN sets cooling mode [ACTION_Z].",Thermostat/Heating,"This trigger fires every time your Withings Sleep detects that you get into bed, within the start and end time parameters that you specify. ",This action will set a specific device on cool mode
kDe97Fgy,YouTube,New Super Chat message,IF a YouTube Super Chat is received,Nest Thermostat,Set temperature,", THEN sets the thermostat temperature [ACTION_Y].",Thermostat/Heating,This trigger fires when there is a new Super Chat message in a live chat during a live stream on your channel.,This Action will set a Nest Thermostat to the temperature you specify. NOTE: works only when Nest is set to Home.
kFdRJ5NP,Amazon Alexa,Item added to your To Do List,IF an item is added to a to-do list,ecobee,Set thermostat hold for X hours,", THEN sets the thermostat temperature [ACTION_Y].",Thermostat/Heating,This Trigger fires every time you add an item to your To Do List.,This action will set the thermostat into a hold with the specified temperature for the specified number of hours.
kLsKGvCD,Kronaby,Pusher pressed,IF a Kronaby watch button is pressed,Nest Thermostat,Set temperature,", THEN sets the thermostat temperature [ACTION_Y].",Thermostat/Heating,This trigger is fired from the assigned pusher on your Kronaby watch.,This Action will set a Nest Thermostat to the temperature you specify. NOTE: works only when Nest is set to Home.
kW2FGQNv,Google Assistant,Say a phrase with a number,IF a voice assistant is activated with a specific phrase,Warmup Smart Thermostat,Set temperature,", THEN sets the thermostat temperature [ACTION_Y].",Thermostat/Heating,This trigger fires when you say “Ok Google” to the Google Assistant followed by a phrase like “Set Nest thermostat to 68.” **Use the # symbol to specify where you'll say the number ingredient,This action will set your thermostat to a specified temperature.
khLFxmW9,iOS Reminders,Reminder completed in list,IF a reminder is completed,Netatmo Thermostat,Switch schedule,", THEN updates the thermostat schedule [ACTION_W].",Thermostat/Heating,This Trigger fires every time a new reminder is completed in a list you specify.,This Action will change the schedule for the corresponding home.
kmFYDbBw,Fort Collins Utilities Time of Day Pricing,BEFORE Time of Day Peak Rates START,IF before time-of-day peak rates start,Honeywell Total Connect Comfort,Set temperature for a period of time,", THEN sets the thermostat temperature [ACTION_Y].",Thermostat/Heating,This trigger fires before time-of-day peak rates start.,This Action will set your Honeywell thermostat to hold a temperature for a specified period of time. The schedule will resume when the time expires.
ktX2LeWK,Android Device,Connects to a specific WiFi network,IF your Android device connects to a specified wifi network,ThermoSmart,Set temperature,", THEN the thermostat to the temperature you specify [ACTION_W].",Thermostat/Heating,This Trigger fires every time your Android device connects to a WiFi network you specify.,This Action will set your ThermoSmart to the temperature you specify.
kzRFdkCS,Weather Underground,Current temperature rises above,IF local temperature is above a specified value,Nest Thermostat,Set temperature,", THEN sets the thermostat temperature [ACTION_Y].",Thermostat/Heating,This Trigger monitors your local temperature and fires whenever the temperature rises above the value you provide.,This Action will set a Nest Thermostat to the temperature you specify. NOTE: works only when Nest is set to Home.
mBHqv46y,Weather Underground,Current temperature drops below,IF local temperature is below a specified value,Nest Thermostat,Set temperature,", THEN sets the thermostat temperature [ACTION_Y].",Thermostat/Heating,This Trigger monitors your local temperature and fires whenever the temperature drops below the value you provide.,This Action will set a Nest Thermostat to the temperature you specify. NOTE: works only when Nest is set to Home.
mDFVUfRX,Location,You enter an area,IF the user enters a specified area,Nest Thermostat,Set temperature,", THEN sets the thermostat temperature [ACTION_Y].",Thermostat/Heating,This Trigger fires every time you enter an area you specify.,This Action will set a Nest Thermostat to the temperature you specify. NOTE: works only when Nest is set to Home.
mLDuhHXQ,Date & Time,Every day at,IF every day at a specified time,Nest Thermostat,Set temperature,", THEN sets the thermostat temperature [ACTION_Y].",Thermostat/Heating,This Trigger fires every single day at a specific time set by you.,This Action will set a Nest Thermostat to the temperature you specify. NOTE: works only when Nest is set to Home.
mN87fFic,True Energy Smart Home Denmark,Electricity in Denmark is Cheap,IF electricity prices are low,Home Connect Fridge Freezer,Set refrigerator temperature,", THEN sets the refrigerator temperature [ACTION_Z].",Thermostat/Heating,This trigger fires at the hours where electricity in Denmark is cheap.,This action will set the refrigerator temperature.
mQvV9ZbP,Amazon Alexa,Say a specific phrase,IF a voice assistant is activated with a specific phrase,Nest Thermostat,Set temperature,", THEN sets the thermostat temperature [ACTION_Y].",Thermostat/Heating,"This trigger fires every time you say 'Alexa trigger' + the phrase that you have defined. For instance, if you set 'party time' as the phrase, you can say 'Alexa trigger party time' to have your lights loop colors.",This Action will set a Nest Thermostat to the temperature you specify. NOTE: works only when Nest is set to Home.
mTmcPA8Q,Amazon Alexa,Say a specific phrase,IF a voice assistant is activated with a specific phrase,Sensibo,Turn A/C on,", THEN turns on the air conditioner [ACTION_Z].",Thermostat/Heating,"This trigger fires every time you say 'Alexa trigger' + the phrase that you have defined. For instance, if you set 'party time' as the phrase, you can say 'Alexa trigger party time' to have your lights loop colors.","Turn your A/C on with a set temperature, mode and fan level."
mUqBaT86,Amazon Alexa,Say a specific phrase,IF a voice assistant is activated with a specific phrase,Nest Thermostat,Set temperature,", THEN sets the thermostat temperature [ACTION_Y].",Thermostat/Heating,"This trigger fires every time you say 'Alexa trigger' + the phrase that you have defined. For instance, if you set 'party time' as the phrase, you can say 'Alexa trigger party time' to have your lights loop colors.",This Action will set a Nest Thermostat to the temperature you specify. NOTE: works only when Nest is set to Home.
mbRmujcG,Amazon Alexa,Say a specific phrase,IF a voice assistant is activated with a specific phrase,Nest Thermostat,Set temperature,", THEN sets the thermostat temperature [ACTION_Y].",Thermostat/Heating,"This trigger fires every time you say 'Alexa trigger' + the phrase that you have defined. For instance, if you set 'party time' as the phrase, you can say 'Alexa trigger party time' to have your lights loop colors.",This Action will set a Nest Thermostat to the temperature you specify. NOTE: works only when Nest is set to Home.
mcqeiSr5,TP-Link Router,Device Disconnects,IF your Android device connects to a specified wifi network,Nest Thermostat,Set temperature,", THEN sets the thermostat temperature [ACTION_Y].",Thermostat/Heating,This trigger fires every time a previously-connected device disconnects from your TP-Link router.,This Action will set a Nest Thermostat to the temperature you specify. NOTE: works only when Nest is set to Home.
me2m5UZn,Date & Time,Every day at,IF every day at a specified time,Nest Thermostat,Turn on fan for 15 minutes,", THEN configures thermostat fan mode [ACTION_Z].",Thermostat/Heating,This Trigger fires every single day at a specific time set by you.,This Action will turn on your HVAC system fan for the amount of time you specify in your Nest fan timer setting (default is 15 minutes). NOTE: works only if you have a fan option and Nest is set to Home.
mih7xBdK,Note widget,Any new note,IF a new note is created,Wink: Aros,Turn A/C on,", THEN turns on the air conditioner in [ACTION_X].",Thermostat/Heating,This trigger fires every time you submit any new note.,This Action will turn your Aros A/C on and set to a temperature you specify.
mirKDuEL,Location,You exit an area,IF the user exits a specified area,ecobee,Set thermostat comfort profile for X hours,", THEN sets a timed [ACTION_X] to hold.",Thermostat/Heating,This Trigger fires every time you exit an area you specify.,This Action will set the thermostat into a hold using the settings from the specified comfort profile. This comfort profile hold will remain in effect for the specified number of hours.
msVTLuxH,Location,You exit an area,IF the user exits a specified area,Heatmiser,Set Temperature,", THEN sets the temperature [ACTION_Z] on thermostat.",Thermostat/Heating,This Trigger fires every time you exit an area you specify.,The Action will set the temperature on the selected Heatmiser Thermostat.
mseYL6SC,Google Assistant,Say a phrase with a text ingredient,IF a voice assistant is activated with a specific phrase,Nest Thermostat,Set temperature,", THEN sets the thermostat temperature [ACTION_Y].",Thermostat/Heating,This trigger fires when you say “Ok Google” to the Google Assistant followed by a phrase like “Post a tweet saying ‘New high score.’” **Use the $ symbol to specify where you'll say the text ingredient,This Action will set a Nest Thermostat to the temperature you specify. NOTE: works only when Nest is set to Home.
muNhpekd,True Energy Smart Home Norway,Electricity in Norway is Expensive,IF electricity prices are high,Home Connect Fridge Freezer,Set freezer temperature,", THEN sets the freezer temperature [ACTION_Z].",Thermostat/Heating,This trigger fires at the hours where electricity in Norway is expensive.,This action will set the freezer temperature.
mx5EumkT,Apilio,Receive an event from Apilio,IF a message containing a key phrase is sent,Heatmiser,Set Standby Mode,", THEN activates [ACTION_X].",Thermostat/Heating,This trigger fires every time IFTTT receives a specific event from Apilio.,This Action will activate Standby Mode on the selected Heatmiser Thermostat.
n4TZhCrm,Nest Protect,Carbon monoxide warning,IF Nest Protect detects carbon monoxide,Hive Active Heating™ - UK and Europe,Turn off thermostat ,", THEN turns heating mode off [ACTION_W].",Thermostat/Heating,This Trigger fires every time the Nest Protect you specify detects warning carbon monoxide levels.,This Action will set the heating mode to off.
nBtPWpZV,Google Calendar,Event from search starts,IF a calendar event with a specific keyword occurs,Nest Thermostat,Set temperature,", THEN sets the thermostat temperature [ACTION_Y].",Thermostat/Heating,"This Trigger fires a set number of minutes before the starting time of an event on your Google Calendar that contains a specific keyword or phrase. The search looks at the event’s Title, Description, and Location.",This Action will set a Nest Thermostat to the temperature you specify. NOTE: works only when Nest is set to Home.
nFbzBSmc,Fort Collins Utilities Time of Day Pricing,BEFORE Time of Day Peak Rates START,IF before time-of-day peak rates start,Nest Thermostat,Set temperature,", THEN sets the thermostat temperature [ACTION_Y].",Thermostat/Heating,This trigger fires before time-of-day peak rates start.,This Action will set a Nest Thermostat to the temperature you specify. NOTE: works only when Nest is set to Home.
nKVsxEjy,Weather Underground,Sunrise,IF it is sunrise,Nest Thermostat,Turn on fan for 15 minutes,", THEN configures thermostat fan mode [ACTION_Z].",Thermostat/Heating,This Trigger fires within 15 minutes of the sunrise in your location.,This Action will turn on your HVAC system fan for the amount of time you specify in your Nest fan timer setting (default is 15 minutes). NOTE: works only if you have a fan option and Nest is set to Home.
nSKQBqi4,Location,You enter an area,IF the user enters a specified area,Warmup Smart Thermostat,Set temperature,", THEN sets the thermostat temperature [ACTION_Y].",Thermostat/Heating,This Trigger fires every time you enter an area you specify.,This action will set your thermostat to a specified temperature.
nSxvWmwy,Location,You exit an area,IF the user exits a specified area,Netatmo Thermostat,Set to away mode,", THEN sets home to [ACTION_X].",Thermostat/Heating,This Trigger fires every time you exit an area you specify.,This Action will set your home to away mode.
nVm8a24x,Location,You enter an area,IF the user enters a specified area,Nest Thermostat,Set temperature,", THEN sets the thermostat temperature [ACTION_Y].",Thermostat/Heating,This Trigger fires every time you enter an area you specify.,This Action will set a Nest Thermostat to the temperature you specify. NOTE: works only when Nest is set to Home.
nZurn9GP,Button widget,Button press,IF a button is pressed,AQUAREA Smart Cloud,Change Heat Mode settings (for direct setting),", THEN sets heating mode [ACTION_Z].",Thermostat/Heating,This trigger fires every time you press the button.,This action will change operation settings for Heat Mode in your device. This action is for devices not set to work with compensation curve setting.
ncSDQ39T,Location,You enter an area,IF the user enters a specified area,Nest Thermostat,Set temperature,", THEN sets the thermostat temperature [ACTION_Y].",Thermostat/Heating,This Trigger fires every time you enter an area you specify.,This Action will set a Nest Thermostat to the temperature you specify. NOTE: works only when Nest is set to Home.
nkivr9bK,Netatmo Weather Station,Temperature rises above,IF temperature rises above a threshold,Sensibo,Turn A/C on,", THEN turns on the air conditioner [ACTION_Z].",Thermostat/Heating,This Trigger fires every time the temperature rises above a value you specify.,"Turn your A/C on with a set temperature, mode and fan level."
npAJFq8t,Particle,New event published,IF a custom IoT event is received,Nest Thermostat,Set temperature,", THEN sets the thermostat temperature [ACTION_Y].",Thermostat/Heating,This Trigger fires when an interesting event comes from a particular device. Send events using Particle.publish.,This Action will set a Nest Thermostat to the temperature you specify. NOTE: works only when Nest is set to Home.
nuXsydEB,Amazon Alexa,Item added to your To Do List,IF an item is added to a to-do list,ecobee,Set thermostat hold until next transition,", THEN sets the thermostat temperature [ACTION_Y].",Thermostat/Heating,This Trigger fires every time you add an item to your To Do List.,This action will set the thermostat into a hold with the specified temperature and the end date/time will be set to the next climate transition in the program.
nvdQa4yB,Location,You enter an area,IF the user enters a specified area,ecobee,Set thermostat comfort profile until next transition,", THEN sets a timed [ACTION_X] to hold.",Thermostat/Heating,This Trigger fires every time you enter an area you specify.,This Action will set the thermostat into a hold using the settings from the specified comfort profile. This comfort profile hold will remain in effect until the next next comfort profile transition in the program.
pDHLExhR,Google Assistant,Say a phrase with a text ingredient,IF a voice assistant is activated with a specific phrase,Nest Thermostat,Set temperature,", THEN sets the thermostat temperature [ACTION_Y].",Thermostat/Heating,This trigger fires when you say “Ok Google” to the Google Assistant followed by a phrase like “Post a tweet saying ‘New high score.’” **Use the $ symbol to specify where you'll say the text ingredient,This Action will set a Nest Thermostat to the temperature you specify. NOTE: works only when Nest is set to Home.
pDcz7gVi,Button widget,Button press,IF a button is pressed,tadoº Heating,Turn heating off,", THEN turns off heating [ACTION_W].",Thermostat/Heating,This trigger fires every time you press the button.,This Action will turn your heating off.
pRvXJ5Ya,Google Assistant,Say a simple phrase,IF a voice assistant is activated with a specific phrase,ecobee,Set thermostat comfort profile until next transition,", THEN sets a timed [ACTION_X] to hold.",Thermostat/Heating,"This trigger fires when you say “Ok Google” to the Google Assistant followed by a phrase you choose. For example, say “Ok Google, I’m running late” to text a family member that you’re on your way home.",This Action will set the thermostat into a hold using the settings from the specified comfort profile. This comfort profile hold will remain in effect until the next next comfort profile transition in the program.
pSNrq3at,Android Device,Connects to a specific WiFi network,IF your Android device connects to a specified wifi network,Nest Thermostat,Set temperature,", THEN sets the thermostat temperature [ACTION_Y].",Thermostat/Heating,This Trigger fires every time your Android device connects to a WiFi network you specify.,This Action will set a Nest Thermostat to the temperature you specify. NOTE: works only when Nest is set to Home.
pVrCc5ju,Location,You enter an area,IF the user enters a specified area,Wink: Aros,Turn A/C on,", THEN turns on the air conditioner in [ACTION_X].",Thermostat/Heating,This Trigger fires every time you enter an area you specify.,This Action will turn your Aros A/C on and set to a temperature you specify.
pW27fqZj,Fort Collins Utilities Time of Day Pricing,Time of Day Peak Rates START/END,IF peak energy rates start or end,Nest Thermostat,Set temperature,", THEN sets the thermostat temperature [ACTION_Y].",Thermostat/Heating,This trigger fires when time-of-day peak rates start or end.,This Action will set a Nest Thermostat to the temperature you specify. NOTE: works only when Nest is set to Home.
paCfHpc9,tadoº Heating,tado⁠° switches to Away Mode,IF Tado switches to Away mode,tadoº Heating,Return to tado⁠° automatic control,", THEN sets the room temperature [ACTION_Z].",Thermostat/Heating,This trigger fires when tado⁠° switches to Away Mode.,"This Action will return control of your heating to tado⁠°, using your user-defined settings (e.g. location and Smart Schedule) to automatically determine the right room temperature."
ps9QSmvM,Amazon Alexa,Say a specific phrase,IF a voice assistant is activated with a specific phrase,ecobee,Resume thermostat program,", THEN cancels the current thermostat event [ACTION_W].",Thermostat/Heating,"This trigger fires every time you say 'Alexa trigger' + the phrase that you have defined. For instance, if you set 'party time' as the phrase, you can say 'Alexa trigger party time' to have your lights loop colors.",This Action removes the currently running event on the selected thermostat providing the event is not a mandatory demand response event.
ptuHrYMg,Smart Home Solution,We detect that the home is empty,IF everyone leaves home,Netatmo Thermostat,Set to away mode,", THEN sets home to [ACTION_X].",Thermostat/Heating,This trigger fires when every family member has left.,This Action will set your home to away mode.
pxniQaTz,Amazon Alexa,Item added to your To Do List,IF an item is added to a to-do list,Nest Thermostat,Set temperature,", THEN sets the thermostat temperature [ACTION_Y].",Thermostat/Heating,This Trigger fires every time you add an item to your To Do List.,This Action will set a Nest Thermostat to the temperature you specify. NOTE: works only when Nest is set to Home.
q2jwaAWy,Google Assistant,Say a phrase with a number,IF a voice assistant is activated with a specific phrase,Nefit Easy,Set room temperature,", THEN sets the room temperature [ACTION_Z].",Thermostat/Heating,This trigger fires when you say “Ok Google” to the Google Assistant followed by a phrase like “Set Nest thermostat to 68.” **Use the # symbol to specify where you'll say the number ingredient,This Action will set the current room temperature to a level of your choice. This temperature level can be adjusted manually or if Clock Mode is activated.
q6ixGPpC,Location,You exit an area,IF the user exits a specified area,ecobee,Set thermostat comfort profile until next transition,", THEN sets a timed [ACTION_X] to hold.",Thermostat/Heating,This Trigger fires every time you exit an area you specify.,This Action will set the thermostat into a hold using the settings from the specified comfort profile. This comfort profile hold will remain in effect until the next next comfort profile transition in the program.
q8q3vecg,Button widget,Button press,IF a button is pressed,Heatmiser,Set temperature hold,", THEN enables a temperature hold [ACTION_Y].",Thermostat/Heating,This trigger fires every time you press the button.,This Action will enable a temperature hold on the selected Heatmiser Thermostat.
qB63wcrJ,SmartThings,Temperature rises above,IF SmartThings detects high temperature,Nest Thermostat,Turn on fan for 15 minutes,", THEN configures thermostat fan mode [ACTION_Z].",Thermostat/Heating,This Trigger fires every time your SmartThings device detects temperatures above a value you specify.,This Action will turn on your HVAC system fan for the amount of time you specify in your Nest fan timer setting (default is 15 minutes). NOTE: works only if you have a fan option and Nest is set to Home.
qG7cjBdm,Amazon Alexa,Say a specific phrase,IF a voice assistant is activated with a specific phrase,Nest Thermostat,Set temperature range,", THEN sets the thermostat temperature [ACTION_Y].",Thermostat/Heating,"This trigger fires every time you say 'Alexa trigger' + the phrase that you have defined. For instance, if you set 'party time' as the phrase, you can say 'Alexa trigger party time' to have your lights loop colors.",This Action will set a Nest Thermostat in Heat-Cool mode to the temperature range you specify. NOTE: works only when Nest is set to Home.
qHA7qVDb,Google Assistant,Say a simple phrase,IF a voice assistant is activated with a specific phrase,Sensibo,Turn A/C on,", THEN turns on the air conditioner [ACTION_Z].",Thermostat/Heating,"This trigger fires when you say “Ok Google” to the Google Assistant followed by a phrase you choose. For example, say “Ok Google, I’m running late” to text a family member that you’re on your way home.","Turn your A/C on with a set temperature, mode and fan level."
qKC7LSaY,Amazon Alexa,Item added to your To Do List,IF an item is added to a to-do list,Nest Thermostat,Set temperature,", THEN sets the thermostat temperature [ACTION_Y].",Thermostat/Heating,This Trigger fires every time you add an item to your To Do List.,This Action will set a Nest Thermostat to the temperature you specify. NOTE: works only when Nest is set to Home.
qQtSPkX9,Button widget,Button press,IF a button is pressed,Sensibo,Turn A/C on,", THEN turns on the air conditioner [ACTION_Z].",Thermostat/Heating,This trigger fires every time you press the button.,"Turn your A/C on with a set temperature, mode and fan level."
qQtzPVaT,Weather Underground,Current temperature drops below,IF local temperature is below a specified value,ecobee,Set thermostat hold for X hours,", THEN sets the thermostat temperature [ACTION_Y].",Thermostat/Heating,This Trigger monitors your local temperature and fires whenever the temperature drops below the value you provide.,This action will set the thermostat into a hold with the specified temperature for the specified number of hours.
qRE5HPjG,MESH,Event from MESH app received,IF a message containing a key phrase is sent,Nest Thermostat,Set temperature,", THEN sets the thermostat temperature [ACTION_Y].",Thermostat/Heating,This Trigger fires every time your IFTTT Tag on MESH app receives an input signal from the other Tag.,This Action will set a Nest Thermostat to the temperature you specify. NOTE: works only when Nest is set to Home.
qSMficTV,Google Wifi,Device Disconnects,IF your Android device connects to a specified wifi network,Nest Thermostat,Set temperature,", THEN sets the thermostat temperature [ACTION_Y].",Thermostat/Heating,This Trigger fires every time a device disconnects from Google Wifi.,This Action will set a Nest Thermostat to the temperature you specify. NOTE: works only when Nest is set to Home.
qYaAWSLr,Scout Alarm,Mode armed,IF a security mode is armed,ecobee,Set thermostat comfort profile until next transition,", THEN sets a timed [ACTION_X] to hold.",Thermostat/Heating,This Trigger fires when a mode is armed.,This Action will set the thermostat into a hold using the settings from the specified comfort profile. This comfort profile hold will remain in effect until the next next comfort profile transition in the program.
qYpLrheK,Location,You enter an area,IF the user enters a specified area,Heatmiser,Set Temperature,", THEN sets the temperature [ACTION_Z] on thermostat.",Thermostat/Heating,This Trigger fires every time you enter an area you specify.,The Action will set the temperature on the selected Heatmiser Thermostat.
qbtkQEnA,Location,You exit an area,IF the user exits a specified area,Hive Active Heating™ - UK and Europe,Turn off thermostat ,", THEN turns heating mode off [ACTION_W].",Thermostat/Heating,This Trigger fires every time you exit an area you specify.,This Action will set the heating mode to off.
qetgKEFx,Weather Underground,Current temperature drops below,IF local temperature is below a specified value,Nest Thermostat,Set temperature range,", THEN sets the thermostat temperature [ACTION_Y].",Thermostat/Heating,This Trigger monitors your local temperature and fires whenever the temperature drops below the value you provide.,This Action will set a Nest Thermostat in Heat-Cool mode to the temperature range you specify. NOTE: works only when Nest is set to Home.
qftkiaWc,Google Assistant,Say a phrase with a number,IF a voice assistant is activated with a specific phrase,Nest Thermostat,Set temperature,", THEN sets the thermostat temperature [ACTION_Y].",Thermostat/Heating,This trigger fires when you say “Ok Google” to the Google Assistant followed by a phrase like “Set Nest thermostat to 68.” **Use the # symbol to specify where you'll say the number ingredient,This Action will set a Nest Thermostat to the temperature you specify. NOTE: works only when Nest is set to Home.
qgEM3zhn,Location,You enter an area,IF the user enters a specified area,Netatmo Thermostat,Go back to schedule,", THEN restores default heating schedule [ACTION_Z].",Thermostat/Heating,This Trigger fires every time you enter an area you specify.,This Action will order your home to go back to default schedule.
qhKWL8yC,Location,You enter an area,IF the user enters a specified area,Wink: Aros,Turn A/C on,", THEN turns on the air conditioner in [ACTION_X].",Thermostat/Heating,This Trigger fires every time you enter an area you specify.,This Action will turn your Aros A/C on and set to a temperature you specify.
qmwn2cMh,Date & Time,Every day of the week at,IF is one of the specific days of the week at a specified time,Nest Thermostat,Turn on fan for 15 minutes,", THEN configures thermostat fan mode [ACTION_Z].",Thermostat/Heating,This Trigger fires only on specific days of the week at the time you provide.,This Action will turn on your HVAC system fan for the amount of time you specify in your Nest fan timer setting (default is 15 minutes). NOTE: works only if you have a fan option and Nest is set to Home.
qnjytvL7,Amazon Alexa,Say a specific phrase,IF a voice assistant is activated with a specific phrase,Nest Thermostat,Set temperature,", THEN sets the thermostat temperature [ACTION_Y].",Thermostat/Heating,"This trigger fires every time you say 'Alexa trigger' + the phrase that you have defined. For instance, if you set 'party time' as the phrase, you can say 'Alexa trigger party time' to have your lights loop colors.",This Action will set a Nest Thermostat to the temperature you specify. NOTE: works only when Nest is set to Home.
qtQE2Nen,Amazon Alexa,Say a specific phrase,IF a voice assistant is activated with a specific phrase,Nest Thermostat,Set temperature,", THEN sets the thermostat temperature [ACTION_Y].",Thermostat/Heating,"This trigger fires every time you say 'Alexa trigger' + the phrase that you have defined. For instance, if you set 'party time' as the phrase, you can say 'Alexa trigger party time' to have your lights loop colors.",This Action will set a Nest Thermostat to the temperature you specify. NOTE: works only when Nest is set to Home.
quEDLSgG,ComEd,Peak Time Savings - Savings Hours Announced,IF peak energy savings hours are announced,ecobee,Set thermostat comfort profile for X hours,", THEN sets a timed [ACTION_X] to hold.",Thermostat/Heating,This trigger activates whenever Peak Time Savings Hours are announced and during various stages of an event.,This Action will set the thermostat into a hold using the settings from the specified comfort profile. This comfort profile hold will remain in effect for the specified number of hours.
qvGjSXVE,Android Device,Connects to a specific WiFi network,IF your Android device connects to a specified wifi network,ecobee,Set thermostat comfort profile until next transition,", THEN sets a timed [ACTION_X] to hold.",Thermostat/Heating,This Trigger fires every time your Android device connects to a WiFi network you specify.,This Action will set the thermostat into a hold using the settings from the specified comfort profile. This comfort profile hold will remain in effect until the next next comfort profile transition in the program.
qwksUF2u,Google Calendar,Event from search starts,IF shortly before a calendar event with a specific keyword occurs,BDR Thermea Group,Set mode,", THEN sets heating mode [ACTION_Z].",Thermostat/Heating,"This Trigger fires a set number of minutes before the starting time of an event on your Calendar that contains a specific keyword or phrase in the event’s Title, Description, or Location. Ingredient will be based on the zone set in Google.",This action will set the heating mode of the thermostat.
r3dUnzqE,Amazon Alexa,Item added to your To Do List,IF an item is added to a to-do list,Nest Thermostat,Set temperature,", THEN sets the thermostat temperature [ACTION_Y].",Thermostat/Heating,This Trigger fires every time you add an item to your To Do List.,This Action will set a Nest Thermostat to the temperature you specify. NOTE: works only when Nest is set to Home.
r6wyudJi,Date & Time,Every hour at,IF every hour at quarter intervals,Honeywell Total Connect Comfort,Set fan to on or auto,", THEN configures thermostat fan mode [ACTION_Z].",Thermostat/Heating,"This Trigger fires once an hour at :00, :15, :30, or :45 minutes past the hour.",This Action will set the Honeywell thermostat fan to On where the fan is always on or Auto where the fan runs only when the heating or cooling system is on.
rCHje9z3,Location,You enter an area,IF the user enters a specified area,Honeywell Total Connect Comfort,Set temperature for a period of time,", THEN sets the thermostat temperature [ACTION_Y].",Thermostat/Heating,This Trigger fires every time you enter an area you specify.,This Action will set your Honeywell thermostat to hold a temperature for a specified period of time. The schedule will resume when the time expires.
rGs6jBmr,Knocki,Gesture with task matching ID occurs,IF a message containing a key phrase is sent,Nest Thermostat,Turn on fan for 15 minutes,", THEN configures thermostat fan mode [ACTION_Z].",Thermostat/Heating,This trigger fires if you tap a gesture with a custom IFTTT task matching the ID of this trigger.,This Action will turn on your HVAC system fan for the amount of time you specify in your Nest fan timer setting (default is 15 minutes). NOTE: works only if you have a fan option and Nest is set to Home.
rLJvP7fg,Weather Underground,Current temperature drops below,IF local temperature is below a specified value,GE Appliances Window AC,Set target temperature,", THEN sets the target temperature [ACTION_Z] on the window air conditioner.",Thermostat/Heating,This Trigger monitors your local temperature and fires whenever the temperature drops below the value you provide.,This Action will set a target temperature on your window ac unit.
rLrYRV3J,Location,You enter an area,IF the user enters a specified area,Nest Thermostat,Set temperature,", THEN sets the thermostat temperature [ACTION_Y].",Thermostat/Heating,This Trigger fires every time you enter an area you specify.,This Action will set a Nest Thermostat to the temperature you specify. NOTE: works only when Nest is set to Home.
reRidQvz,Nest Cam,New motion event,IF a camera detects motion,Nest Thermostat,Set temperature,", THEN sets the thermostat temperature [ACTION_Y].",Thermostat/Heating,This Trigger fires every time the camera detects a motion event.,This Action will set a Nest Thermostat to the temperature you specify. NOTE: works only when Nest is set to Home.
rhkiF2Kx,Weather Underground,Current temperature rises above,IF local temperature is above a specified value,Mysa Thermostat,Change the setpoint,", THEN the thermostat to the temperature you specify [ACTION_W].",Thermostat/Heating,This Trigger monitors your local temperature and fires whenever the temperature rises above the value you provide.,This action will change the setpoint of a device to the desired value.
rhreCNQS,Google Assistant,Say a simple phrase,IF a voice assistant is activated with a specific phrase,ecobee,Set thermostat comfort profile until next transition,", THEN sets a timed [ACTION_X] to hold.",Thermostat/Heating,"This trigger fires when you say “Ok Google” to the Google Assistant followed by a phrase you choose. For example, say “Ok Google, I’m running late” to text a family member that you’re on your way home.",This Action will set the thermostat into a hold using the settings from the specified comfort profile. This comfort profile hold will remain in effect until the next next comfort profile transition in the program.
riGgKCS3,iHome Enhance,iHome Enhance button is pressed,IF a button is pressed,Nest Thermostat,Set temperature,", THEN sets the thermostat temperature [ACTION_Y].",Thermostat/Heating,This trigger fires when an iHome Enhance button is pressed,This Action will set a Nest Thermostat to the temperature you specify. NOTE: works only when Nest is set to Home.
riQ3kmJ5,Date & Time,Every day at,IF every day at a specified time,ecobee,Resume thermostat program,", THEN cancels the current thermostat event [ACTION_W].",Thermostat/Heating,This Trigger fires every single day at a specific time set by you.,This Action removes the currently running event on the selected thermostat providing the event is not a mandatory demand response event.
rjx78GnU,Location,You enter an area,IF the user enters a specified area,Netatmo Thermostat,Set to manual mode,", THEN sets the thermostat to [ACTION_X].",Thermostat/Heating,This Trigger fires every time you enter an area you specify.,This Action will set your thermostat to manual mode.
rnk8qfrp,Location,You enter or exit an area,IF the user enters a specified area,BDR Thermea Group,Set temperature,", THEN the thermostat to the temperature you specify [ACTION_W].",Thermostat/Heating,This Trigger fires every time you enter or exit an area you specify.,This action will set the temperature on the thermostat.
rt3iQmyx,Location,You enter an area,IF the user enters a specified area,ecobee,Resume thermostat program,", THEN cancels the current thermostat event [ACTION_W].",Thermostat/Heating,This Trigger fires every time you enter an area you specify.,This Action removes the currently running event on the selected thermostat providing the event is not a mandatory demand response event.
s23CRVpZ,Amazon Alexa,Say a specific phrase,IF a voice assistant is activated with a specific phrase,Nest Thermostat,Set temperature,", THEN sets the thermostat temperature [ACTION_Y].",Thermostat/Heating,"This trigger fires every time you say 'Alexa trigger' + the phrase that you have defined. For instance, if you set 'party time' as the phrase, you can say 'Alexa trigger party time' to have your lights loop colors.",This Action will set a Nest Thermostat to the temperature you specify. NOTE: works only when Nest is set to Home.
s5MDve8z,Acer Air Monitor,Button pressed,IF a button is pressed,Nest Thermostat,Turn on fan for 15 minutes,", THEN configures thermostat fan mode [ACTION_Z].",Thermostat/Heating,This trigger fires when the button on Air Monitor is pressed briefly.,This Action will turn on your HVAC system fan for the amount of time you specify in your Nest fan timer setting (default is 15 minutes). NOTE: works only if you have a fan option and Nest is set to Home.
s72gpeW4,True Energy Smart Home Denmark,Electricity in Denmark is Expensive,IF electricity prices are high,Home Connect Fridge Freezer,Set freezer temperature,", THEN sets the freezer temperature [ACTION_Z].",Thermostat/Heating,This trigger fires at the hours where electricity in Denmark is expensive.,This action will set the freezer temperature.
sArsmWVM,Button widget,Button press,IF a button is pressed,Netatmo Thermostat,Go back to schedule,", THEN restores default heating schedule [ACTION_Z].",Thermostat/Heating,This trigger fires every time you press the button.,This Action will order your home to go back to default schedule.
sQjMiuJw,Amazon Alexa,Say a specific phrase,IF a voice assistant is activated with a specific phrase,Nest Thermostat,Set temperature,", THEN sets the thermostat temperature [ACTION_Y].",Thermostat/Heating,"This trigger fires every time you say 'Alexa trigger' + the phrase that you have defined. For instance, if you set 'party time' as the phrase, you can say 'Alexa trigger party time' to have your lights loop colors.",This Action will set a Nest Thermostat to the temperature you specify. NOTE: works only when Nest is set to Home.
sXmGs6xr,Apilio,Receive an event from Apilio,IF a message containing a key phrase is sent,Heatmiser,Set Standby Mode,", THEN activates [ACTION_X].",Thermostat/Heating,This trigger fires every time IFTTT receives a specific event from Apilio.,This Action will activate Standby Mode on the selected Heatmiser Thermostat.
sartxEYh,Wireless Tag,Door or window is closed,IF a door or window is closed,Heatmiser,Cancel Standby Mode,", THEN cancels [ACTION_X].",Thermostat/Heating,This Trigger fires when a specified motion sensor tag(s) or reed sensor(s) detect that a door or window is closed.,This Action will cancel Standby Mode on the selected Heatmiser Thermostat.
sh9NRUBu,ComEd,Peak Time Savings - Savings Hours Announced,IF peak energy savings hours are announced,ecobee,Resume thermostat program,", THEN cancels the current thermostat event [ACTION_W].",Thermostat/Heating,This trigger activates whenever Peak Time Savings Hours are announced and during various stages of an event.,This Action removes the currently running event on the selected thermostat providing the event is not a mandatory demand response event.
smB82dQe,Apilio,Receive an event from Apilio,IF a message containing a key phrase is sent,Heatmiser,Cancel Standby Mode,", THEN cancels [ACTION_X].",Thermostat/Heating,This trigger fires every time IFTTT receives a specific event from Apilio.,This Action will cancel Standby Mode on the selected Heatmiser Thermostat.
svqK9GeU,Weather Underground,Current temperature drops below,IF local temperature is below a specified value,BDR Thermea Group,Set mode,", THEN sets heating mode [ACTION_Z].",Thermostat/Heating,This Trigger monitors your local temperature and fires whenever the temperature drops below the value you provide.,This action will set the heating mode of the thermostat.
sxfyuncW,Button widget,Button press,IF a button is pressed,Honeywell Total Connect Comfort,Set temperature for a period of time,", THEN sets the thermostat temperature [ACTION_Y].",Thermostat/Heating,This trigger fires every time you press the button.,This Action will set your Honeywell thermostat to hold a temperature for a specified period of time. The schedule will resume when the time expires.
syXxDC4Z,Weather Underground,Current temperature rises above,IF local temperature is above a specified value,Nefit Easy,Set room temperature,", THEN sets the room temperature [ACTION_Z].",Thermostat/Heating,This Trigger monitors your local temperature and fires whenever the temperature rises above the value you provide.,This Action will set the current room temperature to a level of your choice. This temperature level can be adjusted manually or if Clock Mode is activated.
t7DSTHM8,Amazon Alexa,Say a specific phrase,IF a voice assistant is activated with a specific phrase,Honeywell Total Connect Comfort,Set fan to on or auto,", THEN configures thermostat fan mode [ACTION_Z].",Thermostat/Heating,"This trigger fires every time you say 'Alexa trigger' + the phrase that you have defined. For instance, if you set 'party time' as the phrase, you can say 'Alexa trigger party time' to have your lights loop colors.",This Action will set the Honeywell thermostat fan to On where the fan is always on or Auto where the fan runs only when the heating or cooling system is on.
t7pmQtNM,Weather Underground,Current temperature drops below,IF local temperature is below a specified value,ecobee,Set thermostat comfort profile until next transition,", THEN sets a timed [ACTION_X] to hold.",Thermostat/Heating,This Trigger monitors your local temperature and fires whenever the temperature drops below the value you provide.,This Action will set the thermostat into a hold using the settings from the specified comfort profile. This comfort profile hold will remain in effect until the next next comfort profile transition in the program.
tGPyKvBn,Date & Time,Every day at,IF every day at a specified time,Nest Thermostat,Turn on fan for 15 minutes,", THEN configures thermostat fan mode [ACTION_Z].",Thermostat/Heating,This Trigger fires every single day at a specific time set by you.,This Action will turn on your HVAC system fan for the amount of time you specify in your Nest fan timer setting (default is 15 minutes). NOTE: works only if you have a fan option and Nest is set to Home.
tHenRy95,Amazon Alexa,Say a specific phrase,IF a voice assistant is activated with a specific phrase,Honeywell Total Connect Comfort,Resume programmed schedule,", THEN resumes the programmed schedule [ACTION_Y].",Thermostat/Heating,"This trigger fires every time you say 'Alexa trigger' + the phrase that you have defined. For instance, if you set 'party time' as the phrase, you can say 'Alexa trigger party time' to have your lights loop colors.",This Action will set your Honeywell thermostat to resume the currently defined thermostat programmed schedule.
tSBiD5Mp,Nest Thermostat,Temperature drops below,IF temperature drops below a threshold,Nest Thermostat,Turn on fan for 15 minutes,", THEN configures thermostat fan mode [ACTION_Z].",Thermostat/Heating,This Trigger fires every time the temperature drops below a threshold you specify.,This Action will turn on your HVAC system fan for the amount of time you specify in your Nest fan timer setting (default is 15 minutes). NOTE: works only if you have a fan option and Nest is set to Home.
tX4P9srv,Google Assistant,Say a phrase with a text ingredient,IF a voice assistant is activated with a specific phrase,Nest Thermostat,Set temperature,", THEN sets the thermostat temperature [ACTION_Y].",Thermostat/Heating,This trigger fires when you say “Ok Google” to the Google Assistant followed by a phrase like “Post a tweet saying ‘New high score.’” **Use the $ symbol to specify where you'll say the text ingredient,This Action will set a Nest Thermostat to the temperature you specify. NOTE: works only when Nest is set to Home.
tYrFcdNG,Google Assistant,Say a simple phrase,IF a voice assistant is activated with a specific phrase,AQUAREA Smart Cloud,Change Heat Mode settings,", THEN sets heating mode [ACTION_Z].",Thermostat/Heating,"This trigger fires when you say “Ok Google” to the Google Assistant followed by a phrase you choose. For example, say “Ok Google, I’m running late” to text a family member that you’re on your way home.",This action will change operation settings for Heat Mode in your device. 
u7qrcexb,Google Assistant,Say a simple phrase,IF a voice assistant is activated with a specific phrase,Nest Thermostat,Set temperature,", THEN sets the thermostat temperature [ACTION_Y].",Thermostat/Heating,"This trigger fires when you say “Ok Google” to the Google Assistant followed by a phrase you choose. For example, say “Ok Google, I’m running late” to text a family member that you’re on your way home.",This Action will set a Nest Thermostat to the temperature you specify. NOTE: works only when Nest is set to Home.
u8BvcXJj,Location,You enter an area,IF the user enters a specified area,Honeywell Total Connect Comfort,Resume programmed schedule,", THEN resumes the programmed schedule [ACTION_Y].",Thermostat/Heating,This Trigger fires every time you enter an area you specify.,This Action will set your Honeywell thermostat to resume the currently defined thermostat programmed schedule.
uFA2gD4C,Weather Underground,Current temperature rises above,IF local temperature is above a specified value,Nest Thermostat,Set temperature,", THEN sets the thermostat temperature [ACTION_Y].",Thermostat/Heating,This Trigger monitors your local temperature and fires whenever the temperature rises above the value you provide.,This Action will set a Nest Thermostat to the temperature you specify. NOTE: works only when Nest is set to Home.
uFdVX9ub,Weather Underground,Current temperature rises above,IF local temperature is above a specified value,ecobee,Set thermostat comfort profile until next transition,", THEN sets a timed [ACTION_X] to hold.",Thermostat/Heating,This Trigger monitors your local temperature and fires whenever the temperature rises above the value you provide.,This Action will set the thermostat into a hold using the settings from the specified comfort profile. This comfort profile hold will remain in effect until the next next comfort profile transition in the program.
uJwpnekP,Android Device,Disconnects from a specific WiFi network,IF your Android device connects to a specified wifi network,Nefit Easy,Set room temperature,", THEN sets the room temperature [ACTION_Z].",Thermostat/Heating,This Trigger fires every time your Android device disconnects from a WiFi network you specify.,This Action will set the current room temperature to a level of your choice. This temperature level can be adjusted manually or if Clock Mode is activated.
uP4wJkYg,Button widget,Button press,IF a button is pressed,AQUAREA Smart Cloud,Change Heat Mode settings (for direct setting),", THEN sets heating mode [ACTION_Z].",Thermostat/Heating,This trigger fires every time you press the button.,This action will change operation settings for Heat Mode in your device. This action is for devices not set to work with compensation curve setting.
uR8YMxBQ,Amazon Alexa,Item added to your To Do List,IF an item is added to a to-do list,Nest Thermostat,Set temperature,", THEN sets the thermostat temperature [ACTION_Y].",Thermostat/Heating,This Trigger fires every time you add an item to your To Do List.,This Action will set a Nest Thermostat to the temperature you specify. NOTE: works only when Nest is set to Home.
uSkJqUFm,Google Assistant,Say a phrase with a text ingredient,IF a voice assistant is activated with a specific phrase,Nest Thermostat,Set temperature,", THEN sets the thermostat temperature [ACTION_Y].",Thermostat/Heating,This trigger fires when you say “Ok Google” to the Google Assistant followed by a phrase like “Post a tweet saying ‘New high score.’” **Use the $ symbol to specify where you'll say the text ingredient,This Action will set a Nest Thermostat to the temperature you specify. NOTE: works only when Nest is set to Home.
uTMCXdtN,Amazon Alexa,Say a specific phrase,IF a voice assistant is activated with a specific phrase,ecobee,Resume thermostat program,", THEN cancels the current thermostat event [ACTION_W].",Thermostat/Heating,"This trigger fires every time you say 'Alexa trigger' + the phrase that you have defined. For instance, if you set 'party time' as the phrase, you can say 'Alexa trigger party time' to have your lights loop colors.",This Action removes the currently running event on the selected thermostat providing the event is not a mandatory demand response event.
uczk5CKX,Amazon Alexa,Item added to your To Do List,IF an item is added to a to-do list,Nest Thermostat,Set temperature,", THEN sets the thermostat temperature [ACTION_Y].",Thermostat/Heating,This Trigger fires every time you add an item to your To Do List.,This Action will set a Nest Thermostat to the temperature you specify. NOTE: works only when Nest is set to Home.
ugZ9PhQd,Google Assistant,Say a phrase with a text ingredient,IF a voice assistant is activated with a specific phrase,Nest Thermostat,Set temperature,", THEN sets the thermostat temperature [ACTION_Y].",Thermostat/Heating,This trigger fires when you say “Ok Google” to the Google Assistant followed by a phrase like “Post a tweet saying ‘New high score.’” **Use the $ symbol to specify where you'll say the text ingredient,This Action will set a Nest Thermostat to the temperature you specify. NOTE: works only when Nest is set to Home.
urvkhPCg,Apilio,Receive an event from Apilio,IF a message containing a key phrase is sent,tadoº Heating,Turn heating on,", THEN starts heating [ACTION_Z].",Thermostat/Heating,This trigger fires every time IFTTT receives a specific event from Apilio.,This Action will start your heating.
uu9sryiL,Weather Underground,Current temperature drops below,IF local temperature is below a specified value,BDR Thermea Group,Set temperature,", THEN the thermostat to the temperature you specify [ACTION_W].",Thermostat/Heating,This Trigger monitors your local temperature and fires whenever the temperature drops below the value you provide.,This action will set the temperature on the thermostat.
uuQZ3bcf,Festina Watches,Pusher pressed,IF a Festina watch button is pressed,Nest Thermostat,Set temperature,", THEN sets the thermostat temperature [ACTION_Y].",Thermostat/Heating,This trigger is fired from the assigned pusher on your Festina watch.,This Action will set a Nest Thermostat to the temperature you specify. NOTE: works only when Nest is set to Home.
uve28gyQ,MyQ,Door opened,IF a door is opened,Nest Thermostat,Set temperature,", THEN sets the thermostat temperature [ACTION_Y].",Thermostat/Heating,This trigger fires when a door is opened.,This Action will set a Nest Thermostat to the temperature you specify. NOTE: works only when Nest is set to Home.
uxBApR2P,Amazon Alexa,Say a specific phrase,IF a voice assistant is activated with a specific phrase,Nest Thermostat,Set temperature,", THEN sets the thermostat temperature [ACTION_Y].",Thermostat/Heating,"This trigger fires every time you say 'Alexa trigger' + the phrase that you have defined. For instance, if you set 'party time' as the phrase, you can say 'Alexa trigger party time' to have your lights loop colors.",This Action will set a Nest Thermostat to the temperature you specify. NOTE: works only when Nest is set to Home.
uzseBijE,Date & Time,Every day of the week at,IF is one of the specific days of the week at a specified time,GE Appliances GeoSpring™,Set temperature,", THEN sets the water heater temperature [ACTION_Z].",Thermostat/Heating,This Trigger fires only on specific days of the week at the time you provide.,This Action will set the temperature of your GE water heater.
v3gC8hJy,Google Assistant,Say a simple phrase,IF a voice assistant is activated with a specific phrase,ecobee,Resume thermostat program,", THEN cancels the current thermostat event [ACTION_W].",Thermostat/Heating,"This trigger fires when you say “Ok Google” to the Google Assistant followed by a phrase you choose. For example, say “Ok Google, I’m running late” to text a family member that you’re on your way home.",This Action removes the currently running event on the selected thermostat providing the event is not a mandatory demand response event.
v4SjwyZH,Location,You enter an area,IF the user enters a specified area,Nest Thermostat,Set temperature,", THEN sets the thermostat temperature [ACTION_Y].",Thermostat/Heating,This Trigger fires every time you enter an area you specify.,This Action will set a Nest Thermostat to the temperature you specify. NOTE: works only when Nest is set to Home.
v4zdU82j,Weather Underground,Sunset,IF a set number of minutes before sunset,Mysa Thermostat,Change the setpoint,", THEN the thermostat to the temperature you specify [ACTION_W].",Thermostat/Heating,This Trigger fires within 15 minutes of the sunset in your location.,This action will change the setpoint of a device to the desired value.
v9WhRPj7,Date & Time,Every day at,IF every day at a specified time,Warmup Smart Thermostat,Set temperature,", THEN sets the thermostat temperature [ACTION_Y].",Thermostat/Heating,This Trigger fires every single day at a specific time set by you.,This action will set your thermostat to a specified temperature.
vBSJ3tKd,Nest Thermostat,Temperature rises above,IF temperature rises above a threshold,Nest Thermostat,Set temperature,", THEN sets the thermostat temperature [ACTION_Y].",Thermostat/Heating,This Trigger fires every time the temperature rises above a threshold you specify.,This Action will set a Nest Thermostat to the temperature you specify. NOTE: works only when Nest is set to Home.
vLVQKaGz,Button widget,Button press,IF a button is pressed,Netatmo Thermostat,Set to away mode,", THEN sets home to [ACTION_X].",Thermostat/Heating,This trigger fires every time you press the button.,This Action will set your home to away mode.
vMe3zpEf,Date & Time,Every hour at,IF every hour at quarter intervals,Hive Active Heating™ - UK and Europe,Set the thermostat to schedule,", THEN sets heating mode to [ACTION_X].",Thermostat/Heating,"This Trigger fires once an hour at :00, :15, :30, or :45 minutes past the hour.",This Action will set the heating mode to schedule.
vPCfHhLq,Amazon Alexa,Say a specific phrase,IF a voice assistant is activated with a specific phrase,Honeywell Total Connect Comfort,Resume programmed schedule,", THEN resumes the programmed schedule [ACTION_Y].",Thermostat/Heating,"This trigger fires every time you say 'Alexa trigger' + the phrase that you have defined. For instance, if you set 'party time' as the phrase, you can say 'Alexa trigger party time' to have your lights loop colors.",This Action will set your Honeywell thermostat to resume the currently defined thermostat programmed schedule.
vRLCy6PY,Amazon Alexa,Say a specific phrase,IF a voice assistant is activated with a specific phrase,Nest Thermostat,Set temperature,", THEN sets the thermostat temperature [ACTION_Y].",Thermostat/Heating,"This trigger fires every time you say 'Alexa trigger' + the phrase that you have defined. For instance, if you set 'party time' as the phrase, you can say 'Alexa trigger party time' to have your lights loop colors.",This Action will set a Nest Thermostat to the temperature you specify. NOTE: works only when Nest is set to Home.
vU9MFPKn,Amazon Alexa,Item added to your To Do List,IF an item is added to a to-do list,Nest Thermostat,Set temperature,", THEN sets the thermostat temperature [ACTION_Y].",Thermostat/Heating,This Trigger fires every time you add an item to your To Do List.,This Action will set a Nest Thermostat to the temperature you specify. NOTE: works only when Nest is set to Home.
vZYMwkte,Nest Protect,Carbon monoxide warning,IF Nest Protect detects carbon monoxide,Nest Thermostat,Turn on fan for 15 minutes,", THEN configures thermostat fan mode [ACTION_Z].",Thermostat/Heating,This Trigger fires every time the Nest Protect you specify detects warning carbon monoxide levels.,This Action will turn on your HVAC system fan for the amount of time you specify in your Nest fan timer setting (default is 15 minutes). NOTE: works only if you have a fan option and Nest is set to Home.
ve34BbYQ,Location,You exit an area,IF the user exits a specified area,Hive Active Heating™ - UK and Europe,Set the thermostat to schedule,", THEN sets heating mode to [ACTION_X].",Thermostat/Heating,This Trigger fires every time you exit an area you specify.,This Action will set the heating mode to schedule.
vek3QCP4,Google Assistant,Say a simple phrase,IF a voice assistant is activated with a specific phrase,Nest Thermostat,Set temperature,", THEN sets the thermostat temperature [ACTION_Y].",Thermostat/Heating,"This trigger fires when you say “Ok Google” to the Google Assistant followed by a phrase you choose. For example, say “Ok Google, I’m running late” to text a family member that you’re on your way home.",This Action will set a Nest Thermostat to the temperature you specify. NOTE: works only when Nest is set to Home.
viLkH7Cq,Wink: Spotter,Temperature rises above,IF temperature rises above a threshold,Nest Thermostat,Turn on fan for 15 minutes,", THEN configures thermostat fan mode [ACTION_Z].",Thermostat/Heating,This Trigger fires every time the temperature measured by your Spotter rises above the value you specify.,This Action will turn on your HVAC system fan for the amount of time you specify in your Nest fan timer setting (default is 15 minutes). NOTE: works only if you have a fan option and Nest is set to Home.
vmBChrzw,Android SMS,New SMS sent matches search,IF an SMS is sent from Android,Honeywell Total Connect Comfort,Resume programmed schedule,", THEN resumes the programmed schedule [ACTION_Y].",Thermostat/Heating,This Trigger fires every time you send an SMS on your Android device that matches a search you specify.,This Action will set your Honeywell thermostat to resume the currently defined thermostat programmed schedule.
vnEwqbMa,Weather Underground,Current temperature rises above,IF local temperature is above a specified value,GE Appliances Window AC,Set target temperature,", THEN sets the target temperature [ACTION_Z] on the window air conditioner.",Thermostat/Heating,This Trigger monitors your local temperature and fires whenever the temperature rises above the value you provide.,This Action will set a target temperature on your window ac unit.
vtKCy5pA,Google Assistant,Say a simple phrase,IF a voice assistant is activated with a specific phrase,Nest Thermostat,Turn on fan for 15 minutes,", THEN configures thermostat fan mode [ACTION_Z].",Thermostat/Heating,"This trigger fires when you say “Ok Google” to the Google Assistant followed by a phrase you choose. For example, say “Ok Google, I’m running late” to text a family member that you’re on your way home.",This Action will turn on your HVAC system fan for the amount of time you specify in your Nest fan timer setting (default is 15 minutes). NOTE: works only if you have a fan option and Nest is set to Home.
vtNpMWqK,Android SMS,New SMS received matches search,IF an SMS is received on Android,ecobee,Set thermostat comfort profile until next transition,", THEN sets a timed [ACTION_X] to hold.",Thermostat/Heating,This Trigger fires every time you receive an SMS on your Android device that matches a search you specify.,This Action will set the thermostat into a hold using the settings from the specified comfort profile. This comfort profile hold will remain in effect until the next next comfort profile transition in the program.
vtg59e3B,Button widget,Button press,IF a button is pressed,Netatmo Thermostat,Set to manual mode,", THEN sets the thermostat to [ACTION_X].",Thermostat/Heating,This trigger fires every time you press the button.,This Action will set your thermostat to manual mode.
vvbRVXpe,True Energy Smart Home Denmark,Electricity in Denmark is Expensive,IF electricity prices are high,Home Connect Fridge Freezer,Set freezer temperature,", THEN sets the freezer temperature [ACTION_Z].",Thermostat/Heating,This trigger fires at the hours where electricity in Denmark is expensive.,This action will set the freezer temperature.
vzCmkBeR,Amazon Alexa,Say a specific phrase,IF a voice assistant is activated with a specific phrase,Nest Thermostat,Set temperature,", THEN sets the thermostat temperature [ACTION_Y].",Thermostat/Heating,"This trigger fires every time you say 'Alexa trigger' + the phrase that you have defined. For instance, if you set 'party time' as the phrase, you can say 'Alexa trigger party time' to have your lights loop colors.",This Action will set a Nest Thermostat to the temperature you specify. NOTE: works only when Nest is set to Home.
w2LbwFqH,Location,You enter an area,IF the user enters a specified area,Mysa Thermostat,Change the setpoint,", THEN the thermostat to the temperature you specify [ACTION_W].",Thermostat/Heating,This Trigger fires every time you enter an area you specify.,This action will change the setpoint of a device to the desired value.
w38WZVTp,RSS Feed,New feed item matches,IF a feed item contains a keyword,ecobee,Set thermostat comfort profile until next transition,", THEN sets a timed [ACTION_X] to hold.",Thermostat/Heating,This Trigger fires every time a new item in the feed you specify contains a particular keyword or simple phrase.,This Action will set the thermostat into a hold using the settings from the specified comfort profile. This comfort profile hold will remain in effect until the next next comfort profile transition in the program.
w53exzy8,Amazon Alexa,Say a specific phrase,IF a voice assistant is activated with a specific phrase,Nest Thermostat,Set temperature,", THEN sets the thermostat temperature [ACTION_Y].",Thermostat/Heating,"This trigger fires every time you say 'Alexa trigger' + the phrase that you have defined. For instance, if you set 'party time' as the phrase, you can say 'Alexa trigger party time' to have your lights loop colors.",This Action will set a Nest Thermostat to the temperature you specify. NOTE: works only when Nest is set to Home.
wB9e7R5Q,Button widget,Button press,IF a button is pressed,BDR Thermea Group,Set mode,", THEN sets heating mode [ACTION_Z].",Thermostat/Heating,This trigger fires every time you press the button.,This action will set the heating mode of the thermostat.
wDKSHgNz,Netatmo Weather Station,Temperature drops below,IF temperature drops below a threshold,Nest Thermostat,Set temperature,", THEN sets the thermostat temperature [ACTION_Y].",Thermostat/Heating,This Trigger fires every time the temperature drops below a value you specify.,This Action will set a Nest Thermostat to the temperature you specify. NOTE: works only when Nest is set to Home.
wG5zH2if,Location,You enter an area,IF the user enters a specified area,ecobee,Set thermostat comfort profile until next transition,", THEN sets a timed [ACTION_X] to hold.",Thermostat/Heating,This Trigger fires every time you enter an area you specify.,This Action will set the thermostat into a hold using the settings from the specified comfort profile. This comfort profile hold will remain in effect until the next next comfort profile transition in the program.
wJFXKhDe,Date & Time,Every day of the week at,IF is one of the specific days of the week at a specified time,ecobee,Set thermostat hold for X hours,", THEN sets the thermostat temperature [ACTION_Y].",Thermostat/Heating,This Trigger fires only on specific days of the week at the time you provide.,This action will set the thermostat into a hold with the specified temperature for the specified number of hours.
wMyJnFdt,Date & Time,Every day at,IF every day at a specified time,tadoº Heating,Return to tado⁠° automatic control,", THEN sets the room temperature [ACTION_Z].",Thermostat/Heating,This Trigger fires every single day at a specific time set by you.,"This Action will return control of your heating to tado⁠°, using your user-defined settings (e.g. location and Smart Schedule) to automatically determine the right room temperature."
wfmGy7xp,Amazon Alexa,Say a specific phrase,IF a voice assistant is activated with a specific phrase,Nest Thermostat,Set temperature,", THEN sets the thermostat temperature [ACTION_Y].",Thermostat/Heating,"This trigger fires every time you say 'Alexa trigger' + the phrase that you have defined. For instance, if you set 'party time' as the phrase, you can say 'Alexa trigger party time' to have your lights loop colors.",This Action will set a Nest Thermostat to the temperature you specify. NOTE: works only when Nest is set to Home.
wirMEGtW,Button widget,Button press,IF a button is pressed,nVent Nuheat Signature Thermostat,Set temperature,", THEN sets the thermostat temperature [ACTION_Y].",Thermostat/Heating,This trigger fires every time you press the button.,This action will set the thermostat temperature
wjt9zKds,Location,You exit an area,IF the user exits a specified area,LightwaveRF Heating,Electric Switch Off,", THEN switches off the electric switch [ACTION_W].",Thermostat/Heating,This Trigger fires every time you exit an area you specify.,This Action will switch the Electric Switch Off.
wpenrgtQ,Button widget,Button press,IF a button is pressed,Home Connect Fridge Freezer,Activate freezer Super Freezing mode,", THEN temporarily boosts freezer cooling [ACTION_Y].",Thermostat/Heating,This trigger fires every time you press the button.,This action will temporarily cool the freezer at maximum power.
wvZ46HAD,Google Assistant,Say a simple phrase,IF a voice assistant is activated with a specific phrase,Hive Active Heating™ - UK and Europe,Boost heating ,", THEN boosts heating [ACTION_Y].",Thermostat/Heating,"This trigger fires when you say “Ok Google” to the Google Assistant followed by a phrase you choose. For example, say “Ok Google, I’m running late” to text a family member that you’re on your way home.",This Action will boost heating to the temperature and duration you specify.
wwqWjMTL,Google Assistant,Say a phrase with a text ingredient,IF a voice assistant is activated with a specific phrase,Nest Thermostat,Set temperature,", THEN sets the thermostat temperature [ACTION_Y].",Thermostat/Heating,This trigger fires when you say “Ok Google” to the Google Assistant followed by a phrase like “Post a tweet saying ‘New high score.’” **Use the $ symbol to specify where you'll say the text ingredient,This Action will set a Nest Thermostat to the temperature you specify. NOTE: works only when Nest is set to Home.
x72uMjSn,Awair,High temperature alert,IF temperature rises above a threshold,Sensibo,Turn A/C on,", THEN turns on the air conditioner [ACTION_Z].",Thermostat/Heating,This Trigger fires when the temperature measured from your Awair device rises above the threshold you specified for more than 30 seconds.,"Turn your A/C on with a set temperature, mode and fan level."
xFpy3H7g,Location,You enter an area,IF the user enters a specified area,Mysa Thermostat,Change the setpoint,", THEN the thermostat to the temperature you specify [ACTION_W].",Thermostat/Heating,This Trigger fires every time you enter an area you specify.,This action will change the setpoint of a device to the desired value.
xJKLdWZi,Location,You enter an area,IF the user enters a specified area,Nest Thermostat,Set temperature,", THEN sets the thermostat temperature [ACTION_Y].",Thermostat/Heating,This Trigger fires every time you enter an area you specify.,This Action will set a Nest Thermostat to the temperature you specify. NOTE: works only when Nest is set to Home.
xNjR8tWA,Amazon Alexa,Item added to your To Do List,IF an item is added to a to-do list,Nest Thermostat,Set temperature,", THEN sets the thermostat temperature [ACTION_Y].",Thermostat/Heating,This Trigger fires every time you add an item to your To Do List.,This Action will set a Nest Thermostat to the temperature you specify. NOTE: works only when Nest is set to Home.
xREDduGb,Google Assistant,Say a phrase with a text ingredient,IF a voice assistant is activated with a specific phrase,Nest Thermostat,Set temperature,", THEN sets the thermostat temperature [ACTION_Y].",Thermostat/Heating,This trigger fires when you say “Ok Google” to the Google Assistant followed by a phrase like “Post a tweet saying ‘New high score.’” **Use the $ symbol to specify where you'll say the text ingredient,This Action will set a Nest Thermostat to the temperature you specify. NOTE: works only when Nest is set to Home.
xSW4ZN5f,Amazon Alexa,Say a specific phrase,IF a voice assistant is activated with a specific phrase,Honeywell Total Connect Comfort,Set temperature for a period of time,", THEN sets the thermostat temperature [ACTION_Y].",Thermostat/Heating,"This trigger fires every time you say 'Alexa trigger' + the phrase that you have defined. For instance, if you set 'party time' as the phrase, you can say 'Alexa trigger party time' to have your lights loop colors.",This Action will set your Honeywell thermostat to hold a temperature for a specified period of time. The schedule will resume when the time expires.
xUBb2J5h,Date & Time,Every day at,IF every day at a specified time,tadoº Heating,Return to tado⁠° automatic control,", THEN sets the room temperature [ACTION_Z].",Thermostat/Heating,This Trigger fires every single day at a specific time set by you.,"This Action will return control of your heating to tado⁠°, using your user-defined settings (e.g. location and Smart Schedule) to automatically determine the right room temperature."
xV9KQEmz,Apilio,Receive an event from Apilio,IF a message containing a key phrase is sent,tadoº Heating,Turn heating on,", THEN starts heating [ACTION_Z].",Thermostat/Heating,This trigger fires every time IFTTT receives a specific event from Apilio.,This Action will start your heating.
xVA9sqR6,Amazon Alexa,Say a specific phrase,IF a voice assistant is activated with a specific phrase,Nest Thermostat,Set temperature,", THEN sets the thermostat temperature [ACTION_Y].",Thermostat/Heating,"This trigger fires every time you say 'Alexa trigger' + the phrase that you have defined. For instance, if you set 'party time' as the phrase, you can say 'Alexa trigger party time' to have your lights loop colors.",This Action will set a Nest Thermostat to the temperature you specify. NOTE: works only when Nest is set to Home.
xcKkLeq7,Amazon Alexa,Say a specific phrase,IF a voice assistant is activated with a specific phrase,Nest Thermostat,Set temperature,", THEN sets the thermostat temperature [ACTION_Y].",Thermostat/Heating,"This trigger fires every time you say 'Alexa trigger' + the phrase that you have defined. For instance, if you set 'party time' as the phrase, you can say 'Alexa trigger party time' to have your lights loop colors.",This Action will set a Nest Thermostat to the temperature you specify. NOTE: works only when Nest is set to Home.
xceanYBy,Location,You enter an area,IF the user enters a specified area,iDevices,Set thermostat target temperature,", THEN sets the thermostat target temperature [ACTION_Y].",Thermostat/Heating,This Trigger fires every time you enter an area you specify.,This action will set the target temperature of your thermostat.
xd6nh3CT,Apilio,Receive an event from Apilio,IF a message containing a key phrase is sent,Heatmiser,Set Standby Mode,", THEN activates [ACTION_X].",Thermostat/Heating,This trigger fires every time IFTTT receives a specific event from Apilio.,This Action will activate Standby Mode on the selected Heatmiser Thermostat.
xg7Jm4Sh,Date & Time,Every day of the week at,IF is one of the specific days of the week at a specified time,GE Appliances GeoSpring™,Set temperature,", THEN sets the water heater temperature [ACTION_Z].",Thermostat/Heating,This Trigger fires only on specific days of the week at the time you provide.,This Action will set the temperature of your GE water heater.
xkdxhwfq,ComEd,Change in Average Price,IF electricity prices change,ecobee,Resume thermostat program,", THEN cancels the current thermostat event [ACTION_W].",Thermostat/Heating,This trigger fires for an account that is on a dynamic pricing plan such as the Residential Hourly Pricing program or other real time market rates whenever the average price changes.,This Action removes the currently running event on the selected thermostat providing the event is not a mandatory demand response event.
xuCnXpYr,EDF : vos plages tarifaires,Début de plage tarifaire,IF an energy tariff period starts,Netatmo Thermostat,Switch schedule,", THEN updates the thermostat schedule [ACTION_W].",Thermostat/Heating,Ce trigger se déclenche lorsque la plage tarifaire choisie commence dans votre logement.,This Action will change the schedule for the corresponding home.
xxYPthjy,SwitchBot,Temperature or humidity changes,IF environmental conditions change,Heatzy,Set heat mode,", THEN sets heating mode [ACTION_Z].",Thermostat/Heating,"Whenever a preset temperature and/or humidity change detected, SwitchBot Thermometer & Hygrometer (the Meter) will try to trigger the service. E.g. if the temperature is too high, turn on AC with the SwitchBot Hub Plus (the Hub Plus).",This action will set a specific device on heat mode
y69sXfkn,SmartThings,Presence detected,IF user presence is detected,Mysa Thermostat,Change the setpoint,", THEN the thermostat to the temperature you specify [ACTION_W].",Thermostat/Heating,This Trigger fires every time your SmartThings device's presence is detected.,This action will change the setpoint of a device to the desired value.
y7pkUVnE,Google Calendar,Event from search starts,IF a calendar event with a specific keyword occurs,Nest Thermostat,Set temperature,", THEN sets the thermostat temperature [ACTION_Y].",Thermostat/Heating,"This Trigger fires a set number of minutes before the starting time of an event on your Google Calendar that contains a specific keyword or phrase. The search looks at the event’s Title, Description, and Location.",This Action will set a Nest Thermostat to the temperature you specify. NOTE: works only when Nest is set to Home.
y9UPVKJb,Netatmo Weather Station,Temperature drops below,IF temperature drops below a threshold,ThermoSmart,Set temperature,", THEN the thermostat to the temperature you specify [ACTION_W].",Thermostat/Heating,This Trigger fires every time the temperature drops below a value you specify.,This Action will set your ThermoSmart to the temperature you specify.
yC4g6UaL,Location,You enter an area,IF the user enters a specified area,ecobee,Set thermostat comfort profile until next transition,", THEN sets a timed [ACTION_X] to hold.",Thermostat/Heating,This Trigger fires every time you enter an area you specify.,This Action will set the thermostat into a hold using the settings from the specified comfort profile. This comfort profile hold will remain in effect until the next next comfort profile transition in the program.
yDiVjaYR,Twitter,New tweet by you with hashtag,IF a new tweet with a specific hashtag is posted,Wink: Aros,Turn A/C on,", THEN turns on the air conditioner in [ACTION_X].",Thermostat/Heating,This Trigger fires every time you post a new tweet with a specific hashtag.,This Action will turn your Aros A/C on and set to a temperature you specify.
yFsvBLRx,Lotus Watches,Pusher pressed,IF a Lotus watch button is pressed,Nest Thermostat,Set temperature,", THEN sets the thermostat temperature [ACTION_Y].",Thermostat/Heating,This trigger is fired from the assigned pusher on your Lotus watch.,This Action will set a Nest Thermostat to the temperature you specify. NOTE: works only when Nest is set to Home.
yFtUx4pH,Google Calendar,Event from search starts,IF a calendar event with a specific keyword occurs,tadoº Heating,Turn heating off,", THEN turns off heating [ACTION_W].",Thermostat/Heating,"This Trigger fires a set number of minutes before the starting time of an event on your Google Calendar that contains a specific keyword or phrase. The search looks at the event’s Title, Description, and Location.",This Action will turn your heating off.
yLMV6Ahg,Button widget,Button press,IF a button is pressed,Nefit Easy,Set room temperature,", THEN sets the room temperature [ACTION_Z].",Thermostat/Heating,This trigger fires every time you press the button.,This Action will set the current room temperature to a level of your choice. This temperature level can be adjusted manually or if Clock Mode is activated.
yXqZzQ6U,Amazon Alexa,Say a specific phrase,IF a voice assistant is activated with a specific phrase,Nest Thermostat,Set temperature,", THEN sets the thermostat temperature [ACTION_Y].",Thermostat/Heating,"This trigger fires every time you say 'Alexa trigger' + the phrase that you have defined. For instance, if you set 'party time' as the phrase, you can say 'Alexa trigger party time' to have your lights loop colors.",This Action will set a Nest Thermostat to the temperature you specify. NOTE: works only when Nest is set to Home.
yYMi9U6C,Location,You exit an area,IF the user exits a specified area,BDR Thermea Group,Set temperature,", THEN the thermostat to the temperature you specify [ACTION_W].",Thermostat/Heating,This Trigger fires every time you exit an area you specify.,This action will set the temperature on the thermostat.
ybqFzWv8,Button widget,Button press,IF a button is pressed,GE Appliances Window AC,Set target temperature,", THEN sets the target temperature [ACTION_Z] on the window air conditioner.",Thermostat/Heating,This trigger fires every time you press the button.,This Action will set a target temperature on your window ac unit.
yg2YcrLS,ComEd,Carbon Quality,IF carbon intensity changes,ecobee,Resume thermostat program,", THEN cancels the current thermostat event [ACTION_W].",Thermostat/Heating,Indicates whether the carbon is clean or dirty,This Action removes the currently running event on the selected thermostat providing the event is not a mandatory demand response event.
ygjHUKAB,Agile Octopus,Energy price threshold change for duration,IF electricity price fluctuates beyond threshold,ecobee,Set thermostat hold for X hours,", THEN sets the thermostat temperature [ACTION_Y].",Thermostat/Heating,Use this trigger to fire something when your electricity price stays above (or below) your set threshold for a minimum length of time in 30-minute blocks.,This action will set the thermostat into a hold with the specified temperature for the specified number of hours.
yhH6EkZC,Amazon Alexa,Say a specific phrase,IF a voice assistant is activated with a specific phrase,Netatmo Thermostat,Set to away mode,", THEN sets home to [ACTION_X].",Thermostat/Heating,"This trigger fires every time you say 'Alexa trigger' + the phrase that you have defined. For instance, if you set 'party time' as the phrase, you can say 'Alexa trigger party time' to have your lights loop colors.",This Action will set your home to away mode.
yswGHjS6,Button widget,Button press,IF a button is pressed,Netatmo Thermostat,Go back to schedule,", THEN restores default heating schedule [ACTION_Z].",Thermostat/Heating,This trigger fires every time you press the button.,This Action will order your home to go back to default schedule.
yvEyX2VZ,Button widget,Button press,IF a button is pressed,Netatmo Thermostat,Go back to schedule,", THEN restores default heating schedule [ACTION_Z].",Thermostat/Heating,This trigger fires every time you press the button.,This Action will order your home to go back to default schedule.
z3qaUgy5,Nest Thermostat,Temperature rises above,IF temperature rises above a threshold,Nest Thermostat,Turn on fan for 15 minutes,", THEN configures thermostat fan mode [ACTION_Z].",Thermostat/Heating,This Trigger fires every time the temperature rises above a threshold you specify.,This Action will turn on your HVAC system fan for the amount of time you specify in your Nest fan timer setting (default is 15 minutes). NOTE: works only if you have a fan option and Nest is set to Home.
z5vFrXuq,Google Assistant,Say a simple phrase,IF a voice assistant is activated with a specific phrase,Nest Thermostat,Set temperature range,", THEN sets the thermostat temperature [ACTION_Y].",Thermostat/Heating,"This trigger fires when you say “Ok Google” to the Google Assistant followed by a phrase you choose. For example, say “Ok Google, I’m running late” to text a family member that you’re on your way home.",This Action will set a Nest Thermostat in Heat-Cool mode to the temperature range you specify. NOTE: works only when Nest is set to Home.
zNhaecH9,Nest Protect,Smoke alarm emergency,IF a smoke detector detects smoke,ecobee,Set thermostat comfort profile for X hours,", THEN sets a timed [ACTION_X] to hold.",Thermostat/Heating,This Trigger fires every time the Nest Protect you specify detects dangerous smoke levels.,This Action will set the thermostat into a hold using the settings from the specified comfort profile. This comfort profile hold will remain in effect for the specified number of hours.
zUrEa9AP,Date & Time,Every day of the week at,IF is one of the specific days of the week at a specified time,Wink: Aros,Turn A/C on,", THEN turns on the air conditioner in [ACTION_X].",Thermostat/Heating,This Trigger fires only on specific days of the week at the time you provide.,This Action will turn your Aros A/C on and set to a temperature you specify.
zb2t8UJM,Google Calendar,Event from search starts,IF a calendar event with a specific keyword occurs,Nest Thermostat,Set temperature,", THEN sets the thermostat temperature [ACTION_Y].",Thermostat/Heating,"This Trigger fires a set number of minutes before the starting time of an event on your Google Calendar that contains a specific keyword or phrase. The search looks at the event’s Title, Description, and Location.",This Action will set a Nest Thermostat to the temperature you specify. NOTE: works only when Nest is set to Home.
zbPeUTrX,Location,You enter an area,IF the user enters a specified area,ecobee,Set thermostat comfort profile until next transition,", THEN sets a timed [ACTION_X] to hold.",Thermostat/Heating,This Trigger fires every time you enter an area you specify.,This Action will set the thermostat into a hold using the settings from the specified comfort profile. This comfort profile hold will remain in effect until the next next comfort profile transition in the program.
zbzsPnLx,Weather Underground,Current temperature rises above,IF local temperature is above a specified value,Nest Thermostat,Set temperature,", THEN sets the thermostat temperature [ACTION_Y].",Thermostat/Heating,This Trigger monitors your local temperature and fires whenever the temperature rises above the value you provide.,This Action will set a Nest Thermostat to the temperature you specify. NOTE: works only when Nest is set to Home.
zf2pQhJB,Amazon Alexa,Say a specific phrase,IF a voice assistant is activated with a specific phrase,Nefit Easy,Set room temperature,", THEN sets the room temperature [ACTION_Z].",Thermostat/Heating,"This trigger fires every time you say 'Alexa trigger' + the phrase that you have defined. For instance, if you set 'party time' as the phrase, you can say 'Alexa trigger party time' to have your lights loop colors.",This Action will set the current room temperature to a level of your choice. This temperature level can be adjusted manually or if Clock Mode is activated.
ziV6MHEA,Weather Underground,Current temperature rises above,IF local temperature is above a specified value,ecobee,Set thermostat hold until next transition,", THEN sets the thermostat temperature [ACTION_Y].",Thermostat/Heating,This Trigger monitors your local temperature and fires whenever the temperature rises above the value you provide.,This action will set the thermostat into a hold with the specified temperature and the end date/time will be set to the next climate transition in the program.
zipxzUY6,Fitbit,New sleep logged,IF a device logs new sleep data,ecobee,Set thermostat comfort profile until next transition,", THEN sets a timed [ACTION_X] to hold.",Thermostat/Heating,This Trigger fires every time your Fitbit logs new sleep.,This Action will set the thermostat into a hold using the settings from the specified comfort profile. This comfort profile hold will remain in effect until the next next comfort profile transition in the program.
zj5yiBcM,Amazon Alexa,Say a specific phrase,IF a voice assistant is activated with a specific phrase,Nest Thermostat,Set temperature,", THEN sets the thermostat temperature [ACTION_Y].",Thermostat/Heating,"This trigger fires every time you say 'Alexa trigger' + the phrase that you have defined. For instance, if you set 'party time' as the phrase, you can say 'Alexa trigger party time' to have your lights loop colors.",This Action will set a Nest Thermostat to the temperature you specify. NOTE: works only when Nest is set to Home.
zjuziG5Z,Airthings,CO2 level above threshold,IF CO2 level rises above a threshold,Nest Thermostat,Turn on fan for 15 minutes,", THEN configures thermostat fan mode [ACTION_Z].",Thermostat/Heating,This trigger fires when the CO2 level for a device rises above the provided threshold.,This Action will turn on your HVAC system fan for the amount of time you specify in your Nest fan timer setting (default is 15 minutes). NOTE: works only if you have a fan option and Nest is set to Home.
zkqxeUvr,Google Calendar,Event from search starts,IF a calendar event with a specific keyword occurs,ecobee,Set thermostat comfort profile until next transition,", THEN sets a timed [ACTION_X] to hold.",Thermostat/Heating,"This Trigger fires a set number of minutes before the starting time of an event on your Google Calendar that contains a specific keyword or phrase. The search looks at the event’s Title, Description, and Location.",This Action will set the thermostat into a hold using the settings from the specified comfort profile. This comfort profile hold will remain in effect until the next next comfort profile transition in the program.
zn4i97hD,Location,You enter an area,IF the user enters a specified area,ecobee,Set thermostat comfort profile until next transition,", THEN sets a timed [ACTION_X] to hold.",Thermostat/Heating,This Trigger fires every time you enter an area you specify.,This Action will set the thermostat into a hold using the settings from the specified comfort profile. This comfort profile hold will remain in effect until the next next comfort profile transition in the program.
