triggerDesc,actionDesc,freeOrLocked
IF a message containing a key phrase is sent,", THEN turn ons a temperature hold.",FREE
IF a message containing a key phrase is sent,", THEN turn ons a temperature hold.",FREE
IF a message containing a key phrase is sent,", THEN turn ons a temperature hold.",FREE
IF a message containing a key phrase is sent,", THEN turn ons a temperature hold.",FREE
IF a message containing a key phrase is sent,", THEN turn ons a temperature hold.",FREE
IF a message containing a key phrase is sent,", THEN temporarily boosts freezer cooling.",FREE
IF a message containing a key phrase is sent,", THEN temporarily boosts freezer cooling.",FREE
IF a message containing a key phrase is sent,", THEN temporarily boosts freezer cooling.",FREE
IF a message containing a key phrase is sent,", THEN temporarily boosts freezer cooling.",FREE
IF a message containing a key phrase is sent,", THEN temporarily boosts freezer cooling.",FREE
IF a message containing a key phrase is sent,", THEN sets a comfort profile hold.",FREE
IF a message containing a key phrase is sent,", THEN sets a comfort profile hold.",FREE
IF a message containing a key phrase is sent,", THEN sets a comfort profile hold.",FREE
IF a message containing a key phrase is sent,", THEN sets a comfort profile hold.",FREE
IF a message containing a key phrase is sent,", THEN sets a comfort profile hold.",FREE
IF a message containing a key phrase is sent,", THEN turn ons fresh mode on the appliance.",FREE
IF a message containing a key phrase is sent,", THEN turn ons fresh mode on the appliance.",FREE
IF a message containing a key phrase is sent,", THEN turn ons fresh mode on the appliance.",FREE
IF a message containing a key phrase is sent,", THEN turn ons fresh mode on the appliance.",FREE
IF a message containing a key phrase is sent,", THEN turn ons fresh mode on the appliance.",FREE
IF a message containing a key phrase is sent,", THEN creates a vacation temperature schedule.",FREE
IF a message containing a key phrase is sent,", THEN creates a vacation temperature schedule.",FREE
IF a message containing a key phrase is sent,", THEN creates a vacation temperature schedule.",FREE
IF a message containing a key phrase is sent,", THEN creates a vacation temperature schedule.",FREE
IF a message containing a key phrase is sent,", THEN creates a vacation temperature schedule.",FREE
IF a message containing a key phrase is sent,", THEN decreases room temperature.",FREE
IF a message containing a key phrase is sent,", THEN decreases room temperature.",FREE
IF a message containing a key phrase is sent,", THEN decreases room temperature.",FREE
IF a message containing a key phrase is sent,", THEN decreases room temperature.",FREE
IF a message containing a key phrase is sent,", THEN decreases room temperature.",FREE
IF a message containing a key phrase is sent,", THEN configures thermostat fan mode.",FREE
IF a message containing a key phrase is sent,", THEN configures thermostat fan mode.",FREE
IF a message containing a key phrase is sent,", THEN configures thermostat fan mode.",FREE
IF a message containing a key phrase is sent,", THEN configures thermostat fan mode.",FREE
IF a message containing a key phrase is sent,", THEN configures thermostat fan mode.",FREE
IF a message containing a key phrase is sent,", THEN sets heating mode to scheduled.",FREE
IF a message containing a key phrase is sent,", THEN sets heating mode to scheduled.",FREE
IF a message containing a key phrase is sent,", THEN sets heating mode to scheduled.",FREE
IF a message containing a key phrase is sent,", THEN sets heating mode to scheduled.",FREE
IF a message containing a key phrase is sent,", THEN sets heating mode to scheduled.",FREE
IF a message containing a key phrase is sent,", THEN boosts heating temporarily.",FREE
IF a message containing a key phrase is sent,", THEN boosts heating temporarily.",FREE
IF a message containing a key phrase is sent,", THEN boosts heating temporarily.",FREE
IF a message containing a key phrase is sent,", THEN boosts heating temporarily.",FREE
IF a message containing a key phrase is sent,", THEN boosts heating temporarily.",FREE
IF a message containing a key phrase is sent,", THEN turn ons heating.",FREE
IF a message containing a key phrase is sent,", THEN turn ons heating.",FREE
IF a message containing a key phrase is sent,", THEN turn ons heating.",FREE
IF a message containing a key phrase is sent,", THEN turn ons heating.",FREE
IF a message containing a key phrase is sent,", THEN turn ons heating.",FREE
IF a message containing a key phrase is sent,", THEN sets the freezer temperature.",FREE
IF a message containing a key phrase is sent,", THEN sets the freezer temperature.",FREE
IF a message containing a key phrase is sent,", THEN sets the freezer temperature.",FREE
IF a message containing a key phrase is sent,", THEN sets the freezer temperature.",FREE
IF a message containing a key phrase is sent,", THEN sets the freezer temperature.",FREE
IF a message containing a key phrase is sent,", THEN sets a timed comfort profile hold.",FREE
IF a message containing a key phrase is sent,", THEN sets a timed comfort profile hold.",FREE
IF a message containing a key phrase is sent,", THEN sets a timed comfort profile hold.",FREE
IF a message containing a key phrase is sent,", THEN sets a timed comfort profile hold.",FREE
IF a message containing a key phrase is sent,", THEN sets a timed comfort profile hold.",FREE
IF a message containing a key phrase is sent,", THEN sets cooling mode.",FREE
IF a message containing a key phrase is sent,", THEN sets cooling mode.",FREE
IF a message containing a key phrase is sent,", THEN sets cooling mode.",FREE
IF a message containing a key phrase is sent,", THEN sets cooling mode.",FREE
IF a message containing a key phrase is sent,", THEN sets cooling mode.",FREE
IF a message containing a key phrase is sent,", THEN sets home to away mode.",FREE
IF a message containing a key phrase is sent,", THEN sets home to away mode.",FREE
IF a message containing a key phrase is sent,", THEN sets home to away mode.",FREE
IF a message containing a key phrase is sent,", THEN sets home to away mode.",FREE
IF a message containing a key phrase is sent,", THEN sets home to away mode.",FREE
IF a message containing a key phrase is sent,", THEN sets the thermostat target temperature.",FREE
IF a message containing a key phrase is sent,", THEN sets the thermostat target temperature.",FREE
IF a message containing a key phrase is sent,", THEN sets the thermostat target temperature.",FREE
IF a message containing a key phrase is sent,", THEN sets the thermostat target temperature.",FREE
IF a message containing a key phrase is sent,", THEN sets the thermostat target temperature.",FREE
IF a message containing a key phrase is sent,", THEN enables a temperature hold.",FREE
IF a message containing a key phrase is sent,", THEN enables a temperature hold.",FREE
IF a message containing a key phrase is sent,", THEN enables a temperature hold.",FREE
IF a message containing a key phrase is sent,", THEN enables a temperature hold.",FREE
IF a message containing a key phrase is sent,", THEN enables a temperature hold.",FREE
IF a message containing a key phrase is sent,", THEN switches off the electric switch.",FREE
IF a message containing a key phrase is sent,", THEN switches off the electric switch.",FREE
IF a message containing a key phrase is sent,", THEN switches off the electric switch.",FREE
IF a message containing a key phrase is sent,", THEN switches off the electric switch.",FREE
IF a message containing a key phrase is sent,", THEN switches off the electric switch.",FREE
IF a message containing a key phrase is sent,", THEN turn ons eco mode on the appliance.",FREE
IF a message containing a key phrase is sent,", THEN turn ons eco mode on the appliance.",FREE
IF a message containing a key phrase is sent,", THEN turn ons eco mode on the appliance.",FREE
IF a message containing a key phrase is sent,", THEN turn ons eco mode on the appliance.",FREE
IF a message containing a key phrase is sent,", THEN turn ons eco mode on the appliance.",FREE
IF a message containing a key phrase is sent,", THEN sets heating mode.",FREE
IF a message containing a key phrase is sent,", THEN sets heating mode.",FREE
IF a message containing a key phrase is sent,", THEN sets heating mode.",FREE
IF a message containing a key phrase is sent,", THEN sets heating mode.",FREE
IF a message containing a key phrase is sent,", THEN sets heating mode.",FREE
IF a message containing a key phrase is sent,", THEN sets thermostat group mode.",FREE
IF a message containing a key phrase is sent,", THEN sets thermostat group mode.",FREE
IF a message containing a key phrase is sent,", THEN sets thermostat group mode.",FREE
IF a message containing a key phrase is sent,", THEN sets thermostat group mode.",FREE
IF a message containing a key phrase is sent,", THEN sets thermostat group mode.",FREE
IF a message containing a key phrase is sent,", THEN turns on the air conditioner and configures settings.",FREE
IF a message containing a key phrase is sent,", THEN turns on the air conditioner and configures settings.",FREE
IF a message containing a key phrase is sent,", THEN turns on the air conditioner and configures settings.",FREE
IF a message containing a key phrase is sent,", THEN turns on the air conditioner and configures settings.",FREE
IF a message containing a key phrase is sent,", THEN turns on the air conditioner and configures settings.",FREE
IF a message containing a key phrase is sent,", THEN restores default heating schedule.",FREE
IF a message containing a key phrase is sent,", THEN restores default heating schedule.",FREE
IF a message containing a key phrase is sent,", THEN restores default heating schedule.",FREE
IF a message containing a key phrase is sent,", THEN restores default heating schedule.",FREE
IF a message containing a key phrase is sent,", THEN restores default heating schedule.",FREE
IF a message containing a key phrase is sent,", THEN turns off heating.",FREE
IF a message containing a key phrase is sent,", THEN turns off heating.",FREE
IF a message containing a key phrase is sent,", THEN turns off heating.",FREE
IF a message containing a key phrase is sent,", THEN turns off heating.",FREE
IF a message containing a key phrase is sent,", THEN turns off heating.",FREE
IF a message containing a key phrase is sent,", THEN cancels the current thermostat event.",FREE
IF a message containing a key phrase is sent,", THEN cancels the current thermostat event.",FREE
IF a message containing a key phrase is sent,", THEN cancels the current thermostat event.",FREE
IF a message containing a key phrase is sent,", THEN cancels the current thermostat event.",FREE
IF a message containing a key phrase is sent,", THEN cancels the current thermostat event.",FREE
IF a message containing a key phrase is sent,", THEN resumes the programmed schedule.",FREE
IF a message containing a key phrase is sent,", THEN resumes the programmed schedule.",FREE
IF a message containing a key phrase is sent,", THEN resumes the programmed schedule.",FREE
IF a message containing a key phrase is sent,", THEN resumes the programmed schedule.",FREE
IF a message containing a key phrase is sent,", THEN resumes the programmed schedule.",FREE
IF a message containing a key phrase is sent,", THEN starts heating.",FREE
IF a message containing a key phrase is sent,", THEN starts heating.",FREE
IF a message containing a key phrase is sent,", THEN starts heating.",FREE
IF a message containing a key phrase is sent,", THEN starts heating.",FREE
IF a message containing a key phrase is sent,", THEN starts heating.",FREE
IF a message containing a key phrase is sent,", THEN sets the water heater temperature.",FREE
IF a message containing a key phrase is sent,", THEN sets the water heater temperature.",FREE
IF a message containing a key phrase is sent,", THEN sets the water heater temperature.",FREE
IF a message containing a key phrase is sent,", THEN sets the water heater temperature.",FREE
IF a message containing a key phrase is sent,", THEN sets the water heater temperature.",FREE
IF a message containing a key phrase is sent,", THEN starts frost protection mode.",FREE
IF a message containing a key phrase is sent,", THEN starts frost protection mode.",FREE
IF a message containing a key phrase is sent,", THEN starts frost protection mode.",FREE
IF a message containing a key phrase is sent,", THEN starts frost protection mode.",FREE
IF a message containing a key phrase is sent,", THEN starts frost protection mode.",FREE
IF a message containing a key phrase is sent,", THEN activates a temperature hold.",FREE
IF a message containing a key phrase is sent,", THEN activates a temperature hold.",FREE
IF a message containing a key phrase is sent,", THEN activates a temperature hold.",FREE
IF a message containing a key phrase is sent,", THEN activates a temperature hold.",FREE
IF a message containing a key phrase is sent,", THEN activates a temperature hold.",FREE
IF a message containing a key phrase is sent,", THEN activates frost protection mode.",FREE
IF a message containing a key phrase is sent,", THEN activates frost protection mode.",FREE
IF a message containing a key phrase is sent,", THEN activates frost protection mode.",FREE
IF a message containing a key phrase is sent,", THEN activates frost protection mode.",FREE
IF a message containing a key phrase is sent,", THEN activates frost protection mode.",FREE
IF a message containing a key phrase is sent,", THEN stop the thermostat.",FREE
IF a message containing a key phrase is sent,", THEN stop the thermostat.",FREE
IF a message containing a key phrase is sent,", THEN stop the thermostat.",FREE
IF a message containing a key phrase is sent,", THEN stop the thermostat.",FREE
IF a message containing a key phrase is sent,", THEN stop the thermostat.",FREE
IF a message containing a key phrase is sent,", THEN sets the room temperature.",FREE
IF a message containing a key phrase is sent,", THEN sets the room temperature.",FREE
IF a message containing a key phrase is sent,", THEN sets the room temperature.",FREE
IF a message containing a key phrase is sent,", THEN sets the room temperature.",FREE
IF a message containing a key phrase is sent,", THEN sets the room temperature.",FREE
IF a message containing a key phrase is sent,", THEN sets the refrigerator temperature.",FREE
IF a message containing a key phrase is sent,", THEN sets the refrigerator temperature.",FREE
IF a message containing a key phrase is sent,", THEN sets the refrigerator temperature.",FREE
IF a message containing a key phrase is sent,", THEN sets the refrigerator temperature.",FREE
IF a message containing a key phrase is sent,", THEN sets the refrigerator temperature.",FREE
IF a message containing a key phrase is sent,", THEN cancels standby mode.",FREE
IF a message containing a key phrase is sent,", THEN cancels standby mode.",FREE
IF a message containing a key phrase is sent,", THEN cancels standby mode.",FREE
IF a message containing a key phrase is sent,", THEN cancels standby mode.",FREE
IF a message containing a key phrase is sent,", THEN cancels standby mode.",FREE
IF a message containing a key phrase is sent,", THEN starts eco mode on the appliance.",FREE
IF a message containing a key phrase is sent,", THEN starts eco mode on the appliance.",FREE
IF a message containing a key phrase is sent,", THEN starts eco mode on the appliance.",FREE
IF a message containing a key phrase is sent,", THEN starts eco mode on the appliance.",FREE
IF a message containing a key phrase is sent,", THEN starts eco mode on the appliance.",FREE
IF a message containing a key phrase is sent,", THEN sets the thermostat to manual mode at a fixed temperature.",FREE
IF a message containing a key phrase is sent,", THEN sets the thermostat to manual mode at a fixed temperature.",FREE
IF a message containing a key phrase is sent,", THEN sets the thermostat to manual mode at a fixed temperature.",FREE
IF a message containing a key phrase is sent,", THEN sets the thermostat to manual mode at a fixed temperature.",FREE
IF a message containing a key phrase is sent,", THEN sets the thermostat to manual mode at a fixed temperature.",FREE
IF a message containing a key phrase is sent,", THEN sets the temperature on the Heatmiser thermostat.",FREE
IF a message containing a key phrase is sent,", THEN sets the temperature on the Heatmiser thermostat.",FREE
IF a message containing a key phrase is sent,", THEN sets the temperature on the Heatmiser thermostat.",FREE
IF a message containing a key phrase is sent,", THEN sets the temperature on the Heatmiser thermostat.",FREE
IF a message containing a key phrase is sent,", THEN sets the temperature on the Heatmiser thermostat.",FREE
IF a message containing a key phrase is sent,", THEN turns on the Aros air conditioner.",FREE
IF a message containing a key phrase is sent,", THEN turns on the Aros air conditioner.",FREE
IF a message containing a key phrase is sent,", THEN turns on the Aros air conditioner.",FREE
IF a message containing a key phrase is sent,", THEN turns on the Aros air conditioner.",FREE
IF a message containing a key phrase is sent,", THEN turns on the Aros air conditioner.",FREE
IF a message containing a key phrase is sent,", THEN boosts hot water temporarily.",FREE
IF a message containing a key phrase is sent,", THEN boosts hot water temporarily.",FREE
IF a message containing a key phrase is sent,", THEN boosts hot water temporarily.",FREE
IF a message containing a key phrase is sent,", THEN boosts hot water temporarily.",FREE
IF a message containing a key phrase is sent,", THEN boosts hot water temporarily.",FREE
IF a message containing a key phrase is sent,", THEN sets the heating mode.",FREE
IF a message containing a key phrase is sent,", THEN sets the heating mode.",FREE
IF a message containing a key phrase is sent,", THEN sets the heating mode.",FREE
IF a message containing a key phrase is sent,", THEN sets the heating mode.",FREE
IF a message containing a key phrase is sent,", THEN sets the heating mode.",FREE
IF a message containing a key phrase is sent,", THEN enables eco mode on the appliance.",FREE
IF a message containing a key phrase is sent,", THEN enables eco mode on the appliance.",FREE
IF a message containing a key phrase is sent,", THEN enables eco mode on the appliance.",FREE
IF a message containing a key phrase is sent,", THEN enables eco mode on the appliance.",FREE
IF a message containing a key phrase is sent,", THEN enables eco mode on the appliance.",FREE
IF a message containing a key phrase is sent,", THEN sets the TRV temperature.",FREE
IF a message containing a key phrase is sent,", THEN sets the TRV temperature.",FREE
IF a message containing a key phrase is sent,", THEN sets the TRV temperature.",FREE
IF a message containing a key phrase is sent,", THEN sets the TRV temperature.",FREE
IF a message containing a key phrase is sent,", THEN sets the TRV temperature.",FREE
IF a message containing a key phrase is sent,", THEN increases room temperature.",FREE
IF a message containing a key phrase is sent,", THEN increases room temperature.",FREE
IF a message containing a key phrase is sent,", THEN increases room temperature.",FREE
IF a message containing a key phrase is sent,", THEN increases room temperature.",FREE
IF a message containing a key phrase is sent,", THEN increases room temperature.",FREE
IF a message containing a key phrase is sent,", THEN activates eco mode on the appliance.",FREE
IF a message containing a key phrase is sent,", THEN activates eco mode on the appliance.",FREE
IF a message containing a key phrase is sent,", THEN activates eco mode on the appliance.",FREE
IF a message containing a key phrase is sent,", THEN activates eco mode on the appliance.",FREE
IF a message containing a key phrase is sent,", THEN activates eco mode on the appliance.",FREE
IF a message containing a key phrase is sent,", THEN sets the target temperature on the window air conditioner.",FREE
IF a message containing a key phrase is sent,", THEN sets the target temperature on the window air conditioner.",FREE
IF a message containing a key phrase is sent,", THEN sets the target temperature on the window air conditioner.",FREE
IF a message containing a key phrase is sent,", THEN sets the target temperature on the window air conditioner.",FREE
IF a message containing a key phrase is sent,", THEN sets the target temperature on the window air conditioner.",FREE
IF a message containing a key phrase is sent,", THEN activates vacation mode.",FREE
IF a message containing a key phrase is sent,", THEN activates vacation mode.",FREE
IF a message containing a key phrase is sent,", THEN activates vacation mode.",FREE
IF a message containing a key phrase is sent,", THEN activates vacation mode.",FREE
IF a message containing a key phrase is sent,", THEN activates vacation mode.",FREE
IF a message containing a key phrase is sent,", THEN disable the thermostat.",FREE
IF a message containing a key phrase is sent,", THEN disable the thermostat.",FREE
IF a message containing a key phrase is sent,", THEN disable the thermostat.",FREE
IF a message containing a key phrase is sent,", THEN disable the thermostat.",FREE
IF a message containing a key phrase is sent,", THEN disable the thermostat.",FREE
IF a message containing a key phrase is sent,", THEN sets the thermostat temperature.",FREE
IF a message containing a key phrase is sent,", THEN sets the thermostat temperature.",FREE
IF a message containing a key phrase is sent,", THEN sets the thermostat temperature.",FREE
IF a message containing a key phrase is sent,", THEN sets the thermostat temperature.",FREE
IF a message containing a key phrase is sent,", THEN sets the thermostat temperature.",FREE
IF a message containing a key phrase is sent,", THEN the thermostat to the temperature you specify.",FREE
IF a message containing a key phrase is sent,", THEN the thermostat to the temperature you specify.",FREE
IF a message containing a key phrase is sent,", THEN the thermostat to the temperature you specify.",FREE
IF a message containing a key phrase is sent,", THEN the thermostat to the temperature you specify.",FREE
IF a message containing a key phrase is sent,", THEN the thermostat to the temperature you specify.",FREE
IF a message containing a key phrase is sent,", THEN enables frost protection mode.",FREE
IF a message containing a key phrase is sent,", THEN enables frost protection mode.",FREE
IF a message containing a key phrase is sent,", THEN enables frost protection mode.",FREE
IF a message containing a key phrase is sent,", THEN enables frost protection mode.",FREE
IF a message containing a key phrase is sent,", THEN enables frost protection mode.",FREE
IF a message containing a key phrase is sent,", THEN starts vacation mode.",FREE
IF a message containing a key phrase is sent,", THEN starts vacation mode.",FREE
IF a message containing a key phrase is sent,", THEN starts vacation mode.",FREE
IF a message containing a key phrase is sent,", THEN starts vacation mode.",FREE
IF a message containing a key phrase is sent,", THEN starts vacation mode.",FREE
IF a message containing a key phrase is sent,", THEN sets the thermostat mode.",FREE
IF a message containing a key phrase is sent,", THEN sets the thermostat mode.",FREE
IF a message containing a key phrase is sent,", THEN sets the thermostat mode.",FREE
IF a message containing a key phrase is sent,", THEN sets the thermostat mode.",FREE
IF a message containing a key phrase is sent,", THEN sets the thermostat mode.",FREE
IF a message containing a key phrase is sent,", THEN turn ons heating at a preferred temperature.",FREE
IF a message containing a key phrase is sent,", THEN turn ons heating at a preferred temperature.",FREE
IF a message containing a key phrase is sent,", THEN turn ons heating at a preferred temperature.",FREE
IF a message containing a key phrase is sent,", THEN turn ons heating at a preferred temperature.",FREE
IF a message containing a key phrase is sent,", THEN turn ons heating at a preferred temperature.",FREE
IF a message containing a key phrase is sent,", THEN turns heating mode off.",FREE
IF a message containing a key phrase is sent,", THEN turns heating mode off.",FREE
IF a message containing a key phrase is sent,", THEN turns heating mode off.",FREE
IF a message containing a key phrase is sent,", THEN turns heating mode off.",FREE
IF a message containing a key phrase is sent,", THEN turns heating mode off.",FREE
IF a message containing a key phrase is sent,", THEN starts heating at a preferred temperature.",FREE
IF a message containing a key phrase is sent,", THEN starts heating at a preferred temperature.",FREE
IF a message containing a key phrase is sent,", THEN starts heating at a preferred temperature.",FREE
IF a message containing a key phrase is sent,", THEN starts heating at a preferred temperature.",FREE
IF a message containing a key phrase is sent,", THEN starts heating at a preferred temperature.",FREE
IF a message containing a key phrase is sent,", THEN turn ons frost protection mode.",FREE
IF a message containing a key phrase is sent,", THEN turn ons frost protection mode.",FREE
IF a message containing a key phrase is sent,", THEN turn ons frost protection mode.",FREE
IF a message containing a key phrase is sent,", THEN turn ons frost protection mode.",FREE
IF a message containing a key phrase is sent,", THEN turn ons frost protection mode.",FREE
IF a message containing a key phrase is sent,", THEN turn off the thermostat.",FREE
IF a message containing a key phrase is sent,", THEN turn off the thermostat.",FREE
IF a message containing a key phrase is sent,", THEN turn off the thermostat.",FREE
IF a message containing a key phrase is sent,", THEN turn off the thermostat.",FREE
IF a message containing a key phrase is sent,", THEN turn off the thermostat.",FREE
IF a message containing a key phrase is sent,", THEN activates fresh mode on the appliance.",FREE
IF a message containing a key phrase is sent,", THEN activates fresh mode on the appliance.",FREE
IF a message containing a key phrase is sent,", THEN activates fresh mode on the appliance.",FREE
IF a message containing a key phrase is sent,", THEN activates fresh mode on the appliance.",FREE
IF a message containing a key phrase is sent,", THEN activates fresh mode on the appliance.",FREE
IF a message containing a key phrase is sent,", THEN updates the thermostat schedule.",FREE
IF a message containing a key phrase is sent,", THEN updates the thermostat schedule.",FREE
IF a message containing a key phrase is sent,", THEN updates the thermostat schedule.",FREE
IF a message containing a key phrase is sent,", THEN updates the thermostat schedule.",FREE
IF a message containing a key phrase is sent,", THEN updates the thermostat schedule.",FREE
IF a message containing a key phrase is sent,", THEN turns on the air conditioner.",FREE
IF a message containing a key phrase is sent,", THEN turns on the air conditioner.",FREE
IF a message containing a key phrase is sent,", THEN turns on the air conditioner.",FREE
IF a message containing a key phrase is sent,", THEN turns on the air conditioner.",FREE
IF a message containing a key phrase is sent,", THEN turns on the air conditioner.",FREE
IF a message containing a key phrase is sent,", THEN activates standby mode.",FREE
IF a message containing a key phrase is sent,", THEN activates standby mode.",FREE
IF a message containing a key phrase is sent,", THEN activates standby mode.",FREE
IF a message containing a key phrase is sent,", THEN activates standby mode.",FREE
IF a message containing a key phrase is sent,", THEN activates standby mode.",FREE
IF a message containing a key phrase is sent,", THEN temporarily boosts refrigerator cooling.",FREE
IF a message containing a key phrase is sent,", THEN temporarily boosts refrigerator cooling.",FREE
IF a message containing a key phrase is sent,", THEN temporarily boosts refrigerator cooling.",FREE
IF a message containing a key phrase is sent,", THEN temporarily boosts refrigerator cooling.",FREE
IF a message containing a key phrase is sent,", THEN temporarily boosts refrigerator cooling.",FREE
IF a smart device is switched off,", THEN turn ons a temperature hold.",FREE
IF a smart device is switched off,", THEN turn ons a temperature hold.",FREE
IF a smart device is switched off,", THEN turn ons a temperature hold.",FREE
IF a smart device is switched off,", THEN turn ons a temperature hold.",FREE
IF a smart device is switched off,", THEN turn ons a temperature hold.",FREE
IF a smart device is switched off,", THEN temporarily boosts freezer cooling.",FREE
IF a smart device is switched off,", THEN temporarily boosts freezer cooling.",FREE
IF a smart device is switched off,", THEN temporarily boosts freezer cooling.",FREE
IF a smart device is switched off,", THEN temporarily boosts freezer cooling.",FREE
IF a smart device is switched off,", THEN temporarily boosts freezer cooling.",FREE
IF a smart device is switched off,", THEN sets a comfort profile hold.",FREE
IF a smart device is switched off,", THEN sets a comfort profile hold.",FREE
IF a smart device is switched off,", THEN sets a comfort profile hold.",FREE
IF a smart device is switched off,", THEN sets a comfort profile hold.",FREE
IF a smart device is switched off,", THEN sets a comfort profile hold.",FREE
IF a smart device is switched off,", THEN turn ons fresh mode on the appliance.",FREE
IF a smart device is switched off,", THEN turn ons fresh mode on the appliance.",FREE
IF a smart device is switched off,", THEN turn ons fresh mode on the appliance.",FREE
IF a smart device is switched off,", THEN turn ons fresh mode on the appliance.",FREE
IF a smart device is switched off,", THEN turn ons fresh mode on the appliance.",FREE
IF a smart device is switched off,", THEN creates a vacation temperature schedule.",FREE
IF a smart device is switched off,", THEN creates a vacation temperature schedule.",FREE
IF a smart device is switched off,", THEN creates a vacation temperature schedule.",FREE
IF a smart device is switched off,", THEN creates a vacation temperature schedule.",FREE
IF a smart device is switched off,", THEN creates a vacation temperature schedule.",FREE
IF a smart device is switched off,", THEN decreases room temperature.",FREE
IF a smart device is switched off,", THEN decreases room temperature.",FREE
IF a smart device is switched off,", THEN decreases room temperature.",FREE
IF a smart device is switched off,", THEN decreases room temperature.",FREE
IF a smart device is switched off,", THEN decreases room temperature.",FREE
IF a smart device is switched off,", THEN configures thermostat fan mode.",FREE
IF a smart device is switched off,", THEN configures thermostat fan mode.",FREE
IF a smart device is switched off,", THEN configures thermostat fan mode.",FREE
IF a smart device is switched off,", THEN configures thermostat fan mode.",FREE
IF a smart device is switched off,", THEN configures thermostat fan mode.",FREE
IF a smart device is switched off,", THEN sets heating mode to scheduled.",FREE
IF a smart device is switched off,", THEN sets heating mode to scheduled.",FREE
IF a smart device is switched off,", THEN sets heating mode to scheduled.",FREE
IF a smart device is switched off,", THEN sets heating mode to scheduled.",FREE
IF a smart device is switched off,", THEN sets heating mode to scheduled.",FREE
IF a smart device is switched off,", THEN boosts heating temporarily.",FREE
IF a smart device is switched off,", THEN boosts heating temporarily.",FREE
IF a smart device is switched off,", THEN boosts heating temporarily.",FREE
IF a smart device is switched off,", THEN boosts heating temporarily.",FREE
IF a smart device is switched off,", THEN boosts heating temporarily.",FREE
IF a smart device is switched off,", THEN turn ons heating.",FREE
IF a smart device is switched off,", THEN turn ons heating.",FREE
IF a smart device is switched off,", THEN turn ons heating.",FREE
IF a smart device is switched off,", THEN turn ons heating.",FREE
IF a smart device is switched off,", THEN turn ons heating.",FREE
IF a smart device is switched off,", THEN sets the freezer temperature.",FREE
IF a smart device is switched off,", THEN sets the freezer temperature.",FREE
IF a smart device is switched off,", THEN sets the freezer temperature.",FREE
IF a smart device is switched off,", THEN sets the freezer temperature.",FREE
IF a smart device is switched off,", THEN sets the freezer temperature.",FREE
IF a smart device is switched off,", THEN sets a timed comfort profile hold.",FREE
IF a smart device is switched off,", THEN sets a timed comfort profile hold.",FREE
IF a smart device is switched off,", THEN sets a timed comfort profile hold.",FREE
IF a smart device is switched off,", THEN sets a timed comfort profile hold.",FREE
IF a smart device is switched off,", THEN sets a timed comfort profile hold.",FREE
IF a smart device is switched off,", THEN sets cooling mode.",FREE
IF a smart device is switched off,", THEN sets cooling mode.",FREE
IF a smart device is switched off,", THEN sets cooling mode.",FREE
IF a smart device is switched off,", THEN sets cooling mode.",FREE
IF a smart device is switched off,", THEN sets cooling mode.",FREE
IF a smart device is switched off,", THEN sets home to away mode.",FREE
IF a smart device is switched off,", THEN sets home to away mode.",FREE
IF a smart device is switched off,", THEN sets home to away mode.",FREE
IF a smart device is switched off,", THEN sets home to away mode.",FREE
IF a smart device is switched off,", THEN sets home to away mode.",FREE
IF a smart device is switched off,", THEN sets the thermostat target temperature.",FREE
IF a smart device is switched off,", THEN sets the thermostat target temperature.",FREE
IF a smart device is switched off,", THEN sets the thermostat target temperature.",FREE
IF a smart device is switched off,", THEN sets the thermostat target temperature.",FREE
IF a smart device is switched off,", THEN sets the thermostat target temperature.",FREE
IF a smart device is switched off,", THEN enables a temperature hold.",FREE
IF a smart device is switched off,", THEN enables a temperature hold.",FREE
IF a smart device is switched off,", THEN enables a temperature hold.",FREE
IF a smart device is switched off,", THEN enables a temperature hold.",FREE
IF a smart device is switched off,", THEN enables a temperature hold.",FREE
IF a smart device is switched off,", THEN switches off the electric switch.",FREE
IF a smart device is switched off,", THEN switches off the electric switch.",FREE
IF a smart device is switched off,", THEN switches off the electric switch.",FREE
IF a smart device is switched off,", THEN switches off the electric switch.",FREE
IF a smart device is switched off,", THEN switches off the electric switch.",FREE
IF a smart device is switched off,", THEN turn ons eco mode on the appliance.",FREE
IF a smart device is switched off,", THEN turn ons eco mode on the appliance.",FREE
IF a smart device is switched off,", THEN turn ons eco mode on the appliance.",FREE
IF a smart device is switched off,", THEN turn ons eco mode on the appliance.",FREE
IF a smart device is switched off,", THEN turn ons eco mode on the appliance.",FREE
IF a smart device is switched off,", THEN sets heating mode.",FREE
IF a smart device is switched off,", THEN sets heating mode.",FREE
IF a smart device is switched off,", THEN sets heating mode.",FREE
IF a smart device is switched off,", THEN sets heating mode.",FREE
IF a smart device is switched off,", THEN sets heating mode.",FREE
IF a smart device is switched off,", THEN sets thermostat group mode.",FREE
IF a smart device is switched off,", THEN sets thermostat group mode.",FREE
IF a smart device is switched off,", THEN sets thermostat group mode.",FREE
IF a smart device is switched off,", THEN sets thermostat group mode.",FREE
IF a smart device is switched off,", THEN sets thermostat group mode.",FREE
IF a smart device is switched off,", THEN turns on the air conditioner and configures settings.",FREE
IF a smart device is switched off,", THEN turns on the air conditioner and configures settings.",FREE
IF a smart device is switched off,", THEN turns on the air conditioner and configures settings.",FREE
IF a smart device is switched off,", THEN turns on the air conditioner and configures settings.",FREE
IF a smart device is switched off,", THEN turns on the air conditioner and configures settings.",FREE
IF a smart device is switched off,", THEN restores default heating schedule.",FREE
IF a smart device is switched off,", THEN restores default heating schedule.",FREE
IF a smart device is switched off,", THEN restores default heating schedule.",FREE
IF a smart device is switched off,", THEN restores default heating schedule.",FREE
IF a smart device is switched off,", THEN restores default heating schedule.",FREE
IF a smart device is switched off,", THEN turns off heating.",FREE
IF a smart device is switched off,", THEN turns off heating.",FREE
IF a smart device is switched off,", THEN turns off heating.",FREE
IF a smart device is switched off,", THEN turns off heating.",FREE
IF a smart device is switched off,", THEN turns off heating.",FREE
IF a smart device is switched off,", THEN cancels the current thermostat event.",FREE
IF a smart device is switched off,", THEN cancels the current thermostat event.",FREE
IF a smart device is switched off,", THEN cancels the current thermostat event.",FREE
IF a smart device is switched off,", THEN cancels the current thermostat event.",FREE
IF a smart device is switched off,", THEN cancels the current thermostat event.",FREE
IF a smart device is switched off,", THEN resumes the programmed schedule.",FREE
IF a smart device is switched off,", THEN resumes the programmed schedule.",FREE
IF a smart device is switched off,", THEN resumes the programmed schedule.",FREE
IF a smart device is switched off,", THEN resumes the programmed schedule.",FREE
IF a smart device is switched off,", THEN resumes the programmed schedule.",FREE
IF a smart device is switched off,", THEN starts heating.",FREE
IF a smart device is switched off,", THEN starts heating.",FREE
IF a smart device is switched off,", THEN starts heating.",FREE
IF a smart device is switched off,", THEN starts heating.",FREE
IF a smart device is switched off,", THEN starts heating.",FREE
IF a smart device is switched off,", THEN sets the water heater temperature.",FREE
IF a smart device is switched off,", THEN sets the water heater temperature.",FREE
IF a smart device is switched off,", THEN sets the water heater temperature.",FREE
IF a smart device is switched off,", THEN sets the water heater temperature.",FREE
IF a smart device is switched off,", THEN sets the water heater temperature.",FREE
IF a smart device is switched off,", THEN starts frost protection mode.",FREE
IF a smart device is switched off,", THEN starts frost protection mode.",FREE
IF a smart device is switched off,", THEN starts frost protection mode.",FREE
IF a smart device is switched off,", THEN starts frost protection mode.",FREE
IF a smart device is switched off,", THEN starts frost protection mode.",FREE
IF a smart device is switched off,", THEN activates a temperature hold.",FREE
IF a smart device is switched off,", THEN activates a temperature hold.",FREE
IF a smart device is switched off,", THEN activates a temperature hold.",FREE
IF a smart device is switched off,", THEN activates a temperature hold.",FREE
IF a smart device is switched off,", THEN activates a temperature hold.",FREE
IF a smart device is switched off,", THEN activates frost protection mode.",FREE
IF a smart device is switched off,", THEN activates frost protection mode.",FREE
IF a smart device is switched off,", THEN activates frost protection mode.",FREE
IF a smart device is switched off,", THEN activates frost protection mode.",FREE
IF a smart device is switched off,", THEN activates frost protection mode.",FREE
IF a smart device is switched off,", THEN stop the thermostat.",FREE
IF a smart device is switched off,", THEN stop the thermostat.",FREE
IF a smart device is switched off,", THEN stop the thermostat.",FREE
IF a smart device is switched off,", THEN stop the thermostat.",FREE
IF a smart device is switched off,", THEN stop the thermostat.",FREE
IF a smart device is switched off,", THEN sets the room temperature.",FREE
IF a smart device is switched off,", THEN sets the room temperature.",FREE
IF a smart device is switched off,", THEN sets the room temperature.",FREE
IF a smart device is switched off,", THEN sets the room temperature.",FREE
IF a smart device is switched off,", THEN sets the room temperature.",FREE
IF a smart device is switched off,", THEN sets the refrigerator temperature.",FREE
IF a smart device is switched off,", THEN sets the refrigerator temperature.",FREE
IF a smart device is switched off,", THEN sets the refrigerator temperature.",FREE
IF a smart device is switched off,", THEN sets the refrigerator temperature.",FREE
IF a smart device is switched off,", THEN sets the refrigerator temperature.",FREE
IF a smart device is switched off,", THEN cancels standby mode.",FREE
IF a smart device is switched off,", THEN cancels standby mode.",FREE
IF a smart device is switched off,", THEN cancels standby mode.",FREE
IF a smart device is switched off,", THEN cancels standby mode.",FREE
IF a smart device is switched off,", THEN cancels standby mode.",FREE
IF a smart device is switched off,", THEN starts eco mode on the appliance.",FREE
IF a smart device is switched off,", THEN starts eco mode on the appliance.",FREE
IF a smart device is switched off,", THEN starts eco mode on the appliance.",FREE
IF a smart device is switched off,", THEN starts eco mode on the appliance.",FREE
IF a smart device is switched off,", THEN starts eco mode on the appliance.",FREE
IF a smart device is switched off,", THEN sets the thermostat to manual mode at a fixed temperature.",FREE
IF a smart device is switched off,", THEN sets the thermostat to manual mode at a fixed temperature.",FREE
IF a smart device is switched off,", THEN sets the thermostat to manual mode at a fixed temperature.",FREE
IF a smart device is switched off,", THEN sets the thermostat to manual mode at a fixed temperature.",FREE
IF a smart device is switched off,", THEN sets the thermostat to manual mode at a fixed temperature.",FREE
IF a smart device is switched off,", THEN sets the temperature on the Heatmiser thermostat.",FREE
IF a smart device is switched off,", THEN sets the temperature on the Heatmiser thermostat.",FREE
IF a smart device is switched off,", THEN sets the temperature on the Heatmiser thermostat.",FREE
IF a smart device is switched off,", THEN sets the temperature on the Heatmiser thermostat.",FREE
IF a smart device is switched off,", THEN sets the temperature on the Heatmiser thermostat.",FREE
IF a smart device is switched off,", THEN turns on the Aros air conditioner.",FREE
IF a smart device is switched off,", THEN turns on the Aros air conditioner.",FREE
IF a smart device is switched off,", THEN turns on the Aros air conditioner.",FREE
IF a smart device is switched off,", THEN turns on the Aros air conditioner.",FREE
IF a smart device is switched off,", THEN turns on the Aros air conditioner.",FREE
IF a smart device is switched off,", THEN boosts hot water temporarily.",FREE
IF a smart device is switched off,", THEN boosts hot water temporarily.",FREE
IF a smart device is switched off,", THEN boosts hot water temporarily.",FREE
IF a smart device is switched off,", THEN boosts hot water temporarily.",FREE
IF a smart device is switched off,", THEN boosts hot water temporarily.",FREE
IF a smart device is switched off,", THEN sets the heating mode.",FREE
IF a smart device is switched off,", THEN sets the heating mode.",FREE
IF a smart device is switched off,", THEN sets the heating mode.",FREE
IF a smart device is switched off,", THEN sets the heating mode.",FREE
IF a smart device is switched off,", THEN sets the heating mode.",FREE
IF a smart device is switched off,", THEN enables eco mode on the appliance.",FREE
IF a smart device is switched off,", THEN enables eco mode on the appliance.",FREE
IF a smart device is switched off,", THEN enables eco mode on the appliance.",FREE
IF a smart device is switched off,", THEN enables eco mode on the appliance.",FREE
IF a smart device is switched off,", THEN enables eco mode on the appliance.",FREE
IF a smart device is switched off,", THEN sets the TRV temperature.",FREE
IF a smart device is switched off,", THEN sets the TRV temperature.",FREE
IF a smart device is switched off,", THEN sets the TRV temperature.",FREE
IF a smart device is switched off,", THEN sets the TRV temperature.",FREE
IF a smart device is switched off,", THEN sets the TRV temperature.",FREE
IF a smart device is switched off,", THEN increases room temperature.",FREE
IF a smart device is switched off,", THEN increases room temperature.",FREE
IF a smart device is switched off,", THEN increases room temperature.",FREE
IF a smart device is switched off,", THEN increases room temperature.",FREE
IF a smart device is switched off,", THEN increases room temperature.",FREE
IF a smart device is switched off,", THEN activates eco mode on the appliance.",FREE
IF a smart device is switched off,", THEN activates eco mode on the appliance.",FREE
IF a smart device is switched off,", THEN activates eco mode on the appliance.",FREE
IF a smart device is switched off,", THEN activates eco mode on the appliance.",FREE
IF a smart device is switched off,", THEN activates eco mode on the appliance.",FREE
IF a smart device is switched off,", THEN sets the target temperature on the window air conditioner.",FREE
IF a smart device is switched off,", THEN sets the target temperature on the window air conditioner.",FREE
IF a smart device is switched off,", THEN sets the target temperature on the window air conditioner.",FREE
IF a smart device is switched off,", THEN sets the target temperature on the window air conditioner.",FREE
IF a smart device is switched off,", THEN sets the target temperature on the window air conditioner.",FREE
IF a smart device is switched off,", THEN activates vacation mode.",FREE
IF a smart device is switched off,", THEN activates vacation mode.",FREE
IF a smart device is switched off,", THEN activates vacation mode.",FREE
IF a smart device is switched off,", THEN activates vacation mode.",FREE
IF a smart device is switched off,", THEN activates vacation mode.",FREE
IF a smart device is switched off,", THEN disable the thermostat.",FREE
IF a smart device is switched off,", THEN disable the thermostat.",FREE
IF a smart device is switched off,", THEN disable the thermostat.",FREE
IF a smart device is switched off,", THEN disable the thermostat.",FREE
IF a smart device is switched off,", THEN disable the thermostat.",FREE
IF a smart device is switched off,", THEN sets the thermostat temperature.",FREE
IF a smart device is switched off,", THEN sets the thermostat temperature.",FREE
IF a smart device is switched off,", THEN sets the thermostat temperature.",FREE
IF a smart device is switched off,", THEN sets the thermostat temperature.",FREE
IF a smart device is switched off,", THEN sets the thermostat temperature.",FREE
IF a smart device is switched off,", THEN the thermostat to the temperature you specify.",FREE
IF a smart device is switched off,", THEN the thermostat to the temperature you specify.",FREE
IF a smart device is switched off,", THEN the thermostat to the temperature you specify.",FREE
IF a smart device is switched off,", THEN the thermostat to the temperature you specify.",FREE
IF a smart device is switched off,", THEN the thermostat to the temperature you specify.",FREE
IF a smart device is switched off,", THEN enables frost protection mode.",FREE
IF a smart device is switched off,", THEN enables frost protection mode.",FREE
IF a smart device is switched off,", THEN enables frost protection mode.",FREE
IF a smart device is switched off,", THEN enables frost protection mode.",FREE
IF a smart device is switched off,", THEN enables frost protection mode.",FREE
IF a smart device is switched off,", THEN starts vacation mode.",FREE
IF a smart device is switched off,", THEN starts vacation mode.",FREE
IF a smart device is switched off,", THEN starts vacation mode.",FREE
IF a smart device is switched off,", THEN starts vacation mode.",FREE
IF a smart device is switched off,", THEN starts vacation mode.",FREE
IF a smart device is switched off,", THEN sets the thermostat mode.",FREE
IF a smart device is switched off,", THEN sets the thermostat mode.",FREE
IF a smart device is switched off,", THEN sets the thermostat mode.",FREE
IF a smart device is switched off,", THEN sets the thermostat mode.",FREE
IF a smart device is switched off,", THEN sets the thermostat mode.",FREE
IF a smart device is switched off,", THEN turn ons heating at a preferred temperature.",FREE
IF a smart device is switched off,", THEN turn ons heating at a preferred temperature.",FREE
IF a smart device is switched off,", THEN turn ons heating at a preferred temperature.",FREE
IF a smart device is switched off,", THEN turn ons heating at a preferred temperature.",FREE
IF a smart device is switched off,", THEN turn ons heating at a preferred temperature.",FREE
IF a smart device is switched off,", THEN turns heating mode off.",FREE
IF a smart device is switched off,", THEN turns heating mode off.",FREE
IF a smart device is switched off,", THEN turns heating mode off.",FREE
IF a smart device is switched off,", THEN turns heating mode off.",FREE
IF a smart device is switched off,", THEN turns heating mode off.",FREE
IF a smart device is switched off,", THEN starts heating at a preferred temperature.",FREE
IF a smart device is switched off,", THEN starts heating at a preferred temperature.",FREE
IF a smart device is switched off,", THEN starts heating at a preferred temperature.",FREE
IF a smart device is switched off,", THEN starts heating at a preferred temperature.",FREE
IF a smart device is switched off,", THEN starts heating at a preferred temperature.",FREE
IF a smart device is switched off,", THEN turn ons frost protection mode.",FREE
IF a smart device is switched off,", THEN turn ons frost protection mode.",FREE
IF a smart device is switched off,", THEN turn ons frost protection mode.",FREE
IF a smart device is switched off,", THEN turn ons frost protection mode.",FREE
IF a smart device is switched off,", THEN turn ons frost protection mode.",FREE
IF a smart device is switched off,", THEN turn off the thermostat.",FREE
IF a smart device is switched off,", THEN turn off the thermostat.",FREE
IF a smart device is switched off,", THEN turn off the thermostat.",FREE
IF a smart device is switched off,", THEN turn off the thermostat.",FREE
IF a smart device is switched off,", THEN turn off the thermostat.",FREE
IF a smart device is switched off,", THEN activates fresh mode on the appliance.",FREE
IF a smart device is switched off,", THEN activates fresh mode on the appliance.",FREE
IF a smart device is switched off,", THEN activates fresh mode on the appliance.",FREE
IF a smart device is switched off,", THEN activates fresh mode on the appliance.",FREE
IF a smart device is switched off,", THEN activates fresh mode on the appliance.",FREE
IF a smart device is switched off,", THEN updates the thermostat schedule.",FREE
IF a smart device is switched off,", THEN updates the thermostat schedule.",FREE
IF a smart device is switched off,", THEN updates the thermostat schedule.",FREE
IF a smart device is switched off,", THEN updates the thermostat schedule.",FREE
IF a smart device is switched off,", THEN updates the thermostat schedule.",FREE
IF a smart device is switched off,", THEN turns on the air conditioner.",FREE
IF a smart device is switched off,", THEN turns on the air conditioner.",FREE
IF a smart device is switched off,", THEN turns on the air conditioner.",FREE
IF a smart device is switched off,", THEN turns on the air conditioner.",FREE
IF a smart device is switched off,", THEN turns on the air conditioner.",FREE
IF a smart device is switched off,", THEN activates standby mode.",FREE
IF a smart device is switched off,", THEN activates standby mode.",FREE
IF a smart device is switched off,", THEN activates standby mode.",FREE
IF a smart device is switched off,", THEN activates standby mode.",FREE
IF a smart device is switched off,", THEN activates standby mode.",FREE
IF a smart device is switched off,", THEN temporarily boosts refrigerator cooling.",FREE
IF a smart device is switched off,", THEN temporarily boosts refrigerator cooling.",FREE
IF a smart device is switched off,", THEN temporarily boosts refrigerator cooling.",FREE
IF a smart device is switched off,", THEN temporarily boosts refrigerator cooling.",FREE
IF a smart device is switched off,", THEN temporarily boosts refrigerator cooling.",FREE
IF is one of the specific days of the week at a specific time,", THEN turn ons a temperature hold.",FREE
IF is one of the specific days of the week at a specific time,", THEN turn ons a temperature hold.",FREE
IF is one of the specific days of the week at a specific time,", THEN turn ons a temperature hold.",FREE
IF is one of the specific days of the week at a specific time,", THEN turn ons a temperature hold.",FREE
IF is one of the specific days of the week at a specific time,", THEN turn ons a temperature hold.",FREE
IF is one of the specific days of the week at a specific time,", THEN temporarily boosts freezer cooling.",FREE
IF is one of the specific days of the week at a specific time,", THEN temporarily boosts freezer cooling.",FREE
IF is one of the specific days of the week at a specific time,", THEN temporarily boosts freezer cooling.",FREE
IF is one of the specific days of the week at a specific time,", THEN temporarily boosts freezer cooling.",FREE
IF is one of the specific days of the week at a specific time,", THEN temporarily boosts freezer cooling.",FREE
IF is one of the specific days of the week at a specific time,", THEN sets a comfort profile hold.",FREE
IF is one of the specific days of the week at a specific time,", THEN sets a comfort profile hold.",FREE
IF is one of the specific days of the week at a specific time,", THEN sets a comfort profile hold.",FREE
IF is one of the specific days of the week at a specific time,", THEN sets a comfort profile hold.",FREE
IF is one of the specific days of the week at a specific time,", THEN sets a comfort profile hold.",FREE
IF is one of the specific days of the week at a specific time,", THEN turn ons fresh mode on the appliance.",FREE
IF is one of the specific days of the week at a specific time,", THEN turn ons fresh mode on the appliance.",FREE
IF is one of the specific days of the week at a specific time,", THEN turn ons fresh mode on the appliance.",FREE
IF is one of the specific days of the week at a specific time,", THEN turn ons fresh mode on the appliance.",FREE
IF is one of the specific days of the week at a specific time,", THEN turn ons fresh mode on the appliance.",FREE
IF is one of the specific days of the week at a specific time,", THEN creates a vacation temperature schedule.",FREE
IF is one of the specific days of the week at a specific time,", THEN creates a vacation temperature schedule.",FREE
IF is one of the specific days of the week at a specific time,", THEN creates a vacation temperature schedule.",FREE
IF is one of the specific days of the week at a specific time,", THEN creates a vacation temperature schedule.",FREE
IF is one of the specific days of the week at a specific time,", THEN creates a vacation temperature schedule.",FREE
IF is one of the specific days of the week at a specific time,", THEN decreases room temperature.",FREE
IF is one of the specific days of the week at a specific time,", THEN decreases room temperature.",FREE
IF is one of the specific days of the week at a specific time,", THEN decreases room temperature.",FREE
IF is one of the specific days of the week at a specific time,", THEN decreases room temperature.",FREE
IF is one of the specific days of the week at a specific time,", THEN decreases room temperature.",FREE
IF is one of the specific days of the week at a specific time,", THEN configures thermostat fan mode.",FREE
IF is one of the specific days of the week at a specific time,", THEN configures thermostat fan mode.",FREE
IF is one of the specific days of the week at a specific time,", THEN configures thermostat fan mode.",FREE
IF is one of the specific days of the week at a specific time,", THEN configures thermostat fan mode.",FREE
IF is one of the specific days of the week at a specific time,", THEN configures thermostat fan mode.",FREE
IF is one of the specific days of the week at a specific time,", THEN sets heating mode to scheduled.",FREE
IF is one of the specific days of the week at a specific time,", THEN sets heating mode to scheduled.",FREE
IF is one of the specific days of the week at a specific time,", THEN sets heating mode to scheduled.",FREE
IF is one of the specific days of the week at a specific time,", THEN sets heating mode to scheduled.",FREE
IF is one of the specific days of the week at a specific time,", THEN sets heating mode to scheduled.",FREE
IF is one of the specific days of the week at a specific time,", THEN boosts heating temporarily.",FREE
IF is one of the specific days of the week at a specific time,", THEN boosts heating temporarily.",FREE
IF is one of the specific days of the week at a specific time,", THEN boosts heating temporarily.",FREE
IF is one of the specific days of the week at a specific time,", THEN boosts heating temporarily.",FREE
IF is one of the specific days of the week at a specific time,", THEN boosts heating temporarily.",FREE
IF is one of the specific days of the week at a specific time,", THEN turn ons heating.",FREE
IF is one of the specific days of the week at a specific time,", THEN turn ons heating.",FREE
IF is one of the specific days of the week at a specific time,", THEN turn ons heating.",FREE
IF is one of the specific days of the week at a specific time,", THEN turn ons heating.",FREE
IF is one of the specific days of the week at a specific time,", THEN turn ons heating.",FREE
IF is one of the specific days of the week at a specific time,", THEN sets the freezer temperature.",FREE
IF is one of the specific days of the week at a specific time,", THEN sets the freezer temperature.",FREE
IF is one of the specific days of the week at a specific time,", THEN sets the freezer temperature.",FREE
IF is one of the specific days of the week at a specific time,", THEN sets the freezer temperature.",FREE
IF is one of the specific days of the week at a specific time,", THEN sets the freezer temperature.",FREE
IF is one of the specific days of the week at a specific time,", THEN sets a timed comfort profile hold.",FREE
IF is one of the specific days of the week at a specific time,", THEN sets a timed comfort profile hold.",FREE
IF is one of the specific days of the week at a specific time,", THEN sets a timed comfort profile hold.",FREE
IF is one of the specific days of the week at a specific time,", THEN sets a timed comfort profile hold.",FREE
IF is one of the specific days of the week at a specific time,", THEN sets a timed comfort profile hold.",FREE
IF is one of the specific days of the week at a specific time,", THEN sets cooling mode.",FREE
IF is one of the specific days of the week at a specific time,", THEN sets cooling mode.",FREE
IF is one of the specific days of the week at a specific time,", THEN sets cooling mode.",FREE
IF is one of the specific days of the week at a specific time,", THEN sets cooling mode.",FREE
IF is one of the specific days of the week at a specific time,", THEN sets cooling mode.",FREE
IF is one of the specific days of the week at a specific time,", THEN sets home to away mode.",FREE
IF is one of the specific days of the week at a specific time,", THEN sets home to away mode.",FREE
IF is one of the specific days of the week at a specific time,", THEN sets home to away mode.",FREE
IF is one of the specific days of the week at a specific time,", THEN sets home to away mode.",FREE
IF is one of the specific days of the week at a specific time,", THEN sets home to away mode.",FREE
IF is one of the specific days of the week at a specific time,", THEN sets the thermostat target temperature.",FREE
IF is one of the specific days of the week at a specific time,", THEN sets the thermostat target temperature.",FREE
IF is one of the specific days of the week at a specific time,", THEN sets the thermostat target temperature.",FREE
IF is one of the specific days of the week at a specific time,", THEN sets the thermostat target temperature.",FREE
IF is one of the specific days of the week at a specific time,", THEN sets the thermostat target temperature.",FREE
IF is one of the specific days of the week at a specific time,", THEN enables a temperature hold.",FREE
IF is one of the specific days of the week at a specific time,", THEN enables a temperature hold.",FREE
IF is one of the specific days of the week at a specific time,", THEN enables a temperature hold.",FREE
IF is one of the specific days of the week at a specific time,", THEN enables a temperature hold.",FREE
IF is one of the specific days of the week at a specific time,", THEN enables a temperature hold.",FREE
IF is one of the specific days of the week at a specific time,", THEN switches off the electric switch.",FREE
IF is one of the specific days of the week at a specific time,", THEN switches off the electric switch.",FREE
IF is one of the specific days of the week at a specific time,", THEN switches off the electric switch.",FREE
IF is one of the specific days of the week at a specific time,", THEN switches off the electric switch.",FREE
IF is one of the specific days of the week at a specific time,", THEN switches off the electric switch.",FREE
IF is one of the specific days of the week at a specific time,", THEN turn ons eco mode on the appliance.",FREE
IF is one of the specific days of the week at a specific time,", THEN turn ons eco mode on the appliance.",FREE
IF is one of the specific days of the week at a specific time,", THEN turn ons eco mode on the appliance.",FREE
IF is one of the specific days of the week at a specific time,", THEN turn ons eco mode on the appliance.",FREE
IF is one of the specific days of the week at a specific time,", THEN turn ons eco mode on the appliance.",FREE
IF is one of the specific days of the week at a specific time,", THEN sets heating mode.",FREE
IF is one of the specific days of the week at a specific time,", THEN sets heating mode.",FREE
IF is one of the specific days of the week at a specific time,", THEN sets heating mode.",FREE
IF is one of the specific days of the week at a specific time,", THEN sets heating mode.",FREE
IF is one of the specific days of the week at a specific time,", THEN sets heating mode.",FREE
IF is one of the specific days of the week at a specific time,", THEN sets thermostat group mode.",FREE
IF is one of the specific days of the week at a specific time,", THEN sets thermostat group mode.",FREE
IF is one of the specific days of the week at a specific time,", THEN sets thermostat group mode.",FREE
IF is one of the specific days of the week at a specific time,", THEN sets thermostat group mode.",FREE
IF is one of the specific days of the week at a specific time,", THEN sets thermostat group mode.",FREE
IF is one of the specific days of the week at a specific time,", THEN turns on the air conditioner and configures settings.",FREE
IF is one of the specific days of the week at a specific time,", THEN turns on the air conditioner and configures settings.",FREE
IF is one of the specific days of the week at a specific time,", THEN turns on the air conditioner and configures settings.",FREE
IF is one of the specific days of the week at a specific time,", THEN turns on the air conditioner and configures settings.",FREE
IF is one of the specific days of the week at a specific time,", THEN turns on the air conditioner and configures settings.",FREE
IF is one of the specific days of the week at a specific time,", THEN restores default heating schedule.",FREE
IF is one of the specific days of the week at a specific time,", THEN restores default heating schedule.",FREE
IF is one of the specific days of the week at a specific time,", THEN restores default heating schedule.",FREE
IF is one of the specific days of the week at a specific time,", THEN restores default heating schedule.",FREE
IF is one of the specific days of the week at a specific time,", THEN restores default heating schedule.",FREE
IF is one of the specific days of the week at a specific time,", THEN turns off heating.",FREE
IF is one of the specific days of the week at a specific time,", THEN turns off heating.",FREE
IF is one of the specific days of the week at a specific time,", THEN turns off heating.",FREE
IF is one of the specific days of the week at a specific time,", THEN turns off heating.",FREE
IF is one of the specific days of the week at a specific time,", THEN turns off heating.",FREE
IF is one of the specific days of the week at a specific time,", THEN cancels the current thermostat event.",FREE
IF is one of the specific days of the week at a specific time,", THEN cancels the current thermostat event.",FREE
IF is one of the specific days of the week at a specific time,", THEN cancels the current thermostat event.",FREE
IF is one of the specific days of the week at a specific time,", THEN cancels the current thermostat event.",FREE
IF is one of the specific days of the week at a specific time,", THEN cancels the current thermostat event.",FREE
IF is one of the specific days of the week at a specific time,", THEN resumes the programmed schedule.",FREE
IF is one of the specific days of the week at a specific time,", THEN resumes the programmed schedule.",FREE
IF is one of the specific days of the week at a specific time,", THEN resumes the programmed schedule.",FREE
IF is one of the specific days of the week at a specific time,", THEN resumes the programmed schedule.",FREE
IF is one of the specific days of the week at a specific time,", THEN resumes the programmed schedule.",FREE
IF is one of the specific days of the week at a specific time,", THEN starts heating.",FREE
IF is one of the specific days of the week at a specific time,", THEN starts heating.",FREE
IF is one of the specific days of the week at a specific time,", THEN starts heating.",FREE
IF is one of the specific days of the week at a specific time,", THEN starts heating.",FREE
IF is one of the specific days of the week at a specific time,", THEN starts heating.",FREE
IF is one of the specific days of the week at a specific time,", THEN sets the water heater temperature.",FREE
IF is one of the specific days of the week at a specific time,", THEN sets the water heater temperature.",FREE
IF is one of the specific days of the week at a specific time,", THEN sets the water heater temperature.",FREE
IF is one of the specific days of the week at a specific time,", THEN sets the water heater temperature.",FREE
IF is one of the specific days of the week at a specific time,", THEN sets the water heater temperature.",FREE
IF is one of the specific days of the week at a specific time,", THEN starts frost protection mode.",FREE
IF is one of the specific days of the week at a specific time,", THEN starts frost protection mode.",FREE
IF is one of the specific days of the week at a specific time,", THEN starts frost protection mode.",FREE
IF is one of the specific days of the week at a specific time,", THEN starts frost protection mode.",FREE
IF is one of the specific days of the week at a specific time,", THEN starts frost protection mode.",FREE
IF is one of the specific days of the week at a specific time,", THEN activates a temperature hold.",FREE
IF is one of the specific days of the week at a specific time,", THEN activates a temperature hold.",FREE
IF is one of the specific days of the week at a specific time,", THEN activates a temperature hold.",FREE
IF is one of the specific days of the week at a specific time,", THEN activates a temperature hold.",FREE
IF is one of the specific days of the week at a specific time,", THEN activates a temperature hold.",FREE
IF is one of the specific days of the week at a specific time,", THEN activates frost protection mode.",FREE
IF is one of the specific days of the week at a specific time,", THEN activates frost protection mode.",FREE
IF is one of the specific days of the week at a specific time,", THEN activates frost protection mode.",FREE
IF is one of the specific days of the week at a specific time,", THEN activates frost protection mode.",FREE
IF is one of the specific days of the week at a specific time,", THEN activates frost protection mode.",FREE
IF is one of the specific days of the week at a specific time,", THEN stop the thermostat.",FREE
IF is one of the specific days of the week at a specific time,", THEN stop the thermostat.",FREE
IF is one of the specific days of the week at a specific time,", THEN stop the thermostat.",FREE
IF is one of the specific days of the week at a specific time,", THEN stop the thermostat.",FREE
IF is one of the specific days of the week at a specific time,", THEN stop the thermostat.",FREE
IF is one of the specific days of the week at a specific time,", THEN sets the room temperature.",FREE
IF is one of the specific days of the week at a specific time,", THEN sets the room temperature.",FREE
IF is one of the specific days of the week at a specific time,", THEN sets the room temperature.",FREE
IF is one of the specific days of the week at a specific time,", THEN sets the room temperature.",FREE
IF is one of the specific days of the week at a specific time,", THEN sets the room temperature.",FREE
IF is one of the specific days of the week at a specific time,", THEN sets the refrigerator temperature.",FREE
IF is one of the specific days of the week at a specific time,", THEN sets the refrigerator temperature.",FREE
IF is one of the specific days of the week at a specific time,", THEN sets the refrigerator temperature.",FREE
IF is one of the specific days of the week at a specific time,", THEN sets the refrigerator temperature.",FREE
IF is one of the specific days of the week at a specific time,", THEN sets the refrigerator temperature.",FREE
IF is one of the specific days of the week at a specific time,", THEN cancels standby mode.",FREE
IF is one of the specific days of the week at a specific time,", THEN cancels standby mode.",FREE
IF is one of the specific days of the week at a specific time,", THEN cancels standby mode.",FREE
IF is one of the specific days of the week at a specific time,", THEN cancels standby mode.",FREE
IF is one of the specific days of the week at a specific time,", THEN cancels standby mode.",FREE
IF is one of the specific days of the week at a specific time,", THEN starts eco mode on the appliance.",FREE
IF is one of the specific days of the week at a specific time,", THEN starts eco mode on the appliance.",FREE
IF is one of the specific days of the week at a specific time,", THEN starts eco mode on the appliance.",FREE
IF is one of the specific days of the week at a specific time,", THEN starts eco mode on the appliance.",FREE
IF is one of the specific days of the week at a specific time,", THEN starts eco mode on the appliance.",FREE
IF is one of the specific days of the week at a specific time,", THEN sets the thermostat to manual mode at a fixed temperature.",FREE
IF is one of the specific days of the week at a specific time,", THEN sets the thermostat to manual mode at a fixed temperature.",FREE
IF is one of the specific days of the week at a specific time,", THEN sets the thermostat to manual mode at a fixed temperature.",FREE
IF is one of the specific days of the week at a specific time,", THEN sets the thermostat to manual mode at a fixed temperature.",FREE
IF is one of the specific days of the week at a specific time,", THEN sets the thermostat to manual mode at a fixed temperature.",FREE
IF is one of the specific days of the week at a specific time,", THEN sets the temperature on the Heatmiser thermostat.",FREE
IF is one of the specific days of the week at a specific time,", THEN sets the temperature on the Heatmiser thermostat.",FREE
IF is one of the specific days of the week at a specific time,", THEN sets the temperature on the Heatmiser thermostat.",FREE
IF is one of the specific days of the week at a specific time,", THEN sets the temperature on the Heatmiser thermostat.",FREE
IF is one of the specific days of the week at a specific time,", THEN sets the temperature on the Heatmiser thermostat.",FREE
IF is one of the specific days of the week at a specific time,", THEN turns on the Aros air conditioner.",FREE
IF is one of the specific days of the week at a specific time,", THEN turns on the Aros air conditioner.",FREE
IF is one of the specific days of the week at a specific time,", THEN turns on the Aros air conditioner.",FREE
IF is one of the specific days of the week at a specific time,", THEN turns on the Aros air conditioner.",FREE
IF is one of the specific days of the week at a specific time,", THEN turns on the Aros air conditioner.",FREE
IF is one of the specific days of the week at a specific time,", THEN boosts hot water temporarily.",FREE
IF is one of the specific days of the week at a specific time,", THEN boosts hot water temporarily.",FREE
IF is one of the specific days of the week at a specific time,", THEN boosts hot water temporarily.",FREE
IF is one of the specific days of the week at a specific time,", THEN boosts hot water temporarily.",FREE
IF is one of the specific days of the week at a specific time,", THEN boosts hot water temporarily.",FREE
IF is one of the specific days of the week at a specific time,", THEN sets the heating mode.",FREE
IF is one of the specific days of the week at a specific time,", THEN sets the heating mode.",FREE
IF is one of the specific days of the week at a specific time,", THEN sets the heating mode.",FREE
IF is one of the specific days of the week at a specific time,", THEN sets the heating mode.",FREE
IF is one of the specific days of the week at a specific time,", THEN sets the heating mode.",FREE
IF is one of the specific days of the week at a specific time,", THEN enables eco mode on the appliance.",FREE
IF is one of the specific days of the week at a specific time,", THEN enables eco mode on the appliance.",FREE
IF is one of the specific days of the week at a specific time,", THEN enables eco mode on the appliance.",FREE
IF is one of the specific days of the week at a specific time,", THEN enables eco mode on the appliance.",FREE
IF is one of the specific days of the week at a specific time,", THEN enables eco mode on the appliance.",FREE
IF is one of the specific days of the week at a specific time,", THEN sets the TRV temperature.",FREE
IF is one of the specific days of the week at a specific time,", THEN sets the TRV temperature.",FREE
IF is one of the specific days of the week at a specific time,", THEN sets the TRV temperature.",FREE
IF is one of the specific days of the week at a specific time,", THEN sets the TRV temperature.",FREE
IF is one of the specific days of the week at a specific time,", THEN sets the TRV temperature.",FREE
IF is one of the specific days of the week at a specific time,", THEN increases room temperature.",FREE
IF is one of the specific days of the week at a specific time,", THEN increases room temperature.",FREE
IF is one of the specific days of the week at a specific time,", THEN increases room temperature.",FREE
IF is one of the specific days of the week at a specific time,", THEN increases room temperature.",FREE
IF is one of the specific days of the week at a specific time,", THEN increases room temperature.",FREE
IF is one of the specific days of the week at a specific time,", THEN activates eco mode on the appliance.",FREE
IF is one of the specific days of the week at a specific time,", THEN activates eco mode on the appliance.",FREE
IF is one of the specific days of the week at a specific time,", THEN activates eco mode on the appliance.",FREE
IF is one of the specific days of the week at a specific time,", THEN activates eco mode on the appliance.",FREE
IF is one of the specific days of the week at a specific time,", THEN activates eco mode on the appliance.",FREE
IF is one of the specific days of the week at a specific time,", THEN sets the target temperature on the window air conditioner.",FREE
IF is one of the specific days of the week at a specific time,", THEN sets the target temperature on the window air conditioner.",FREE
IF is one of the specific days of the week at a specific time,", THEN sets the target temperature on the window air conditioner.",FREE
IF is one of the specific days of the week at a specific time,", THEN sets the target temperature on the window air conditioner.",FREE
IF is one of the specific days of the week at a specific time,", THEN sets the target temperature on the window air conditioner.",FREE
IF is one of the specific days of the week at a specific time,", THEN activates vacation mode.",FREE
IF is one of the specific days of the week at a specific time,", THEN activates vacation mode.",FREE
IF is one of the specific days of the week at a specific time,", THEN activates vacation mode.",FREE
IF is one of the specific days of the week at a specific time,", THEN activates vacation mode.",FREE
IF is one of the specific days of the week at a specific time,", THEN activates vacation mode.",FREE
IF is one of the specific days of the week at a specific time,", THEN disable the thermostat.",FREE
IF is one of the specific days of the week at a specific time,", THEN disable the thermostat.",FREE
IF is one of the specific days of the week at a specific time,", THEN disable the thermostat.",FREE
IF is one of the specific days of the week at a specific time,", THEN disable the thermostat.",FREE
IF is one of the specific days of the week at a specific time,", THEN disable the thermostat.",FREE
IF is one of the specific days of the week at a specific time,", THEN sets the thermostat temperature.",FREE
IF is one of the specific days of the week at a specific time,", THEN sets the thermostat temperature.",FREE
IF is one of the specific days of the week at a specific time,", THEN sets the thermostat temperature.",FREE
IF is one of the specific days of the week at a specific time,", THEN sets the thermostat temperature.",FREE
IF is one of the specific days of the week at a specific time,", THEN sets the thermostat temperature.",FREE
IF is one of the specific days of the week at a specific time,", THEN the thermostat to the temperature you specify.",FREE
IF is one of the specific days of the week at a specific time,", THEN the thermostat to the temperature you specify.",FREE
IF is one of the specific days of the week at a specific time,", THEN the thermostat to the temperature you specify.",FREE
IF is one of the specific days of the week at a specific time,", THEN the thermostat to the temperature you specify.",FREE
IF is one of the specific days of the week at a specific time,", THEN the thermostat to the temperature you specify.",FREE
IF is one of the specific days of the week at a specific time,", THEN enables frost protection mode.",FREE
IF is one of the specific days of the week at a specific time,", THEN enables frost protection mode.",FREE
IF is one of the specific days of the week at a specific time,", THEN enables frost protection mode.",FREE
IF is one of the specific days of the week at a specific time,", THEN enables frost protection mode.",FREE
IF is one of the specific days of the week at a specific time,", THEN enables frost protection mode.",FREE
IF is one of the specific days of the week at a specific time,", THEN starts vacation mode.",FREE
IF is one of the specific days of the week at a specific time,", THEN starts vacation mode.",FREE
IF is one of the specific days of the week at a specific time,", THEN starts vacation mode.",FREE
IF is one of the specific days of the week at a specific time,", THEN starts vacation mode.",FREE
IF is one of the specific days of the week at a specific time,", THEN starts vacation mode.",FREE
IF is one of the specific days of the week at a specific time,", THEN sets the thermostat mode.",FREE
IF is one of the specific days of the week at a specific time,", THEN sets the thermostat mode.",FREE
IF is one of the specific days of the week at a specific time,", THEN sets the thermostat mode.",FREE
IF is one of the specific days of the week at a specific time,", THEN sets the thermostat mode.",FREE
IF is one of the specific days of the week at a specific time,", THEN sets the thermostat mode.",FREE
IF is one of the specific days of the week at a specific time,", THEN turn ons heating at a preferred temperature.",FREE
IF is one of the specific days of the week at a specific time,", THEN turn ons heating at a preferred temperature.",FREE
IF is one of the specific days of the week at a specific time,", THEN turn ons heating at a preferred temperature.",FREE
IF is one of the specific days of the week at a specific time,", THEN turn ons heating at a preferred temperature.",FREE
IF is one of the specific days of the week at a specific time,", THEN turn ons heating at a preferred temperature.",FREE
IF is one of the specific days of the week at a specific time,", THEN turns heating mode off.",FREE
IF is one of the specific days of the week at a specific time,", THEN turns heating mode off.",FREE
IF is one of the specific days of the week at a specific time,", THEN turns heating mode off.",FREE
IF is one of the specific days of the week at a specific time,", THEN turns heating mode off.",FREE
IF is one of the specific days of the week at a specific time,", THEN turns heating mode off.",FREE
IF is one of the specific days of the week at a specific time,", THEN starts heating at a preferred temperature.",FREE
IF is one of the specific days of the week at a specific time,", THEN starts heating at a preferred temperature.",FREE
IF is one of the specific days of the week at a specific time,", THEN starts heating at a preferred temperature.",FREE
IF is one of the specific days of the week at a specific time,", THEN starts heating at a preferred temperature.",FREE
IF is one of the specific days of the week at a specific time,", THEN starts heating at a preferred temperature.",FREE
IF is one of the specific days of the week at a specific time,", THEN turn ons frost protection mode.",FREE
IF is one of the specific days of the week at a specific time,", THEN turn ons frost protection mode.",FREE
IF is one of the specific days of the week at a specific time,", THEN turn ons frost protection mode.",FREE
IF is one of the specific days of the week at a specific time,", THEN turn ons frost protection mode.",FREE
IF is one of the specific days of the week at a specific time,", THEN turn ons frost protection mode.",FREE
IF is one of the specific days of the week at a specific time,", THEN turn off the thermostat.",FREE
IF is one of the specific days of the week at a specific time,", THEN turn off the thermostat.",FREE
IF is one of the specific days of the week at a specific time,", THEN turn off the thermostat.",FREE
IF is one of the specific days of the week at a specific time,", THEN turn off the thermostat.",FREE
IF is one of the specific days of the week at a specific time,", THEN turn off the thermostat.",FREE
IF is one of the specific days of the week at a specific time,", THEN activates fresh mode on the appliance.",FREE
IF is one of the specific days of the week at a specific time,", THEN activates fresh mode on the appliance.",FREE
IF is one of the specific days of the week at a specific time,", THEN activates fresh mode on the appliance.",FREE
IF is one of the specific days of the week at a specific time,", THEN activates fresh mode on the appliance.",FREE
IF is one of the specific days of the week at a specific time,", THEN activates fresh mode on the appliance.",FREE
IF is one of the specific days of the week at a specific time,", THEN updates the thermostat schedule.",FREE
IF is one of the specific days of the week at a specific time,", THEN updates the thermostat schedule.",FREE
IF is one of the specific days of the week at a specific time,", THEN updates the thermostat schedule.",FREE
IF is one of the specific days of the week at a specific time,", THEN updates the thermostat schedule.",FREE
IF is one of the specific days of the week at a specific time,", THEN updates the thermostat schedule.",FREE
IF is one of the specific days of the week at a specific time,", THEN turns on the air conditioner.",FREE
IF is one of the specific days of the week at a specific time,", THEN turns on the air conditioner.",FREE
IF is one of the specific days of the week at a specific time,", THEN turns on the air conditioner.",FREE
IF is one of the specific days of the week at a specific time,", THEN turns on the air conditioner.",FREE
IF is one of the specific days of the week at a specific time,", THEN turns on the air conditioner.",FREE
IF is one of the specific days of the week at a specific time,", THEN activates standby mode.",FREE
IF is one of the specific days of the week at a specific time,", THEN activates standby mode.",FREE
IF is one of the specific days of the week at a specific time,", THEN activates standby mode.",FREE
IF is one of the specific days of the week at a specific time,", THEN activates standby mode.",FREE
IF is one of the specific days of the week at a specific time,", THEN activates standby mode.",FREE
IF is one of the specific days of the week at a specific time,", THEN temporarily boosts refrigerator cooling.",FREE
IF is one of the specific days of the week at a specific time,", THEN temporarily boosts refrigerator cooling.",FREE
IF is one of the specific days of the week at a specific time,", THEN temporarily boosts refrigerator cooling.",FREE
IF is one of the specific days of the week at a specific time,", THEN temporarily boosts refrigerator cooling.",FREE
IF is one of the specific days of the week at a specific time,", THEN temporarily boosts refrigerator cooling.",FREE
IF a routine is activated,", THEN turn ons a temperature hold.",FREE
IF a routine is activated,", THEN turn ons a temperature hold.",FREE
IF a routine is activated,", THEN turn ons a temperature hold.",FREE
IF a routine is activated,", THEN turn ons a temperature hold.",FREE
IF a routine is activated,", THEN turn ons a temperature hold.",FREE
IF a routine is activated,", THEN temporarily boosts freezer cooling.",FREE
IF a routine is activated,", THEN temporarily boosts freezer cooling.",FREE
IF a routine is activated,", THEN temporarily boosts freezer cooling.",FREE
IF a routine is activated,", THEN temporarily boosts freezer cooling.",FREE
IF a routine is activated,", THEN temporarily boosts freezer cooling.",FREE
IF a routine is activated,", THEN sets a comfort profile hold.",FREE
IF a routine is activated,", THEN sets a comfort profile hold.",FREE
IF a routine is activated,", THEN sets a comfort profile hold.",FREE
IF a routine is activated,", THEN sets a comfort profile hold.",FREE
IF a routine is activated,", THEN sets a comfort profile hold.",FREE
IF a routine is activated,", THEN turn ons fresh mode on the appliance.",FREE
IF a routine is activated,", THEN turn ons fresh mode on the appliance.",FREE
IF a routine is activated,", THEN turn ons fresh mode on the appliance.",FREE
IF a routine is activated,", THEN turn ons fresh mode on the appliance.",FREE
IF a routine is activated,", THEN turn ons fresh mode on the appliance.",FREE
IF a routine is activated,", THEN creates a vacation temperature schedule.",FREE
IF a routine is activated,", THEN creates a vacation temperature schedule.",FREE
IF a routine is activated,", THEN creates a vacation temperature schedule.",FREE
IF a routine is activated,", THEN creates a vacation temperature schedule.",FREE
IF a routine is activated,", THEN creates a vacation temperature schedule.",FREE
IF a routine is activated,", THEN decreases room temperature.",FREE
IF a routine is activated,", THEN decreases room temperature.",FREE
IF a routine is activated,", THEN decreases room temperature.",FREE
IF a routine is activated,", THEN decreases room temperature.",FREE
IF a routine is activated,", THEN decreases room temperature.",FREE
IF a routine is activated,", THEN configures thermostat fan mode.",FREE
IF a routine is activated,", THEN configures thermostat fan mode.",FREE
IF a routine is activated,", THEN configures thermostat fan mode.",FREE
IF a routine is activated,", THEN configures thermostat fan mode.",FREE
IF a routine is activated,", THEN configures thermostat fan mode.",FREE
IF a routine is activated,", THEN sets heating mode to scheduled.",FREE
IF a routine is activated,", THEN sets heating mode to scheduled.",FREE
IF a routine is activated,", THEN sets heating mode to scheduled.",FREE
IF a routine is activated,", THEN sets heating mode to scheduled.",FREE
IF a routine is activated,", THEN sets heating mode to scheduled.",FREE
IF a routine is activated,", THEN boosts heating temporarily.",FREE
IF a routine is activated,", THEN boosts heating temporarily.",FREE
IF a routine is activated,", THEN boosts heating temporarily.",FREE
IF a routine is activated,", THEN boosts heating temporarily.",FREE
IF a routine is activated,", THEN boosts heating temporarily.",FREE
IF a routine is activated,", THEN turn ons heating.",FREE
IF a routine is activated,", THEN turn ons heating.",FREE
IF a routine is activated,", THEN turn ons heating.",FREE
IF a routine is activated,", THEN turn ons heating.",FREE
IF a routine is activated,", THEN turn ons heating.",FREE
IF a routine is activated,", THEN sets the freezer temperature.",FREE
IF a routine is activated,", THEN sets the freezer temperature.",FREE
IF a routine is activated,", THEN sets the freezer temperature.",FREE
IF a routine is activated,", THEN sets the freezer temperature.",FREE
IF a routine is activated,", THEN sets the freezer temperature.",FREE
IF a routine is activated,", THEN sets a timed comfort profile hold.",FREE
IF a routine is activated,", THEN sets a timed comfort profile hold.",FREE
IF a routine is activated,", THEN sets a timed comfort profile hold.",FREE
IF a routine is activated,", THEN sets a timed comfort profile hold.",FREE
IF a routine is activated,", THEN sets a timed comfort profile hold.",FREE
IF a routine is activated,", THEN sets cooling mode.",FREE
IF a routine is activated,", THEN sets cooling mode.",FREE
IF a routine is activated,", THEN sets cooling mode.",FREE
IF a routine is activated,", THEN sets cooling mode.",FREE
IF a routine is activated,", THEN sets cooling mode.",FREE
IF a routine is activated,", THEN sets home to away mode.",FREE
IF a routine is activated,", THEN sets home to away mode.",FREE
IF a routine is activated,", THEN sets home to away mode.",FREE
IF a routine is activated,", THEN sets home to away mode.",FREE
IF a routine is activated,", THEN sets home to away mode.",FREE
IF a routine is activated,", THEN sets the thermostat target temperature.",FREE
IF a routine is activated,", THEN sets the thermostat target temperature.",FREE
IF a routine is activated,", THEN sets the thermostat target temperature.",FREE
IF a routine is activated,", THEN sets the thermostat target temperature.",FREE
IF a routine is activated,", THEN sets the thermostat target temperature.",FREE
IF a routine is activated,", THEN enables a temperature hold.",FREE
IF a routine is activated,", THEN enables a temperature hold.",FREE
IF a routine is activated,", THEN enables a temperature hold.",FREE
IF a routine is activated,", THEN enables a temperature hold.",FREE
IF a routine is activated,", THEN enables a temperature hold.",FREE
IF a routine is activated,", THEN switches off the electric switch.",FREE
IF a routine is activated,", THEN switches off the electric switch.",FREE
IF a routine is activated,", THEN switches off the electric switch.",FREE
IF a routine is activated,", THEN switches off the electric switch.",FREE
IF a routine is activated,", THEN switches off the electric switch.",FREE
IF a routine is activated,", THEN turn ons eco mode on the appliance.",FREE
IF a routine is activated,", THEN turn ons eco mode on the appliance.",FREE
IF a routine is activated,", THEN turn ons eco mode on the appliance.",FREE
IF a routine is activated,", THEN turn ons eco mode on the appliance.",FREE
IF a routine is activated,", THEN turn ons eco mode on the appliance.",FREE
IF a routine is activated,", THEN sets heating mode.",FREE
IF a routine is activated,", THEN sets heating mode.",FREE
IF a routine is activated,", THEN sets heating mode.",FREE
IF a routine is activated,", THEN sets heating mode.",FREE
IF a routine is activated,", THEN sets heating mode.",FREE
IF a routine is activated,", THEN sets thermostat group mode.",FREE
IF a routine is activated,", THEN sets thermostat group mode.",FREE
IF a routine is activated,", THEN sets thermostat group mode.",FREE
IF a routine is activated,", THEN sets thermostat group mode.",FREE
IF a routine is activated,", THEN sets thermostat group mode.",FREE
IF a routine is activated,", THEN turns on the air conditioner and configures settings.",FREE
IF a routine is activated,", THEN turns on the air conditioner and configures settings.",FREE
IF a routine is activated,", THEN turns on the air conditioner and configures settings.",FREE
IF a routine is activated,", THEN turns on the air conditioner and configures settings.",FREE
IF a routine is activated,", THEN turns on the air conditioner and configures settings.",FREE
IF a routine is activated,", THEN restores default heating schedule.",FREE
IF a routine is activated,", THEN restores default heating schedule.",FREE
IF a routine is activated,", THEN restores default heating schedule.",FREE
IF a routine is activated,", THEN restores default heating schedule.",FREE
IF a routine is activated,", THEN restores default heating schedule.",FREE
IF a routine is activated,", THEN turns off heating.",FREE
IF a routine is activated,", THEN turns off heating.",FREE
IF a routine is activated,", THEN turns off heating.",FREE
IF a routine is activated,", THEN turns off heating.",FREE
IF a routine is activated,", THEN turns off heating.",FREE
IF a routine is activated,", THEN cancels the current thermostat event.",FREE
IF a routine is activated,", THEN cancels the current thermostat event.",FREE
IF a routine is activated,", THEN cancels the current thermostat event.",FREE
IF a routine is activated,", THEN cancels the current thermostat event.",FREE
IF a routine is activated,", THEN cancels the current thermostat event.",FREE
IF a routine is activated,", THEN resumes the programmed schedule.",FREE
IF a routine is activated,", THEN resumes the programmed schedule.",FREE
IF a routine is activated,", THEN resumes the programmed schedule.",FREE
IF a routine is activated,", THEN resumes the programmed schedule.",FREE
IF a routine is activated,", THEN resumes the programmed schedule.",FREE
IF a routine is activated,", THEN starts heating.",FREE
IF a routine is activated,", THEN starts heating.",FREE
IF a routine is activated,", THEN starts heating.",FREE
IF a routine is activated,", THEN starts heating.",FREE
IF a routine is activated,", THEN starts heating.",FREE
IF a routine is activated,", THEN sets the water heater temperature.",FREE
IF a routine is activated,", THEN sets the water heater temperature.",FREE
IF a routine is activated,", THEN sets the water heater temperature.",FREE
IF a routine is activated,", THEN sets the water heater temperature.",FREE
IF a routine is activated,", THEN sets the water heater temperature.",FREE
IF a routine is activated,", THEN starts frost protection mode.",FREE
IF a routine is activated,", THEN starts frost protection mode.",FREE
IF a routine is activated,", THEN starts frost protection mode.",FREE
IF a routine is activated,", THEN starts frost protection mode.",FREE
IF a routine is activated,", THEN starts frost protection mode.",FREE
IF a routine is activated,", THEN activates a temperature hold.",FREE
IF a routine is activated,", THEN activates a temperature hold.",FREE
IF a routine is activated,", THEN activates a temperature hold.",FREE
IF a routine is activated,", THEN activates a temperature hold.",FREE
IF a routine is activated,", THEN activates a temperature hold.",FREE
IF a routine is activated,", THEN activates frost protection mode.",FREE
IF a routine is activated,", THEN activates frost protection mode.",FREE
IF a routine is activated,", THEN activates frost protection mode.",FREE
IF a routine is activated,", THEN activates frost protection mode.",FREE
IF a routine is activated,", THEN activates frost protection mode.",FREE
IF a routine is activated,", THEN stop the thermostat.",FREE
IF a routine is activated,", THEN stop the thermostat.",FREE
IF a routine is activated,", THEN stop the thermostat.",FREE
IF a routine is activated,", THEN stop the thermostat.",FREE
IF a routine is activated,", THEN stop the thermostat.",FREE
IF a routine is activated,", THEN sets the room temperature.",FREE
IF a routine is activated,", THEN sets the room temperature.",FREE
IF a routine is activated,", THEN sets the room temperature.",FREE
IF a routine is activated,", THEN sets the room temperature.",FREE
IF a routine is activated,", THEN sets the room temperature.",FREE
IF a routine is activated,", THEN sets the refrigerator temperature.",FREE
IF a routine is activated,", THEN sets the refrigerator temperature.",FREE
IF a routine is activated,", THEN sets the refrigerator temperature.",FREE
IF a routine is activated,", THEN sets the refrigerator temperature.",FREE
IF a routine is activated,", THEN sets the refrigerator temperature.",FREE
IF a routine is activated,", THEN cancels standby mode.",FREE
IF a routine is activated,", THEN cancels standby mode.",FREE
IF a routine is activated,", THEN cancels standby mode.",FREE
IF a routine is activated,", THEN cancels standby mode.",FREE
IF a routine is activated,", THEN cancels standby mode.",FREE
IF a routine is activated,", THEN starts eco mode on the appliance.",FREE
IF a routine is activated,", THEN starts eco mode on the appliance.",FREE
IF a routine is activated,", THEN starts eco mode on the appliance.",FREE
IF a routine is activated,", THEN starts eco mode on the appliance.",FREE
IF a routine is activated,", THEN starts eco mode on the appliance.",FREE
IF a routine is activated,", THEN sets the thermostat to manual mode at a fixed temperature.",FREE
IF a routine is activated,", THEN sets the thermostat to manual mode at a fixed temperature.",FREE
IF a routine is activated,", THEN sets the thermostat to manual mode at a fixed temperature.",FREE
IF a routine is activated,", THEN sets the thermostat to manual mode at a fixed temperature.",FREE
IF a routine is activated,", THEN sets the thermostat to manual mode at a fixed temperature.",FREE
IF a routine is activated,", THEN sets the temperature on the Heatmiser thermostat.",FREE
IF a routine is activated,", THEN sets the temperature on the Heatmiser thermostat.",FREE
IF a routine is activated,", THEN sets the temperature on the Heatmiser thermostat.",FREE
IF a routine is activated,", THEN sets the temperature on the Heatmiser thermostat.",FREE
IF a routine is activated,", THEN sets the temperature on the Heatmiser thermostat.",FREE
IF a routine is activated,", THEN turns on the Aros air conditioner.",FREE
IF a routine is activated,", THEN turns on the Aros air conditioner.",FREE
IF a routine is activated,", THEN turns on the Aros air conditioner.",FREE
IF a routine is activated,", THEN turns on the Aros air conditioner.",FREE
IF a routine is activated,", THEN turns on the Aros air conditioner.",FREE
IF a routine is activated,", THEN boosts hot water temporarily.",FREE
IF a routine is activated,", THEN boosts hot water temporarily.",FREE
IF a routine is activated,", THEN boosts hot water temporarily.",FREE
IF a routine is activated,", THEN boosts hot water temporarily.",FREE
IF a routine is activated,", THEN boosts hot water temporarily.",FREE
IF a routine is activated,", THEN sets the heating mode.",FREE
IF a routine is activated,", THEN sets the heating mode.",FREE
IF a routine is activated,", THEN sets the heating mode.",FREE
IF a routine is activated,", THEN sets the heating mode.",FREE
IF a routine is activated,", THEN sets the heating mode.",FREE
IF a routine is activated,", THEN enables eco mode on the appliance.",FREE
IF a routine is activated,", THEN enables eco mode on the appliance.",FREE
IF a routine is activated,", THEN enables eco mode on the appliance.",FREE
IF a routine is activated,", THEN enables eco mode on the appliance.",FREE
IF a routine is activated,", THEN enables eco mode on the appliance.",FREE
IF a routine is activated,", THEN sets the TRV temperature.",FREE
IF a routine is activated,", THEN sets the TRV temperature.",FREE
IF a routine is activated,", THEN sets the TRV temperature.",FREE
IF a routine is activated,", THEN sets the TRV temperature.",FREE
IF a routine is activated,", THEN sets the TRV temperature.",FREE
IF a routine is activated,", THEN increases room temperature.",FREE
IF a routine is activated,", THEN increases room temperature.",FREE
IF a routine is activated,", THEN increases room temperature.",FREE
IF a routine is activated,", THEN increases room temperature.",FREE
IF a routine is activated,", THEN increases room temperature.",FREE
IF a routine is activated,", THEN activates eco mode on the appliance.",FREE
IF a routine is activated,", THEN activates eco mode on the appliance.",FREE
IF a routine is activated,", THEN activates eco mode on the appliance.",FREE
IF a routine is activated,", THEN activates eco mode on the appliance.",FREE
IF a routine is activated,", THEN activates eco mode on the appliance.",FREE
IF a routine is activated,", THEN sets the target temperature on the window air conditioner.",FREE
IF a routine is activated,", THEN sets the target temperature on the window air conditioner.",FREE
IF a routine is activated,", THEN sets the target temperature on the window air conditioner.",FREE
IF a routine is activated,", THEN sets the target temperature on the window air conditioner.",FREE
IF a routine is activated,", THEN sets the target temperature on the window air conditioner.",FREE
IF a routine is activated,", THEN activates vacation mode.",FREE
IF a routine is activated,", THEN activates vacation mode.",FREE
IF a routine is activated,", THEN activates vacation mode.",FREE
IF a routine is activated,", THEN activates vacation mode.",FREE
IF a routine is activated,", THEN activates vacation mode.",FREE
IF a routine is activated,", THEN disable the thermostat.",FREE
IF a routine is activated,", THEN disable the thermostat.",FREE
IF a routine is activated,", THEN disable the thermostat.",FREE
IF a routine is activated,", THEN disable the thermostat.",FREE
IF a routine is activated,", THEN disable the thermostat.",FREE
IF a routine is activated,", THEN sets the thermostat temperature.",FREE
IF a routine is activated,", THEN sets the thermostat temperature.",FREE
IF a routine is activated,", THEN sets the thermostat temperature.",FREE
IF a routine is activated,", THEN sets the thermostat temperature.",FREE
IF a routine is activated,", THEN sets the thermostat temperature.",FREE
IF a routine is activated,", THEN the thermostat to the temperature you specify.",FREE
IF a routine is activated,", THEN the thermostat to the temperature you specify.",FREE
IF a routine is activated,", THEN the thermostat to the temperature you specify.",FREE
IF a routine is activated,", THEN the thermostat to the temperature you specify.",FREE
IF a routine is activated,", THEN the thermostat to the temperature you specify.",FREE
IF a routine is activated,", THEN enables frost protection mode.",FREE
IF a routine is activated,", THEN enables frost protection mode.",FREE
IF a routine is activated,", THEN enables frost protection mode.",FREE
IF a routine is activated,", THEN enables frost protection mode.",FREE
IF a routine is activated,", THEN enables frost protection mode.",FREE
IF a routine is activated,", THEN starts vacation mode.",FREE
IF a routine is activated,", THEN starts vacation mode.",FREE
IF a routine is activated,", THEN starts vacation mode.",FREE
IF a routine is activated,", THEN starts vacation mode.",FREE
IF a routine is activated,", THEN starts vacation mode.",FREE
IF a routine is activated,", THEN sets the thermostat mode.",FREE
IF a routine is activated,", THEN sets the thermostat mode.",FREE
IF a routine is activated,", THEN sets the thermostat mode.",FREE
IF a routine is activated,", THEN sets the thermostat mode.",FREE
IF a routine is activated,", THEN sets the thermostat mode.",FREE
IF a routine is activated,", THEN turn ons heating at a preferred temperature.",FREE
IF a routine is activated,", THEN turn ons heating at a preferred temperature.",FREE
IF a routine is activated,", THEN turn ons heating at a preferred temperature.",FREE
IF a routine is activated,", THEN turn ons heating at a preferred temperature.",FREE
IF a routine is activated,", THEN turn ons heating at a preferred temperature.",FREE
IF a routine is activated,", THEN turns heating mode off.",FREE
IF a routine is activated,", THEN turns heating mode off.",FREE
IF a routine is activated,", THEN turns heating mode off.",FREE
IF a routine is activated,", THEN turns heating mode off.",FREE
IF a routine is activated,", THEN turns heating mode off.",FREE
IF a routine is activated,", THEN starts heating at a preferred temperature.",FREE
IF a routine is activated,", THEN starts heating at a preferred temperature.",FREE
IF a routine is activated,", THEN starts heating at a preferred temperature.",FREE
IF a routine is activated,", THEN starts heating at a preferred temperature.",FREE
IF a routine is activated,", THEN starts heating at a preferred temperature.",FREE
IF a routine is activated,", THEN turn ons frost protection mode.",FREE
IF a routine is activated,", THEN turn ons frost protection mode.",FREE
IF a routine is activated,", THEN turn ons frost protection mode.",FREE
IF a routine is activated,", THEN turn ons frost protection mode.",FREE
IF a routine is activated,", THEN turn ons frost protection mode.",FREE
IF a routine is activated,", THEN turn off the thermostat.",FREE
IF a routine is activated,", THEN turn off the thermostat.",FREE
IF a routine is activated,", THEN turn off the thermostat.",FREE
IF a routine is activated,", THEN turn off the thermostat.",FREE
IF a routine is activated,", THEN turn off the thermostat.",FREE
IF a routine is activated,", THEN activates fresh mode on the appliance.",FREE
IF a routine is activated,", THEN activates fresh mode on the appliance.",FREE
IF a routine is activated,", THEN activates fresh mode on the appliance.",FREE
IF a routine is activated,", THEN activates fresh mode on the appliance.",FREE
IF a routine is activated,", THEN activates fresh mode on the appliance.",FREE
IF a routine is activated,", THEN updates the thermostat schedule.",FREE
IF a routine is activated,", THEN updates the thermostat schedule.",FREE
IF a routine is activated,", THEN updates the thermostat schedule.",FREE
IF a routine is activated,", THEN updates the thermostat schedule.",FREE
IF a routine is activated,", THEN updates the thermostat schedule.",FREE
IF a routine is activated,", THEN turns on the air conditioner.",FREE
IF a routine is activated,", THEN turns on the air conditioner.",FREE
IF a routine is activated,", THEN turns on the air conditioner.",FREE
IF a routine is activated,", THEN turns on the air conditioner.",FREE
IF a routine is activated,", THEN turns on the air conditioner.",FREE
IF a routine is activated,", THEN activates standby mode.",FREE
IF a routine is activated,", THEN activates standby mode.",FREE
IF a routine is activated,", THEN activates standby mode.",FREE
IF a routine is activated,", THEN activates standby mode.",FREE
IF a routine is activated,", THEN activates standby mode.",FREE
IF a routine is activated,", THEN temporarily boosts refrigerator cooling.",FREE
IF a routine is activated,", THEN temporarily boosts refrigerator cooling.",FREE
IF a routine is activated,", THEN temporarily boosts refrigerator cooling.",FREE
IF a routine is activated,", THEN temporarily boosts refrigerator cooling.",FREE
IF a routine is activated,", THEN temporarily boosts refrigerator cooling.",FREE
IF is one of the specific days of the week at a chosen time,", THEN turn ons a temperature hold.",FREE
IF is one of the specific days of the week at a chosen time,", THEN turn ons a temperature hold.",FREE
IF is one of the specific days of the week at a chosen time,", THEN turn ons a temperature hold.",FREE
IF is one of the specific days of the week at a chosen time,", THEN turn ons a temperature hold.",FREE
IF is one of the specific days of the week at a chosen time,", THEN turn ons a temperature hold.",FREE
IF is one of the specific days of the week at a chosen time,", THEN temporarily boosts freezer cooling.",FREE
IF is one of the specific days of the week at a chosen time,", THEN temporarily boosts freezer cooling.",FREE
IF is one of the specific days of the week at a chosen time,", THEN temporarily boosts freezer cooling.",FREE
IF is one of the specific days of the week at a chosen time,", THEN temporarily boosts freezer cooling.",FREE
IF is one of the specific days of the week at a chosen time,", THEN temporarily boosts freezer cooling.",FREE
IF is one of the specific days of the week at a chosen time,", THEN sets a comfort profile hold.",FREE
IF is one of the specific days of the week at a chosen time,", THEN sets a comfort profile hold.",FREE
IF is one of the specific days of the week at a chosen time,", THEN sets a comfort profile hold.",FREE
IF is one of the specific days of the week at a chosen time,", THEN sets a comfort profile hold.",FREE
IF is one of the specific days of the week at a chosen time,", THEN sets a comfort profile hold.",FREE
IF is one of the specific days of the week at a chosen time,", THEN turn ons fresh mode on the appliance.",FREE
IF is one of the specific days of the week at a chosen time,", THEN turn ons fresh mode on the appliance.",FREE
IF is one of the specific days of the week at a chosen time,", THEN turn ons fresh mode on the appliance.",FREE
IF is one of the specific days of the week at a chosen time,", THEN turn ons fresh mode on the appliance.",FREE
IF is one of the specific days of the week at a chosen time,", THEN turn ons fresh mode on the appliance.",FREE
IF is one of the specific days of the week at a chosen time,", THEN creates a vacation temperature schedule.",FREE
IF is one of the specific days of the week at a chosen time,", THEN creates a vacation temperature schedule.",FREE
IF is one of the specific days of the week at a chosen time,", THEN creates a vacation temperature schedule.",FREE
IF is one of the specific days of the week at a chosen time,", THEN creates a vacation temperature schedule.",FREE
IF is one of the specific days of the week at a chosen time,", THEN creates a vacation temperature schedule.",FREE
IF is one of the specific days of the week at a chosen time,", THEN decreases room temperature.",FREE
IF is one of the specific days of the week at a chosen time,", THEN decreases room temperature.",FREE
IF is one of the specific days of the week at a chosen time,", THEN decreases room temperature.",FREE
IF is one of the specific days of the week at a chosen time,", THEN decreases room temperature.",FREE
IF is one of the specific days of the week at a chosen time,", THEN decreases room temperature.",FREE
IF is one of the specific days of the week at a chosen time,", THEN configures thermostat fan mode.",FREE
IF is one of the specific days of the week at a chosen time,", THEN configures thermostat fan mode.",FREE
IF is one of the specific days of the week at a chosen time,", THEN configures thermostat fan mode.",FREE
IF is one of the specific days of the week at a chosen time,", THEN configures thermostat fan mode.",FREE
IF is one of the specific days of the week at a chosen time,", THEN configures thermostat fan mode.",FREE
IF is one of the specific days of the week at a chosen time,", THEN sets heating mode to scheduled.",FREE
IF is one of the specific days of the week at a chosen time,", THEN sets heating mode to scheduled.",FREE
IF is one of the specific days of the week at a chosen time,", THEN sets heating mode to scheduled.",FREE
IF is one of the specific days of the week at a chosen time,", THEN sets heating mode to scheduled.",FREE
IF is one of the specific days of the week at a chosen time,", THEN sets heating mode to scheduled.",FREE
IF is one of the specific days of the week at a chosen time,", THEN boosts heating temporarily.",FREE
IF is one of the specific days of the week at a chosen time,", THEN boosts heating temporarily.",FREE
IF is one of the specific days of the week at a chosen time,", THEN boosts heating temporarily.",FREE
IF is one of the specific days of the week at a chosen time,", THEN boosts heating temporarily.",FREE
IF is one of the specific days of the week at a chosen time,", THEN boosts heating temporarily.",FREE
IF is one of the specific days of the week at a chosen time,", THEN turn ons heating.",FREE
IF is one of the specific days of the week at a chosen time,", THEN turn ons heating.",FREE
IF is one of the specific days of the week at a chosen time,", THEN turn ons heating.",FREE
IF is one of the specific days of the week at a chosen time,", THEN turn ons heating.",FREE
IF is one of the specific days of the week at a chosen time,", THEN turn ons heating.",FREE
IF is one of the specific days of the week at a chosen time,", THEN sets the freezer temperature.",FREE
IF is one of the specific days of the week at a chosen time,", THEN sets the freezer temperature.",FREE
IF is one of the specific days of the week at a chosen time,", THEN sets the freezer temperature.",FREE
IF is one of the specific days of the week at a chosen time,", THEN sets the freezer temperature.",FREE
IF is one of the specific days of the week at a chosen time,", THEN sets the freezer temperature.",FREE
IF is one of the specific days of the week at a chosen time,", THEN sets a timed comfort profile hold.",FREE
IF is one of the specific days of the week at a chosen time,", THEN sets a timed comfort profile hold.",FREE
IF is one of the specific days of the week at a chosen time,", THEN sets a timed comfort profile hold.",FREE
IF is one of the specific days of the week at a chosen time,", THEN sets a timed comfort profile hold.",FREE
IF is one of the specific days of the week at a chosen time,", THEN sets a timed comfort profile hold.",FREE
IF is one of the specific days of the week at a chosen time,", THEN sets cooling mode.",FREE
IF is one of the specific days of the week at a chosen time,", THEN sets cooling mode.",FREE
IF is one of the specific days of the week at a chosen time,", THEN sets cooling mode.",FREE
IF is one of the specific days of the week at a chosen time,", THEN sets cooling mode.",FREE
IF is one of the specific days of the week at a chosen time,", THEN sets cooling mode.",FREE
IF is one of the specific days of the week at a chosen time,", THEN sets home to away mode.",FREE
IF is one of the specific days of the week at a chosen time,", THEN sets home to away mode.",FREE
IF is one of the specific days of the week at a chosen time,", THEN sets home to away mode.",FREE
IF is one of the specific days of the week at a chosen time,", THEN sets home to away mode.",FREE
IF is one of the specific days of the week at a chosen time,", THEN sets home to away mode.",FREE
IF is one of the specific days of the week at a chosen time,", THEN sets the thermostat target temperature.",FREE
IF is one of the specific days of the week at a chosen time,", THEN sets the thermostat target temperature.",FREE
IF is one of the specific days of the week at a chosen time,", THEN sets the thermostat target temperature.",FREE
IF is one of the specific days of the week at a chosen time,", THEN sets the thermostat target temperature.",FREE
IF is one of the specific days of the week at a chosen time,", THEN sets the thermostat target temperature.",FREE
IF is one of the specific days of the week at a chosen time,", THEN enables a temperature hold.",FREE
IF is one of the specific days of the week at a chosen time,", THEN enables a temperature hold.",FREE
IF is one of the specific days of the week at a chosen time,", THEN enables a temperature hold.",FREE
IF is one of the specific days of the week at a chosen time,", THEN enables a temperature hold.",FREE
IF is one of the specific days of the week at a chosen time,", THEN enables a temperature hold.",FREE
IF is one of the specific days of the week at a chosen time,", THEN switches off the electric switch.",FREE
IF is one of the specific days of the week at a chosen time,", THEN switches off the electric switch.",FREE
IF is one of the specific days of the week at a chosen time,", THEN switches off the electric switch.",FREE
IF is one of the specific days of the week at a chosen time,", THEN switches off the electric switch.",FREE
IF is one of the specific days of the week at a chosen time,", THEN switches off the electric switch.",FREE
IF is one of the specific days of the week at a chosen time,", THEN turn ons eco mode on the appliance.",FREE
IF is one of the specific days of the week at a chosen time,", THEN turn ons eco mode on the appliance.",FREE
IF is one of the specific days of the week at a chosen time,", THEN turn ons eco mode on the appliance.",FREE
IF is one of the specific days of the week at a chosen time,", THEN turn ons eco mode on the appliance.",FREE
IF is one of the specific days of the week at a chosen time,", THEN turn ons eco mode on the appliance.",FREE
IF is one of the specific days of the week at a chosen time,", THEN sets heating mode.",FREE
IF is one of the specific days of the week at a chosen time,", THEN sets heating mode.",FREE
IF is one of the specific days of the week at a chosen time,", THEN sets heating mode.",FREE
IF is one of the specific days of the week at a chosen time,", THEN sets heating mode.",FREE
IF is one of the specific days of the week at a chosen time,", THEN sets heating mode.",FREE
IF is one of the specific days of the week at a chosen time,", THEN sets thermostat group mode.",FREE
IF is one of the specific days of the week at a chosen time,", THEN sets thermostat group mode.",FREE
IF is one of the specific days of the week at a chosen time,", THEN sets thermostat group mode.",FREE
IF is one of the specific days of the week at a chosen time,", THEN sets thermostat group mode.",FREE
IF is one of the specific days of the week at a chosen time,", THEN sets thermostat group mode.",FREE
IF is one of the specific days of the week at a chosen time,", THEN turns on the air conditioner and configures settings.",FREE
IF is one of the specific days of the week at a chosen time,", THEN turns on the air conditioner and configures settings.",FREE
IF is one of the specific days of the week at a chosen time,", THEN turns on the air conditioner and configures settings.",FREE
IF is one of the specific days of the week at a chosen time,", THEN turns on the air conditioner and configures settings.",FREE
IF is one of the specific days of the week at a chosen time,", THEN turns on the air conditioner and configures settings.",FREE
IF is one of the specific days of the week at a chosen time,", THEN restores default heating schedule.",FREE
IF is one of the specific days of the week at a chosen time,", THEN restores default heating schedule.",FREE
IF is one of the specific days of the week at a chosen time,", THEN restores default heating schedule.",FREE
IF is one of the specific days of the week at a chosen time,", THEN restores default heating schedule.",FREE
IF is one of the specific days of the week at a chosen time,", THEN restores default heating schedule.",FREE
IF is one of the specific days of the week at a chosen time,", THEN turns off heating.",FREE
IF is one of the specific days of the week at a chosen time,", THEN turns off heating.",FREE
IF is one of the specific days of the week at a chosen time,", THEN turns off heating.",FREE
IF is one of the specific days of the week at a chosen time,", THEN turns off heating.",FREE
IF is one of the specific days of the week at a chosen time,", THEN turns off heating.",FREE
IF is one of the specific days of the week at a chosen time,", THEN cancels the current thermostat event.",FREE
IF is one of the specific days of the week at a chosen time,", THEN cancels the current thermostat event.",FREE
IF is one of the specific days of the week at a chosen time,", THEN cancels the current thermostat event.",FREE
IF is one of the specific days of the week at a chosen time,", THEN cancels the current thermostat event.",FREE
IF is one of the specific days of the week at a chosen time,", THEN cancels the current thermostat event.",FREE
IF is one of the specific days of the week at a chosen time,", THEN resumes the programmed schedule.",FREE
IF is one of the specific days of the week at a chosen time,", THEN resumes the programmed schedule.",FREE
IF is one of the specific days of the week at a chosen time,", THEN resumes the programmed schedule.",FREE
IF is one of the specific days of the week at a chosen time,", THEN resumes the programmed schedule.",FREE
IF is one of the specific days of the week at a chosen time,", THEN resumes the programmed schedule.",FREE
IF is one of the specific days of the week at a chosen time,", THEN starts heating.",FREE
IF is one of the specific days of the week at a chosen time,", THEN starts heating.",FREE
IF is one of the specific days of the week at a chosen time,", THEN starts heating.",FREE
IF is one of the specific days of the week at a chosen time,", THEN starts heating.",FREE
IF is one of the specific days of the week at a chosen time,", THEN starts heating.",FREE
IF is one of the specific days of the week at a chosen time,", THEN sets the water heater temperature.",FREE
IF is one of the specific days of the week at a chosen time,", THEN sets the water heater temperature.",FREE
IF is one of the specific days of the week at a chosen time,", THEN sets the water heater temperature.",FREE
IF is one of the specific days of the week at a chosen time,", THEN sets the water heater temperature.",FREE
IF is one of the specific days of the week at a chosen time,", THEN sets the water heater temperature.",FREE
IF is one of the specific days of the week at a chosen time,", THEN starts frost protection mode.",FREE
IF is one of the specific days of the week at a chosen time,", THEN starts frost protection mode.",FREE
IF is one of the specific days of the week at a chosen time,", THEN starts frost protection mode.",FREE
IF is one of the specific days of the week at a chosen time,", THEN starts frost protection mode.",FREE
IF is one of the specific days of the week at a chosen time,", THEN starts frost protection mode.",FREE
IF is one of the specific days of the week at a chosen time,", THEN activates a temperature hold.",FREE
IF is one of the specific days of the week at a chosen time,", THEN activates a temperature hold.",FREE
IF is one of the specific days of the week at a chosen time,", THEN activates a temperature hold.",FREE
IF is one of the specific days of the week at a chosen time,", THEN activates a temperature hold.",FREE
IF is one of the specific days of the week at a chosen time,", THEN activates a temperature hold.",FREE
IF is one of the specific days of the week at a chosen time,", THEN activates frost protection mode.",FREE
IF is one of the specific days of the week at a chosen time,", THEN activates frost protection mode.",FREE
IF is one of the specific days of the week at a chosen time,", THEN activates frost protection mode.",FREE
IF is one of the specific days of the week at a chosen time,", THEN activates frost protection mode.",FREE
IF is one of the specific days of the week at a chosen time,", THEN activates frost protection mode.",FREE
IF is one of the specific days of the week at a chosen time,", THEN stop the thermostat.",FREE
IF is one of the specific days of the week at a chosen time,", THEN stop the thermostat.",FREE
IF is one of the specific days of the week at a chosen time,", THEN stop the thermostat.",FREE
IF is one of the specific days of the week at a chosen time,", THEN stop the thermostat.",FREE
IF is one of the specific days of the week at a chosen time,", THEN stop the thermostat.",FREE
IF is one of the specific days of the week at a chosen time,", THEN sets the room temperature.",FREE
IF is one of the specific days of the week at a chosen time,", THEN sets the room temperature.",FREE
IF is one of the specific days of the week at a chosen time,", THEN sets the room temperature.",FREE
IF is one of the specific days of the week at a chosen time,", THEN sets the room temperature.",FREE
IF is one of the specific days of the week at a chosen time,", THEN sets the room temperature.",FREE
IF is one of the specific days of the week at a chosen time,", THEN sets the refrigerator temperature.",FREE
IF is one of the specific days of the week at a chosen time,", THEN sets the refrigerator temperature.",FREE
IF is one of the specific days of the week at a chosen time,", THEN sets the refrigerator temperature.",FREE
IF is one of the specific days of the week at a chosen time,", THEN sets the refrigerator temperature.",FREE
IF is one of the specific days of the week at a chosen time,", THEN sets the refrigerator temperature.",FREE
IF is one of the specific days of the week at a chosen time,", THEN cancels standby mode.",FREE
IF is one of the specific days of the week at a chosen time,", THEN cancels standby mode.",FREE
IF is one of the specific days of the week at a chosen time,", THEN cancels standby mode.",FREE
IF is one of the specific days of the week at a chosen time,", THEN cancels standby mode.",FREE
IF is one of the specific days of the week at a chosen time,", THEN cancels standby mode.",FREE
IF is one of the specific days of the week at a chosen time,", THEN starts eco mode on the appliance.",FREE
IF is one of the specific days of the week at a chosen time,", THEN starts eco mode on the appliance.",FREE
IF is one of the specific days of the week at a chosen time,", THEN starts eco mode on the appliance.",FREE
IF is one of the specific days of the week at a chosen time,", THEN starts eco mode on the appliance.",FREE
IF is one of the specific days of the week at a chosen time,", THEN starts eco mode on the appliance.",FREE
IF is one of the specific days of the week at a chosen time,", THEN sets the thermostat to manual mode at a fixed temperature.",FREE
IF is one of the specific days of the week at a chosen time,", THEN sets the thermostat to manual mode at a fixed temperature.",FREE
IF is one of the specific days of the week at a chosen time,", THEN sets the thermostat to manual mode at a fixed temperature.",FREE
IF is one of the specific days of the week at a chosen time,", THEN sets the thermostat to manual mode at a fixed temperature.",FREE
IF is one of the specific days of the week at a chosen time,", THEN sets the thermostat to manual mode at a fixed temperature.",FREE
IF is one of the specific days of the week at a chosen time,", THEN sets the temperature on the Heatmiser thermostat.",FREE
IF is one of the specific days of the week at a chosen time,", THEN sets the temperature on the Heatmiser thermostat.",FREE
IF is one of the specific days of the week at a chosen time,", THEN sets the temperature on the Heatmiser thermostat.",FREE
IF is one of the specific days of the week at a chosen time,", THEN sets the temperature on the Heatmiser thermostat.",FREE
IF is one of the specific days of the week at a chosen time,", THEN sets the temperature on the Heatmiser thermostat.",FREE
IF is one of the specific days of the week at a chosen time,", THEN turns on the Aros air conditioner.",FREE
IF is one of the specific days of the week at a chosen time,", THEN turns on the Aros air conditioner.",FREE
IF is one of the specific days of the week at a chosen time,", THEN turns on the Aros air conditioner.",FREE
IF is one of the specific days of the week at a chosen time,", THEN turns on the Aros air conditioner.",FREE
IF is one of the specific days of the week at a chosen time,", THEN turns on the Aros air conditioner.",FREE
IF is one of the specific days of the week at a chosen time,", THEN boosts hot water temporarily.",FREE
IF is one of the specific days of the week at a chosen time,", THEN boosts hot water temporarily.",FREE
IF is one of the specific days of the week at a chosen time,", THEN boosts hot water temporarily.",FREE
IF is one of the specific days of the week at a chosen time,", THEN boosts hot water temporarily.",FREE
IF is one of the specific days of the week at a chosen time,", THEN boosts hot water temporarily.",FREE
IF is one of the specific days of the week at a chosen time,", THEN sets the heating mode.",FREE
IF is one of the specific days of the week at a chosen time,", THEN sets the heating mode.",FREE
IF is one of the specific days of the week at a chosen time,", THEN sets the heating mode.",FREE
IF is one of the specific days of the week at a chosen time,", THEN sets the heating mode.",FREE
IF is one of the specific days of the week at a chosen time,", THEN sets the heating mode.",FREE
IF is one of the specific days of the week at a chosen time,", THEN enables eco mode on the appliance.",FREE
IF is one of the specific days of the week at a chosen time,", THEN enables eco mode on the appliance.",FREE
IF is one of the specific days of the week at a chosen time,", THEN enables eco mode on the appliance.",FREE
IF is one of the specific days of the week at a chosen time,", THEN enables eco mode on the appliance.",FREE
IF is one of the specific days of the week at a chosen time,", THEN enables eco mode on the appliance.",FREE
IF is one of the specific days of the week at a chosen time,", THEN sets the TRV temperature.",FREE
IF is one of the specific days of the week at a chosen time,", THEN sets the TRV temperature.",FREE
IF is one of the specific days of the week at a chosen time,", THEN sets the TRV temperature.",FREE
IF is one of the specific days of the week at a chosen time,", THEN sets the TRV temperature.",FREE
IF is one of the specific days of the week at a chosen time,", THEN sets the TRV temperature.",FREE
IF is one of the specific days of the week at a chosen time,", THEN increases room temperature.",FREE
IF is one of the specific days of the week at a chosen time,", THEN increases room temperature.",FREE
IF is one of the specific days of the week at a chosen time,", THEN increases room temperature.",FREE
IF is one of the specific days of the week at a chosen time,", THEN increases room temperature.",FREE
IF is one of the specific days of the week at a chosen time,", THEN increases room temperature.",FREE
IF is one of the specific days of the week at a chosen time,", THEN activates eco mode on the appliance.",FREE
IF is one of the specific days of the week at a chosen time,", THEN activates eco mode on the appliance.",FREE
IF is one of the specific days of the week at a chosen time,", THEN activates eco mode on the appliance.",FREE
IF is one of the specific days of the week at a chosen time,", THEN activates eco mode on the appliance.",FREE
IF is one of the specific days of the week at a chosen time,", THEN activates eco mode on the appliance.",FREE
IF is one of the specific days of the week at a chosen time,", THEN sets the target temperature on the window air conditioner.",FREE
IF is one of the specific days of the week at a chosen time,", THEN sets the target temperature on the window air conditioner.",FREE
IF is one of the specific days of the week at a chosen time,", THEN sets the target temperature on the window air conditioner.",FREE
IF is one of the specific days of the week at a chosen time,", THEN sets the target temperature on the window air conditioner.",FREE
IF is one of the specific days of the week at a chosen time,", THEN sets the target temperature on the window air conditioner.",FREE
IF is one of the specific days of the week at a chosen time,", THEN activates vacation mode.",FREE
IF is one of the specific days of the week at a chosen time,", THEN activates vacation mode.",FREE
IF is one of the specific days of the week at a chosen time,", THEN activates vacation mode.",FREE
IF is one of the specific days of the week at a chosen time,", THEN activates vacation mode.",FREE
IF is one of the specific days of the week at a chosen time,", THEN activates vacation mode.",FREE
IF is one of the specific days of the week at a chosen time,", THEN disable the thermostat.",FREE
IF is one of the specific days of the week at a chosen time,", THEN disable the thermostat.",FREE
IF is one of the specific days of the week at a chosen time,", THEN disable the thermostat.",FREE
IF is one of the specific days of the week at a chosen time,", THEN disable the thermostat.",FREE
IF is one of the specific days of the week at a chosen time,", THEN disable the thermostat.",FREE
IF is one of the specific days of the week at a chosen time,", THEN sets the thermostat temperature.",FREE
IF is one of the specific days of the week at a chosen time,", THEN sets the thermostat temperature.",FREE
IF is one of the specific days of the week at a chosen time,", THEN sets the thermostat temperature.",FREE
IF is one of the specific days of the week at a chosen time,", THEN sets the thermostat temperature.",FREE
IF is one of the specific days of the week at a chosen time,", THEN sets the thermostat temperature.",FREE
IF is one of the specific days of the week at a chosen time,", THEN the thermostat to the temperature you specify.",FREE
IF is one of the specific days of the week at a chosen time,", THEN the thermostat to the temperature you specify.",FREE
IF is one of the specific days of the week at a chosen time,", THEN the thermostat to the temperature you specify.",FREE
IF is one of the specific days of the week at a chosen time,", THEN the thermostat to the temperature you specify.",FREE
IF is one of the specific days of the week at a chosen time,", THEN the thermostat to the temperature you specify.",FREE
IF is one of the specific days of the week at a chosen time,", THEN enables frost protection mode.",FREE
IF is one of the specific days of the week at a chosen time,", THEN enables frost protection mode.",FREE
IF is one of the specific days of the week at a chosen time,", THEN enables frost protection mode.",FREE
IF is one of the specific days of the week at a chosen time,", THEN enables frost protection mode.",FREE
IF is one of the specific days of the week at a chosen time,", THEN enables frost protection mode.",FREE
IF is one of the specific days of the week at a chosen time,", THEN starts vacation mode.",FREE
IF is one of the specific days of the week at a chosen time,", THEN starts vacation mode.",FREE
IF is one of the specific days of the week at a chosen time,", THEN starts vacation mode.",FREE
IF is one of the specific days of the week at a chosen time,", THEN starts vacation mode.",FREE
IF is one of the specific days of the week at a chosen time,", THEN starts vacation mode.",FREE
IF is one of the specific days of the week at a chosen time,", THEN sets the thermostat mode.",FREE
IF is one of the specific days of the week at a chosen time,", THEN sets the thermostat mode.",FREE
IF is one of the specific days of the week at a chosen time,", THEN sets the thermostat mode.",FREE
IF is one of the specific days of the week at a chosen time,", THEN sets the thermostat mode.",FREE
IF is one of the specific days of the week at a chosen time,", THEN sets the thermostat mode.",FREE
IF is one of the specific days of the week at a chosen time,", THEN turn ons heating at a preferred temperature.",FREE
IF is one of the specific days of the week at a chosen time,", THEN turn ons heating at a preferred temperature.",FREE
IF is one of the specific days of the week at a chosen time,", THEN turn ons heating at a preferred temperature.",FREE
IF is one of the specific days of the week at a chosen time,", THEN turn ons heating at a preferred temperature.",FREE
IF is one of the specific days of the week at a chosen time,", THEN turn ons heating at a preferred temperature.",FREE
IF is one of the specific days of the week at a chosen time,", THEN turns heating mode off.",FREE
IF is one of the specific days of the week at a chosen time,", THEN turns heating mode off.",FREE
IF is one of the specific days of the week at a chosen time,", THEN turns heating mode off.",FREE
IF is one of the specific days of the week at a chosen time,", THEN turns heating mode off.",FREE
IF is one of the specific days of the week at a chosen time,", THEN turns heating mode off.",FREE
IF is one of the specific days of the week at a chosen time,", THEN starts heating at a preferred temperature.",FREE
IF is one of the specific days of the week at a chosen time,", THEN starts heating at a preferred temperature.",FREE
IF is one of the specific days of the week at a chosen time,", THEN starts heating at a preferred temperature.",FREE
IF is one of the specific days of the week at a chosen time,", THEN starts heating at a preferred temperature.",FREE
IF is one of the specific days of the week at a chosen time,", THEN starts heating at a preferred temperature.",FREE
IF is one of the specific days of the week at a chosen time,", THEN turn ons frost protection mode.",FREE
IF is one of the specific days of the week at a chosen time,", THEN turn ons frost protection mode.",FREE
IF is one of the specific days of the week at a chosen time,", THEN turn ons frost protection mode.",FREE
IF is one of the specific days of the week at a chosen time,", THEN turn ons frost protection mode.",FREE
IF is one of the specific days of the week at a chosen time,", THEN turn ons frost protection mode.",FREE
IF is one of the specific days of the week at a chosen time,", THEN turn off the thermostat.",FREE
IF is one of the specific days of the week at a chosen time,", THEN turn off the thermostat.",FREE
IF is one of the specific days of the week at a chosen time,", THEN turn off the thermostat.",FREE
IF is one of the specific days of the week at a chosen time,", THEN turn off the thermostat.",FREE
IF is one of the specific days of the week at a chosen time,", THEN turn off the thermostat.",FREE
IF is one of the specific days of the week at a chosen time,", THEN activates fresh mode on the appliance.",FREE
IF is one of the specific days of the week at a chosen time,", THEN activates fresh mode on the appliance.",FREE
IF is one of the specific days of the week at a chosen time,", THEN activates fresh mode on the appliance.",FREE
IF is one of the specific days of the week at a chosen time,", THEN activates fresh mode on the appliance.",FREE
IF is one of the specific days of the week at a chosen time,", THEN activates fresh mode on the appliance.",FREE
IF is one of the specific days of the week at a chosen time,", THEN updates the thermostat schedule.",FREE
IF is one of the specific days of the week at a chosen time,", THEN updates the thermostat schedule.",FREE
IF is one of the specific days of the week at a chosen time,", THEN updates the thermostat schedule.",FREE
IF is one of the specific days of the week at a chosen time,", THEN updates the thermostat schedule.",FREE
IF is one of the specific days of the week at a chosen time,", THEN updates the thermostat schedule.",FREE
IF is one of the specific days of the week at a chosen time,", THEN turns on the air conditioner.",FREE
IF is one of the specific days of the week at a chosen time,", THEN turns on the air conditioner.",FREE
IF is one of the specific days of the week at a chosen time,", THEN turns on the air conditioner.",FREE
IF is one of the specific days of the week at a chosen time,", THEN turns on the air conditioner.",FREE
IF is one of the specific days of the week at a chosen time,", THEN turns on the air conditioner.",FREE
IF is one of the specific days of the week at a chosen time,", THEN activates standby mode.",FREE
IF is one of the specific days of the week at a chosen time,", THEN activates standby mode.",FREE
IF is one of the specific days of the week at a chosen time,", THEN activates standby mode.",FREE
IF is one of the specific days of the week at a chosen time,", THEN activates standby mode.",FREE
IF is one of the specific days of the week at a chosen time,", THEN activates standby mode.",FREE
IF is one of the specific days of the week at a chosen time,", THEN temporarily boosts refrigerator cooling.",FREE
IF is one of the specific days of the week at a chosen time,", THEN temporarily boosts refrigerator cooling.",FREE
IF is one of the specific days of the week at a chosen time,", THEN temporarily boosts refrigerator cooling.",FREE
IF is one of the specific days of the week at a chosen time,", THEN temporarily boosts refrigerator cooling.",FREE
IF is one of the specific days of the week at a chosen time,", THEN temporarily boosts refrigerator cooling.",FREE
IF is one of the specific days of the week at a specified time,", THEN turn ons a temperature hold.",FREE
IF is one of the specific days of the week at a specified time,", THEN turn ons a temperature hold.",FREE
IF is one of the specific days of the week at a specified time,", THEN turn ons a temperature hold.",FREE
IF is one of the specific days of the week at a specified time,", THEN turn ons a temperature hold.",FREE
IF is one of the specific days of the week at a specified time,", THEN turn ons a temperature hold.",FREE
IF is one of the specific days of the week at a specified time,", THEN temporarily boosts freezer cooling.",FREE
IF is one of the specific days of the week at a specified time,", THEN temporarily boosts freezer cooling.",FREE
IF is one of the specific days of the week at a specified time,", THEN temporarily boosts freezer cooling.",FREE
IF is one of the specific days of the week at a specified time,", THEN temporarily boosts freezer cooling.",FREE
IF is one of the specific days of the week at a specified time,", THEN temporarily boosts freezer cooling.",FREE
IF is one of the specific days of the week at a specified time,", THEN sets a comfort profile hold.",FREE
IF is one of the specific days of the week at a specified time,", THEN sets a comfort profile hold.",FREE
IF is one of the specific days of the week at a specified time,", THEN sets a comfort profile hold.",FREE
IF is one of the specific days of the week at a specified time,", THEN sets a comfort profile hold.",FREE
IF is one of the specific days of the week at a specified time,", THEN sets a comfort profile hold.",FREE
IF is one of the specific days of the week at a specified time,", THEN turn ons fresh mode on the appliance.",FREE
IF is one of the specific days of the week at a specified time,", THEN turn ons fresh mode on the appliance.",FREE
IF is one of the specific days of the week at a specified time,", THEN turn ons fresh mode on the appliance.",FREE
IF is one of the specific days of the week at a specified time,", THEN turn ons fresh mode on the appliance.",FREE
IF is one of the specific days of the week at a specified time,", THEN turn ons fresh mode on the appliance.",FREE
IF is one of the specific days of the week at a specified time,", THEN creates a vacation temperature schedule.",FREE
IF is one of the specific days of the week at a specified time,", THEN creates a vacation temperature schedule.",FREE
IF is one of the specific days of the week at a specified time,", THEN creates a vacation temperature schedule.",FREE
IF is one of the specific days of the week at a specified time,", THEN creates a vacation temperature schedule.",FREE
IF is one of the specific days of the week at a specified time,", THEN creates a vacation temperature schedule.",FREE
IF is one of the specific days of the week at a specified time,", THEN decreases room temperature.",FREE
IF is one of the specific days of the week at a specified time,", THEN decreases room temperature.",FREE
IF is one of the specific days of the week at a specified time,", THEN decreases room temperature.",FREE
IF is one of the specific days of the week at a specified time,", THEN decreases room temperature.",FREE
IF is one of the specific days of the week at a specified time,", THEN decreases room temperature.",FREE
IF is one of the specific days of the week at a specified time,", THEN configures thermostat fan mode.",FREE
IF is one of the specific days of the week at a specified time,", THEN configures thermostat fan mode.",FREE
IF is one of the specific days of the week at a specified time,", THEN configures thermostat fan mode.",FREE
IF is one of the specific days of the week at a specified time,", THEN configures thermostat fan mode.",FREE
IF is one of the specific days of the week at a specified time,", THEN configures thermostat fan mode.",FREE
IF is one of the specific days of the week at a specified time,", THEN sets heating mode to scheduled.",FREE
IF is one of the specific days of the week at a specified time,", THEN sets heating mode to scheduled.",FREE
IF is one of the specific days of the week at a specified time,", THEN sets heating mode to scheduled.",FREE
IF is one of the specific days of the week at a specified time,", THEN sets heating mode to scheduled.",FREE
IF is one of the specific days of the week at a specified time,", THEN sets heating mode to scheduled.",FREE
IF is one of the specific days of the week at a specified time,", THEN boosts heating temporarily.",FREE
IF is one of the specific days of the week at a specified time,", THEN boosts heating temporarily.",FREE
IF is one of the specific days of the week at a specified time,", THEN boosts heating temporarily.",FREE
IF is one of the specific days of the week at a specified time,", THEN boosts heating temporarily.",FREE
IF is one of the specific days of the week at a specified time,", THEN boosts heating temporarily.",FREE
IF is one of the specific days of the week at a specified time,", THEN turn ons heating.",FREE
IF is one of the specific days of the week at a specified time,", THEN turn ons heating.",FREE
IF is one of the specific days of the week at a specified time,", THEN turn ons heating.",FREE
IF is one of the specific days of the week at a specified time,", THEN turn ons heating.",FREE
IF is one of the specific days of the week at a specified time,", THEN turn ons heating.",FREE
IF is one of the specific days of the week at a specified time,", THEN sets the freezer temperature.",FREE
IF is one of the specific days of the week at a specified time,", THEN sets the freezer temperature.",FREE
IF is one of the specific days of the week at a specified time,", THEN sets the freezer temperature.",FREE
IF is one of the specific days of the week at a specified time,", THEN sets the freezer temperature.",FREE
IF is one of the specific days of the week at a specified time,", THEN sets the freezer temperature.",FREE
IF is one of the specific days of the week at a specified time,", THEN sets a timed comfort profile hold.",FREE
IF is one of the specific days of the week at a specified time,", THEN sets a timed comfort profile hold.",FREE
IF is one of the specific days of the week at a specified time,", THEN sets a timed comfort profile hold.",FREE
IF is one of the specific days of the week at a specified time,", THEN sets a timed comfort profile hold.",FREE
IF is one of the specific days of the week at a specified time,", THEN sets a timed comfort profile hold.",FREE
IF is one of the specific days of the week at a specified time,", THEN sets cooling mode.",FREE
IF is one of the specific days of the week at a specified time,", THEN sets cooling mode.",FREE
IF is one of the specific days of the week at a specified time,", THEN sets cooling mode.",FREE
IF is one of the specific days of the week at a specified time,", THEN sets cooling mode.",FREE
IF is one of the specific days of the week at a specified time,", THEN sets cooling mode.",FREE
IF is one of the specific days of the week at a specified time,", THEN sets home to away mode.",FREE
IF is one of the specific days of the week at a specified time,", THEN sets home to away mode.",FREE
IF is one of the specific days of the week at a specified time,", THEN sets home to away mode.",FREE
IF is one of the specific days of the week at a specified time,", THEN sets home to away mode.",FREE
IF is one of the specific days of the week at a specified time,", THEN sets home to away mode.",FREE
IF is one of the specific days of the week at a specified time,", THEN sets the thermostat target temperature.",FREE
IF is one of the specific days of the week at a specified time,", THEN sets the thermostat target temperature.",FREE
IF is one of the specific days of the week at a specified time,", THEN sets the thermostat target temperature.",FREE
IF is one of the specific days of the week at a specified time,", THEN sets the thermostat target temperature.",FREE
IF is one of the specific days of the week at a specified time,", THEN sets the thermostat target temperature.",FREE
IF is one of the specific days of the week at a specified time,", THEN enables a temperature hold.",FREE
IF is one of the specific days of the week at a specified time,", THEN enables a temperature hold.",FREE
IF is one of the specific days of the week at a specified time,", THEN enables a temperature hold.",FREE
IF is one of the specific days of the week at a specified time,", THEN enables a temperature hold.",FREE
IF is one of the specific days of the week at a specified time,", THEN enables a temperature hold.",FREE
IF is one of the specific days of the week at a specified time,", THEN switches off the electric switch.",FREE
IF is one of the specific days of the week at a specified time,", THEN switches off the electric switch.",FREE
IF is one of the specific days of the week at a specified time,", THEN switches off the electric switch.",FREE
IF is one of the specific days of the week at a specified time,", THEN switches off the electric switch.",FREE
IF is one of the specific days of the week at a specified time,", THEN switches off the electric switch.",FREE
IF is one of the specific days of the week at a specified time,", THEN turn ons eco mode on the appliance.",FREE
IF is one of the specific days of the week at a specified time,", THEN turn ons eco mode on the appliance.",FREE
IF is one of the specific days of the week at a specified time,", THEN turn ons eco mode on the appliance.",FREE
IF is one of the specific days of the week at a specified time,", THEN turn ons eco mode on the appliance.",FREE
IF is one of the specific days of the week at a specified time,", THEN turn ons eco mode on the appliance.",FREE
IF is one of the specific days of the week at a specified time,", THEN sets heating mode.",FREE
IF is one of the specific days of the week at a specified time,", THEN sets heating mode.",FREE
IF is one of the specific days of the week at a specified time,", THEN sets heating mode.",FREE
IF is one of the specific days of the week at a specified time,", THEN sets heating mode.",FREE
IF is one of the specific days of the week at a specified time,", THEN sets heating mode.",FREE
IF is one of the specific days of the week at a specified time,", THEN sets thermostat group mode.",FREE
IF is one of the specific days of the week at a specified time,", THEN sets thermostat group mode.",FREE
IF is one of the specific days of the week at a specified time,", THEN sets thermostat group mode.",FREE
IF is one of the specific days of the week at a specified time,", THEN sets thermostat group mode.",FREE
IF is one of the specific days of the week at a specified time,", THEN sets thermostat group mode.",FREE
IF is one of the specific days of the week at a specified time,", THEN turns on the air conditioner and configures settings.",FREE
IF is one of the specific days of the week at a specified time,", THEN turns on the air conditioner and configures settings.",FREE
IF is one of the specific days of the week at a specified time,", THEN turns on the air conditioner and configures settings.",FREE
IF is one of the specific days of the week at a specified time,", THEN turns on the air conditioner and configures settings.",FREE
IF is one of the specific days of the week at a specified time,", THEN turns on the air conditioner and configures settings.",FREE
IF is one of the specific days of the week at a specified time,", THEN restores default heating schedule.",FREE
IF is one of the specific days of the week at a specified time,", THEN restores default heating schedule.",FREE
IF is one of the specific days of the week at a specified time,", THEN restores default heating schedule.",FREE
IF is one of the specific days of the week at a specified time,", THEN restores default heating schedule.",FREE
IF is one of the specific days of the week at a specified time,", THEN restores default heating schedule.",FREE
IF is one of the specific days of the week at a specified time,", THEN turns off heating.",FREE
IF is one of the specific days of the week at a specified time,", THEN turns off heating.",FREE
IF is one of the specific days of the week at a specified time,", THEN turns off heating.",FREE
IF is one of the specific days of the week at a specified time,", THEN turns off heating.",FREE
IF is one of the specific days of the week at a specified time,", THEN turns off heating.",FREE
IF is one of the specific days of the week at a specified time,", THEN cancels the current thermostat event.",FREE
IF is one of the specific days of the week at a specified time,", THEN cancels the current thermostat event.",FREE
IF is one of the specific days of the week at a specified time,", THEN cancels the current thermostat event.",FREE
IF is one of the specific days of the week at a specified time,", THEN cancels the current thermostat event.",FREE
IF is one of the specific days of the week at a specified time,", THEN cancels the current thermostat event.",FREE
IF is one of the specific days of the week at a specified time,", THEN resumes the programmed schedule.",FREE
IF is one of the specific days of the week at a specified time,", THEN resumes the programmed schedule.",FREE
IF is one of the specific days of the week at a specified time,", THEN resumes the programmed schedule.",FREE
IF is one of the specific days of the week at a specified time,", THEN resumes the programmed schedule.",FREE
IF is one of the specific days of the week at a specified time,", THEN resumes the programmed schedule.",FREE
IF is one of the specific days of the week at a specified time,", THEN starts heating.",FREE
IF is one of the specific days of the week at a specified time,", THEN starts heating.",FREE
IF is one of the specific days of the week at a specified time,", THEN starts heating.",FREE
IF is one of the specific days of the week at a specified time,", THEN starts heating.",FREE
IF is one of the specific days of the week at a specified time,", THEN starts heating.",FREE
IF is one of the specific days of the week at a specified time,", THEN sets the water heater temperature.",FREE
IF is one of the specific days of the week at a specified time,", THEN sets the water heater temperature.",FREE
IF is one of the specific days of the week at a specified time,", THEN sets the water heater temperature.",FREE
IF is one of the specific days of the week at a specified time,", THEN sets the water heater temperature.",FREE
IF is one of the specific days of the week at a specified time,", THEN sets the water heater temperature.",FREE
IF is one of the specific days of the week at a specified time,", THEN starts frost protection mode.",FREE
IF is one of the specific days of the week at a specified time,", THEN starts frost protection mode.",FREE
IF is one of the specific days of the week at a specified time,", THEN starts frost protection mode.",FREE
IF is one of the specific days of the week at a specified time,", THEN starts frost protection mode.",FREE
IF is one of the specific days of the week at a specified time,", THEN starts frost protection mode.",FREE
IF is one of the specific days of the week at a specified time,", THEN activates a temperature hold.",FREE
IF is one of the specific days of the week at a specified time,", THEN activates a temperature hold.",FREE
IF is one of the specific days of the week at a specified time,", THEN activates a temperature hold.",FREE
IF is one of the specific days of the week at a specified time,", THEN activates a temperature hold.",FREE
IF is one of the specific days of the week at a specified time,", THEN activates a temperature hold.",FREE
IF is one of the specific days of the week at a specified time,", THEN activates frost protection mode.",FREE
IF is one of the specific days of the week at a specified time,", THEN activates frost protection mode.",FREE
IF is one of the specific days of the week at a specified time,", THEN activates frost protection mode.",FREE
IF is one of the specific days of the week at a specified time,", THEN activates frost protection mode.",FREE
IF is one of the specific days of the week at a specified time,", THEN activates frost protection mode.",FREE
IF is one of the specific days of the week at a specified time,", THEN stop the thermostat.",FREE
IF is one of the specific days of the week at a specified time,", THEN stop the thermostat.",FREE
IF is one of the specific days of the week at a specified time,", THEN stop the thermostat.",FREE
IF is one of the specific days of the week at a specified time,", THEN stop the thermostat.",FREE
IF is one of the specific days of the week at a specified time,", THEN stop the thermostat.",FREE
IF is one of the specific days of the week at a specified time,", THEN sets the room temperature.",FREE
IF is one of the specific days of the week at a specified time,", THEN sets the room temperature.",FREE
IF is one of the specific days of the week at a specified time,", THEN sets the room temperature.",FREE
IF is one of the specific days of the week at a specified time,", THEN sets the room temperature.",FREE
IF is one of the specific days of the week at a specified time,", THEN sets the room temperature.",FREE
IF is one of the specific days of the week at a specified time,", THEN sets the refrigerator temperature.",FREE
IF is one of the specific days of the week at a specified time,", THEN sets the refrigerator temperature.",FREE
IF is one of the specific days of the week at a specified time,", THEN sets the refrigerator temperature.",FREE
IF is one of the specific days of the week at a specified time,", THEN sets the refrigerator temperature.",FREE
IF is one of the specific days of the week at a specified time,", THEN sets the refrigerator temperature.",FREE
IF is one of the specific days of the week at a specified time,", THEN cancels standby mode.",FREE
IF is one of the specific days of the week at a specified time,", THEN cancels standby mode.",FREE
IF is one of the specific days of the week at a specified time,", THEN cancels standby mode.",FREE
IF is one of the specific days of the week at a specified time,", THEN cancels standby mode.",FREE
IF is one of the specific days of the week at a specified time,", THEN cancels standby mode.",FREE
IF is one of the specific days of the week at a specified time,", THEN starts eco mode on the appliance.",FREE
IF is one of the specific days of the week at a specified time,", THEN starts eco mode on the appliance.",FREE
IF is one of the specific days of the week at a specified time,", THEN starts eco mode on the appliance.",FREE
IF is one of the specific days of the week at a specified time,", THEN starts eco mode on the appliance.",FREE
IF is one of the specific days of the week at a specified time,", THEN starts eco mode on the appliance.",FREE
IF is one of the specific days of the week at a specified time,", THEN sets the thermostat to manual mode at a fixed temperature.",FREE
IF is one of the specific days of the week at a specified time,", THEN sets the thermostat to manual mode at a fixed temperature.",FREE
IF is one of the specific days of the week at a specified time,", THEN sets the thermostat to manual mode at a fixed temperature.",FREE
IF is one of the specific days of the week at a specified time,", THEN sets the thermostat to manual mode at a fixed temperature.",FREE
IF is one of the specific days of the week at a specified time,", THEN sets the thermostat to manual mode at a fixed temperature.",FREE
IF is one of the specific days of the week at a specified time,", THEN sets the temperature on the Heatmiser thermostat.",FREE
IF is one of the specific days of the week at a specified time,", THEN sets the temperature on the Heatmiser thermostat.",FREE
IF is one of the specific days of the week at a specified time,", THEN sets the temperature on the Heatmiser thermostat.",FREE
IF is one of the specific days of the week at a specified time,", THEN sets the temperature on the Heatmiser thermostat.",FREE
IF is one of the specific days of the week at a specified time,", THEN sets the temperature on the Heatmiser thermostat.",FREE
IF is one of the specific days of the week at a specified time,", THEN turns on the Aros air conditioner.",FREE
IF is one of the specific days of the week at a specified time,", THEN turns on the Aros air conditioner.",FREE
IF is one of the specific days of the week at a specified time,", THEN turns on the Aros air conditioner.",FREE
IF is one of the specific days of the week at a specified time,", THEN turns on the Aros air conditioner.",FREE
IF is one of the specific days of the week at a specified time,", THEN turns on the Aros air conditioner.",FREE
IF is one of the specific days of the week at a specified time,", THEN boosts hot water temporarily.",FREE
IF is one of the specific days of the week at a specified time,", THEN boosts hot water temporarily.",FREE
IF is one of the specific days of the week at a specified time,", THEN boosts hot water temporarily.",FREE
IF is one of the specific days of the week at a specified time,", THEN boosts hot water temporarily.",FREE
IF is one of the specific days of the week at a specified time,", THEN boosts hot water temporarily.",FREE
IF is one of the specific days of the week at a specified time,", THEN sets the heating mode.",FREE
IF is one of the specific days of the week at a specified time,", THEN sets the heating mode.",FREE
IF is one of the specific days of the week at a specified time,", THEN sets the heating mode.",FREE
IF is one of the specific days of the week at a specified time,", THEN sets the heating mode.",FREE
IF is one of the specific days of the week at a specified time,", THEN sets the heating mode.",FREE
IF is one of the specific days of the week at a specified time,", THEN enables eco mode on the appliance.",FREE
IF is one of the specific days of the week at a specified time,", THEN enables eco mode on the appliance.",FREE
IF is one of the specific days of the week at a specified time,", THEN enables eco mode on the appliance.",FREE
IF is one of the specific days of the week at a specified time,", THEN enables eco mode on the appliance.",FREE
IF is one of the specific days of the week at a specified time,", THEN enables eco mode on the appliance.",FREE
IF is one of the specific days of the week at a specified time,", THEN sets the TRV temperature.",FREE
IF is one of the specific days of the week at a specified time,", THEN sets the TRV temperature.",FREE
IF is one of the specific days of the week at a specified time,", THEN sets the TRV temperature.",FREE
IF is one of the specific days of the week at a specified time,", THEN sets the TRV temperature.",FREE
IF is one of the specific days of the week at a specified time,", THEN sets the TRV temperature.",FREE
IF is one of the specific days of the week at a specified time,", THEN increases room temperature.",FREE
IF is one of the specific days of the week at a specified time,", THEN increases room temperature.",FREE
IF is one of the specific days of the week at a specified time,", THEN increases room temperature.",FREE
IF is one of the specific days of the week at a specified time,", THEN increases room temperature.",FREE
IF is one of the specific days of the week at a specified time,", THEN increases room temperature.",FREE
IF is one of the specific days of the week at a specified time,", THEN activates eco mode on the appliance.",FREE
IF is one of the specific days of the week at a specified time,", THEN activates eco mode on the appliance.",FREE
IF is one of the specific days of the week at a specified time,", THEN activates eco mode on the appliance.",FREE
IF is one of the specific days of the week at a specified time,", THEN activates eco mode on the appliance.",FREE
IF is one of the specific days of the week at a specified time,", THEN activates eco mode on the appliance.",FREE
IF is one of the specific days of the week at a specified time,", THEN sets the target temperature on the window air conditioner.",FREE
IF is one of the specific days of the week at a specified time,", THEN sets the target temperature on the window air conditioner.",FREE
IF is one of the specific days of the week at a specified time,", THEN sets the target temperature on the window air conditioner.",FREE
IF is one of the specific days of the week at a specified time,", THEN sets the target temperature on the window air conditioner.",FREE
IF is one of the specific days of the week at a specified time,", THEN sets the target temperature on the window air conditioner.",FREE
IF is one of the specific days of the week at a specified time,", THEN activates vacation mode.",FREE
IF is one of the specific days of the week at a specified time,", THEN activates vacation mode.",FREE
IF is one of the specific days of the week at a specified time,", THEN activates vacation mode.",FREE
IF is one of the specific days of the week at a specified time,", THEN activates vacation mode.",FREE
IF is one of the specific days of the week at a specified time,", THEN activates vacation mode.",FREE
IF is one of the specific days of the week at a specified time,", THEN disable the thermostat.",FREE
IF is one of the specific days of the week at a specified time,", THEN disable the thermostat.",FREE
IF is one of the specific days of the week at a specified time,", THEN disable the thermostat.",FREE
IF is one of the specific days of the week at a specified time,", THEN disable the thermostat.",FREE
IF is one of the specific days of the week at a specified time,", THEN disable the thermostat.",FREE
IF is one of the specific days of the week at a specified time,", THEN sets the thermostat temperature.",FREE
IF is one of the specific days of the week at a specified time,", THEN sets the thermostat temperature.",FREE
IF is one of the specific days of the week at a specified time,", THEN sets the thermostat temperature.",FREE
IF is one of the specific days of the week at a specified time,", THEN sets the thermostat temperature.",FREE
IF is one of the specific days of the week at a specified time,", THEN sets the thermostat temperature.",FREE
IF is one of the specific days of the week at a specified time,", THEN the thermostat to the temperature you specify.",FREE
IF is one of the specific days of the week at a specified time,", THEN the thermostat to the temperature you specify.",FREE
IF is one of the specific days of the week at a specified time,", THEN the thermostat to the temperature you specify.",FREE
IF is one of the specific days of the week at a specified time,", THEN the thermostat to the temperature you specify.",FREE
IF is one of the specific days of the week at a specified time,", THEN the thermostat to the temperature you specify.",FREE
IF is one of the specific days of the week at a specified time,", THEN enables frost protection mode.",FREE
IF is one of the specific days of the week at a specified time,", THEN enables frost protection mode.",FREE
IF is one of the specific days of the week at a specified time,", THEN enables frost protection mode.",FREE
IF is one of the specific days of the week at a specified time,", THEN enables frost protection mode.",FREE
IF is one of the specific days of the week at a specified time,", THEN enables frost protection mode.",FREE
IF is one of the specific days of the week at a specified time,", THEN starts vacation mode.",FREE
IF is one of the specific days of the week at a specified time,", THEN starts vacation mode.",FREE
IF is one of the specific days of the week at a specified time,", THEN starts vacation mode.",FREE
IF is one of the specific days of the week at a specified time,", THEN starts vacation mode.",FREE
IF is one of the specific days of the week at a specified time,", THEN starts vacation mode.",FREE
IF is one of the specific days of the week at a specified time,", THEN sets the thermostat mode.",FREE
IF is one of the specific days of the week at a specified time,", THEN sets the thermostat mode.",FREE
IF is one of the specific days of the week at a specified time,", THEN sets the thermostat mode.",FREE
IF is one of the specific days of the week at a specified time,", THEN sets the thermostat mode.",FREE
IF is one of the specific days of the week at a specified time,", THEN sets the thermostat mode.",FREE
IF is one of the specific days of the week at a specified time,", THEN turn ons heating at a preferred temperature.",FREE
IF is one of the specific days of the week at a specified time,", THEN turn ons heating at a preferred temperature.",FREE
IF is one of the specific days of the week at a specified time,", THEN turn ons heating at a preferred temperature.",FREE
IF is one of the specific days of the week at a specified time,", THEN turn ons heating at a preferred temperature.",FREE
IF is one of the specific days of the week at a specified time,", THEN turn ons heating at a preferred temperature.",FREE
IF is one of the specific days of the week at a specified time,", THEN turns heating mode off.",FREE
IF is one of the specific days of the week at a specified time,", THEN turns heating mode off.",FREE
IF is one of the specific days of the week at a specified time,", THEN turns heating mode off.",FREE
IF is one of the specific days of the week at a specified time,", THEN turns heating mode off.",FREE
IF is one of the specific days of the week at a specified time,", THEN turns heating mode off.",FREE
IF is one of the specific days of the week at a specified time,", THEN starts heating at a preferred temperature.",FREE
IF is one of the specific days of the week at a specified time,", THEN starts heating at a preferred temperature.",FREE
IF is one of the specific days of the week at a specified time,", THEN starts heating at a preferred temperature.",FREE
IF is one of the specific days of the week at a specified time,", THEN starts heating at a preferred temperature.",FREE
IF is one of the specific days of the week at a specified time,", THEN starts heating at a preferred temperature.",FREE
IF is one of the specific days of the week at a specified time,", THEN turn ons frost protection mode.",FREE
IF is one of the specific days of the week at a specified time,", THEN turn ons frost protection mode.",FREE
IF is one of the specific days of the week at a specified time,", THEN turn ons frost protection mode.",FREE
IF is one of the specific days of the week at a specified time,", THEN turn ons frost protection mode.",FREE
IF is one of the specific days of the week at a specified time,", THEN turn ons frost protection mode.",FREE
IF is one of the specific days of the week at a specified time,", THEN turn off the thermostat.",FREE
IF is one of the specific days of the week at a specified time,", THEN turn off the thermostat.",FREE
IF is one of the specific days of the week at a specified time,", THEN turn off the thermostat.",FREE
IF is one of the specific days of the week at a specified time,", THEN turn off the thermostat.",FREE
IF is one of the specific days of the week at a specified time,", THEN turn off the thermostat.",FREE
IF is one of the specific days of the week at a specified time,", THEN activates fresh mode on the appliance.",FREE
IF is one of the specific days of the week at a specified time,", THEN activates fresh mode on the appliance.",FREE
IF is one of the specific days of the week at a specified time,", THEN activates fresh mode on the appliance.",FREE
IF is one of the specific days of the week at a specified time,", THEN activates fresh mode on the appliance.",FREE
IF is one of the specific days of the week at a specified time,", THEN activates fresh mode on the appliance.",FREE
IF is one of the specific days of the week at a specified time,", THEN updates the thermostat schedule.",FREE
IF is one of the specific days of the week at a specified time,", THEN updates the thermostat schedule.",FREE
IF is one of the specific days of the week at a specified time,", THEN updates the thermostat schedule.",FREE
IF is one of the specific days of the week at a specified time,", THEN updates the thermostat schedule.",FREE
IF is one of the specific days of the week at a specified time,", THEN updates the thermostat schedule.",FREE
IF is one of the specific days of the week at a specified time,", THEN turns on the air conditioner.",FREE
IF is one of the specific days of the week at a specified time,", THEN turns on the air conditioner.",FREE
IF is one of the specific days of the week at a specified time,", THEN turns on the air conditioner.",FREE
IF is one of the specific days of the week at a specified time,", THEN turns on the air conditioner.",FREE
IF is one of the specific days of the week at a specified time,", THEN turns on the air conditioner.",FREE
IF is one of the specific days of the week at a specified time,", THEN activates standby mode.",FREE
IF is one of the specific days of the week at a specified time,", THEN activates standby mode.",FREE
IF is one of the specific days of the week at a specified time,", THEN activates standby mode.",FREE
IF is one of the specific days of the week at a specified time,", THEN activates standby mode.",FREE
IF is one of the specific days of the week at a specified time,", THEN activates standby mode.",FREE
IF is one of the specific days of the week at a specified time,", THEN temporarily boosts refrigerator cooling.",FREE
IF is one of the specific days of the week at a specified time,", THEN temporarily boosts refrigerator cooling.",FREE
IF is one of the specific days of the week at a specified time,", THEN temporarily boosts refrigerator cooling.",FREE
IF is one of the specific days of the week at a specified time,", THEN temporarily boosts refrigerator cooling.",FREE
IF is one of the specific days of the week at a specified time,", THEN temporarily boosts refrigerator cooling.",FREE
IF a calendar event with a specific keyword occurs,", THEN turn ons a temperature hold.",FREE
IF a calendar event with a specific keyword occurs,", THEN turn ons a temperature hold.",FREE
IF a calendar event with a specific keyword occurs,", THEN turn ons a temperature hold.",FREE
IF a calendar event with a specific keyword occurs,", THEN turn ons a temperature hold.",FREE
IF a calendar event with a specific keyword occurs,", THEN turn ons a temperature hold.",FREE
IF a calendar event with a specific keyword occurs,", THEN temporarily boosts freezer cooling.",FREE
IF a calendar event with a specific keyword occurs,", THEN temporarily boosts freezer cooling.",FREE
IF a calendar event with a specific keyword occurs,", THEN temporarily boosts freezer cooling.",FREE
IF a calendar event with a specific keyword occurs,", THEN temporarily boosts freezer cooling.",FREE
IF a calendar event with a specific keyword occurs,", THEN temporarily boosts freezer cooling.",FREE
IF a calendar event with a specific keyword occurs,", THEN sets a comfort profile hold.",FREE
IF a calendar event with a specific keyword occurs,", THEN sets a comfort profile hold.",FREE
IF a calendar event with a specific keyword occurs,", THEN sets a comfort profile hold.",FREE
IF a calendar event with a specific keyword occurs,", THEN sets a comfort profile hold.",FREE
IF a calendar event with a specific keyword occurs,", THEN sets a comfort profile hold.",FREE
IF a calendar event with a specific keyword occurs,", THEN turn ons fresh mode on the appliance.",FREE
IF a calendar event with a specific keyword occurs,", THEN turn ons fresh mode on the appliance.",FREE
IF a calendar event with a specific keyword occurs,", THEN turn ons fresh mode on the appliance.",FREE
IF a calendar event with a specific keyword occurs,", THEN turn ons fresh mode on the appliance.",FREE
IF a calendar event with a specific keyword occurs,", THEN turn ons fresh mode on the appliance.",FREE
IF a calendar event with a specific keyword occurs,", THEN creates a vacation temperature schedule.",FREE
IF a calendar event with a specific keyword occurs,", THEN creates a vacation temperature schedule.",FREE
IF a calendar event with a specific keyword occurs,", THEN creates a vacation temperature schedule.",FREE
IF a calendar event with a specific keyword occurs,", THEN creates a vacation temperature schedule.",FREE
IF a calendar event with a specific keyword occurs,", THEN creates a vacation temperature schedule.",FREE
IF a calendar event with a specific keyword occurs,", THEN decreases room temperature.",FREE
IF a calendar event with a specific keyword occurs,", THEN decreases room temperature.",FREE
IF a calendar event with a specific keyword occurs,", THEN decreases room temperature.",FREE
IF a calendar event with a specific keyword occurs,", THEN decreases room temperature.",FREE
IF a calendar event with a specific keyword occurs,", THEN decreases room temperature.",FREE
IF a calendar event with a specific keyword occurs,", THEN configures thermostat fan mode.",FREE
IF a calendar event with a specific keyword occurs,", THEN configures thermostat fan mode.",FREE
IF a calendar event with a specific keyword occurs,", THEN configures thermostat fan mode.",FREE
IF a calendar event with a specific keyword occurs,", THEN configures thermostat fan mode.",FREE
IF a calendar event with a specific keyword occurs,", THEN configures thermostat fan mode.",FREE
IF a calendar event with a specific keyword occurs,", THEN sets heating mode to scheduled.",FREE
IF a calendar event with a specific keyword occurs,", THEN sets heating mode to scheduled.",FREE
IF a calendar event with a specific keyword occurs,", THEN sets heating mode to scheduled.",FREE
IF a calendar event with a specific keyword occurs,", THEN sets heating mode to scheduled.",FREE
IF a calendar event with a specific keyword occurs,", THEN sets heating mode to scheduled.",FREE
IF a calendar event with a specific keyword occurs,", THEN boosts heating temporarily.",FREE
IF a calendar event with a specific keyword occurs,", THEN boosts heating temporarily.",FREE
IF a calendar event with a specific keyword occurs,", THEN boosts heating temporarily.",FREE
IF a calendar event with a specific keyword occurs,", THEN boosts heating temporarily.",FREE
IF a calendar event with a specific keyword occurs,", THEN boosts heating temporarily.",FREE
IF a calendar event with a specific keyword occurs,", THEN turn ons heating.",FREE
IF a calendar event with a specific keyword occurs,", THEN turn ons heating.",FREE
IF a calendar event with a specific keyword occurs,", THEN turn ons heating.",FREE
IF a calendar event with a specific keyword occurs,", THEN turn ons heating.",FREE
IF a calendar event with a specific keyword occurs,", THEN turn ons heating.",FREE
IF a calendar event with a specific keyword occurs,", THEN sets the freezer temperature.",FREE
IF a calendar event with a specific keyword occurs,", THEN sets the freezer temperature.",FREE
IF a calendar event with a specific keyword occurs,", THEN sets the freezer temperature.",FREE
IF a calendar event with a specific keyword occurs,", THEN sets the freezer temperature.",FREE
IF a calendar event with a specific keyword occurs,", THEN sets the freezer temperature.",FREE
IF a calendar event with a specific keyword occurs,", THEN sets a timed comfort profile hold.",FREE
IF a calendar event with a specific keyword occurs,", THEN sets a timed comfort profile hold.",FREE
IF a calendar event with a specific keyword occurs,", THEN sets a timed comfort profile hold.",FREE
IF a calendar event with a specific keyword occurs,", THEN sets a timed comfort profile hold.",FREE
IF a calendar event with a specific keyword occurs,", THEN sets a timed comfort profile hold.",FREE
IF a calendar event with a specific keyword occurs,", THEN sets cooling mode.",FREE
IF a calendar event with a specific keyword occurs,", THEN sets cooling mode.",FREE
IF a calendar event with a specific keyword occurs,", THEN sets cooling mode.",FREE
IF a calendar event with a specific keyword occurs,", THEN sets cooling mode.",FREE
IF a calendar event with a specific keyword occurs,", THEN sets cooling mode.",FREE
IF a calendar event with a specific keyword occurs,", THEN sets home to away mode.",FREE
IF a calendar event with a specific keyword occurs,", THEN sets home to away mode.",FREE
IF a calendar event with a specific keyword occurs,", THEN sets home to away mode.",FREE
IF a calendar event with a specific keyword occurs,", THEN sets home to away mode.",FREE
IF a calendar event with a specific keyword occurs,", THEN sets home to away mode.",FREE
IF a calendar event with a specific keyword occurs,", THEN sets the thermostat target temperature.",FREE
IF a calendar event with a specific keyword occurs,", THEN sets the thermostat target temperature.",FREE
IF a calendar event with a specific keyword occurs,", THEN sets the thermostat target temperature.",FREE
IF a calendar event with a specific keyword occurs,", THEN sets the thermostat target temperature.",FREE
IF a calendar event with a specific keyword occurs,", THEN sets the thermostat target temperature.",FREE
IF a calendar event with a specific keyword occurs,", THEN enables a temperature hold.",FREE
IF a calendar event with a specific keyword occurs,", THEN enables a temperature hold.",FREE
IF a calendar event with a specific keyword occurs,", THEN enables a temperature hold.",FREE
IF a calendar event with a specific keyword occurs,", THEN enables a temperature hold.",FREE
IF a calendar event with a specific keyword occurs,", THEN enables a temperature hold.",FREE
IF a calendar event with a specific keyword occurs,", THEN switches off the electric switch.",FREE
IF a calendar event with a specific keyword occurs,", THEN switches off the electric switch.",FREE
IF a calendar event with a specific keyword occurs,", THEN switches off the electric switch.",FREE
IF a calendar event with a specific keyword occurs,", THEN switches off the electric switch.",FREE
IF a calendar event with a specific keyword occurs,", THEN switches off the electric switch.",FREE
IF a calendar event with a specific keyword occurs,", THEN turn ons eco mode on the appliance.",FREE
IF a calendar event with a specific keyword occurs,", THEN turn ons eco mode on the appliance.",FREE
IF a calendar event with a specific keyword occurs,", THEN turn ons eco mode on the appliance.",FREE
IF a calendar event with a specific keyword occurs,", THEN turn ons eco mode on the appliance.",FREE
IF a calendar event with a specific keyword occurs,", THEN turn ons eco mode on the appliance.",FREE
IF a calendar event with a specific keyword occurs,", THEN sets heating mode.",FREE
IF a calendar event with a specific keyword occurs,", THEN sets heating mode.",FREE
IF a calendar event with a specific keyword occurs,", THEN sets heating mode.",FREE
IF a calendar event with a specific keyword occurs,", THEN sets heating mode.",FREE
IF a calendar event with a specific keyword occurs,", THEN sets heating mode.",FREE
IF a calendar event with a specific keyword occurs,", THEN sets thermostat group mode.",FREE
IF a calendar event with a specific keyword occurs,", THEN sets thermostat group mode.",FREE
IF a calendar event with a specific keyword occurs,", THEN sets thermostat group mode.",FREE
IF a calendar event with a specific keyword occurs,", THEN sets thermostat group mode.",FREE
IF a calendar event with a specific keyword occurs,", THEN sets thermostat group mode.",FREE
IF a calendar event with a specific keyword occurs,", THEN turns on the air conditioner and configures settings.",FREE
IF a calendar event with a specific keyword occurs,", THEN turns on the air conditioner and configures settings.",FREE
IF a calendar event with a specific keyword occurs,", THEN turns on the air conditioner and configures settings.",FREE
IF a calendar event with a specific keyword occurs,", THEN turns on the air conditioner and configures settings.",FREE
IF a calendar event with a specific keyword occurs,", THEN turns on the air conditioner and configures settings.",FREE
IF a calendar event with a specific keyword occurs,", THEN restores default heating schedule.",FREE
IF a calendar event with a specific keyword occurs,", THEN restores default heating schedule.",FREE
IF a calendar event with a specific keyword occurs,", THEN restores default heating schedule.",FREE
IF a calendar event with a specific keyword occurs,", THEN restores default heating schedule.",FREE
IF a calendar event with a specific keyword occurs,", THEN restores default heating schedule.",FREE
IF a calendar event with a specific keyword occurs,", THEN turns off heating.",FREE
IF a calendar event with a specific keyword occurs,", THEN turns off heating.",FREE
IF a calendar event with a specific keyword occurs,", THEN turns off heating.",FREE
IF a calendar event with a specific keyword occurs,", THEN turns off heating.",FREE
IF a calendar event with a specific keyword occurs,", THEN turns off heating.",FREE
IF a calendar event with a specific keyword occurs,", THEN cancels the current thermostat event.",FREE
IF a calendar event with a specific keyword occurs,", THEN cancels the current thermostat event.",FREE
IF a calendar event with a specific keyword occurs,", THEN cancels the current thermostat event.",FREE
IF a calendar event with a specific keyword occurs,", THEN cancels the current thermostat event.",FREE
IF a calendar event with a specific keyword occurs,", THEN cancels the current thermostat event.",FREE
IF a calendar event with a specific keyword occurs,", THEN resumes the programmed schedule.",FREE
IF a calendar event with a specific keyword occurs,", THEN resumes the programmed schedule.",FREE
IF a calendar event with a specific keyword occurs,", THEN resumes the programmed schedule.",FREE
IF a calendar event with a specific keyword occurs,", THEN resumes the programmed schedule.",FREE
IF a calendar event with a specific keyword occurs,", THEN resumes the programmed schedule.",FREE
IF a calendar event with a specific keyword occurs,", THEN starts heating.",FREE
IF a calendar event with a specific keyword occurs,", THEN starts heating.",FREE
IF a calendar event with a specific keyword occurs,", THEN starts heating.",FREE
IF a calendar event with a specific keyword occurs,", THEN starts heating.",FREE
IF a calendar event with a specific keyword occurs,", THEN starts heating.",FREE
IF a calendar event with a specific keyword occurs,", THEN sets the water heater temperature.",FREE
IF a calendar event with a specific keyword occurs,", THEN sets the water heater temperature.",FREE
IF a calendar event with a specific keyword occurs,", THEN sets the water heater temperature.",FREE
IF a calendar event with a specific keyword occurs,", THEN sets the water heater temperature.",FREE
IF a calendar event with a specific keyword occurs,", THEN sets the water heater temperature.",FREE
IF a calendar event with a specific keyword occurs,", THEN starts frost protection mode.",FREE
IF a calendar event with a specific keyword occurs,", THEN starts frost protection mode.",FREE
IF a calendar event with a specific keyword occurs,", THEN starts frost protection mode.",FREE
IF a calendar event with a specific keyword occurs,", THEN starts frost protection mode.",FREE
IF a calendar event with a specific keyword occurs,", THEN starts frost protection mode.",FREE
IF a calendar event with a specific keyword occurs,", THEN activates a temperature hold.",FREE
IF a calendar event with a specific keyword occurs,", THEN activates a temperature hold.",FREE
IF a calendar event with a specific keyword occurs,", THEN activates a temperature hold.",FREE
IF a calendar event with a specific keyword occurs,", THEN activates a temperature hold.",FREE
IF a calendar event with a specific keyword occurs,", THEN activates a temperature hold.",FREE
IF a calendar event with a specific keyword occurs,", THEN activates frost protection mode.",FREE
IF a calendar event with a specific keyword occurs,", THEN activates frost protection mode.",FREE
IF a calendar event with a specific keyword occurs,", THEN activates frost protection mode.",FREE
IF a calendar event with a specific keyword occurs,", THEN activates frost protection mode.",FREE
IF a calendar event with a specific keyword occurs,", THEN activates frost protection mode.",FREE
IF a calendar event with a specific keyword occurs,", THEN stop the thermostat.",FREE
IF a calendar event with a specific keyword occurs,", THEN stop the thermostat.",FREE
IF a calendar event with a specific keyword occurs,", THEN stop the thermostat.",FREE
IF a calendar event with a specific keyword occurs,", THEN stop the thermostat.",FREE
IF a calendar event with a specific keyword occurs,", THEN stop the thermostat.",FREE
IF a calendar event with a specific keyword occurs,", THEN sets the room temperature.",FREE
IF a calendar event with a specific keyword occurs,", THEN sets the room temperature.",FREE
IF a calendar event with a specific keyword occurs,", THEN sets the room temperature.",FREE
IF a calendar event with a specific keyword occurs,", THEN sets the room temperature.",FREE
IF a calendar event with a specific keyword occurs,", THEN sets the room temperature.",FREE
IF a calendar event with a specific keyword occurs,", THEN sets the refrigerator temperature.",FREE
IF a calendar event with a specific keyword occurs,", THEN sets the refrigerator temperature.",FREE
IF a calendar event with a specific keyword occurs,", THEN sets the refrigerator temperature.",FREE
IF a calendar event with a specific keyword occurs,", THEN sets the refrigerator temperature.",FREE
IF a calendar event with a specific keyword occurs,", THEN sets the refrigerator temperature.",FREE
IF a calendar event with a specific keyword occurs,", THEN cancels standby mode.",FREE
IF a calendar event with a specific keyword occurs,", THEN cancels standby mode.",FREE
IF a calendar event with a specific keyword occurs,", THEN cancels standby mode.",FREE
IF a calendar event with a specific keyword occurs,", THEN cancels standby mode.",FREE
IF a calendar event with a specific keyword occurs,", THEN cancels standby mode.",FREE
IF a calendar event with a specific keyword occurs,", THEN starts eco mode on the appliance.",FREE
IF a calendar event with a specific keyword occurs,", THEN starts eco mode on the appliance.",FREE
IF a calendar event with a specific keyword occurs,", THEN starts eco mode on the appliance.",FREE
IF a calendar event with a specific keyword occurs,", THEN starts eco mode on the appliance.",FREE
IF a calendar event with a specific keyword occurs,", THEN starts eco mode on the appliance.",FREE
IF a calendar event with a specific keyword occurs,", THEN sets the thermostat to manual mode at a fixed temperature.",FREE
IF a calendar event with a specific keyword occurs,", THEN sets the thermostat to manual mode at a fixed temperature.",FREE
IF a calendar event with a specific keyword occurs,", THEN sets the thermostat to manual mode at a fixed temperature.",FREE
IF a calendar event with a specific keyword occurs,", THEN sets the thermostat to manual mode at a fixed temperature.",FREE
IF a calendar event with a specific keyword occurs,", THEN sets the thermostat to manual mode at a fixed temperature.",FREE
IF a calendar event with a specific keyword occurs,", THEN sets the temperature on the Heatmiser thermostat.",FREE
IF a calendar event with a specific keyword occurs,", THEN sets the temperature on the Heatmiser thermostat.",FREE
IF a calendar event with a specific keyword occurs,", THEN sets the temperature on the Heatmiser thermostat.",FREE
IF a calendar event with a specific keyword occurs,", THEN sets the temperature on the Heatmiser thermostat.",FREE
IF a calendar event with a specific keyword occurs,", THEN sets the temperature on the Heatmiser thermostat.",FREE
IF a calendar event with a specific keyword occurs,", THEN turns on the Aros air conditioner.",FREE
IF a calendar event with a specific keyword occurs,", THEN turns on the Aros air conditioner.",FREE
IF a calendar event with a specific keyword occurs,", THEN turns on the Aros air conditioner.",FREE
IF a calendar event with a specific keyword occurs,", THEN turns on the Aros air conditioner.",FREE
IF a calendar event with a specific keyword occurs,", THEN turns on the Aros air conditioner.",FREE
IF a calendar event with a specific keyword occurs,", THEN boosts hot water temporarily.",FREE
IF a calendar event with a specific keyword occurs,", THEN boosts hot water temporarily.",FREE
IF a calendar event with a specific keyword occurs,", THEN boosts hot water temporarily.",FREE
IF a calendar event with a specific keyword occurs,", THEN boosts hot water temporarily.",FREE
IF a calendar event with a specific keyword occurs,", THEN boosts hot water temporarily.",FREE
IF a calendar event with a specific keyword occurs,", THEN sets the heating mode.",FREE
IF a calendar event with a specific keyword occurs,", THEN sets the heating mode.",FREE
IF a calendar event with a specific keyword occurs,", THEN sets the heating mode.",FREE
IF a calendar event with a specific keyword occurs,", THEN sets the heating mode.",FREE
IF a calendar event with a specific keyword occurs,", THEN sets the heating mode.",FREE
IF a calendar event with a specific keyword occurs,", THEN enables eco mode on the appliance.",FREE
IF a calendar event with a specific keyword occurs,", THEN enables eco mode on the appliance.",FREE
IF a calendar event with a specific keyword occurs,", THEN enables eco mode on the appliance.",FREE
IF a calendar event with a specific keyword occurs,", THEN enables eco mode on the appliance.",FREE
IF a calendar event with a specific keyword occurs,", THEN enables eco mode on the appliance.",FREE
IF a calendar event with a specific keyword occurs,", THEN sets the TRV temperature.",FREE
IF a calendar event with a specific keyword occurs,", THEN sets the TRV temperature.",FREE
IF a calendar event with a specific keyword occurs,", THEN sets the TRV temperature.",FREE
IF a calendar event with a specific keyword occurs,", THEN sets the TRV temperature.",FREE
IF a calendar event with a specific keyword occurs,", THEN sets the TRV temperature.",FREE
IF a calendar event with a specific keyword occurs,", THEN increases room temperature.",FREE
IF a calendar event with a specific keyword occurs,", THEN increases room temperature.",FREE
IF a calendar event with a specific keyword occurs,", THEN increases room temperature.",FREE
IF a calendar event with a specific keyword occurs,", THEN increases room temperature.",FREE
IF a calendar event with a specific keyword occurs,", THEN increases room temperature.",FREE
IF a calendar event with a specific keyword occurs,", THEN activates eco mode on the appliance.",FREE
IF a calendar event with a specific keyword occurs,", THEN activates eco mode on the appliance.",FREE
IF a calendar event with a specific keyword occurs,", THEN activates eco mode on the appliance.",FREE
IF a calendar event with a specific keyword occurs,", THEN activates eco mode on the appliance.",FREE
IF a calendar event with a specific keyword occurs,", THEN activates eco mode on the appliance.",FREE
IF a calendar event with a specific keyword occurs,", THEN sets the target temperature on the window air conditioner.",FREE
IF a calendar event with a specific keyword occurs,", THEN sets the target temperature on the window air conditioner.",FREE
IF a calendar event with a specific keyword occurs,", THEN sets the target temperature on the window air conditioner.",FREE
IF a calendar event with a specific keyword occurs,", THEN sets the target temperature on the window air conditioner.",FREE
IF a calendar event with a specific keyword occurs,", THEN sets the target temperature on the window air conditioner.",FREE
IF a calendar event with a specific keyword occurs,", THEN activates vacation mode.",FREE
IF a calendar event with a specific keyword occurs,", THEN activates vacation mode.",FREE
IF a calendar event with a specific keyword occurs,", THEN activates vacation mode.",FREE
IF a calendar event with a specific keyword occurs,", THEN activates vacation mode.",FREE
IF a calendar event with a specific keyword occurs,", THEN activates vacation mode.",FREE
IF a calendar event with a specific keyword occurs,", THEN disable the thermostat.",FREE
IF a calendar event with a specific keyword occurs,", THEN disable the thermostat.",FREE
IF a calendar event with a specific keyword occurs,", THEN disable the thermostat.",FREE
IF a calendar event with a specific keyword occurs,", THEN disable the thermostat.",FREE
IF a calendar event with a specific keyword occurs,", THEN disable the thermostat.",FREE
IF a calendar event with a specific keyword occurs,", THEN sets the thermostat temperature.",FREE
IF a calendar event with a specific keyword occurs,", THEN sets the thermostat temperature.",FREE
IF a calendar event with a specific keyword occurs,", THEN sets the thermostat temperature.",FREE
IF a calendar event with a specific keyword occurs,", THEN sets the thermostat temperature.",FREE
IF a calendar event with a specific keyword occurs,", THEN sets the thermostat temperature.",FREE
IF a calendar event with a specific keyword occurs,", THEN the thermostat to the temperature you specify.",FREE
IF a calendar event with a specific keyword occurs,", THEN the thermostat to the temperature you specify.",FREE
IF a calendar event with a specific keyword occurs,", THEN the thermostat to the temperature you specify.",FREE
IF a calendar event with a specific keyword occurs,", THEN the thermostat to the temperature you specify.",FREE
IF a calendar event with a specific keyword occurs,", THEN the thermostat to the temperature you specify.",FREE
IF a calendar event with a specific keyword occurs,", THEN enables frost protection mode.",FREE
IF a calendar event with a specific keyword occurs,", THEN enables frost protection mode.",FREE
IF a calendar event with a specific keyword occurs,", THEN enables frost protection mode.",FREE
IF a calendar event with a specific keyword occurs,", THEN enables frost protection mode.",FREE
IF a calendar event with a specific keyword occurs,", THEN enables frost protection mode.",FREE
IF a calendar event with a specific keyword occurs,", THEN starts vacation mode.",FREE
IF a calendar event with a specific keyword occurs,", THEN starts vacation mode.",FREE
IF a calendar event with a specific keyword occurs,", THEN starts vacation mode.",FREE
IF a calendar event with a specific keyword occurs,", THEN starts vacation mode.",FREE
IF a calendar event with a specific keyword occurs,", THEN starts vacation mode.",FREE
IF a calendar event with a specific keyword occurs,", THEN sets the thermostat mode.",FREE
IF a calendar event with a specific keyword occurs,", THEN sets the thermostat mode.",FREE
IF a calendar event with a specific keyword occurs,", THEN sets the thermostat mode.",FREE
IF a calendar event with a specific keyword occurs,", THEN sets the thermostat mode.",FREE
IF a calendar event with a specific keyword occurs,", THEN sets the thermostat mode.",FREE
IF a calendar event with a specific keyword occurs,", THEN turn ons heating at a preferred temperature.",FREE
IF a calendar event with a specific keyword occurs,", THEN turn ons heating at a preferred temperature.",FREE
IF a calendar event with a specific keyword occurs,", THEN turn ons heating at a preferred temperature.",FREE
IF a calendar event with a specific keyword occurs,", THEN turn ons heating at a preferred temperature.",FREE
IF a calendar event with a specific keyword occurs,", THEN turn ons heating at a preferred temperature.",FREE
IF a calendar event with a specific keyword occurs,", THEN turns heating mode off.",FREE
IF a calendar event with a specific keyword occurs,", THEN turns heating mode off.",FREE
IF a calendar event with a specific keyword occurs,", THEN turns heating mode off.",FREE
IF a calendar event with a specific keyword occurs,", THEN turns heating mode off.",FREE
IF a calendar event with a specific keyword occurs,", THEN turns heating mode off.",FREE
IF a calendar event with a specific keyword occurs,", THEN starts heating at a preferred temperature.",FREE
IF a calendar event with a specific keyword occurs,", THEN starts heating at a preferred temperature.",FREE
IF a calendar event with a specific keyword occurs,", THEN starts heating at a preferred temperature.",FREE
IF a calendar event with a specific keyword occurs,", THEN starts heating at a preferred temperature.",FREE
IF a calendar event with a specific keyword occurs,", THEN starts heating at a preferred temperature.",FREE
IF a calendar event with a specific keyword occurs,", THEN turn ons frost protection mode.",FREE
IF a calendar event with a specific keyword occurs,", THEN turn ons frost protection mode.",FREE
IF a calendar event with a specific keyword occurs,", THEN turn ons frost protection mode.",FREE
IF a calendar event with a specific keyword occurs,", THEN turn ons frost protection mode.",FREE
IF a calendar event with a specific keyword occurs,", THEN turn ons frost protection mode.",FREE
IF a calendar event with a specific keyword occurs,", THEN turn off the thermostat.",FREE
IF a calendar event with a specific keyword occurs,", THEN turn off the thermostat.",FREE
IF a calendar event with a specific keyword occurs,", THEN turn off the thermostat.",FREE
IF a calendar event with a specific keyword occurs,", THEN turn off the thermostat.",FREE
IF a calendar event with a specific keyword occurs,", THEN turn off the thermostat.",FREE
IF a calendar event with a specific keyword occurs,", THEN activates fresh mode on the appliance.",FREE
IF a calendar event with a specific keyword occurs,", THEN activates fresh mode on the appliance.",FREE
IF a calendar event with a specific keyword occurs,", THEN activates fresh mode on the appliance.",FREE
IF a calendar event with a specific keyword occurs,", THEN activates fresh mode on the appliance.",FREE
IF a calendar event with a specific keyword occurs,", THEN activates fresh mode on the appliance.",FREE
IF a calendar event with a specific keyword occurs,", THEN updates the thermostat schedule.",FREE
IF a calendar event with a specific keyword occurs,", THEN updates the thermostat schedule.",FREE
IF a calendar event with a specific keyword occurs,", THEN updates the thermostat schedule.",FREE
IF a calendar event with a specific keyword occurs,", THEN updates the thermostat schedule.",FREE
IF a calendar event with a specific keyword occurs,", THEN updates the thermostat schedule.",FREE
IF a calendar event with a specific keyword occurs,", THEN turns on the air conditioner.",FREE
IF a calendar event with a specific keyword occurs,", THEN turns on the air conditioner.",FREE
IF a calendar event with a specific keyword occurs,", THEN turns on the air conditioner.",FREE
IF a calendar event with a specific keyword occurs,", THEN turns on the air conditioner.",FREE
IF a calendar event with a specific keyword occurs,", THEN turns on the air conditioner.",FREE
IF a calendar event with a specific keyword occurs,", THEN activates standby mode.",FREE
IF a calendar event with a specific keyword occurs,", THEN activates standby mode.",FREE
IF a calendar event with a specific keyword occurs,", THEN activates standby mode.",FREE
IF a calendar event with a specific keyword occurs,", THEN activates standby mode.",FREE
IF a calendar event with a specific keyword occurs,", THEN activates standby mode.",FREE
IF a calendar event with a specific keyword occurs,", THEN temporarily boosts refrigerator cooling.",FREE
IF a calendar event with a specific keyword occurs,", THEN temporarily boosts refrigerator cooling.",FREE
IF a calendar event with a specific keyword occurs,", THEN temporarily boosts refrigerator cooling.",FREE
IF a calendar event with a specific keyword occurs,", THEN temporarily boosts refrigerator cooling.",FREE
IF a calendar event with a specific keyword occurs,", THEN temporarily boosts refrigerator cooling.",FREE
IF a smart device is switched on,", THEN turn ons a temperature hold.",FREE
IF a smart device is switched on,", THEN turn ons a temperature hold.",FREE
IF a smart device is switched on,", THEN turn ons a temperature hold.",FREE
IF a smart device is switched on,", THEN turn ons a temperature hold.",FREE
IF a smart device is switched on,", THEN turn ons a temperature hold.",FREE
IF a smart device is switched on,", THEN temporarily boosts freezer cooling.",FREE
IF a smart device is switched on,", THEN temporarily boosts freezer cooling.",FREE
IF a smart device is switched on,", THEN temporarily boosts freezer cooling.",FREE
IF a smart device is switched on,", THEN temporarily boosts freezer cooling.",FREE
IF a smart device is switched on,", THEN temporarily boosts freezer cooling.",FREE
IF a smart device is switched on,", THEN sets a comfort profile hold.",FREE
IF a smart device is switched on,", THEN sets a comfort profile hold.",FREE
IF a smart device is switched on,", THEN sets a comfort profile hold.",FREE
IF a smart device is switched on,", THEN sets a comfort profile hold.",FREE
IF a smart device is switched on,", THEN sets a comfort profile hold.",FREE
IF a smart device is switched on,", THEN turn ons fresh mode on the appliance.",FREE
IF a smart device is switched on,", THEN turn ons fresh mode on the appliance.",FREE
IF a smart device is switched on,", THEN turn ons fresh mode on the appliance.",FREE
IF a smart device is switched on,", THEN turn ons fresh mode on the appliance.",FREE
IF a smart device is switched on,", THEN turn ons fresh mode on the appliance.",FREE
IF a smart device is switched on,", THEN creates a vacation temperature schedule.",FREE
IF a smart device is switched on,", THEN creates a vacation temperature schedule.",FREE
IF a smart device is switched on,", THEN creates a vacation temperature schedule.",FREE
IF a smart device is switched on,", THEN creates a vacation temperature schedule.",FREE
IF a smart device is switched on,", THEN creates a vacation temperature schedule.",FREE
IF a smart device is switched on,", THEN decreases room temperature.",FREE
IF a smart device is switched on,", THEN decreases room temperature.",FREE
IF a smart device is switched on,", THEN decreases room temperature.",FREE
IF a smart device is switched on,", THEN decreases room temperature.",FREE
IF a smart device is switched on,", THEN decreases room temperature.",FREE
IF a smart device is switched on,", THEN configures thermostat fan mode.",FREE
IF a smart device is switched on,", THEN configures thermostat fan mode.",FREE
IF a smart device is switched on,", THEN configures thermostat fan mode.",FREE
IF a smart device is switched on,", THEN configures thermostat fan mode.",FREE
IF a smart device is switched on,", THEN configures thermostat fan mode.",FREE
IF a smart device is switched on,", THEN sets heating mode to scheduled.",FREE
IF a smart device is switched on,", THEN sets heating mode to scheduled.",FREE
IF a smart device is switched on,", THEN sets heating mode to scheduled.",FREE
IF a smart device is switched on,", THEN sets heating mode to scheduled.",FREE
IF a smart device is switched on,", THEN sets heating mode to scheduled.",FREE
IF a smart device is switched on,", THEN boosts heating temporarily.",FREE
IF a smart device is switched on,", THEN boosts heating temporarily.",FREE
IF a smart device is switched on,", THEN boosts heating temporarily.",FREE
IF a smart device is switched on,", THEN boosts heating temporarily.",FREE
IF a smart device is switched on,", THEN boosts heating temporarily.",FREE
IF a smart device is switched on,", THEN turn ons heating.",FREE
IF a smart device is switched on,", THEN turn ons heating.",FREE
IF a smart device is switched on,", THEN turn ons heating.",FREE
IF a smart device is switched on,", THEN turn ons heating.",FREE
IF a smart device is switched on,", THEN turn ons heating.",FREE
IF a smart device is switched on,", THEN sets the freezer temperature.",FREE
IF a smart device is switched on,", THEN sets the freezer temperature.",FREE
IF a smart device is switched on,", THEN sets the freezer temperature.",FREE
IF a smart device is switched on,", THEN sets the freezer temperature.",FREE
IF a smart device is switched on,", THEN sets the freezer temperature.",FREE
IF a smart device is switched on,", THEN sets a timed comfort profile hold.",FREE
IF a smart device is switched on,", THEN sets a timed comfort profile hold.",FREE
IF a smart device is switched on,", THEN sets a timed comfort profile hold.",FREE
IF a smart device is switched on,", THEN sets a timed comfort profile hold.",FREE
IF a smart device is switched on,", THEN sets a timed comfort profile hold.",FREE
IF a smart device is switched on,", THEN sets cooling mode.",FREE
IF a smart device is switched on,", THEN sets cooling mode.",FREE
IF a smart device is switched on,", THEN sets cooling mode.",FREE
IF a smart device is switched on,", THEN sets cooling mode.",FREE
IF a smart device is switched on,", THEN sets cooling mode.",FREE
IF a smart device is switched on,", THEN sets home to away mode.",FREE
IF a smart device is switched on,", THEN sets home to away mode.",FREE
IF a smart device is switched on,", THEN sets home to away mode.",FREE
IF a smart device is switched on,", THEN sets home to away mode.",FREE
IF a smart device is switched on,", THEN sets home to away mode.",FREE
IF a smart device is switched on,", THEN sets the thermostat target temperature.",FREE
IF a smart device is switched on,", THEN sets the thermostat target temperature.",FREE
IF a smart device is switched on,", THEN sets the thermostat target temperature.",FREE
IF a smart device is switched on,", THEN sets the thermostat target temperature.",FREE
IF a smart device is switched on,", THEN sets the thermostat target temperature.",FREE
IF a smart device is switched on,", THEN enables a temperature hold.",FREE
IF a smart device is switched on,", THEN enables a temperature hold.",FREE
IF a smart device is switched on,", THEN enables a temperature hold.",FREE
IF a smart device is switched on,", THEN enables a temperature hold.",FREE
IF a smart device is switched on,", THEN enables a temperature hold.",FREE
IF a smart device is switched on,", THEN switches off the electric switch.",FREE
IF a smart device is switched on,", THEN switches off the electric switch.",FREE
IF a smart device is switched on,", THEN switches off the electric switch.",FREE
IF a smart device is switched on,", THEN switches off the electric switch.",FREE
IF a smart device is switched on,", THEN switches off the electric switch.",FREE
IF a smart device is switched on,", THEN turn ons eco mode on the appliance.",FREE
IF a smart device is switched on,", THEN turn ons eco mode on the appliance.",FREE
IF a smart device is switched on,", THEN turn ons eco mode on the appliance.",FREE
IF a smart device is switched on,", THEN turn ons eco mode on the appliance.",FREE
IF a smart device is switched on,", THEN turn ons eco mode on the appliance.",FREE
IF a smart device is switched on,", THEN sets heating mode.",FREE
IF a smart device is switched on,", THEN sets heating mode.",FREE
IF a smart device is switched on,", THEN sets heating mode.",FREE
IF a smart device is switched on,", THEN sets heating mode.",FREE
IF a smart device is switched on,", THEN sets heating mode.",FREE
IF a smart device is switched on,", THEN sets thermostat group mode.",FREE
IF a smart device is switched on,", THEN sets thermostat group mode.",FREE
IF a smart device is switched on,", THEN sets thermostat group mode.",FREE
IF a smart device is switched on,", THEN sets thermostat group mode.",FREE
IF a smart device is switched on,", THEN sets thermostat group mode.",FREE
IF a smart device is switched on,", THEN turns on the air conditioner and configures settings.",FREE
IF a smart device is switched on,", THEN turns on the air conditioner and configures settings.",FREE
IF a smart device is switched on,", THEN turns on the air conditioner and configures settings.",FREE
IF a smart device is switched on,", THEN turns on the air conditioner and configures settings.",FREE
IF a smart device is switched on,", THEN turns on the air conditioner and configures settings.",FREE
IF a smart device is switched on,", THEN restores default heating schedule.",FREE
IF a smart device is switched on,", THEN restores default heating schedule.",FREE
IF a smart device is switched on,", THEN restores default heating schedule.",FREE
IF a smart device is switched on,", THEN restores default heating schedule.",FREE
IF a smart device is switched on,", THEN restores default heating schedule.",FREE
IF a smart device is switched on,", THEN turns off heating.",FREE
IF a smart device is switched on,", THEN turns off heating.",FREE
IF a smart device is switched on,", THEN turns off heating.",FREE
IF a smart device is switched on,", THEN turns off heating.",FREE
IF a smart device is switched on,", THEN turns off heating.",FREE
IF a smart device is switched on,", THEN cancels the current thermostat event.",FREE
IF a smart device is switched on,", THEN cancels the current thermostat event.",FREE
IF a smart device is switched on,", THEN cancels the current thermostat event.",FREE
IF a smart device is switched on,", THEN cancels the current thermostat event.",FREE
IF a smart device is switched on,", THEN cancels the current thermostat event.",FREE
IF a smart device is switched on,", THEN resumes the programmed schedule.",FREE
IF a smart device is switched on,", THEN resumes the programmed schedule.",FREE
IF a smart device is switched on,", THEN resumes the programmed schedule.",FREE
IF a smart device is switched on,", THEN resumes the programmed schedule.",FREE
IF a smart device is switched on,", THEN resumes the programmed schedule.",FREE
IF a smart device is switched on,", THEN starts heating.",FREE
IF a smart device is switched on,", THEN starts heating.",FREE
IF a smart device is switched on,", THEN starts heating.",FREE
IF a smart device is switched on,", THEN starts heating.",FREE
IF a smart device is switched on,", THEN starts heating.",FREE
IF a smart device is switched on,", THEN sets the water heater temperature.",FREE
IF a smart device is switched on,", THEN sets the water heater temperature.",FREE
IF a smart device is switched on,", THEN sets the water heater temperature.",FREE
IF a smart device is switched on,", THEN sets the water heater temperature.",FREE
IF a smart device is switched on,", THEN sets the water heater temperature.",FREE
IF a smart device is switched on,", THEN starts frost protection mode.",FREE
IF a smart device is switched on,", THEN starts frost protection mode.",FREE
IF a smart device is switched on,", THEN starts frost protection mode.",FREE
IF a smart device is switched on,", THEN starts frost protection mode.",FREE
IF a smart device is switched on,", THEN starts frost protection mode.",FREE
IF a smart device is switched on,", THEN activates a temperature hold.",FREE
IF a smart device is switched on,", THEN activates a temperature hold.",FREE
IF a smart device is switched on,", THEN activates a temperature hold.",FREE
IF a smart device is switched on,", THEN activates a temperature hold.",FREE
IF a smart device is switched on,", THEN activates a temperature hold.",FREE
IF a smart device is switched on,", THEN activates frost protection mode.",FREE
IF a smart device is switched on,", THEN activates frost protection mode.",FREE
IF a smart device is switched on,", THEN activates frost protection mode.",FREE
IF a smart device is switched on,", THEN activates frost protection mode.",FREE
IF a smart device is switched on,", THEN activates frost protection mode.",FREE
IF a smart device is switched on,", THEN stop the thermostat.",FREE
IF a smart device is switched on,", THEN stop the thermostat.",FREE
IF a smart device is switched on,", THEN stop the thermostat.",FREE
IF a smart device is switched on,", THEN stop the thermostat.",FREE
IF a smart device is switched on,", THEN stop the thermostat.",FREE
IF a smart device is switched on,", THEN sets the room temperature.",FREE
IF a smart device is switched on,", THEN sets the room temperature.",FREE
IF a smart device is switched on,", THEN sets the room temperature.",FREE
IF a smart device is switched on,", THEN sets the room temperature.",FREE
IF a smart device is switched on,", THEN sets the room temperature.",FREE
IF a smart device is switched on,", THEN sets the refrigerator temperature.",FREE
IF a smart device is switched on,", THEN sets the refrigerator temperature.",FREE
IF a smart device is switched on,", THEN sets the refrigerator temperature.",FREE
IF a smart device is switched on,", THEN sets the refrigerator temperature.",FREE
IF a smart device is switched on,", THEN sets the refrigerator temperature.",FREE
IF a smart device is switched on,", THEN cancels standby mode.",FREE
IF a smart device is switched on,", THEN cancels standby mode.",FREE
IF a smart device is switched on,", THEN cancels standby mode.",FREE
IF a smart device is switched on,", THEN cancels standby mode.",FREE
IF a smart device is switched on,", THEN cancels standby mode.",FREE
IF a smart device is switched on,", THEN starts eco mode on the appliance.",FREE
IF a smart device is switched on,", THEN starts eco mode on the appliance.",FREE
IF a smart device is switched on,", THEN starts eco mode on the appliance.",FREE
IF a smart device is switched on,", THEN starts eco mode on the appliance.",FREE
IF a smart device is switched on,", THEN starts eco mode on the appliance.",FREE
IF a smart device is switched on,", THEN sets the thermostat to manual mode at a fixed temperature.",FREE
IF a smart device is switched on,", THEN sets the thermostat to manual mode at a fixed temperature.",FREE
IF a smart device is switched on,", THEN sets the thermostat to manual mode at a fixed temperature.",FREE
IF a smart device is switched on,", THEN sets the thermostat to manual mode at a fixed temperature.",FREE
IF a smart device is switched on,", THEN sets the thermostat to manual mode at a fixed temperature.",FREE
IF a smart device is switched on,", THEN sets the temperature on the Heatmiser thermostat.",FREE
IF a smart device is switched on,", THEN sets the temperature on the Heatmiser thermostat.",FREE
IF a smart device is switched on,", THEN sets the temperature on the Heatmiser thermostat.",FREE
IF a smart device is switched on,", THEN sets the temperature on the Heatmiser thermostat.",FREE
IF a smart device is switched on,", THEN sets the temperature on the Heatmiser thermostat.",FREE
IF a smart device is switched on,", THEN turns on the Aros air conditioner.",FREE
IF a smart device is switched on,", THEN turns on the Aros air conditioner.",FREE
IF a smart device is switched on,", THEN turns on the Aros air conditioner.",FREE
IF a smart device is switched on,", THEN turns on the Aros air conditioner.",FREE
IF a smart device is switched on,", THEN turns on the Aros air conditioner.",FREE
IF a smart device is switched on,", THEN boosts hot water temporarily.",FREE
IF a smart device is switched on,", THEN boosts hot water temporarily.",FREE
IF a smart device is switched on,", THEN boosts hot water temporarily.",FREE
IF a smart device is switched on,", THEN boosts hot water temporarily.",FREE
IF a smart device is switched on,", THEN boosts hot water temporarily.",FREE
IF a smart device is switched on,", THEN sets the heating mode.",FREE
IF a smart device is switched on,", THEN sets the heating mode.",FREE
IF a smart device is switched on,", THEN sets the heating mode.",FREE
IF a smart device is switched on,", THEN sets the heating mode.",FREE
IF a smart device is switched on,", THEN sets the heating mode.",FREE
IF a smart device is switched on,", THEN enables eco mode on the appliance.",FREE
IF a smart device is switched on,", THEN enables eco mode on the appliance.",FREE
IF a smart device is switched on,", THEN enables eco mode on the appliance.",FREE
IF a smart device is switched on,", THEN enables eco mode on the appliance.",FREE
IF a smart device is switched on,", THEN enables eco mode on the appliance.",FREE
IF a smart device is switched on,", THEN sets the TRV temperature.",FREE
IF a smart device is switched on,", THEN sets the TRV temperature.",FREE
IF a smart device is switched on,", THEN sets the TRV temperature.",FREE
IF a smart device is switched on,", THEN sets the TRV temperature.",FREE
IF a smart device is switched on,", THEN sets the TRV temperature.",FREE
IF a smart device is switched on,", THEN increases room temperature.",FREE
IF a smart device is switched on,", THEN increases room temperature.",FREE
IF a smart device is switched on,", THEN increases room temperature.",FREE
IF a smart device is switched on,", THEN increases room temperature.",FREE
IF a smart device is switched on,", THEN increases room temperature.",FREE
IF a smart device is switched on,", THEN activates eco mode on the appliance.",FREE
IF a smart device is switched on,", THEN activates eco mode on the appliance.",FREE
IF a smart device is switched on,", THEN activates eco mode on the appliance.",FREE
IF a smart device is switched on,", THEN activates eco mode on the appliance.",FREE
IF a smart device is switched on,", THEN activates eco mode on the appliance.",FREE
IF a smart device is switched on,", THEN sets the target temperature on the window air conditioner.",FREE
IF a smart device is switched on,", THEN sets the target temperature on the window air conditioner.",FREE
IF a smart device is switched on,", THEN sets the target temperature on the window air conditioner.",FREE
IF a smart device is switched on,", THEN sets the target temperature on the window air conditioner.",FREE
IF a smart device is switched on,", THEN sets the target temperature on the window air conditioner.",FREE
IF a smart device is switched on,", THEN activates vacation mode.",FREE
IF a smart device is switched on,", THEN activates vacation mode.",FREE
IF a smart device is switched on,", THEN activates vacation mode.",FREE
IF a smart device is switched on,", THEN activates vacation mode.",FREE
IF a smart device is switched on,", THEN activates vacation mode.",FREE
IF a smart device is switched on,", THEN disable the thermostat.",FREE
IF a smart device is switched on,", THEN disable the thermostat.",FREE
IF a smart device is switched on,", THEN disable the thermostat.",FREE
IF a smart device is switched on,", THEN disable the thermostat.",FREE
IF a smart device is switched on,", THEN disable the thermostat.",FREE
IF a smart device is switched on,", THEN sets the thermostat temperature.",FREE
IF a smart device is switched on,", THEN sets the thermostat temperature.",FREE
IF a smart device is switched on,", THEN sets the thermostat temperature.",FREE
IF a smart device is switched on,", THEN sets the thermostat temperature.",FREE
IF a smart device is switched on,", THEN sets the thermostat temperature.",FREE
IF a smart device is switched on,", THEN the thermostat to the temperature you specify.",FREE
IF a smart device is switched on,", THEN the thermostat to the temperature you specify.",FREE
IF a smart device is switched on,", THEN the thermostat to the temperature you specify.",FREE
IF a smart device is switched on,", THEN the thermostat to the temperature you specify.",FREE
IF a smart device is switched on,", THEN the thermostat to the temperature you specify.",FREE
IF a smart device is switched on,", THEN enables frost protection mode.",FREE
IF a smart device is switched on,", THEN enables frost protection mode.",FREE
IF a smart device is switched on,", THEN enables frost protection mode.",FREE
IF a smart device is switched on,", THEN enables frost protection mode.",FREE
IF a smart device is switched on,", THEN enables frost protection mode.",FREE
IF a smart device is switched on,", THEN starts vacation mode.",FREE
IF a smart device is switched on,", THEN starts vacation mode.",FREE
IF a smart device is switched on,", THEN starts vacation mode.",FREE
IF a smart device is switched on,", THEN starts vacation mode.",FREE
IF a smart device is switched on,", THEN starts vacation mode.",FREE
IF a smart device is switched on,", THEN sets the thermostat mode.",FREE
IF a smart device is switched on,", THEN sets the thermostat mode.",FREE
IF a smart device is switched on,", THEN sets the thermostat mode.",FREE
IF a smart device is switched on,", THEN sets the thermostat mode.",FREE
IF a smart device is switched on,", THEN sets the thermostat mode.",FREE
IF a smart device is switched on,", THEN turn ons heating at a preferred temperature.",FREE
IF a smart device is switched on,", THEN turn ons heating at a preferred temperature.",FREE
IF a smart device is switched on,", THEN turn ons heating at a preferred temperature.",FREE
IF a smart device is switched on,", THEN turn ons heating at a preferred temperature.",FREE
IF a smart device is switched on,", THEN turn ons heating at a preferred temperature.",FREE
IF a smart device is switched on,", THEN turns heating mode off.",FREE
IF a smart device is switched on,", THEN turns heating mode off.",FREE
IF a smart device is switched on,", THEN turns heating mode off.",FREE
IF a smart device is switched on,", THEN turns heating mode off.",FREE
IF a smart device is switched on,", THEN turns heating mode off.",FREE
IF a smart device is switched on,", THEN starts heating at a preferred temperature.",FREE
IF a smart device is switched on,", THEN starts heating at a preferred temperature.",FREE
IF a smart device is switched on,", THEN starts heating at a preferred temperature.",FREE
IF a smart device is switched on,", THEN starts heating at a preferred temperature.",FREE
IF a smart device is switched on,", THEN starts heating at a preferred temperature.",FREE
IF a smart device is switched on,", THEN turn ons frost protection mode.",FREE
IF a smart device is switched on,", THEN turn ons frost protection mode.",FREE
IF a smart device is switched on,", THEN turn ons frost protection mode.",FREE
IF a smart device is switched on,", THEN turn ons frost protection mode.",FREE
IF a smart device is switched on,", THEN turn ons frost protection mode.",FREE
IF a smart device is switched on,", THEN turn off the thermostat.",FREE
IF a smart device is switched on,", THEN turn off the thermostat.",FREE
IF a smart device is switched on,", THEN turn off the thermostat.",FREE
IF a smart device is switched on,", THEN turn off the thermostat.",FREE
IF a smart device is switched on,", THEN turn off the thermostat.",FREE
IF a smart device is switched on,", THEN activates fresh mode on the appliance.",FREE
IF a smart device is switched on,", THEN activates fresh mode on the appliance.",FREE
IF a smart device is switched on,", THEN activates fresh mode on the appliance.",FREE
IF a smart device is switched on,", THEN activates fresh mode on the appliance.",FREE
IF a smart device is switched on,", THEN activates fresh mode on the appliance.",FREE
IF a smart device is switched on,", THEN updates the thermostat schedule.",FREE
IF a smart device is switched on,", THEN updates the thermostat schedule.",FREE
IF a smart device is switched on,", THEN updates the thermostat schedule.",FREE
IF a smart device is switched on,", THEN updates the thermostat schedule.",FREE
IF a smart device is switched on,", THEN updates the thermostat schedule.",FREE
IF a smart device is switched on,", THEN turns on the air conditioner.",FREE
IF a smart device is switched on,", THEN turns on the air conditioner.",FREE
IF a smart device is switched on,", THEN turns on the air conditioner.",FREE
IF a smart device is switched on,", THEN turns on the air conditioner.",FREE
IF a smart device is switched on,", THEN turns on the air conditioner.",FREE
IF a smart device is switched on,", THEN activates standby mode.",FREE
IF a smart device is switched on,", THEN activates standby mode.",FREE
IF a smart device is switched on,", THEN activates standby mode.",FREE
IF a smart device is switched on,", THEN activates standby mode.",FREE
IF a smart device is switched on,", THEN activates standby mode.",FREE
IF a smart device is switched on,", THEN temporarily boosts refrigerator cooling.",FREE
IF a smart device is switched on,", THEN temporarily boosts refrigerator cooling.",FREE
IF a smart device is switched on,", THEN temporarily boosts refrigerator cooling.",FREE
IF a smart device is switched on,", THEN temporarily boosts refrigerator cooling.",FREE
IF a smart device is switched on,", THEN temporarily boosts refrigerator cooling.",FREE
IF a voice assistant is activated with a specific phrase,", THEN turn ons a temperature hold.",FREE
IF a voice assistant is activated with a specific phrase,", THEN turn ons a temperature hold.",FREE
IF a voice assistant is activated with a specific phrase,", THEN turn ons a temperature hold.",FREE
IF a voice assistant is activated with a specific phrase,", THEN turn ons a temperature hold.",FREE
IF a voice assistant is activated with a specific phrase,", THEN turn ons a temperature hold.",FREE
IF a voice assistant is activated with a specific phrase,", THEN temporarily boosts freezer cooling.",FREE
IF a voice assistant is activated with a specific phrase,", THEN temporarily boosts freezer cooling.",FREE
IF a voice assistant is activated with a specific phrase,", THEN temporarily boosts freezer cooling.",FREE
IF a voice assistant is activated with a specific phrase,", THEN temporarily boosts freezer cooling.",FREE
IF a voice assistant is activated with a specific phrase,", THEN temporarily boosts freezer cooling.",FREE
IF a voice assistant is activated with a specific phrase,", THEN sets a comfort profile hold.",FREE
IF a voice assistant is activated with a specific phrase,", THEN sets a comfort profile hold.",FREE
IF a voice assistant is activated with a specific phrase,", THEN sets a comfort profile hold.",FREE
IF a voice assistant is activated with a specific phrase,", THEN sets a comfort profile hold.",FREE
IF a voice assistant is activated with a specific phrase,", THEN sets a comfort profile hold.",FREE
IF a voice assistant is activated with a specific phrase,", THEN turn ons fresh mode on the appliance.",FREE
IF a voice assistant is activated with a specific phrase,", THEN turn ons fresh mode on the appliance.",FREE
IF a voice assistant is activated with a specific phrase,", THEN turn ons fresh mode on the appliance.",FREE
IF a voice assistant is activated with a specific phrase,", THEN turn ons fresh mode on the appliance.",FREE
IF a voice assistant is activated with a specific phrase,", THEN turn ons fresh mode on the appliance.",FREE
IF a voice assistant is activated with a specific phrase,", THEN creates a vacation temperature schedule.",FREE
IF a voice assistant is activated with a specific phrase,", THEN creates a vacation temperature schedule.",FREE
IF a voice assistant is activated with a specific phrase,", THEN creates a vacation temperature schedule.",FREE
IF a voice assistant is activated with a specific phrase,", THEN creates a vacation temperature schedule.",FREE
IF a voice assistant is activated with a specific phrase,", THEN creates a vacation temperature schedule.",FREE
IF a voice assistant is activated with a specific phrase,", THEN decreases room temperature.",FREE
IF a voice assistant is activated with a specific phrase,", THEN decreases room temperature.",FREE
IF a voice assistant is activated with a specific phrase,", THEN decreases room temperature.",FREE
IF a voice assistant is activated with a specific phrase,", THEN decreases room temperature.",FREE
IF a voice assistant is activated with a specific phrase,", THEN decreases room temperature.",FREE
IF a voice assistant is activated with a specific phrase,", THEN configures thermostat fan mode.",FREE
IF a voice assistant is activated with a specific phrase,", THEN configures thermostat fan mode.",FREE
IF a voice assistant is activated with a specific phrase,", THEN configures thermostat fan mode.",FREE
IF a voice assistant is activated with a specific phrase,", THEN configures thermostat fan mode.",FREE
IF a voice assistant is activated with a specific phrase,", THEN configures thermostat fan mode.",FREE
IF a voice assistant is activated with a specific phrase,", THEN sets heating mode to scheduled.",FREE
IF a voice assistant is activated with a specific phrase,", THEN sets heating mode to scheduled.",FREE
IF a voice assistant is activated with a specific phrase,", THEN sets heating mode to scheduled.",FREE
IF a voice assistant is activated with a specific phrase,", THEN sets heating mode to scheduled.",FREE
IF a voice assistant is activated with a specific phrase,", THEN sets heating mode to scheduled.",FREE
IF a voice assistant is activated with a specific phrase,", THEN boosts heating temporarily.",FREE
IF a voice assistant is activated with a specific phrase,", THEN boosts heating temporarily.",FREE
IF a voice assistant is activated with a specific phrase,", THEN boosts heating temporarily.",FREE
IF a voice assistant is activated with a specific phrase,", THEN boosts heating temporarily.",FREE
IF a voice assistant is activated with a specific phrase,", THEN boosts heating temporarily.",FREE
IF a voice assistant is activated with a specific phrase,", THEN turn ons heating.",FREE
IF a voice assistant is activated with a specific phrase,", THEN turn ons heating.",FREE
IF a voice assistant is activated with a specific phrase,", THEN turn ons heating.",FREE
IF a voice assistant is activated with a specific phrase,", THEN turn ons heating.",FREE
IF a voice assistant is activated with a specific phrase,", THEN turn ons heating.",FREE
IF a voice assistant is activated with a specific phrase,", THEN sets the freezer temperature.",FREE
IF a voice assistant is activated with a specific phrase,", THEN sets the freezer temperature.",FREE
IF a voice assistant is activated with a specific phrase,", THEN sets the freezer temperature.",FREE
IF a voice assistant is activated with a specific phrase,", THEN sets the freezer temperature.",FREE
IF a voice assistant is activated with a specific phrase,", THEN sets the freezer temperature.",FREE
IF a voice assistant is activated with a specific phrase,", THEN sets a timed comfort profile hold.",FREE
IF a voice assistant is activated with a specific phrase,", THEN sets a timed comfort profile hold.",FREE
IF a voice assistant is activated with a specific phrase,", THEN sets a timed comfort profile hold.",FREE
IF a voice assistant is activated with a specific phrase,", THEN sets a timed comfort profile hold.",FREE
IF a voice assistant is activated with a specific phrase,", THEN sets a timed comfort profile hold.",FREE
IF a voice assistant is activated with a specific phrase,", THEN sets cooling mode.",FREE
IF a voice assistant is activated with a specific phrase,", THEN sets cooling mode.",FREE
IF a voice assistant is activated with a specific phrase,", THEN sets cooling mode.",FREE
IF a voice assistant is activated with a specific phrase,", THEN sets cooling mode.",FREE
IF a voice assistant is activated with a specific phrase,", THEN sets cooling mode.",FREE
IF a voice assistant is activated with a specific phrase,", THEN sets home to away mode.",FREE
IF a voice assistant is activated with a specific phrase,", THEN sets home to away mode.",FREE
IF a voice assistant is activated with a specific phrase,", THEN sets home to away mode.",FREE
IF a voice assistant is activated with a specific phrase,", THEN sets home to away mode.",FREE
IF a voice assistant is activated with a specific phrase,", THEN sets home to away mode.",FREE
IF a voice assistant is activated with a specific phrase,", THEN sets the thermostat target temperature.",FREE
IF a voice assistant is activated with a specific phrase,", THEN sets the thermostat target temperature.",FREE
IF a voice assistant is activated with a specific phrase,", THEN sets the thermostat target temperature.",FREE
IF a voice assistant is activated with a specific phrase,", THEN sets the thermostat target temperature.",FREE
IF a voice assistant is activated with a specific phrase,", THEN sets the thermostat target temperature.",FREE
IF a voice assistant is activated with a specific phrase,", THEN enables a temperature hold.",FREE
IF a voice assistant is activated with a specific phrase,", THEN enables a temperature hold.",FREE
IF a voice assistant is activated with a specific phrase,", THEN enables a temperature hold.",FREE
IF a voice assistant is activated with a specific phrase,", THEN enables a temperature hold.",FREE
IF a voice assistant is activated with a specific phrase,", THEN enables a temperature hold.",FREE
IF a voice assistant is activated with a specific phrase,", THEN switches off the electric switch.",FREE
IF a voice assistant is activated with a specific phrase,", THEN switches off the electric switch.",FREE
IF a voice assistant is activated with a specific phrase,", THEN switches off the electric switch.",FREE
IF a voice assistant is activated with a specific phrase,", THEN switches off the electric switch.",FREE
IF a voice assistant is activated with a specific phrase,", THEN switches off the electric switch.",FREE
IF a voice assistant is activated with a specific phrase,", THEN turn ons eco mode on the appliance.",FREE
IF a voice assistant is activated with a specific phrase,", THEN turn ons eco mode on the appliance.",FREE
IF a voice assistant is activated with a specific phrase,", THEN turn ons eco mode on the appliance.",FREE
IF a voice assistant is activated with a specific phrase,", THEN turn ons eco mode on the appliance.",FREE
IF a voice assistant is activated with a specific phrase,", THEN turn ons eco mode on the appliance.",FREE
IF a voice assistant is activated with a specific phrase,", THEN sets heating mode.",FREE
IF a voice assistant is activated with a specific phrase,", THEN sets heating mode.",FREE
IF a voice assistant is activated with a specific phrase,", THEN sets heating mode.",FREE
IF a voice assistant is activated with a specific phrase,", THEN sets heating mode.",FREE
IF a voice assistant is activated with a specific phrase,", THEN sets heating mode.",FREE
IF a voice assistant is activated with a specific phrase,", THEN sets thermostat group mode.",FREE
IF a voice assistant is activated with a specific phrase,", THEN sets thermostat group mode.",FREE
IF a voice assistant is activated with a specific phrase,", THEN sets thermostat group mode.",FREE
IF a voice assistant is activated with a specific phrase,", THEN sets thermostat group mode.",FREE
IF a voice assistant is activated with a specific phrase,", THEN sets thermostat group mode.",FREE
IF a voice assistant is activated with a specific phrase,", THEN turns on the air conditioner and configures settings.",FREE
IF a voice assistant is activated with a specific phrase,", THEN turns on the air conditioner and configures settings.",FREE
IF a voice assistant is activated with a specific phrase,", THEN turns on the air conditioner and configures settings.",FREE
IF a voice assistant is activated with a specific phrase,", THEN turns on the air conditioner and configures settings.",FREE
IF a voice assistant is activated with a specific phrase,", THEN turns on the air conditioner and configures settings.",FREE
IF a voice assistant is activated with a specific phrase,", THEN restores default heating schedule.",FREE
IF a voice assistant is activated with a specific phrase,", THEN restores default heating schedule.",FREE
IF a voice assistant is activated with a specific phrase,", THEN restores default heating schedule.",FREE
IF a voice assistant is activated with a specific phrase,", THEN restores default heating schedule.",FREE
IF a voice assistant is activated with a specific phrase,", THEN restores default heating schedule.",FREE
IF a voice assistant is activated with a specific phrase,", THEN turns off heating.",FREE
IF a voice assistant is activated with a specific phrase,", THEN turns off heating.",FREE
IF a voice assistant is activated with a specific phrase,", THEN turns off heating.",FREE
IF a voice assistant is activated with a specific phrase,", THEN turns off heating.",FREE
IF a voice assistant is activated with a specific phrase,", THEN turns off heating.",FREE
IF a voice assistant is activated with a specific phrase,", THEN cancels the current thermostat event.",FREE
IF a voice assistant is activated with a specific phrase,", THEN cancels the current thermostat event.",FREE
IF a voice assistant is activated with a specific phrase,", THEN cancels the current thermostat event.",FREE
IF a voice assistant is activated with a specific phrase,", THEN cancels the current thermostat event.",FREE
IF a voice assistant is activated with a specific phrase,", THEN cancels the current thermostat event.",FREE
IF a voice assistant is activated with a specific phrase,", THEN resumes the programmed schedule.",FREE
IF a voice assistant is activated with a specific phrase,", THEN resumes the programmed schedule.",FREE
IF a voice assistant is activated with a specific phrase,", THEN resumes the programmed schedule.",FREE
IF a voice assistant is activated with a specific phrase,", THEN resumes the programmed schedule.",FREE
IF a voice assistant is activated with a specific phrase,", THEN resumes the programmed schedule.",FREE
IF a voice assistant is activated with a specific phrase,", THEN starts heating.",FREE
IF a voice assistant is activated with a specific phrase,", THEN starts heating.",FREE
IF a voice assistant is activated with a specific phrase,", THEN starts heating.",FREE
IF a voice assistant is activated with a specific phrase,", THEN starts heating.",FREE
IF a voice assistant is activated with a specific phrase,", THEN starts heating.",FREE
IF a voice assistant is activated with a specific phrase,", THEN sets the water heater temperature.",FREE
IF a voice assistant is activated with a specific phrase,", THEN sets the water heater temperature.",FREE
IF a voice assistant is activated with a specific phrase,", THEN sets the water heater temperature.",FREE
IF a voice assistant is activated with a specific phrase,", THEN sets the water heater temperature.",FREE
IF a voice assistant is activated with a specific phrase,", THEN sets the water heater temperature.",FREE
IF a voice assistant is activated with a specific phrase,", THEN starts frost protection mode.",FREE
IF a voice assistant is activated with a specific phrase,", THEN starts frost protection mode.",FREE
IF a voice assistant is activated with a specific phrase,", THEN starts frost protection mode.",FREE
IF a voice assistant is activated with a specific phrase,", THEN starts frost protection mode.",FREE
IF a voice assistant is activated with a specific phrase,", THEN starts frost protection mode.",FREE
IF a voice assistant is activated with a specific phrase,", THEN activates a temperature hold.",FREE
IF a voice assistant is activated with a specific phrase,", THEN activates a temperature hold.",FREE
IF a voice assistant is activated with a specific phrase,", THEN activates a temperature hold.",FREE
IF a voice assistant is activated with a specific phrase,", THEN activates a temperature hold.",FREE
IF a voice assistant is activated with a specific phrase,", THEN activates a temperature hold.",FREE
IF a voice assistant is activated with a specific phrase,", THEN activates frost protection mode.",FREE
IF a voice assistant is activated with a specific phrase,", THEN activates frost protection mode.",FREE
IF a voice assistant is activated with a specific phrase,", THEN activates frost protection mode.",FREE
IF a voice assistant is activated with a specific phrase,", THEN activates frost protection mode.",FREE
IF a voice assistant is activated with a specific phrase,", THEN activates frost protection mode.",FREE
IF a voice assistant is activated with a specific phrase,", THEN stop the thermostat.",FREE
IF a voice assistant is activated with a specific phrase,", THEN stop the thermostat.",FREE
IF a voice assistant is activated with a specific phrase,", THEN stop the thermostat.",FREE
IF a voice assistant is activated with a specific phrase,", THEN stop the thermostat.",FREE
IF a voice assistant is activated with a specific phrase,", THEN stop the thermostat.",FREE
IF a voice assistant is activated with a specific phrase,", THEN sets the room temperature.",FREE
IF a voice assistant is activated with a specific phrase,", THEN sets the room temperature.",FREE
IF a voice assistant is activated with a specific phrase,", THEN sets the room temperature.",FREE
IF a voice assistant is activated with a specific phrase,", THEN sets the room temperature.",FREE
IF a voice assistant is activated with a specific phrase,", THEN sets the room temperature.",FREE
IF a voice assistant is activated with a specific phrase,", THEN sets the refrigerator temperature.",FREE
IF a voice assistant is activated with a specific phrase,", THEN sets the refrigerator temperature.",FREE
IF a voice assistant is activated with a specific phrase,", THEN sets the refrigerator temperature.",FREE
IF a voice assistant is activated with a specific phrase,", THEN sets the refrigerator temperature.",FREE
IF a voice assistant is activated with a specific phrase,", THEN sets the refrigerator temperature.",FREE
IF a voice assistant is activated with a specific phrase,", THEN cancels standby mode.",FREE
IF a voice assistant is activated with a specific phrase,", THEN cancels standby mode.",FREE
IF a voice assistant is activated with a specific phrase,", THEN cancels standby mode.",FREE
IF a voice assistant is activated with a specific phrase,", THEN cancels standby mode.",FREE
IF a voice assistant is activated with a specific phrase,", THEN cancels standby mode.",FREE
IF a voice assistant is activated with a specific phrase,", THEN starts eco mode on the appliance.",FREE
IF a voice assistant is activated with a specific phrase,", THEN starts eco mode on the appliance.",FREE
IF a voice assistant is activated with a specific phrase,", THEN starts eco mode on the appliance.",FREE
IF a voice assistant is activated with a specific phrase,", THEN starts eco mode on the appliance.",FREE
IF a voice assistant is activated with a specific phrase,", THEN starts eco mode on the appliance.",FREE
IF a voice assistant is activated with a specific phrase,", THEN sets the thermostat to manual mode at a fixed temperature.",FREE
IF a voice assistant is activated with a specific phrase,", THEN sets the thermostat to manual mode at a fixed temperature.",FREE
IF a voice assistant is activated with a specific phrase,", THEN sets the thermostat to manual mode at a fixed temperature.",FREE
IF a voice assistant is activated with a specific phrase,", THEN sets the thermostat to manual mode at a fixed temperature.",FREE
IF a voice assistant is activated with a specific phrase,", THEN sets the thermostat to manual mode at a fixed temperature.",FREE
IF a voice assistant is activated with a specific phrase,", THEN sets the temperature on the Heatmiser thermostat.",FREE
IF a voice assistant is activated with a specific phrase,", THEN sets the temperature on the Heatmiser thermostat.",FREE
IF a voice assistant is activated with a specific phrase,", THEN sets the temperature on the Heatmiser thermostat.",FREE
IF a voice assistant is activated with a specific phrase,", THEN sets the temperature on the Heatmiser thermostat.",FREE
IF a voice assistant is activated with a specific phrase,", THEN sets the temperature on the Heatmiser thermostat.",FREE
IF a voice assistant is activated with a specific phrase,", THEN turns on the Aros air conditioner.",FREE
IF a voice assistant is activated with a specific phrase,", THEN turns on the Aros air conditioner.",FREE
IF a voice assistant is activated with a specific phrase,", THEN turns on the Aros air conditioner.",FREE
IF a voice assistant is activated with a specific phrase,", THEN turns on the Aros air conditioner.",FREE
IF a voice assistant is activated with a specific phrase,", THEN turns on the Aros air conditioner.",FREE
IF a voice assistant is activated with a specific phrase,", THEN boosts hot water temporarily.",FREE
IF a voice assistant is activated with a specific phrase,", THEN boosts hot water temporarily.",FREE
IF a voice assistant is activated with a specific phrase,", THEN boosts hot water temporarily.",FREE
IF a voice assistant is activated with a specific phrase,", THEN boosts hot water temporarily.",FREE
IF a voice assistant is activated with a specific phrase,", THEN boosts hot water temporarily.",FREE
IF a voice assistant is activated with a specific phrase,", THEN sets the heating mode.",FREE
IF a voice assistant is activated with a specific phrase,", THEN sets the heating mode.",FREE
IF a voice assistant is activated with a specific phrase,", THEN sets the heating mode.",FREE
IF a voice assistant is activated with a specific phrase,", THEN sets the heating mode.",FREE
IF a voice assistant is activated with a specific phrase,", THEN sets the heating mode.",FREE
IF a voice assistant is activated with a specific phrase,", THEN enables eco mode on the appliance.",FREE
IF a voice assistant is activated with a specific phrase,", THEN enables eco mode on the appliance.",FREE
IF a voice assistant is activated with a specific phrase,", THEN enables eco mode on the appliance.",FREE
IF a voice assistant is activated with a specific phrase,", THEN enables eco mode on the appliance.",FREE
IF a voice assistant is activated with a specific phrase,", THEN enables eco mode on the appliance.",FREE
IF a voice assistant is activated with a specific phrase,", THEN sets the TRV temperature.",FREE
IF a voice assistant is activated with a specific phrase,", THEN sets the TRV temperature.",FREE
IF a voice assistant is activated with a specific phrase,", THEN sets the TRV temperature.",FREE
IF a voice assistant is activated with a specific phrase,", THEN sets the TRV temperature.",FREE
IF a voice assistant is activated with a specific phrase,", THEN sets the TRV temperature.",FREE
IF a voice assistant is activated with a specific phrase,", THEN increases room temperature.",FREE
IF a voice assistant is activated with a specific phrase,", THEN increases room temperature.",FREE
IF a voice assistant is activated with a specific phrase,", THEN increases room temperature.",FREE
IF a voice assistant is activated with a specific phrase,", THEN increases room temperature.",FREE
IF a voice assistant is activated with a specific phrase,", THEN increases room temperature.",FREE
IF a voice assistant is activated with a specific phrase,", THEN activates eco mode on the appliance.",FREE
IF a voice assistant is activated with a specific phrase,", THEN activates eco mode on the appliance.",FREE
IF a voice assistant is activated with a specific phrase,", THEN activates eco mode on the appliance.",FREE
IF a voice assistant is activated with a specific phrase,", THEN activates eco mode on the appliance.",FREE
IF a voice assistant is activated with a specific phrase,", THEN activates eco mode on the appliance.",FREE
IF a voice assistant is activated with a specific phrase,", THEN sets the target temperature on the window air conditioner.",FREE
IF a voice assistant is activated with a specific phrase,", THEN sets the target temperature on the window air conditioner.",FREE
IF a voice assistant is activated with a specific phrase,", THEN sets the target temperature on the window air conditioner.",FREE
IF a voice assistant is activated with a specific phrase,", THEN sets the target temperature on the window air conditioner.",FREE
IF a voice assistant is activated with a specific phrase,", THEN sets the target temperature on the window air conditioner.",FREE
IF a voice assistant is activated with a specific phrase,", THEN activates vacation mode.",FREE
IF a voice assistant is activated with a specific phrase,", THEN activates vacation mode.",FREE
IF a voice assistant is activated with a specific phrase,", THEN activates vacation mode.",FREE
IF a voice assistant is activated with a specific phrase,", THEN activates vacation mode.",FREE
IF a voice assistant is activated with a specific phrase,", THEN activates vacation mode.",FREE
IF a voice assistant is activated with a specific phrase,", THEN disable the thermostat.",FREE
IF a voice assistant is activated with a specific phrase,", THEN disable the thermostat.",FREE
IF a voice assistant is activated with a specific phrase,", THEN disable the thermostat.",FREE
IF a voice assistant is activated with a specific phrase,", THEN disable the thermostat.",FREE
IF a voice assistant is activated with a specific phrase,", THEN disable the thermostat.",FREE
IF a voice assistant is activated with a specific phrase,", THEN sets the thermostat temperature.",FREE
IF a voice assistant is activated with a specific phrase,", THEN sets the thermostat temperature.",FREE
IF a voice assistant is activated with a specific phrase,", THEN sets the thermostat temperature.",FREE
IF a voice assistant is activated with a specific phrase,", THEN sets the thermostat temperature.",FREE
IF a voice assistant is activated with a specific phrase,", THEN sets the thermostat temperature.",FREE
IF a voice assistant is activated with a specific phrase,", THEN the thermostat to the temperature you specify.",FREE
IF a voice assistant is activated with a specific phrase,", THEN the thermostat to the temperature you specify.",FREE
IF a voice assistant is activated with a specific phrase,", THEN the thermostat to the temperature you specify.",FREE
IF a voice assistant is activated with a specific phrase,", THEN the thermostat to the temperature you specify.",FREE
IF a voice assistant is activated with a specific phrase,", THEN the thermostat to the temperature you specify.",FREE
IF a voice assistant is activated with a specific phrase,", THEN enables frost protection mode.",FREE
IF a voice assistant is activated with a specific phrase,", THEN enables frost protection mode.",FREE
IF a voice assistant is activated with a specific phrase,", THEN enables frost protection mode.",FREE
IF a voice assistant is activated with a specific phrase,", THEN enables frost protection mode.",FREE
IF a voice assistant is activated with a specific phrase,", THEN enables frost protection mode.",FREE
IF a voice assistant is activated with a specific phrase,", THEN starts vacation mode.",FREE
IF a voice assistant is activated with a specific phrase,", THEN starts vacation mode.",FREE
IF a voice assistant is activated with a specific phrase,", THEN starts vacation mode.",FREE
IF a voice assistant is activated with a specific phrase,", THEN starts vacation mode.",FREE
IF a voice assistant is activated with a specific phrase,", THEN starts vacation mode.",FREE
IF a voice assistant is activated with a specific phrase,", THEN sets the thermostat mode.",FREE
IF a voice assistant is activated with a specific phrase,", THEN sets the thermostat mode.",FREE
IF a voice assistant is activated with a specific phrase,", THEN sets the thermostat mode.",FREE
IF a voice assistant is activated with a specific phrase,", THEN sets the thermostat mode.",FREE
IF a voice assistant is activated with a specific phrase,", THEN sets the thermostat mode.",FREE
IF a voice assistant is activated with a specific phrase,", THEN turn ons heating at a preferred temperature.",FREE
IF a voice assistant is activated with a specific phrase,", THEN turn ons heating at a preferred temperature.",FREE
IF a voice assistant is activated with a specific phrase,", THEN turn ons heating at a preferred temperature.",FREE
IF a voice assistant is activated with a specific phrase,", THEN turn ons heating at a preferred temperature.",FREE
IF a voice assistant is activated with a specific phrase,", THEN turn ons heating at a preferred temperature.",FREE
IF a voice assistant is activated with a specific phrase,", THEN turns heating mode off.",FREE
IF a voice assistant is activated with a specific phrase,", THEN turns heating mode off.",FREE
IF a voice assistant is activated with a specific phrase,", THEN turns heating mode off.",FREE
IF a voice assistant is activated with a specific phrase,", THEN turns heating mode off.",FREE
IF a voice assistant is activated with a specific phrase,", THEN turns heating mode off.",FREE
IF a voice assistant is activated with a specific phrase,", THEN starts heating at a preferred temperature.",FREE
IF a voice assistant is activated with a specific phrase,", THEN starts heating at a preferred temperature.",FREE
IF a voice assistant is activated with a specific phrase,", THEN starts heating at a preferred temperature.",FREE
IF a voice assistant is activated with a specific phrase,", THEN starts heating at a preferred temperature.",FREE
IF a voice assistant is activated with a specific phrase,", THEN starts heating at a preferred temperature.",FREE
IF a voice assistant is activated with a specific phrase,", THEN turn ons frost protection mode.",FREE
IF a voice assistant is activated with a specific phrase,", THEN turn ons frost protection mode.",FREE
IF a voice assistant is activated with a specific phrase,", THEN turn ons frost protection mode.",FREE
IF a voice assistant is activated with a specific phrase,", THEN turn ons frost protection mode.",FREE
IF a voice assistant is activated with a specific phrase,", THEN turn ons frost protection mode.",FREE
IF a voice assistant is activated with a specific phrase,", THEN turn off the thermostat.",FREE
IF a voice assistant is activated with a specific phrase,", THEN turn off the thermostat.",FREE
IF a voice assistant is activated with a specific phrase,", THEN turn off the thermostat.",FREE
IF a voice assistant is activated with a specific phrase,", THEN turn off the thermostat.",FREE
IF a voice assistant is activated with a specific phrase,", THEN turn off the thermostat.",FREE
IF a voice assistant is activated with a specific phrase,", THEN activates fresh mode on the appliance.",FREE
IF a voice assistant is activated with a specific phrase,", THEN activates fresh mode on the appliance.",FREE
IF a voice assistant is activated with a specific phrase,", THEN activates fresh mode on the appliance.",FREE
IF a voice assistant is activated with a specific phrase,", THEN activates fresh mode on the appliance.",FREE
IF a voice assistant is activated with a specific phrase,", THEN activates fresh mode on the appliance.",FREE
IF a voice assistant is activated with a specific phrase,", THEN updates the thermostat schedule.",FREE
IF a voice assistant is activated with a specific phrase,", THEN updates the thermostat schedule.",FREE
IF a voice assistant is activated with a specific phrase,", THEN updates the thermostat schedule.",FREE
IF a voice assistant is activated with a specific phrase,", THEN updates the thermostat schedule.",FREE
IF a voice assistant is activated with a specific phrase,", THEN updates the thermostat schedule.",FREE
IF a voice assistant is activated with a specific phrase,", THEN turns on the air conditioner.",FREE
IF a voice assistant is activated with a specific phrase,", THEN turns on the air conditioner.",FREE
IF a voice assistant is activated with a specific phrase,", THEN turns on the air conditioner.",FREE
IF a voice assistant is activated with a specific phrase,", THEN turns on the air conditioner.",FREE
IF a voice assistant is activated with a specific phrase,", THEN turns on the air conditioner.",FREE
IF a voice assistant is activated with a specific phrase,", THEN activates standby mode.",FREE
IF a voice assistant is activated with a specific phrase,", THEN activates standby mode.",FREE
IF a voice assistant is activated with a specific phrase,", THEN activates standby mode.",FREE
IF a voice assistant is activated with a specific phrase,", THEN activates standby mode.",FREE
IF a voice assistant is activated with a specific phrase,", THEN activates standby mode.",FREE
IF a voice assistant is activated with a specific phrase,", THEN temporarily boosts refrigerator cooling.",FREE
IF a voice assistant is activated with a specific phrase,", THEN temporarily boosts refrigerator cooling.",FREE
IF a voice assistant is activated with a specific phrase,", THEN temporarily boosts refrigerator cooling.",FREE
IF a voice assistant is activated with a specific phrase,", THEN temporarily boosts refrigerator cooling.",FREE
IF a voice assistant is activated with a specific phrase,", THEN temporarily boosts refrigerator cooling.",FREE
IF shortly before a calendar event with a specific keyword occurs,", THEN turn ons a temperature hold.",FREE
IF shortly before a calendar event with a specific keyword occurs,", THEN turn ons a temperature hold.",FREE
IF shortly before a calendar event with a specific keyword occurs,", THEN turn ons a temperature hold.",FREE
IF shortly before a calendar event with a specific keyword occurs,", THEN turn ons a temperature hold.",FREE
IF shortly before a calendar event with a specific keyword occurs,", THEN turn ons a temperature hold.",FREE
IF shortly before a calendar event with a specific keyword occurs,", THEN temporarily boosts freezer cooling.",FREE
IF shortly before a calendar event with a specific keyword occurs,", THEN temporarily boosts freezer cooling.",FREE
IF shortly before a calendar event with a specific keyword occurs,", THEN temporarily boosts freezer cooling.",FREE
IF shortly before a calendar event with a specific keyword occurs,", THEN temporarily boosts freezer cooling.",FREE
IF shortly before a calendar event with a specific keyword occurs,", THEN temporarily boosts freezer cooling.",FREE
IF shortly before a calendar event with a specific keyword occurs,", THEN sets a comfort profile hold.",FREE
IF shortly before a calendar event with a specific keyword occurs,", THEN sets a comfort profile hold.",FREE
IF shortly before a calendar event with a specific keyword occurs,", THEN sets a comfort profile hold.",FREE
IF shortly before a calendar event with a specific keyword occurs,", THEN sets a comfort profile hold.",FREE
IF shortly before a calendar event with a specific keyword occurs,", THEN sets a comfort profile hold.",FREE
IF shortly before a calendar event with a specific keyword occurs,", THEN turn ons fresh mode on the appliance.",FREE
IF shortly before a calendar event with a specific keyword occurs,", THEN turn ons fresh mode on the appliance.",FREE
IF shortly before a calendar event with a specific keyword occurs,", THEN turn ons fresh mode on the appliance.",FREE
IF shortly before a calendar event with a specific keyword occurs,", THEN turn ons fresh mode on the appliance.",FREE
IF shortly before a calendar event with a specific keyword occurs,", THEN turn ons fresh mode on the appliance.",FREE
IF shortly before a calendar event with a specific keyword occurs,", THEN creates a vacation temperature schedule.",FREE
IF shortly before a calendar event with a specific keyword occurs,", THEN creates a vacation temperature schedule.",FREE
IF shortly before a calendar event with a specific keyword occurs,", THEN creates a vacation temperature schedule.",FREE
IF shortly before a calendar event with a specific keyword occurs,", THEN creates a vacation temperature schedule.",FREE
IF shortly before a calendar event with a specific keyword occurs,", THEN creates a vacation temperature schedule.",FREE
IF shortly before a calendar event with a specific keyword occurs,", THEN decreases room temperature.",FREE
IF shortly before a calendar event with a specific keyword occurs,", THEN decreases room temperature.",FREE
IF shortly before a calendar event with a specific keyword occurs,", THEN decreases room temperature.",FREE
IF shortly before a calendar event with a specific keyword occurs,", THEN decreases room temperature.",FREE
IF shortly before a calendar event with a specific keyword occurs,", THEN decreases room temperature.",FREE
IF shortly before a calendar event with a specific keyword occurs,", THEN configures thermostat fan mode.",FREE
IF shortly before a calendar event with a specific keyword occurs,", THEN configures thermostat fan mode.",FREE
IF shortly before a calendar event with a specific keyword occurs,", THEN configures thermostat fan mode.",FREE
IF shortly before a calendar event with a specific keyword occurs,", THEN configures thermostat fan mode.",FREE
IF shortly before a calendar event with a specific keyword occurs,", THEN configures thermostat fan mode.",FREE
IF shortly before a calendar event with a specific keyword occurs,", THEN sets heating mode to scheduled.",FREE
IF shortly before a calendar event with a specific keyword occurs,", THEN sets heating mode to scheduled.",FREE
IF shortly before a calendar event with a specific keyword occurs,", THEN sets heating mode to scheduled.",FREE
IF shortly before a calendar event with a specific keyword occurs,", THEN sets heating mode to scheduled.",FREE
IF shortly before a calendar event with a specific keyword occurs,", THEN sets heating mode to scheduled.",FREE
IF shortly before a calendar event with a specific keyword occurs,", THEN boosts heating temporarily.",FREE
IF shortly before a calendar event with a specific keyword occurs,", THEN boosts heating temporarily.",FREE
IF shortly before a calendar event with a specific keyword occurs,", THEN boosts heating temporarily.",FREE
IF shortly before a calendar event with a specific keyword occurs,", THEN boosts heating temporarily.",FREE
IF shortly before a calendar event with a specific keyword occurs,", THEN boosts heating temporarily.",FREE
IF shortly before a calendar event with a specific keyword occurs,", THEN turn ons heating.",FREE
IF shortly before a calendar event with a specific keyword occurs,", THEN turn ons heating.",FREE
IF shortly before a calendar event with a specific keyword occurs,", THEN turn ons heating.",FREE
IF shortly before a calendar event with a specific keyword occurs,", THEN turn ons heating.",FREE
IF shortly before a calendar event with a specific keyword occurs,", THEN turn ons heating.",FREE
IF shortly before a calendar event with a specific keyword occurs,", THEN sets the freezer temperature.",FREE
IF shortly before a calendar event with a specific keyword occurs,", THEN sets the freezer temperature.",FREE
IF shortly before a calendar event with a specific keyword occurs,", THEN sets the freezer temperature.",FREE
IF shortly before a calendar event with a specific keyword occurs,", THEN sets the freezer temperature.",FREE
IF shortly before a calendar event with a specific keyword occurs,", THEN sets the freezer temperature.",FREE
IF shortly before a calendar event with a specific keyword occurs,", THEN sets a timed comfort profile hold.",FREE
IF shortly before a calendar event with a specific keyword occurs,", THEN sets a timed comfort profile hold.",FREE
IF shortly before a calendar event with a specific keyword occurs,", THEN sets a timed comfort profile hold.",FREE
IF shortly before a calendar event with a specific keyword occurs,", THEN sets a timed comfort profile hold.",FREE
IF shortly before a calendar event with a specific keyword occurs,", THEN sets a timed comfort profile hold.",FREE
IF shortly before a calendar event with a specific keyword occurs,", THEN sets cooling mode.",FREE
IF shortly before a calendar event with a specific keyword occurs,", THEN sets cooling mode.",FREE
IF shortly before a calendar event with a specific keyword occurs,", THEN sets cooling mode.",FREE
IF shortly before a calendar event with a specific keyword occurs,", THEN sets cooling mode.",FREE
IF shortly before a calendar event with a specific keyword occurs,", THEN sets cooling mode.",FREE
IF shortly before a calendar event with a specific keyword occurs,", THEN sets home to away mode.",FREE
IF shortly before a calendar event with a specific keyword occurs,", THEN sets home to away mode.",FREE
IF shortly before a calendar event with a specific keyword occurs,", THEN sets home to away mode.",FREE
IF shortly before a calendar event with a specific keyword occurs,", THEN sets home to away mode.",FREE
IF shortly before a calendar event with a specific keyword occurs,", THEN sets home to away mode.",FREE
IF shortly before a calendar event with a specific keyword occurs,", THEN sets the thermostat target temperature.",FREE
IF shortly before a calendar event with a specific keyword occurs,", THEN sets the thermostat target temperature.",FREE
IF shortly before a calendar event with a specific keyword occurs,", THEN sets the thermostat target temperature.",FREE
IF shortly before a calendar event with a specific keyword occurs,", THEN sets the thermostat target temperature.",FREE
IF shortly before a calendar event with a specific keyword occurs,", THEN sets the thermostat target temperature.",FREE
IF shortly before a calendar event with a specific keyword occurs,", THEN enables a temperature hold.",FREE
IF shortly before a calendar event with a specific keyword occurs,", THEN enables a temperature hold.",FREE
IF shortly before a calendar event with a specific keyword occurs,", THEN enables a temperature hold.",FREE
IF shortly before a calendar event with a specific keyword occurs,", THEN enables a temperature hold.",FREE
IF shortly before a calendar event with a specific keyword occurs,", THEN enables a temperature hold.",FREE
IF shortly before a calendar event with a specific keyword occurs,", THEN switches off the electric switch.",FREE
IF shortly before a calendar event with a specific keyword occurs,", THEN switches off the electric switch.",FREE
IF shortly before a calendar event with a specific keyword occurs,", THEN switches off the electric switch.",FREE
IF shortly before a calendar event with a specific keyword occurs,", THEN switches off the electric switch.",FREE
IF shortly before a calendar event with a specific keyword occurs,", THEN switches off the electric switch.",FREE
IF shortly before a calendar event with a specific keyword occurs,", THEN turn ons eco mode on the appliance.",FREE
IF shortly before a calendar event with a specific keyword occurs,", THEN turn ons eco mode on the appliance.",FREE
IF shortly before a calendar event with a specific keyword occurs,", THEN turn ons eco mode on the appliance.",FREE
IF shortly before a calendar event with a specific keyword occurs,", THEN turn ons eco mode on the appliance.",FREE
IF shortly before a calendar event with a specific keyword occurs,", THEN turn ons eco mode on the appliance.",FREE
IF shortly before a calendar event with a specific keyword occurs,", THEN sets heating mode.",FREE
IF shortly before a calendar event with a specific keyword occurs,", THEN sets heating mode.",FREE
IF shortly before a calendar event with a specific keyword occurs,", THEN sets heating mode.",FREE
IF shortly before a calendar event with a specific keyword occurs,", THEN sets heating mode.",FREE
IF shortly before a calendar event with a specific keyword occurs,", THEN sets heating mode.",FREE
IF shortly before a calendar event with a specific keyword occurs,", THEN sets thermostat group mode.",FREE
IF shortly before a calendar event with a specific keyword occurs,", THEN sets thermostat group mode.",FREE
IF shortly before a calendar event with a specific keyword occurs,", THEN sets thermostat group mode.",FREE
IF shortly before a calendar event with a specific keyword occurs,", THEN sets thermostat group mode.",FREE
IF shortly before a calendar event with a specific keyword occurs,", THEN sets thermostat group mode.",FREE
IF shortly before a calendar event with a specific keyword occurs,", THEN turns on the air conditioner and configures settings.",FREE
IF shortly before a calendar event with a specific keyword occurs,", THEN turns on the air conditioner and configures settings.",FREE
IF shortly before a calendar event with a specific keyword occurs,", THEN turns on the air conditioner and configures settings.",FREE
IF shortly before a calendar event with a specific keyword occurs,", THEN turns on the air conditioner and configures settings.",FREE
IF shortly before a calendar event with a specific keyword occurs,", THEN turns on the air conditioner and configures settings.",FREE
IF shortly before a calendar event with a specific keyword occurs,", THEN restores default heating schedule.",FREE
IF shortly before a calendar event with a specific keyword occurs,", THEN restores default heating schedule.",FREE
IF shortly before a calendar event with a specific keyword occurs,", THEN restores default heating schedule.",FREE
IF shortly before a calendar event with a specific keyword occurs,", THEN restores default heating schedule.",FREE
IF shortly before a calendar event with a specific keyword occurs,", THEN restores default heating schedule.",FREE
IF shortly before a calendar event with a specific keyword occurs,", THEN turns off heating.",FREE
IF shortly before a calendar event with a specific keyword occurs,", THEN turns off heating.",FREE
IF shortly before a calendar event with a specific keyword occurs,", THEN turns off heating.",FREE
IF shortly before a calendar event with a specific keyword occurs,", THEN turns off heating.",FREE
IF shortly before a calendar event with a specific keyword occurs,", THEN turns off heating.",FREE
IF shortly before a calendar event with a specific keyword occurs,", THEN cancels the current thermostat event.",FREE
IF shortly before a calendar event with a specific keyword occurs,", THEN cancels the current thermostat event.",FREE
IF shortly before a calendar event with a specific keyword occurs,", THEN cancels the current thermostat event.",FREE
IF shortly before a calendar event with a specific keyword occurs,", THEN cancels the current thermostat event.",FREE
IF shortly before a calendar event with a specific keyword occurs,", THEN cancels the current thermostat event.",FREE
IF shortly before a calendar event with a specific keyword occurs,", THEN resumes the programmed schedule.",FREE
IF shortly before a calendar event with a specific keyword occurs,", THEN resumes the programmed schedule.",FREE
IF shortly before a calendar event with a specific keyword occurs,", THEN resumes the programmed schedule.",FREE
IF shortly before a calendar event with a specific keyword occurs,", THEN resumes the programmed schedule.",FREE
IF shortly before a calendar event with a specific keyword occurs,", THEN resumes the programmed schedule.",FREE
IF shortly before a calendar event with a specific keyword occurs,", THEN starts heating.",FREE
IF shortly before a calendar event with a specific keyword occurs,", THEN starts heating.",FREE
IF shortly before a calendar event with a specific keyword occurs,", THEN starts heating.",FREE
IF shortly before a calendar event with a specific keyword occurs,", THEN starts heating.",FREE
IF shortly before a calendar event with a specific keyword occurs,", THEN starts heating.",FREE
IF shortly before a calendar event with a specific keyword occurs,", THEN sets the water heater temperature.",FREE
IF shortly before a calendar event with a specific keyword occurs,", THEN sets the water heater temperature.",FREE
IF shortly before a calendar event with a specific keyword occurs,", THEN sets the water heater temperature.",FREE
IF shortly before a calendar event with a specific keyword occurs,", THEN sets the water heater temperature.",FREE
IF shortly before a calendar event with a specific keyword occurs,", THEN sets the water heater temperature.",FREE
IF shortly before a calendar event with a specific keyword occurs,", THEN starts frost protection mode.",FREE
IF shortly before a calendar event with a specific keyword occurs,", THEN starts frost protection mode.",FREE
IF shortly before a calendar event with a specific keyword occurs,", THEN starts frost protection mode.",FREE
IF shortly before a calendar event with a specific keyword occurs,", THEN starts frost protection mode.",FREE
IF shortly before a calendar event with a specific keyword occurs,", THEN starts frost protection mode.",FREE
IF shortly before a calendar event with a specific keyword occurs,", THEN activates a temperature hold.",FREE
IF shortly before a calendar event with a specific keyword occurs,", THEN activates a temperature hold.",FREE
IF shortly before a calendar event with a specific keyword occurs,", THEN activates a temperature hold.",FREE
IF shortly before a calendar event with a specific keyword occurs,", THEN activates a temperature hold.",FREE
IF shortly before a calendar event with a specific keyword occurs,", THEN activates a temperature hold.",FREE
IF shortly before a calendar event with a specific keyword occurs,", THEN activates frost protection mode.",FREE
IF shortly before a calendar event with a specific keyword occurs,", THEN activates frost protection mode.",FREE
IF shortly before a calendar event with a specific keyword occurs,", THEN activates frost protection mode.",FREE
IF shortly before a calendar event with a specific keyword occurs,", THEN activates frost protection mode.",FREE
IF shortly before a calendar event with a specific keyword occurs,", THEN activates frost protection mode.",FREE
IF shortly before a calendar event with a specific keyword occurs,", THEN stop the thermostat.",FREE
IF shortly before a calendar event with a specific keyword occurs,", THEN stop the thermostat.",FREE
IF shortly before a calendar event with a specific keyword occurs,", THEN stop the thermostat.",FREE
IF shortly before a calendar event with a specific keyword occurs,", THEN stop the thermostat.",FREE
IF shortly before a calendar event with a specific keyword occurs,", THEN stop the thermostat.",FREE
IF shortly before a calendar event with a specific keyword occurs,", THEN sets the room temperature.",FREE
IF shortly before a calendar event with a specific keyword occurs,", THEN sets the room temperature.",FREE
IF shortly before a calendar event with a specific keyword occurs,", THEN sets the room temperature.",FREE
IF shortly before a calendar event with a specific keyword occurs,", THEN sets the room temperature.",FREE
IF shortly before a calendar event with a specific keyword occurs,", THEN sets the room temperature.",FREE
IF shortly before a calendar event with a specific keyword occurs,", THEN sets the refrigerator temperature.",FREE
IF shortly before a calendar event with a specific keyword occurs,", THEN sets the refrigerator temperature.",FREE
IF shortly before a calendar event with a specific keyword occurs,", THEN sets the refrigerator temperature.",FREE
IF shortly before a calendar event with a specific keyword occurs,", THEN sets the refrigerator temperature.",FREE
IF shortly before a calendar event with a specific keyword occurs,", THEN sets the refrigerator temperature.",FREE
IF shortly before a calendar event with a specific keyword occurs,", THEN cancels standby mode.",FREE
IF shortly before a calendar event with a specific keyword occurs,", THEN cancels standby mode.",FREE
IF shortly before a calendar event with a specific keyword occurs,", THEN cancels standby mode.",FREE
IF shortly before a calendar event with a specific keyword occurs,", THEN cancels standby mode.",FREE
IF shortly before a calendar event with a specific keyword occurs,", THEN cancels standby mode.",FREE
IF shortly before a calendar event with a specific keyword occurs,", THEN starts eco mode on the appliance.",FREE
IF shortly before a calendar event with a specific keyword occurs,", THEN starts eco mode on the appliance.",FREE
IF shortly before a calendar event with a specific keyword occurs,", THEN starts eco mode on the appliance.",FREE
IF shortly before a calendar event with a specific keyword occurs,", THEN starts eco mode on the appliance.",FREE
IF shortly before a calendar event with a specific keyword occurs,", THEN starts eco mode on the appliance.",FREE
IF shortly before a calendar event with a specific keyword occurs,", THEN sets the thermostat to manual mode at a fixed temperature.",FREE
IF shortly before a calendar event with a specific keyword occurs,", THEN sets the thermostat to manual mode at a fixed temperature.",FREE
IF shortly before a calendar event with a specific keyword occurs,", THEN sets the thermostat to manual mode at a fixed temperature.",FREE
IF shortly before a calendar event with a specific keyword occurs,", THEN sets the thermostat to manual mode at a fixed temperature.",FREE
IF shortly before a calendar event with a specific keyword occurs,", THEN sets the thermostat to manual mode at a fixed temperature.",FREE
IF shortly before a calendar event with a specific keyword occurs,", THEN sets the temperature on the Heatmiser thermostat.",FREE
IF shortly before a calendar event with a specific keyword occurs,", THEN sets the temperature on the Heatmiser thermostat.",FREE
IF shortly before a calendar event with a specific keyword occurs,", THEN sets the temperature on the Heatmiser thermostat.",FREE
IF shortly before a calendar event with a specific keyword occurs,", THEN sets the temperature on the Heatmiser thermostat.",FREE
IF shortly before a calendar event with a specific keyword occurs,", THEN sets the temperature on the Heatmiser thermostat.",FREE
IF shortly before a calendar event with a specific keyword occurs,", THEN turns on the Aros air conditioner.",FREE
IF shortly before a calendar event with a specific keyword occurs,", THEN turns on the Aros air conditioner.",FREE
IF shortly before a calendar event with a specific keyword occurs,", THEN turns on the Aros air conditioner.",FREE
IF shortly before a calendar event with a specific keyword occurs,", THEN turns on the Aros air conditioner.",FREE
IF shortly before a calendar event with a specific keyword occurs,", THEN turns on the Aros air conditioner.",FREE
IF shortly before a calendar event with a specific keyword occurs,", THEN boosts hot water temporarily.",FREE
IF shortly before a calendar event with a specific keyword occurs,", THEN boosts hot water temporarily.",FREE
IF shortly before a calendar event with a specific keyword occurs,", THEN boosts hot water temporarily.",FREE
IF shortly before a calendar event with a specific keyword occurs,", THEN boosts hot water temporarily.",FREE
IF shortly before a calendar event with a specific keyword occurs,", THEN boosts hot water temporarily.",FREE
IF shortly before a calendar event with a specific keyword occurs,", THEN sets the heating mode.",FREE
IF shortly before a calendar event with a specific keyword occurs,", THEN sets the heating mode.",FREE
IF shortly before a calendar event with a specific keyword occurs,", THEN sets the heating mode.",FREE
IF shortly before a calendar event with a specific keyword occurs,", THEN sets the heating mode.",FREE
IF shortly before a calendar event with a specific keyword occurs,", THEN sets the heating mode.",FREE
IF shortly before a calendar event with a specific keyword occurs,", THEN enables eco mode on the appliance.",FREE
IF shortly before a calendar event with a specific keyword occurs,", THEN enables eco mode on the appliance.",FREE
IF shortly before a calendar event with a specific keyword occurs,", THEN enables eco mode on the appliance.",FREE
IF shortly before a calendar event with a specific keyword occurs,", THEN enables eco mode on the appliance.",FREE
IF shortly before a calendar event with a specific keyword occurs,", THEN enables eco mode on the appliance.",FREE
IF shortly before a calendar event with a specific keyword occurs,", THEN sets the TRV temperature.",FREE
IF shortly before a calendar event with a specific keyword occurs,", THEN sets the TRV temperature.",FREE
IF shortly before a calendar event with a specific keyword occurs,", THEN sets the TRV temperature.",FREE
IF shortly before a calendar event with a specific keyword occurs,", THEN sets the TRV temperature.",FREE
IF shortly before a calendar event with a specific keyword occurs,", THEN sets the TRV temperature.",FREE
IF shortly before a calendar event with a specific keyword occurs,", THEN increases room temperature.",FREE
IF shortly before a calendar event with a specific keyword occurs,", THEN increases room temperature.",FREE
IF shortly before a calendar event with a specific keyword occurs,", THEN increases room temperature.",FREE
IF shortly before a calendar event with a specific keyword occurs,", THEN increases room temperature.",FREE
IF shortly before a calendar event with a specific keyword occurs,", THEN increases room temperature.",FREE
IF shortly before a calendar event with a specific keyword occurs,", THEN activates eco mode on the appliance.",FREE
IF shortly before a calendar event with a specific keyword occurs,", THEN activates eco mode on the appliance.",FREE
IF shortly before a calendar event with a specific keyword occurs,", THEN activates eco mode on the appliance.",FREE
IF shortly before a calendar event with a specific keyword occurs,", THEN activates eco mode on the appliance.",FREE
IF shortly before a calendar event with a specific keyword occurs,", THEN activates eco mode on the appliance.",FREE
IF shortly before a calendar event with a specific keyword occurs,", THEN sets the target temperature on the window air conditioner.",FREE
IF shortly before a calendar event with a specific keyword occurs,", THEN sets the target temperature on the window air conditioner.",FREE
IF shortly before a calendar event with a specific keyword occurs,", THEN sets the target temperature on the window air conditioner.",FREE
IF shortly before a calendar event with a specific keyword occurs,", THEN sets the target temperature on the window air conditioner.",FREE
IF shortly before a calendar event with a specific keyword occurs,", THEN sets the target temperature on the window air conditioner.",FREE
IF shortly before a calendar event with a specific keyword occurs,", THEN activates vacation mode.",FREE
IF shortly before a calendar event with a specific keyword occurs,", THEN activates vacation mode.",FREE
IF shortly before a calendar event with a specific keyword occurs,", THEN activates vacation mode.",FREE
IF shortly before a calendar event with a specific keyword occurs,", THEN activates vacation mode.",FREE
IF shortly before a calendar event with a specific keyword occurs,", THEN activates vacation mode.",FREE
IF shortly before a calendar event with a specific keyword occurs,", THEN disable the thermostat.",FREE
IF shortly before a calendar event with a specific keyword occurs,", THEN disable the thermostat.",FREE
IF shortly before a calendar event with a specific keyword occurs,", THEN disable the thermostat.",FREE
IF shortly before a calendar event with a specific keyword occurs,", THEN disable the thermostat.",FREE
IF shortly before a calendar event with a specific keyword occurs,", THEN disable the thermostat.",FREE
IF shortly before a calendar event with a specific keyword occurs,", THEN sets the thermostat temperature.",FREE
IF shortly before a calendar event with a specific keyword occurs,", THEN sets the thermostat temperature.",FREE
IF shortly before a calendar event with a specific keyword occurs,", THEN sets the thermostat temperature.",FREE
IF shortly before a calendar event with a specific keyword occurs,", THEN sets the thermostat temperature.",FREE
IF shortly before a calendar event with a specific keyword occurs,", THEN sets the thermostat temperature.",FREE
IF shortly before a calendar event with a specific keyword occurs,", THEN the thermostat to the temperature you specify.",FREE
IF shortly before a calendar event with a specific keyword occurs,", THEN the thermostat to the temperature you specify.",FREE
IF shortly before a calendar event with a specific keyword occurs,", THEN the thermostat to the temperature you specify.",FREE
IF shortly before a calendar event with a specific keyword occurs,", THEN the thermostat to the temperature you specify.",FREE
IF shortly before a calendar event with a specific keyword occurs,", THEN the thermostat to the temperature you specify.",FREE
IF shortly before a calendar event with a specific keyword occurs,", THEN enables frost protection mode.",FREE
IF shortly before a calendar event with a specific keyword occurs,", THEN enables frost protection mode.",FREE
IF shortly before a calendar event with a specific keyword occurs,", THEN enables frost protection mode.",FREE
IF shortly before a calendar event with a specific keyword occurs,", THEN enables frost protection mode.",FREE
IF shortly before a calendar event with a specific keyword occurs,", THEN enables frost protection mode.",FREE
IF shortly before a calendar event with a specific keyword occurs,", THEN starts vacation mode.",FREE
IF shortly before a calendar event with a specific keyword occurs,", THEN starts vacation mode.",FREE
IF shortly before a calendar event with a specific keyword occurs,", THEN starts vacation mode.",FREE
IF shortly before a calendar event with a specific keyword occurs,", THEN starts vacation mode.",FREE
IF shortly before a calendar event with a specific keyword occurs,", THEN starts vacation mode.",FREE
IF shortly before a calendar event with a specific keyword occurs,", THEN sets the thermostat mode.",FREE
IF shortly before a calendar event with a specific keyword occurs,", THEN sets the thermostat mode.",FREE
IF shortly before a calendar event with a specific keyword occurs,", THEN sets the thermostat mode.",FREE
IF shortly before a calendar event with a specific keyword occurs,", THEN sets the thermostat mode.",FREE
IF shortly before a calendar event with a specific keyword occurs,", THEN sets the thermostat mode.",FREE
IF shortly before a calendar event with a specific keyword occurs,", THEN turn ons heating at a preferred temperature.",FREE
IF shortly before a calendar event with a specific keyword occurs,", THEN turn ons heating at a preferred temperature.",FREE
IF shortly before a calendar event with a specific keyword occurs,", THEN turn ons heating at a preferred temperature.",FREE
IF shortly before a calendar event with a specific keyword occurs,", THEN turn ons heating at a preferred temperature.",FREE
IF shortly before a calendar event with a specific keyword occurs,", THEN turn ons heating at a preferred temperature.",FREE
IF shortly before a calendar event with a specific keyword occurs,", THEN turns heating mode off.",FREE
IF shortly before a calendar event with a specific keyword occurs,", THEN turns heating mode off.",FREE
IF shortly before a calendar event with a specific keyword occurs,", THEN turns heating mode off.",FREE
IF shortly before a calendar event with a specific keyword occurs,", THEN turns heating mode off.",FREE
IF shortly before a calendar event with a specific keyword occurs,", THEN turns heating mode off.",FREE
IF shortly before a calendar event with a specific keyword occurs,", THEN starts heating at a preferred temperature.",FREE
IF shortly before a calendar event with a specific keyword occurs,", THEN starts heating at a preferred temperature.",FREE
IF shortly before a calendar event with a specific keyword occurs,", THEN starts heating at a preferred temperature.",FREE
IF shortly before a calendar event with a specific keyword occurs,", THEN starts heating at a preferred temperature.",FREE
IF shortly before a calendar event with a specific keyword occurs,", THEN starts heating at a preferred temperature.",FREE
IF shortly before a calendar event with a specific keyword occurs,", THEN turn ons frost protection mode.",FREE
IF shortly before a calendar event with a specific keyword occurs,", THEN turn ons frost protection mode.",FREE
IF shortly before a calendar event with a specific keyword occurs,", THEN turn ons frost protection mode.",FREE
IF shortly before a calendar event with a specific keyword occurs,", THEN turn ons frost protection mode.",FREE
IF shortly before a calendar event with a specific keyword occurs,", THEN turn ons frost protection mode.",FREE
IF shortly before a calendar event with a specific keyword occurs,", THEN turn off the thermostat.",FREE
IF shortly before a calendar event with a specific keyword occurs,", THEN turn off the thermostat.",FREE
IF shortly before a calendar event with a specific keyword occurs,", THEN turn off the thermostat.",FREE
IF shortly before a calendar event with a specific keyword occurs,", THEN turn off the thermostat.",FREE
IF shortly before a calendar event with a specific keyword occurs,", THEN turn off the thermostat.",FREE
IF shortly before a calendar event with a specific keyword occurs,", THEN activates fresh mode on the appliance.",FREE
IF shortly before a calendar event with a specific keyword occurs,", THEN activates fresh mode on the appliance.",FREE
IF shortly before a calendar event with a specific keyword occurs,", THEN activates fresh mode on the appliance.",FREE
IF shortly before a calendar event with a specific keyword occurs,", THEN activates fresh mode on the appliance.",FREE
IF shortly before a calendar event with a specific keyword occurs,", THEN activates fresh mode on the appliance.",FREE
IF shortly before a calendar event with a specific keyword occurs,", THEN updates the thermostat schedule.",FREE
IF shortly before a calendar event with a specific keyword occurs,", THEN updates the thermostat schedule.",FREE
IF shortly before a calendar event with a specific keyword occurs,", THEN updates the thermostat schedule.",FREE
IF shortly before a calendar event with a specific keyword occurs,", THEN updates the thermostat schedule.",FREE
IF shortly before a calendar event with a specific keyword occurs,", THEN updates the thermostat schedule.",FREE
IF shortly before a calendar event with a specific keyword occurs,", THEN turns on the air conditioner.",FREE
IF shortly before a calendar event with a specific keyword occurs,", THEN turns on the air conditioner.",FREE
IF shortly before a calendar event with a specific keyword occurs,", THEN turns on the air conditioner.",FREE
IF shortly before a calendar event with a specific keyword occurs,", THEN turns on the air conditioner.",FREE
IF shortly before a calendar event with a specific keyword occurs,", THEN turns on the air conditioner.",FREE
IF shortly before a calendar event with a specific keyword occurs,", THEN activates standby mode.",FREE
IF shortly before a calendar event with a specific keyword occurs,", THEN activates standby mode.",FREE
IF shortly before a calendar event with a specific keyword occurs,", THEN activates standby mode.",FREE
IF shortly before a calendar event with a specific keyword occurs,", THEN activates standby mode.",FREE
IF shortly before a calendar event with a specific keyword occurs,", THEN activates standby mode.",FREE
IF shortly before a calendar event with a specific keyword occurs,", THEN temporarily boosts refrigerator cooling.",FREE
IF shortly before a calendar event with a specific keyword occurs,", THEN temporarily boosts refrigerator cooling.",FREE
IF shortly before a calendar event with a specific keyword occurs,", THEN temporarily boosts refrigerator cooling.",FREE
IF shortly before a calendar event with a specific keyword occurs,", THEN temporarily boosts refrigerator cooling.",FREE
IF shortly before a calendar event with a specific keyword occurs,", THEN temporarily boosts refrigerator cooling.",FREE
IF a button is pressed,", THEN turn ons a temperature hold.",FREE
IF a button is pressed,", THEN turn ons a temperature hold.",FREE
IF a button is pressed,", THEN turn ons a temperature hold.",FREE
IF a button is pressed,", THEN turn ons a temperature hold.",FREE
IF a button is pressed,", THEN turn ons a temperature hold.",FREE
IF a button is pressed,", THEN temporarily boosts freezer cooling.",FREE
IF a button is pressed,", THEN temporarily boosts freezer cooling.",FREE
IF a button is pressed,", THEN temporarily boosts freezer cooling.",FREE
IF a button is pressed,", THEN temporarily boosts freezer cooling.",FREE
IF a button is pressed,", THEN temporarily boosts freezer cooling.",FREE
IF a button is pressed,", THEN sets a comfort profile hold.",FREE
IF a button is pressed,", THEN sets a comfort profile hold.",FREE
IF a button is pressed,", THEN sets a comfort profile hold.",FREE
IF a button is pressed,", THEN sets a comfort profile hold.",FREE
IF a button is pressed,", THEN sets a comfort profile hold.",FREE
IF a button is pressed,", THEN turn ons fresh mode on the appliance.",FREE
IF a button is pressed,", THEN turn ons fresh mode on the appliance.",FREE
IF a button is pressed,", THEN turn ons fresh mode on the appliance.",FREE
IF a button is pressed,", THEN turn ons fresh mode on the appliance.",FREE
IF a button is pressed,", THEN turn ons fresh mode on the appliance.",FREE
IF a button is pressed,", THEN creates a vacation temperature schedule.",FREE
IF a button is pressed,", THEN creates a vacation temperature schedule.",FREE
IF a button is pressed,", THEN creates a vacation temperature schedule.",FREE
IF a button is pressed,", THEN creates a vacation temperature schedule.",FREE
IF a button is pressed,", THEN creates a vacation temperature schedule.",FREE
IF a button is pressed,", THEN decreases room temperature.",FREE
IF a button is pressed,", THEN decreases room temperature.",FREE
IF a button is pressed,", THEN decreases room temperature.",FREE
IF a button is pressed,", THEN decreases room temperature.",FREE
IF a button is pressed,", THEN decreases room temperature.",FREE
IF a button is pressed,", THEN configures thermostat fan mode.",FREE
IF a button is pressed,", THEN configures thermostat fan mode.",FREE
IF a button is pressed,", THEN configures thermostat fan mode.",FREE
IF a button is pressed,", THEN configures thermostat fan mode.",FREE
IF a button is pressed,", THEN configures thermostat fan mode.",FREE
IF a button is pressed,", THEN sets heating mode to scheduled.",FREE
IF a button is pressed,", THEN sets heating mode to scheduled.",FREE
IF a button is pressed,", THEN sets heating mode to scheduled.",FREE
IF a button is pressed,", THEN sets heating mode to scheduled.",FREE
IF a button is pressed,", THEN sets heating mode to scheduled.",FREE
IF a button is pressed,", THEN boosts heating temporarily.",FREE
IF a button is pressed,", THEN boosts heating temporarily.",FREE
IF a button is pressed,", THEN boosts heating temporarily.",FREE
IF a button is pressed,", THEN boosts heating temporarily.",FREE
IF a button is pressed,", THEN boosts heating temporarily.",FREE
IF a button is pressed,", THEN turn ons heating.",FREE
IF a button is pressed,", THEN turn ons heating.",FREE
IF a button is pressed,", THEN turn ons heating.",FREE
IF a button is pressed,", THEN turn ons heating.",FREE
IF a button is pressed,", THEN turn ons heating.",FREE
IF a button is pressed,", THEN sets the freezer temperature.",FREE
IF a button is pressed,", THEN sets the freezer temperature.",FREE
IF a button is pressed,", THEN sets the freezer temperature.",FREE
IF a button is pressed,", THEN sets the freezer temperature.",FREE
IF a button is pressed,", THEN sets the freezer temperature.",FREE
IF a button is pressed,", THEN sets a timed comfort profile hold.",FREE
IF a button is pressed,", THEN sets a timed comfort profile hold.",FREE
IF a button is pressed,", THEN sets a timed comfort profile hold.",FREE
IF a button is pressed,", THEN sets a timed comfort profile hold.",FREE
IF a button is pressed,", THEN sets a timed comfort profile hold.",FREE
IF a button is pressed,", THEN sets cooling mode.",FREE
IF a button is pressed,", THEN sets cooling mode.",FREE
IF a button is pressed,", THEN sets cooling mode.",FREE
IF a button is pressed,", THEN sets cooling mode.",FREE
IF a button is pressed,", THEN sets cooling mode.",FREE
IF a button is pressed,", THEN sets home to away mode.",FREE
IF a button is pressed,", THEN sets home to away mode.",FREE
IF a button is pressed,", THEN sets home to away mode.",FREE
IF a button is pressed,", THEN sets home to away mode.",FREE
IF a button is pressed,", THEN sets home to away mode.",FREE
IF a button is pressed,", THEN sets the thermostat target temperature.",FREE
IF a button is pressed,", THEN sets the thermostat target temperature.",FREE
IF a button is pressed,", THEN sets the thermostat target temperature.",FREE
IF a button is pressed,", THEN sets the thermostat target temperature.",FREE
IF a button is pressed,", THEN sets the thermostat target temperature.",FREE
IF a button is pressed,", THEN enables a temperature hold.",FREE
IF a button is pressed,", THEN enables a temperature hold.",FREE
IF a button is pressed,", THEN enables a temperature hold.",FREE
IF a button is pressed,", THEN enables a temperature hold.",FREE
IF a button is pressed,", THEN enables a temperature hold.",FREE
IF a button is pressed,", THEN switches off the electric switch.",FREE
IF a button is pressed,", THEN switches off the electric switch.",FREE
IF a button is pressed,", THEN switches off the electric switch.",FREE
IF a button is pressed,", THEN switches off the electric switch.",FREE
IF a button is pressed,", THEN switches off the electric switch.",FREE
IF a button is pressed,", THEN turn ons eco mode on the appliance.",FREE
IF a button is pressed,", THEN turn ons eco mode on the appliance.",FREE
IF a button is pressed,", THEN turn ons eco mode on the appliance.",FREE
IF a button is pressed,", THEN turn ons eco mode on the appliance.",FREE
IF a button is pressed,", THEN turn ons eco mode on the appliance.",FREE
IF a button is pressed,", THEN sets heating mode.",FREE
IF a button is pressed,", THEN sets heating mode.",FREE
IF a button is pressed,", THEN sets heating mode.",FREE
IF a button is pressed,", THEN sets heating mode.",FREE
IF a button is pressed,", THEN sets heating mode.",FREE
IF a button is pressed,", THEN sets thermostat group mode.",FREE
IF a button is pressed,", THEN sets thermostat group mode.",FREE
IF a button is pressed,", THEN sets thermostat group mode.",FREE
IF a button is pressed,", THEN sets thermostat group mode.",FREE
IF a button is pressed,", THEN sets thermostat group mode.",FREE
IF a button is pressed,", THEN turns on the air conditioner and configures settings.",FREE
IF a button is pressed,", THEN turns on the air conditioner and configures settings.",FREE
IF a button is pressed,", THEN turns on the air conditioner and configures settings.",FREE
IF a button is pressed,", THEN turns on the air conditioner and configures settings.",FREE
IF a button is pressed,", THEN turns on the air conditioner and configures settings.",FREE
IF a button is pressed,", THEN restores default heating schedule.",FREE
IF a button is pressed,", THEN restores default heating schedule.",FREE
IF a button is pressed,", THEN restores default heating schedule.",FREE
IF a button is pressed,", THEN restores default heating schedule.",FREE
IF a button is pressed,", THEN restores default heating schedule.",FREE
IF a button is pressed,", THEN turns off heating.",FREE
IF a button is pressed,", THEN turns off heating.",FREE
IF a button is pressed,", THEN turns off heating.",FREE
IF a button is pressed,", THEN turns off heating.",FREE
IF a button is pressed,", THEN turns off heating.",FREE
IF a button is pressed,", THEN cancels the current thermostat event.",FREE
IF a button is pressed,", THEN cancels the current thermostat event.",FREE
IF a button is pressed,", THEN cancels the current thermostat event.",FREE
IF a button is pressed,", THEN cancels the current thermostat event.",FREE
IF a button is pressed,", THEN cancels the current thermostat event.",FREE
IF a button is pressed,", THEN resumes the programmed schedule.",FREE
IF a button is pressed,", THEN resumes the programmed schedule.",FREE
IF a button is pressed,", THEN resumes the programmed schedule.",FREE
IF a button is pressed,", THEN resumes the programmed schedule.",FREE
IF a button is pressed,", THEN resumes the programmed schedule.",FREE
IF a button is pressed,", THEN starts heating.",FREE
IF a button is pressed,", THEN starts heating.",FREE
IF a button is pressed,", THEN starts heating.",FREE
IF a button is pressed,", THEN starts heating.",FREE
IF a button is pressed,", THEN starts heating.",FREE
IF a button is pressed,", THEN sets the water heater temperature.",FREE
IF a button is pressed,", THEN sets the water heater temperature.",FREE
IF a button is pressed,", THEN sets the water heater temperature.",FREE
IF a button is pressed,", THEN sets the water heater temperature.",FREE
IF a button is pressed,", THEN sets the water heater temperature.",FREE
IF a button is pressed,", THEN starts frost protection mode.",FREE
IF a button is pressed,", THEN starts frost protection mode.",FREE
IF a button is pressed,", THEN starts frost protection mode.",FREE
IF a button is pressed,", THEN starts frost protection mode.",FREE
IF a button is pressed,", THEN starts frost protection mode.",FREE
IF a button is pressed,", THEN activates a temperature hold.",FREE
IF a button is pressed,", THEN activates a temperature hold.",FREE
IF a button is pressed,", THEN activates a temperature hold.",FREE
IF a button is pressed,", THEN activates a temperature hold.",FREE
IF a button is pressed,", THEN activates a temperature hold.",FREE
IF a button is pressed,", THEN activates frost protection mode.",FREE
IF a button is pressed,", THEN activates frost protection mode.",FREE
IF a button is pressed,", THEN activates frost protection mode.",FREE
IF a button is pressed,", THEN activates frost protection mode.",FREE
IF a button is pressed,", THEN activates frost protection mode.",FREE
IF a button is pressed,", THEN stop the thermostat.",FREE
IF a button is pressed,", THEN stop the thermostat.",FREE
IF a button is pressed,", THEN stop the thermostat.",FREE
IF a button is pressed,", THEN stop the thermostat.",FREE
IF a button is pressed,", THEN stop the thermostat.",FREE
IF a button is pressed,", THEN sets the room temperature.",FREE
IF a button is pressed,", THEN sets the room temperature.",FREE
IF a button is pressed,", THEN sets the room temperature.",FREE
IF a button is pressed,", THEN sets the room temperature.",FREE
IF a button is pressed,", THEN sets the room temperature.",FREE
IF a button is pressed,", THEN sets the refrigerator temperature.",FREE
IF a button is pressed,", THEN sets the refrigerator temperature.",FREE
IF a button is pressed,", THEN sets the refrigerator temperature.",FREE
IF a button is pressed,", THEN sets the refrigerator temperature.",FREE
IF a button is pressed,", THEN sets the refrigerator temperature.",FREE
IF a button is pressed,", THEN cancels standby mode.",FREE
IF a button is pressed,", THEN cancels standby mode.",FREE
IF a button is pressed,", THEN cancels standby mode.",FREE
IF a button is pressed,", THEN cancels standby mode.",FREE
IF a button is pressed,", THEN cancels standby mode.",FREE
IF a button is pressed,", THEN starts eco mode on the appliance.",FREE
IF a button is pressed,", THEN starts eco mode on the appliance.",FREE
IF a button is pressed,", THEN starts eco mode on the appliance.",FREE
IF a button is pressed,", THEN starts eco mode on the appliance.",FREE
IF a button is pressed,", THEN starts eco mode on the appliance.",FREE
IF a button is pressed,", THEN sets the thermostat to manual mode at a fixed temperature.",FREE
IF a button is pressed,", THEN sets the thermostat to manual mode at a fixed temperature.",FREE
IF a button is pressed,", THEN sets the thermostat to manual mode at a fixed temperature.",FREE
IF a button is pressed,", THEN sets the thermostat to manual mode at a fixed temperature.",FREE
IF a button is pressed,", THEN sets the thermostat to manual mode at a fixed temperature.",FREE
IF a button is pressed,", THEN sets the temperature on the Heatmiser thermostat.",FREE
IF a button is pressed,", THEN sets the temperature on the Heatmiser thermostat.",FREE
IF a button is pressed,", THEN sets the temperature on the Heatmiser thermostat.",FREE
IF a button is pressed,", THEN sets the temperature on the Heatmiser thermostat.",FREE
IF a button is pressed,", THEN sets the temperature on the Heatmiser thermostat.",FREE
IF a button is pressed,", THEN turns on the Aros air conditioner.",FREE
IF a button is pressed,", THEN turns on the Aros air conditioner.",FREE
IF a button is pressed,", THEN turns on the Aros air conditioner.",FREE
IF a button is pressed,", THEN turns on the Aros air conditioner.",FREE
IF a button is pressed,", THEN turns on the Aros air conditioner.",FREE
IF a button is pressed,", THEN boosts hot water temporarily.",FREE
IF a button is pressed,", THEN boosts hot water temporarily.",FREE
IF a button is pressed,", THEN boosts hot water temporarily.",FREE
IF a button is pressed,", THEN boosts hot water temporarily.",FREE
IF a button is pressed,", THEN boosts hot water temporarily.",FREE
IF a button is pressed,", THEN sets the heating mode.",FREE
IF a button is pressed,", THEN sets the heating mode.",FREE
IF a button is pressed,", THEN sets the heating mode.",FREE
IF a button is pressed,", THEN sets the heating mode.",FREE
IF a button is pressed,", THEN sets the heating mode.",FREE
IF a button is pressed,", THEN enables eco mode on the appliance.",FREE
IF a button is pressed,", THEN enables eco mode on the appliance.",FREE
IF a button is pressed,", THEN enables eco mode on the appliance.",FREE
IF a button is pressed,", THEN enables eco mode on the appliance.",FREE
IF a button is pressed,", THEN enables eco mode on the appliance.",FREE
IF a button is pressed,", THEN sets the TRV temperature.",FREE
IF a button is pressed,", THEN sets the TRV temperature.",FREE
IF a button is pressed,", THEN sets the TRV temperature.",FREE
IF a button is pressed,", THEN sets the TRV temperature.",FREE
IF a button is pressed,", THEN sets the TRV temperature.",FREE
IF a button is pressed,", THEN increases room temperature.",FREE
IF a button is pressed,", THEN increases room temperature.",FREE
IF a button is pressed,", THEN increases room temperature.",FREE
IF a button is pressed,", THEN increases room temperature.",FREE
IF a button is pressed,", THEN increases room temperature.",FREE
IF a button is pressed,", THEN activates eco mode on the appliance.",FREE
IF a button is pressed,", THEN activates eco mode on the appliance.",FREE
IF a button is pressed,", THEN activates eco mode on the appliance.",FREE
IF a button is pressed,", THEN activates eco mode on the appliance.",FREE
IF a button is pressed,", THEN activates eco mode on the appliance.",FREE
IF a button is pressed,", THEN sets the target temperature on the window air conditioner.",FREE
IF a button is pressed,", THEN sets the target temperature on the window air conditioner.",FREE
IF a button is pressed,", THEN sets the target temperature on the window air conditioner.",FREE
IF a button is pressed,", THEN sets the target temperature on the window air conditioner.",FREE
IF a button is pressed,", THEN sets the target temperature on the window air conditioner.",FREE
IF a button is pressed,", THEN activates vacation mode.",FREE
IF a button is pressed,", THEN activates vacation mode.",FREE
IF a button is pressed,", THEN activates vacation mode.",FREE
IF a button is pressed,", THEN activates vacation mode.",FREE
IF a button is pressed,", THEN activates vacation mode.",FREE
IF a button is pressed,", THEN disable the thermostat.",FREE
IF a button is pressed,", THEN disable the thermostat.",FREE
IF a button is pressed,", THEN disable the thermostat.",FREE
IF a button is pressed,", THEN disable the thermostat.",FREE
IF a button is pressed,", THEN disable the thermostat.",FREE
IF a button is pressed,", THEN sets the thermostat temperature.",FREE
IF a button is pressed,", THEN sets the thermostat temperature.",FREE
IF a button is pressed,", THEN sets the thermostat temperature.",FREE
IF a button is pressed,", THEN sets the thermostat temperature.",FREE
IF a button is pressed,", THEN sets the thermostat temperature.",FREE
IF a button is pressed,", THEN the thermostat to the temperature you specify.",FREE
IF a button is pressed,", THEN the thermostat to the temperature you specify.",FREE
IF a button is pressed,", THEN the thermostat to the temperature you specify.",FREE
IF a button is pressed,", THEN the thermostat to the temperature you specify.",FREE
IF a button is pressed,", THEN the thermostat to the temperature you specify.",FREE
IF a button is pressed,", THEN enables frost protection mode.",FREE
IF a button is pressed,", THEN enables frost protection mode.",FREE
IF a button is pressed,", THEN enables frost protection mode.",FREE
IF a button is pressed,", THEN enables frost protection mode.",FREE
IF a button is pressed,", THEN enables frost protection mode.",FREE
IF a button is pressed,", THEN starts vacation mode.",FREE
IF a button is pressed,", THEN starts vacation mode.",FREE
IF a button is pressed,", THEN starts vacation mode.",FREE
IF a button is pressed,", THEN starts vacation mode.",FREE
IF a button is pressed,", THEN starts vacation mode.",FREE
IF a button is pressed,", THEN sets the thermostat mode.",FREE
IF a button is pressed,", THEN sets the thermostat mode.",FREE
IF a button is pressed,", THEN sets the thermostat mode.",FREE
IF a button is pressed,", THEN sets the thermostat mode.",FREE
IF a button is pressed,", THEN sets the thermostat mode.",FREE
IF a button is pressed,", THEN turn ons heating at a preferred temperature.",FREE
IF a button is pressed,", THEN turn ons heating at a preferred temperature.",FREE
IF a button is pressed,", THEN turn ons heating at a preferred temperature.",FREE
IF a button is pressed,", THEN turn ons heating at a preferred temperature.",FREE
IF a button is pressed,", THEN turn ons heating at a preferred temperature.",FREE
IF a button is pressed,", THEN turns heating mode off.",FREE
IF a button is pressed,", THEN turns heating mode off.",FREE
IF a button is pressed,", THEN turns heating mode off.",FREE
IF a button is pressed,", THEN turns heating mode off.",FREE
IF a button is pressed,", THEN turns heating mode off.",FREE
IF a button is pressed,", THEN starts heating at a preferred temperature.",FREE
IF a button is pressed,", THEN starts heating at a preferred temperature.",FREE
IF a button is pressed,", THEN starts heating at a preferred temperature.",FREE
IF a button is pressed,", THEN starts heating at a preferred temperature.",FREE
IF a button is pressed,", THEN starts heating at a preferred temperature.",FREE
IF a button is pressed,", THEN turn ons frost protection mode.",FREE
IF a button is pressed,", THEN turn ons frost protection mode.",FREE
IF a button is pressed,", THEN turn ons frost protection mode.",FREE
IF a button is pressed,", THEN turn ons frost protection mode.",FREE
IF a button is pressed,", THEN turn ons frost protection mode.",FREE
IF a button is pressed,", THEN turn off the thermostat.",FREE
IF a button is pressed,", THEN turn off the thermostat.",FREE
IF a button is pressed,", THEN turn off the thermostat.",FREE
IF a button is pressed,", THEN turn off the thermostat.",FREE
IF a button is pressed,", THEN turn off the thermostat.",FREE
IF a button is pressed,", THEN activates fresh mode on the appliance.",FREE
IF a button is pressed,", THEN activates fresh mode on the appliance.",FREE
IF a button is pressed,", THEN activates fresh mode on the appliance.",FREE
IF a button is pressed,", THEN activates fresh mode on the appliance.",FREE
IF a button is pressed,", THEN activates fresh mode on the appliance.",FREE
IF a button is pressed,", THEN updates the thermostat schedule.",FREE
IF a button is pressed,", THEN updates the thermostat schedule.",FREE
IF a button is pressed,", THEN updates the thermostat schedule.",FREE
IF a button is pressed,", THEN updates the thermostat schedule.",FREE
IF a button is pressed,", THEN updates the thermostat schedule.",FREE
IF a button is pressed,", THEN turns on the air conditioner.",FREE
IF a button is pressed,", THEN turns on the air conditioner.",FREE
IF a button is pressed,", THEN turns on the air conditioner.",FREE
IF a button is pressed,", THEN turns on the air conditioner.",FREE
IF a button is pressed,", THEN turns on the air conditioner.",FREE
IF a button is pressed,", THEN activates standby mode.",FREE
IF a button is pressed,", THEN activates standby mode.",FREE
IF a button is pressed,", THEN activates standby mode.",FREE
IF a button is pressed,", THEN activates standby mode.",FREE
IF a button is pressed,", THEN activates standby mode.",FREE
IF a button is pressed,", THEN temporarily boosts refrigerator cooling.",FREE
IF a button is pressed,", THEN temporarily boosts refrigerator cooling.",FREE
IF a button is pressed,", THEN temporarily boosts refrigerator cooling.",FREE
IF a button is pressed,", THEN temporarily boosts refrigerator cooling.",FREE
IF a button is pressed,", THEN temporarily boosts refrigerator cooling.",FREE
IF the user enters a specified area,", THEN sets the thermostat temperature.",LOCKED
IF the user enters a specified area,", THEN sets the thermostat temperature.",LOCKED
IF the user enters a specified area,", THEN sets the thermostat temperature.",LOCKED
IF the user enters a specified area,", THEN sets the thermostat temperature.",LOCKED
IF the user enters a specified area,", THEN sets the thermostat temperature.",LOCKED
IF the user enters a specified area,", THEN turns on the air conditioner.",LOCKED
IF the user enters a specified area,", THEN turns on the air conditioner.",LOCKED
IF the user enters a specified area,", THEN turns on the air conditioner.",LOCKED
IF the user enters a specified area,", THEN turns on the air conditioner.",LOCKED
IF the user enters a specified area,", THEN turns on the air conditioner.",LOCKED
IF the user enters a specified area,", THEN restores default heating schedule.",LOCKED
IF the user enters a specified area,", THEN restores default heating schedule.",LOCKED
IF the user enters a specified area,", THEN restores default heating schedule.",LOCKED
IF the user enters a specified area,", THEN restores default heating schedule.",LOCKED
IF the user enters a specified area,", THEN restores default heating schedule.",LOCKED
IF the user enters a specified area,", THEN boosts heating temporarily.",LOCKED
IF the user enters a specified area,", THEN boosts heating temporarily.",LOCKED
IF the user enters a specified area,", THEN boosts heating temporarily.",LOCKED
IF the user enters a specified area,", THEN boosts heating temporarily.",LOCKED
IF the user enters a specified area,", THEN boosts heating temporarily.",LOCKED
IF the user enters a specified area,", THEN configures thermostat fan mode.",LOCKED
IF the user enters a specified area,", THEN configures thermostat fan mode.",LOCKED
IF the user enters a specified area,", THEN configures thermostat fan mode.",LOCKED
IF the user enters a specified area,", THEN configures thermostat fan mode.",LOCKED
IF the user enters a specified area,", THEN configures thermostat fan mode.",LOCKED
IF the user enters a specified area,", THEN sets the temperature on the Heatmiser thermostat.",LOCKED
IF the user enters a specified area,", THEN sets the temperature on the Heatmiser thermostat.",LOCKED
IF the user enters a specified area,", THEN sets the temperature on the Heatmiser thermostat.",LOCKED
IF the user enters a specified area,", THEN sets the temperature on the Heatmiser thermostat.",LOCKED
IF the user enters a specified area,", THEN sets the temperature on the Heatmiser thermostat.",LOCKED
IF the user enters a specified area,", THEN resumes the programmed schedule.",LOCKED
IF the user enters a specified area,", THEN resumes the programmed schedule.",LOCKED
IF the user enters a specified area,", THEN resumes the programmed schedule.",LOCKED
IF the user enters a specified area,", THEN resumes the programmed schedule.",LOCKED
IF the user enters a specified area,", THEN resumes the programmed schedule.",LOCKED
IF the user enters a specified area,", THEN sets the heating mode.",LOCKED
IF the user enters a specified area,", THEN sets the heating mode.",LOCKED
IF the user enters a specified area,", THEN sets the heating mode.",LOCKED
IF the user enters a specified area,", THEN sets the heating mode.",LOCKED
IF the user enters a specified area,", THEN sets the heating mode.",LOCKED
IF the user enters a specified area,", THEN cancels the current thermostat event.",LOCKED
IF the user enters a specified area,", THEN cancels the current thermostat event.",LOCKED
IF the user enters a specified area,", THEN cancels the current thermostat event.",LOCKED
IF the user enters a specified area,", THEN cancels the current thermostat event.",LOCKED
IF the user enters a specified area,", THEN cancels the current thermostat event.",LOCKED
IF the user enters a specified area,", THEN sets a comfort profile hold.",LOCKED
IF the user enters a specified area,", THEN sets a comfort profile hold.",LOCKED
IF the user enters a specified area,", THEN sets a comfort profile hold.",LOCKED
IF the user enters a specified area,", THEN sets a comfort profile hold.",LOCKED
IF the user enters a specified area,", THEN sets a comfort profile hold.",LOCKED
IF the user enters a specified area,", THEN sets the thermostat mode.",LOCKED
IF the user enters a specified area,", THEN sets the thermostat mode.",LOCKED
IF the user enters a specified area,", THEN sets the thermostat mode.",LOCKED
IF the user enters a specified area,", THEN sets the thermostat mode.",LOCKED
IF the user enters a specified area,", THEN sets the thermostat mode.",LOCKED
IF the user enters a specified area,", THEN turns on the air conditioner and configures settings.",LOCKED
IF the user enters a specified area,", THEN turns on the air conditioner and configures settings.",LOCKED
IF the user enters a specified area,", THEN turns on the air conditioner and configures settings.",LOCKED
IF the user enters a specified area,", THEN turns on the air conditioner and configures settings.",LOCKED
IF the user enters a specified area,", THEN turns on the air conditioner and configures settings.",LOCKED
IF the user enters a specified area,", THEN sets thermostat group mode.",LOCKED
IF the user enters a specified area,", THEN sets thermostat group mode.",LOCKED
IF the user enters a specified area,", THEN sets thermostat group mode.",LOCKED
IF the user enters a specified area,", THEN sets thermostat group mode.",LOCKED
IF the user enters a specified area,", THEN sets thermostat group mode.",LOCKED
IF the user enters a specified area,", THEN sets the TRV temperature.",LOCKED
IF the user enters a specified area,", THEN sets the TRV temperature.",LOCKED
IF the user enters a specified area,", THEN sets the TRV temperature.",LOCKED
IF the user enters a specified area,", THEN sets the TRV temperature.",LOCKED
IF the user enters a specified area,", THEN sets the TRV temperature.",LOCKED
IF the user enters a specified area,", THEN sets heating mode to scheduled.",LOCKED
IF the user enters a specified area,", THEN sets heating mode to scheduled.",LOCKED
IF the user enters a specified area,", THEN sets heating mode to scheduled.",LOCKED
IF the user enters a specified area,", THEN sets heating mode to scheduled.",LOCKED
IF the user enters a specified area,", THEN sets heating mode to scheduled.",LOCKED
IF the user enters a specified area,", THEN turns on the Aros air conditioner.",LOCKED
IF the user enters a specified area,", THEN turns on the Aros air conditioner.",LOCKED
IF the user enters a specified area,", THEN turns on the Aros air conditioner.",LOCKED
IF the user enters a specified area,", THEN turns on the Aros air conditioner.",LOCKED
IF the user enters a specified area,", THEN turns on the Aros air conditioner.",LOCKED
IF the user enters a specified area,", THEN sets the thermostat to manual mode at a fixed temperature.",LOCKED
IF the user enters a specified area,", THEN sets the thermostat to manual mode at a fixed temperature.",LOCKED
IF the user enters a specified area,", THEN sets the thermostat to manual mode at a fixed temperature.",LOCKED
IF the user enters a specified area,", THEN sets the thermostat to manual mode at a fixed temperature.",LOCKED
IF the user enters a specified area,", THEN sets the thermostat to manual mode at a fixed temperature.",LOCKED
IF the user enters a specified area,", THEN the thermostat to the temperature you specify.",LOCKED
IF the user enters a specified area,", THEN the thermostat to the temperature you specify.",LOCKED
IF the user enters a specified area,", THEN the thermostat to the temperature you specify.",LOCKED
IF the user enters a specified area,", THEN the thermostat to the temperature you specify.",LOCKED
IF the user enters a specified area,", THEN the thermostat to the temperature you specify.",LOCKED
IF the user enters a specified area,", THEN sets the thermostat target temperature.",LOCKED
IF the user enters a specified area,", THEN sets the thermostat target temperature.",LOCKED
IF the user enters a specified area,", THEN sets the thermostat target temperature.",LOCKED
IF the user enters a specified area,", THEN sets the thermostat target temperature.",LOCKED
IF the user enters a specified area,", THEN sets the thermostat target temperature.",LOCKED
IF local temperature is below a specified value,", THEN sets the target temperature on the window air conditioner.",LOCKED
IF local temperature is below a specified value,", THEN sets the target temperature on the window air conditioner.",LOCKED
IF local temperature is below a specified value,", THEN sets the target temperature on the window air conditioner.",LOCKED
IF local temperature is below a specified value,", THEN sets the target temperature on the window air conditioner.",LOCKED
IF local temperature is below a specified value,", THEN sets the target temperature on the window air conditioner.",LOCKED
IF local temperature is below a specified value,", THEN boosts heating temporarily.",LOCKED
IF local temperature is below a specified value,", THEN boosts heating temporarily.",LOCKED
IF local temperature is below a specified value,", THEN boosts heating temporarily.",LOCKED
IF local temperature is below a specified value,", THEN boosts heating temporarily.",LOCKED
IF local temperature is below a specified value,", THEN boosts heating temporarily.",LOCKED
IF local temperature is below a specified value,", THEN sets the room temperature.",LOCKED
IF local temperature is below a specified value,", THEN sets the room temperature.",LOCKED
IF local temperature is below a specified value,", THEN sets the room temperature.",LOCKED
IF local temperature is below a specified value,", THEN sets the room temperature.",LOCKED
IF local temperature is below a specified value,", THEN sets the room temperature.",LOCKED
IF local temperature is below a specified value,", THEN sets the thermostat temperature.",LOCKED
IF local temperature is below a specified value,", THEN sets the thermostat temperature.",LOCKED
IF local temperature is below a specified value,", THEN sets the thermostat temperature.",LOCKED
IF local temperature is below a specified value,", THEN sets the thermostat temperature.",LOCKED
IF local temperature is below a specified value,", THEN sets the thermostat temperature.",LOCKED
IF local temperature is below a specified value,", THEN restores default heating schedule.",LOCKED
IF local temperature is below a specified value,", THEN restores default heating schedule.",LOCKED
IF local temperature is below a specified value,", THEN restores default heating schedule.",LOCKED
IF local temperature is below a specified value,", THEN restores default heating schedule.",LOCKED
IF local temperature is below a specified value,", THEN restores default heating schedule.",LOCKED
IF local temperature is below a specified value,", THEN enables a temperature hold.",LOCKED
IF local temperature is below a specified value,", THEN enables a temperature hold.",LOCKED
IF local temperature is below a specified value,", THEN enables a temperature hold.",LOCKED
IF local temperature is below a specified value,", THEN enables a temperature hold.",LOCKED
IF local temperature is below a specified value,", THEN enables a temperature hold.",LOCKED
IF local temperature is below a specified value,", THEN the thermostat to the temperature you specify.",LOCKED
IF local temperature is below a specified value,", THEN the thermostat to the temperature you specify.",LOCKED
IF local temperature is below a specified value,", THEN the thermostat to the temperature you specify.",LOCKED
IF local temperature is below a specified value,", THEN the thermostat to the temperature you specify.",LOCKED
IF local temperature is below a specified value,", THEN the thermostat to the temperature you specify.",LOCKED
IF local temperature is below a specified value,", THEN sets heating mode.",LOCKED
IF local temperature is below a specified value,", THEN sets heating mode.",LOCKED
IF local temperature is below a specified value,", THEN sets heating mode.",LOCKED
IF local temperature is below a specified value,", THEN sets heating mode.",LOCKED
IF local temperature is below a specified value,", THEN sets heating mode.",LOCKED
IF local temperature is below a specified value,", THEN sets the thermostat to manual mode at a fixed temperature.",LOCKED
IF local temperature is below a specified value,", THEN sets the thermostat to manual mode at a fixed temperature.",LOCKED
IF local temperature is below a specified value,", THEN sets the thermostat to manual mode at a fixed temperature.",LOCKED
IF local temperature is below a specified value,", THEN sets the thermostat to manual mode at a fixed temperature.",LOCKED
IF local temperature is below a specified value,", THEN sets the thermostat to manual mode at a fixed temperature.",LOCKED
IF local temperature is below a specified value,", THEN configures thermostat fan mode.",LOCKED
IF local temperature is below a specified value,", THEN configures thermostat fan mode.",LOCKED
IF local temperature is below a specified value,", THEN configures thermostat fan mode.",LOCKED
IF local temperature is below a specified value,", THEN configures thermostat fan mode.",LOCKED
IF local temperature is below a specified value,", THEN configures thermostat fan mode.",LOCKED
IF local temperature is below a specified value,", THEN sets heating mode to scheduled.",LOCKED
IF local temperature is below a specified value,", THEN sets heating mode to scheduled.",LOCKED
IF local temperature is below a specified value,", THEN sets heating mode to scheduled.",LOCKED
IF local temperature is below a specified value,", THEN sets heating mode to scheduled.",LOCKED
IF local temperature is below a specified value,", THEN sets heating mode to scheduled.",LOCKED
IF local temperature is below a specified value,", THEN starts heating.",LOCKED
IF local temperature is below a specified value,", THEN starts heating.",LOCKED
IF local temperature is below a specified value,", THEN starts heating.",LOCKED
IF local temperature is below a specified value,", THEN starts heating.",LOCKED
IF local temperature is below a specified value,", THEN starts heating.",LOCKED
IF local temperature is below a specified value,", THEN sets the heating mode.",LOCKED
IF local temperature is below a specified value,", THEN sets the heating mode.",LOCKED
IF local temperature is below a specified value,", THEN sets the heating mode.",LOCKED
IF local temperature is below a specified value,", THEN sets the heating mode.",LOCKED
IF local temperature is below a specified value,", THEN sets the heating mode.",LOCKED
IF local temperature is below a specified value,", THEN sets a comfort profile hold.",LOCKED
IF local temperature is below a specified value,", THEN sets a comfort profile hold.",LOCKED
IF local temperature is below a specified value,", THEN sets a comfort profile hold.",LOCKED
IF local temperature is below a specified value,", THEN sets a comfort profile hold.",LOCKED
IF local temperature is below a specified value,", THEN sets a comfort profile hold.",LOCKED
IF the user exits a specified area,", THEN sets the thermostat temperature.",LOCKED
IF the user exits a specified area,", THEN sets the thermostat temperature.",LOCKED
IF the user exits a specified area,", THEN sets the thermostat temperature.",LOCKED
IF the user exits a specified area,", THEN sets the thermostat temperature.",LOCKED
IF the user exits a specified area,", THEN sets the thermostat temperature.",LOCKED
IF the user exits a specified area,", THEN sets the thermostat mode.",LOCKED
IF the user exits a specified area,", THEN sets the thermostat mode.",LOCKED
IF the user exits a specified area,", THEN sets the thermostat mode.",LOCKED
IF the user exits a specified area,", THEN sets the thermostat mode.",LOCKED
IF the user exits a specified area,", THEN sets the thermostat mode.",LOCKED
IF the user exits a specified area,", THEN the thermostat to the temperature you specify.",LOCKED
IF the user exits a specified area,", THEN the thermostat to the temperature you specify.",LOCKED
IF the user exits a specified area,", THEN the thermostat to the temperature you specify.",LOCKED
IF the user exits a specified area,", THEN the thermostat to the temperature you specify.",LOCKED
IF the user exits a specified area,", THEN the thermostat to the temperature you specify.",LOCKED
IF the user exits a specified area,", THEN turns heating mode off.",LOCKED
IF the user exits a specified area,", THEN turns heating mode off.",LOCKED
IF the user exits a specified area,", THEN turns heating mode off.",LOCKED
IF the user exits a specified area,", THEN turns heating mode off.",LOCKED
IF the user exits a specified area,", THEN turns heating mode off.",LOCKED
IF the user exits a specified area,", THEN sets the heating mode.",LOCKED
IF the user exits a specified area,", THEN sets the heating mode.",LOCKED
IF the user exits a specified area,", THEN sets the heating mode.",LOCKED
IF the user exits a specified area,", THEN sets the heating mode.",LOCKED
IF the user exits a specified area,", THEN sets the heating mode.",LOCKED
IF the user exits a specified area,", THEN sets a comfort profile hold.",LOCKED
IF the user exits a specified area,", THEN sets a comfort profile hold.",LOCKED
IF the user exits a specified area,", THEN sets a comfort profile hold.",LOCKED
IF the user exits a specified area,", THEN sets a comfort profile hold.",LOCKED
IF the user exits a specified area,", THEN sets a comfort profile hold.",LOCKED
IF the user exits a specified area,", THEN sets the thermostat target temperature.",LOCKED
IF the user exits a specified area,", THEN sets the thermostat target temperature.",LOCKED
IF the user exits a specified area,", THEN sets the thermostat target temperature.",LOCKED
IF the user exits a specified area,", THEN sets the thermostat target temperature.",LOCKED
IF the user exits a specified area,", THEN sets the thermostat target temperature.",LOCKED
IF the user exits a specified area,", THEN resumes the programmed schedule.",LOCKED
IF the user exits a specified area,", THEN resumes the programmed schedule.",LOCKED
IF the user exits a specified area,", THEN resumes the programmed schedule.",LOCKED
IF the user exits a specified area,", THEN resumes the programmed schedule.",LOCKED
IF the user exits a specified area,", THEN resumes the programmed schedule.",LOCKED
IF the user exits a specified area,", THEN configures thermostat fan mode.",LOCKED
IF the user exits a specified area,", THEN configures thermostat fan mode.",LOCKED
IF the user exits a specified area,", THEN configures thermostat fan mode.",LOCKED
IF the user exits a specified area,", THEN configures thermostat fan mode.",LOCKED
IF the user exits a specified area,", THEN configures thermostat fan mode.",LOCKED
IF the user exits a specified area,", THEN sets home to away mode.",LOCKED
IF the user exits a specified area,", THEN sets home to away mode.",LOCKED
IF the user exits a specified area,", THEN sets home to away mode.",LOCKED
IF the user exits a specified area,", THEN sets home to away mode.",LOCKED
IF the user exits a specified area,", THEN sets home to away mode.",LOCKED
IF the user exits a specified area,", THEN sets cooling mode.",LOCKED
IF the user exits a specified area,", THEN sets cooling mode.",LOCKED
IF the user exits a specified area,", THEN sets cooling mode.",LOCKED
IF the user exits a specified area,", THEN sets cooling mode.",LOCKED
IF the user exits a specified area,", THEN sets cooling mode.",LOCKED
IF the user exits a specified area,", THEN sets the thermostat to manual mode at a fixed temperature.",LOCKED
IF the user exits a specified area,", THEN sets the thermostat to manual mode at a fixed temperature.",LOCKED
IF the user exits a specified area,", THEN sets the thermostat to manual mode at a fixed temperature.",LOCKED
IF the user exits a specified area,", THEN sets the thermostat to manual mode at a fixed temperature.",LOCKED
IF the user exits a specified area,", THEN sets the thermostat to manual mode at a fixed temperature.",LOCKED
IF the user exits a specified area,", THEN sets thermostat group mode.",LOCKED
IF the user exits a specified area,", THEN sets thermostat group mode.",LOCKED
IF the user exits a specified area,", THEN sets thermostat group mode.",LOCKED
IF the user exits a specified area,", THEN sets thermostat group mode.",LOCKED
IF the user exits a specified area,", THEN sets thermostat group mode.",LOCKED
IF the user exits a specified area,", THEN cancels the current thermostat event.",LOCKED
IF the user exits a specified area,", THEN cancels the current thermostat event.",LOCKED
IF the user exits a specified area,", THEN cancels the current thermostat event.",LOCKED
IF the user exits a specified area,", THEN cancels the current thermostat event.",LOCKED
IF the user exits a specified area,", THEN cancels the current thermostat event.",LOCKED
IF the user exits a specified area,", THEN sets the room temperature.",LOCKED
IF the user exits a specified area,", THEN sets the room temperature.",LOCKED
IF the user exits a specified area,", THEN sets the room temperature.",LOCKED
IF the user exits a specified area,", THEN sets the room temperature.",LOCKED
IF the user exits a specified area,", THEN sets the room temperature.",LOCKED
IF the user exits a specified area,", THEN sets a timed comfort profile hold.",LOCKED
IF the user exits a specified area,", THEN sets a timed comfort profile hold.",LOCKED
IF the user exits a specified area,", THEN sets a timed comfort profile hold.",LOCKED
IF the user exits a specified area,", THEN sets a timed comfort profile hold.",LOCKED
IF the user exits a specified area,", THEN sets a timed comfort profile hold.",LOCKED
IF the user exits a specified area,", THEN sets the temperature on the Heatmiser thermostat.",LOCKED
IF the user exits a specified area,", THEN sets the temperature on the Heatmiser thermostat.",LOCKED
IF the user exits a specified area,", THEN sets the temperature on the Heatmiser thermostat.",LOCKED
IF the user exits a specified area,", THEN sets the temperature on the Heatmiser thermostat.",LOCKED
IF the user exits a specified area,", THEN sets the temperature on the Heatmiser thermostat.",LOCKED
IF the user exits a specified area,", THEN sets heating mode to scheduled.",LOCKED
IF the user exits a specified area,", THEN sets heating mode to scheduled.",LOCKED
IF the user exits a specified area,", THEN sets heating mode to scheduled.",LOCKED
IF the user exits a specified area,", THEN sets heating mode to scheduled.",LOCKED
IF the user exits a specified area,", THEN sets heating mode to scheduled.",LOCKED
IF the user exits a specified area,", THEN switches off the electric switch.",LOCKED
IF the user exits a specified area,", THEN switches off the electric switch.",LOCKED
IF the user exits a specified area,", THEN switches off the electric switch.",LOCKED
IF the user exits a specified area,", THEN switches off the electric switch.",LOCKED
IF the user exits a specified area,", THEN switches off the electric switch.",LOCKED
IF Night or Day mode is toggled in Eight App,", THEN sets the thermostat temperature.",LOCKED
IF Night or Day mode is toggled in Eight App,", THEN sets the thermostat temperature.",LOCKED
IF Night or Day mode is toggled in Eight App,", THEN sets the thermostat temperature.",LOCKED
IF Night or Day mode is toggled in Eight App,", THEN sets the thermostat temperature.",LOCKED
IF Night or Day mode is toggled in Eight App,", THEN sets the thermostat temperature.",LOCKED
IF an item is added to a to-do list,", THEN sets the thermostat temperature.",LOCKED
IF an item is added to a to-do list,", THEN sets the thermostat temperature.",LOCKED
IF an item is added to a to-do list,", THEN sets the thermostat temperature.",LOCKED
IF an item is added to a to-do list,", THEN sets the thermostat temperature.",LOCKED
IF an item is added to a to-do list,", THEN sets the thermostat temperature.",LOCKED
IF every hour at quarter intervals,", THEN sets heating mode to scheduled.",LOCKED
IF every hour at quarter intervals,", THEN sets heating mode to scheduled.",LOCKED
IF every hour at quarter intervals,", THEN sets heating mode to scheduled.",LOCKED
IF every hour at quarter intervals,", THEN sets heating mode to scheduled.",LOCKED
IF every hour at quarter intervals,", THEN sets heating mode to scheduled.",LOCKED
IF every hour at quarter intervals,", THEN configures thermostat fan mode.",LOCKED
IF every hour at quarter intervals,", THEN configures thermostat fan mode.",LOCKED
IF every hour at quarter intervals,", THEN configures thermostat fan mode.",LOCKED
IF every hour at quarter intervals,", THEN configures thermostat fan mode.",LOCKED
IF every hour at quarter intervals,", THEN configures thermostat fan mode.",LOCKED
IF every hour at quarter intervals,", THEN sets the room temperature.",LOCKED
IF every hour at quarter intervals,", THEN sets the room temperature.",LOCKED
IF every hour at quarter intervals,", THEN sets the room temperature.",LOCKED
IF every hour at quarter intervals,", THEN sets the room temperature.",LOCKED
IF every hour at quarter intervals,", THEN sets the room temperature.",LOCKED
IF every hour at quarter intervals,", THEN turns on the Aros air conditioner.",LOCKED
IF every hour at quarter intervals,", THEN turns on the Aros air conditioner.",LOCKED
IF every hour at quarter intervals,", THEN turns on the Aros air conditioner.",LOCKED
IF every hour at quarter intervals,", THEN turns on the Aros air conditioner.",LOCKED
IF every hour at quarter intervals,", THEN turns on the Aros air conditioner.",LOCKED
IF every hour at quarter intervals,", THEN resumes the programmed schedule.",LOCKED
IF every hour at quarter intervals,", THEN resumes the programmed schedule.",LOCKED
IF every hour at quarter intervals,", THEN resumes the programmed schedule.",LOCKED
IF every hour at quarter intervals,", THEN resumes the programmed schedule.",LOCKED
IF every hour at quarter intervals,", THEN resumes the programmed schedule.",LOCKED
IF temperature drops below a threshold,", THEN sets the thermostat temperature.",LOCKED
IF temperature drops below a threshold,", THEN sets the thermostat temperature.",LOCKED
IF temperature drops below a threshold,", THEN sets the thermostat temperature.",LOCKED
IF temperature drops below a threshold,", THEN sets the thermostat temperature.",LOCKED
IF temperature drops below a threshold,", THEN sets the thermostat temperature.",LOCKED
IF temperature drops below a threshold,", THEN sets a comfort profile hold.",LOCKED
IF temperature drops below a threshold,", THEN sets a comfort profile hold.",LOCKED
IF temperature drops below a threshold,", THEN sets a comfort profile hold.",LOCKED
IF temperature drops below a threshold,", THEN sets a comfort profile hold.",LOCKED
IF temperature drops below a threshold,", THEN sets a comfort profile hold.",LOCKED
IF temperature drops below a threshold,", THEN starts heating.",LOCKED
IF temperature drops below a threshold,", THEN starts heating.",LOCKED
IF temperature drops below a threshold,", THEN starts heating.",LOCKED
IF temperature drops below a threshold,", THEN starts heating.",LOCKED
IF temperature drops below a threshold,", THEN starts heating.",LOCKED
IF temperature drops below a threshold,", THEN sets heating mode to scheduled.",LOCKED
IF temperature drops below a threshold,", THEN sets heating mode to scheduled.",LOCKED
IF temperature drops below a threshold,", THEN sets heating mode to scheduled.",LOCKED
IF temperature drops below a threshold,", THEN sets heating mode to scheduled.",LOCKED
IF temperature drops below a threshold,", THEN sets heating mode to scheduled.",LOCKED
IF temperature drops below a threshold,", THEN sets the thermostat to manual mode at a fixed temperature.",LOCKED
IF temperature drops below a threshold,", THEN sets the thermostat to manual mode at a fixed temperature.",LOCKED
IF temperature drops below a threshold,", THEN sets the thermostat to manual mode at a fixed temperature.",LOCKED
IF temperature drops below a threshold,", THEN sets the thermostat to manual mode at a fixed temperature.",LOCKED
IF temperature drops below a threshold,", THEN sets the thermostat to manual mode at a fixed temperature.",LOCKED
IF temperature drops below a threshold,", THEN turn off the thermostat.",LOCKED
IF temperature drops below a threshold,", THEN turn off the thermostat.",LOCKED
IF temperature drops below a threshold,", THEN turn off the thermostat.",LOCKED
IF temperature drops below a threshold,", THEN turn off the thermostat.",LOCKED
IF temperature drops below a threshold,", THEN turn off the thermostat.",LOCKED
IF temperature drops below a threshold,", THEN restores default heating schedule.",LOCKED
IF temperature drops below a threshold,", THEN restores default heating schedule.",LOCKED
IF temperature drops below a threshold,", THEN restores default heating schedule.",LOCKED
IF temperature drops below a threshold,", THEN restores default heating schedule.",LOCKED
IF temperature drops below a threshold,", THEN restores default heating schedule.",LOCKED
IF temperature drops below a threshold,", THEN enables frost protection mode.",LOCKED
IF temperature drops below a threshold,", THEN enables frost protection mode.",LOCKED
IF temperature drops below a threshold,", THEN enables frost protection mode.",LOCKED
IF temperature drops below a threshold,", THEN enables frost protection mode.",LOCKED
IF temperature drops below a threshold,", THEN enables frost protection mode.",LOCKED
IF temperature drops below a threshold,", THEN configures thermostat fan mode.",LOCKED
IF temperature drops below a threshold,", THEN configures thermostat fan mode.",LOCKED
IF temperature drops below a threshold,", THEN configures thermostat fan mode.",LOCKED
IF temperature drops below a threshold,", THEN configures thermostat fan mode.",LOCKED
IF temperature drops below a threshold,", THEN configures thermostat fan mode.",LOCKED
IF temperature drops below a threshold,", THEN the thermostat to the temperature you specify.",LOCKED
IF temperature drops below a threshold,", THEN the thermostat to the temperature you specify.",LOCKED
IF temperature drops below a threshold,", THEN the thermostat to the temperature you specify.",LOCKED
IF temperature drops below a threshold,", THEN the thermostat to the temperature you specify.",LOCKED
IF temperature drops below a threshold,", THEN the thermostat to the temperature you specify.",LOCKED
IF a window is opened or moved,", THEN sets a comfort profile hold.",LOCKED
IF a window is opened or moved,", THEN sets a comfort profile hold.",LOCKED
IF a window is opened or moved,", THEN sets a comfort profile hold.",LOCKED
IF a window is opened or moved,", THEN sets a comfort profile hold.",LOCKED
IF a window is opened or moved,", THEN sets a comfort profile hold.",LOCKED
IF every day at a specified time,", THEN the thermostat to the temperature you specify.",LOCKED
IF every day at a specified time,", THEN the thermostat to the temperature you specify.",LOCKED
IF every day at a specified time,", THEN the thermostat to the temperature you specify.",LOCKED
IF every day at a specified time,", THEN the thermostat to the temperature you specify.",LOCKED
IF every day at a specified time,", THEN the thermostat to the temperature you specify.",LOCKED
IF every day at a specified time,", THEN sets the water heater temperature.",LOCKED
IF every day at a specified time,", THEN sets the water heater temperature.",LOCKED
IF every day at a specified time,", THEN sets the water heater temperature.",LOCKED
IF every day at a specified time,", THEN sets the water heater temperature.",LOCKED
IF every day at a specified time,", THEN sets the water heater temperature.",LOCKED
IF every day at a specified time,", THEN sets the room temperature.",LOCKED
IF every day at a specified time,", THEN sets the room temperature.",LOCKED
IF every day at a specified time,", THEN sets the room temperature.",LOCKED
IF every day at a specified time,", THEN sets the room temperature.",LOCKED
IF every day at a specified time,", THEN sets the room temperature.",LOCKED
IF every day at a specified time,", THEN sets the thermostat temperature.",LOCKED
IF every day at a specified time,", THEN sets the thermostat temperature.",LOCKED
IF every day at a specified time,", THEN sets the thermostat temperature.",LOCKED
IF every day at a specified time,", THEN sets the thermostat temperature.",LOCKED
IF every day at a specified time,", THEN sets the thermostat temperature.",LOCKED
IF every day at a specified time,", THEN sets heating mode to scheduled.",LOCKED
IF every day at a specified time,", THEN sets heating mode to scheduled.",LOCKED
IF every day at a specified time,", THEN sets heating mode to scheduled.",LOCKED
IF every day at a specified time,", THEN sets heating mode to scheduled.",LOCKED
IF every day at a specified time,", THEN sets heating mode to scheduled.",LOCKED
IF every day at a specified time,", THEN cancels the current thermostat event.",LOCKED
IF every day at a specified time,", THEN cancels the current thermostat event.",LOCKED
IF every day at a specified time,", THEN cancels the current thermostat event.",LOCKED
IF every day at a specified time,", THEN cancels the current thermostat event.",LOCKED
IF every day at a specified time,", THEN cancels the current thermostat event.",LOCKED
IF every day at a specified time,", THEN resumes the programmed schedule.",LOCKED
IF every day at a specified time,", THEN resumes the programmed schedule.",LOCKED
IF every day at a specified time,", THEN resumes the programmed schedule.",LOCKED
IF every day at a specified time,", THEN resumes the programmed schedule.",LOCKED
IF every day at a specified time,", THEN resumes the programmed schedule.",LOCKED
IF every day at a specified time,", THEN sets the heating mode.",LOCKED
IF every day at a specified time,", THEN sets the heating mode.",LOCKED
IF every day at a specified time,", THEN sets the heating mode.",LOCKED
IF every day at a specified time,", THEN sets the heating mode.",LOCKED
IF every day at a specified time,", THEN sets the heating mode.",LOCKED
IF every day at a specified time,", THEN turns on the Aros air conditioner.",LOCKED
IF every day at a specified time,", THEN turns on the Aros air conditioner.",LOCKED
IF every day at a specified time,", THEN turns on the Aros air conditioner.",LOCKED
IF every day at a specified time,", THEN turns on the Aros air conditioner.",LOCKED
IF every day at a specified time,", THEN turns on the Aros air conditioner.",LOCKED
IF every day at a specified time,", THEN configures thermostat fan mode.",LOCKED
IF every day at a specified time,", THEN configures thermostat fan mode.",LOCKED
IF every day at a specified time,", THEN configures thermostat fan mode.",LOCKED
IF every day at a specified time,", THEN configures thermostat fan mode.",LOCKED
IF every day at a specified time,", THEN configures thermostat fan mode.",LOCKED
IF every day at a specified time,", THEN activates eco mode on the appliance.",LOCKED
IF every day at a specified time,", THEN activates eco mode on the appliance.",LOCKED
IF every day at a specified time,", THEN activates eco mode on the appliance.",LOCKED
IF every day at a specified time,", THEN activates eco mode on the appliance.",LOCKED
IF every day at a specified time,", THEN activates eco mode on the appliance.",LOCKED
IF electricity price fluctuates beyond threshold,", THEN boosts hot water temporarily.",LOCKED
IF electricity price fluctuates beyond threshold,", THEN boosts hot water temporarily.",LOCKED
IF electricity price fluctuates beyond threshold,", THEN boosts hot water temporarily.",LOCKED
IF electricity price fluctuates beyond threshold,", THEN boosts hot water temporarily.",LOCKED
IF electricity price fluctuates beyond threshold,", THEN boosts hot water temporarily.",LOCKED
IF electricity price fluctuates beyond threshold,", THEN sets the thermostat temperature.",LOCKED
IF electricity price fluctuates beyond threshold,", THEN sets the thermostat temperature.",LOCKED
IF electricity price fluctuates beyond threshold,", THEN sets the thermostat temperature.",LOCKED
IF electricity price fluctuates beyond threshold,", THEN sets the thermostat temperature.",LOCKED
IF electricity price fluctuates beyond threshold,", THEN sets the thermostat temperature.",LOCKED
IF a security system is armed,", THEN sets the thermostat temperature.",LOCKED
IF a security system is armed,", THEN sets the thermostat temperature.",LOCKED
IF a security system is armed,", THEN sets the thermostat temperature.",LOCKED
IF a security system is armed,", THEN sets the thermostat temperature.",LOCKED
IF a security system is armed,", THEN sets the thermostat temperature.",LOCKED
IF a security system is armed,", THEN sets a comfort profile hold.",LOCKED
IF a security system is armed,", THEN sets a comfort profile hold.",LOCKED
IF a security system is armed,", THEN sets a comfort profile hold.",LOCKED
IF a security system is armed,", THEN sets a comfort profile hold.",LOCKED
IF a security system is armed,", THEN sets a comfort profile hold.",LOCKED
IF a security system is armed,", THEN turns heating mode off.",LOCKED
IF a security system is armed,", THEN turns heating mode off.",LOCKED
IF a security system is armed,", THEN turns heating mode off.",LOCKED
IF a security system is armed,", THEN turns heating mode off.",LOCKED
IF a security system is armed,", THEN turns heating mode off.",LOCKED
IF temperature crosses a threshold,", THEN sets the thermostat temperature.",LOCKED
IF temperature crosses a threshold,", THEN sets the thermostat temperature.",LOCKED
IF temperature crosses a threshold,", THEN sets the thermostat temperature.",LOCKED
IF temperature crosses a threshold,", THEN sets the thermostat temperature.",LOCKED
IF temperature crosses a threshold,", THEN sets the thermostat temperature.",LOCKED
IF Nest Protect detects carbon monoxide,", THEN sets a timed comfort profile hold.",LOCKED
IF Nest Protect detects carbon monoxide,", THEN sets a timed comfort profile hold.",LOCKED
IF Nest Protect detects carbon monoxide,", THEN sets a timed comfort profile hold.",LOCKED
IF Nest Protect detects carbon monoxide,", THEN sets a timed comfort profile hold.",LOCKED
IF Nest Protect detects carbon monoxide,", THEN sets a timed comfort profile hold.",LOCKED
IF Nest Protect detects carbon monoxide,", THEN sets a comfort profile hold.",LOCKED
IF Nest Protect detects carbon monoxide,", THEN sets a comfort profile hold.",LOCKED
IF Nest Protect detects carbon monoxide,", THEN sets a comfort profile hold.",LOCKED
IF Nest Protect detects carbon monoxide,", THEN sets a comfort profile hold.",LOCKED
IF Nest Protect detects carbon monoxide,", THEN sets a comfort profile hold.",LOCKED
IF Nest Protect detects carbon monoxide,", THEN turns heating mode off.",LOCKED
IF Nest Protect detects carbon monoxide,", THEN turns heating mode off.",LOCKED
IF Nest Protect detects carbon monoxide,", THEN turns heating mode off.",LOCKED
IF Nest Protect detects carbon monoxide,", THEN turns heating mode off.",LOCKED
IF Nest Protect detects carbon monoxide,", THEN turns heating mode off.",LOCKED
IF Nest Protect detects carbon monoxide,", THEN configures thermostat fan mode.",LOCKED
IF Nest Protect detects carbon monoxide,", THEN configures thermostat fan mode.",LOCKED
IF Nest Protect detects carbon monoxide,", THEN configures thermostat fan mode.",LOCKED
IF Nest Protect detects carbon monoxide,", THEN configures thermostat fan mode.",LOCKED
IF Nest Protect detects carbon monoxide,", THEN configures thermostat fan mode.",LOCKED
IF an alarm triggers,", THEN sets heating mode.",LOCKED
IF an alarm triggers,", THEN sets heating mode.",LOCKED
IF an alarm triggers,", THEN sets heating mode.",LOCKED
IF an alarm triggers,", THEN sets heating mode.",LOCKED
IF an alarm triggers,", THEN sets heating mode.",LOCKED
IF an alarm triggers,", THEN sets the thermostat temperature.",LOCKED
IF an alarm triggers,", THEN sets the thermostat temperature.",LOCKED
IF an alarm triggers,", THEN sets the thermostat temperature.",LOCKED
IF an alarm triggers,", THEN sets the thermostat temperature.",LOCKED
IF an alarm triggers,", THEN sets the thermostat temperature.",LOCKED
IF a media search is performed,", THEN sets the thermostat temperature.",LOCKED
IF a media search is performed,", THEN sets the thermostat temperature.",LOCKED
IF a media search is performed,", THEN sets the thermostat temperature.",LOCKED
IF a media search is performed,", THEN sets the thermostat temperature.",LOCKED
IF a media search is performed,", THEN sets the thermostat temperature.",LOCKED
IF indoor temperature drops below a specified threshold,", THEN sets the thermostat temperature.",LOCKED
IF indoor temperature drops below a specified threshold,", THEN sets the thermostat temperature.",LOCKED
IF indoor temperature drops below a specified threshold,", THEN sets the thermostat temperature.",LOCKED
IF indoor temperature drops below a specified threshold,", THEN sets the thermostat temperature.",LOCKED
IF indoor temperature drops below a specified threshold,", THEN sets the thermostat temperature.",LOCKED
IF a set number of minutes before sunset,", THEN sets the thermostat temperature.",LOCKED
IF a set number of minutes before sunset,", THEN sets the thermostat temperature.",LOCKED
IF a set number of minutes before sunset,", THEN sets the thermostat temperature.",LOCKED
IF a set number of minutes before sunset,", THEN sets the thermostat temperature.",LOCKED
IF a set number of minutes before sunset,", THEN sets the thermostat temperature.",LOCKED
IF a set number of minutes before sunset,", THEN configures thermostat fan mode.",LOCKED
IF a set number of minutes before sunset,", THEN configures thermostat fan mode.",LOCKED
IF a set number of minutes before sunset,", THEN configures thermostat fan mode.",LOCKED
IF a set number of minutes before sunset,", THEN configures thermostat fan mode.",LOCKED
IF a set number of minutes before sunset,", THEN configures thermostat fan mode.",LOCKED
IF a set number of minutes before sunset,", THEN the thermostat to the temperature you specify.",LOCKED
IF a set number of minutes before sunset,", THEN the thermostat to the temperature you specify.",LOCKED
IF a set number of minutes before sunset,", THEN the thermostat to the temperature you specify.",LOCKED
IF a set number of minutes before sunset,", THEN the thermostat to the temperature you specify.",LOCKED
IF a set number of minutes before sunset,", THEN the thermostat to the temperature you specify.",LOCKED
IF temperature rises above a threshold,", THEN sets the thermostat temperature.",LOCKED
IF temperature rises above a threshold,", THEN sets the thermostat temperature.",LOCKED
IF temperature rises above a threshold,", THEN sets the thermostat temperature.",LOCKED
IF temperature rises above a threshold,", THEN sets the thermostat temperature.",LOCKED
IF temperature rises above a threshold,", THEN sets the thermostat temperature.",LOCKED
IF temperature rises above a threshold,", THEN cancels the current thermostat event.",LOCKED
IF temperature rises above a threshold,", THEN cancels the current thermostat event.",LOCKED
IF temperature rises above a threshold,", THEN cancels the current thermostat event.",LOCKED
IF temperature rises above a threshold,", THEN cancels the current thermostat event.",LOCKED
IF temperature rises above a threshold,", THEN cancels the current thermostat event.",LOCKED
IF temperature rises above a threshold,", THEN turns on the air conditioner.",LOCKED
IF temperature rises above a threshold,", THEN turns on the air conditioner.",LOCKED
IF temperature rises above a threshold,", THEN turns on the air conditioner.",LOCKED
IF temperature rises above a threshold,", THEN turns on the air conditioner.",LOCKED
IF temperature rises above a threshold,", THEN turns on the air conditioner.",LOCKED
IF temperature rises above a threshold,", THEN turns on the Aros air conditioner.",LOCKED
IF temperature rises above a threshold,", THEN turns on the Aros air conditioner.",LOCKED
IF temperature rises above a threshold,", THEN turns on the Aros air conditioner.",LOCKED
IF temperature rises above a threshold,", THEN turns on the Aros air conditioner.",LOCKED
IF temperature rises above a threshold,", THEN turns on the Aros air conditioner.",LOCKED
IF temperature rises above a threshold,", THEN configures thermostat fan mode.",LOCKED
IF temperature rises above a threshold,", THEN configures thermostat fan mode.",LOCKED
IF temperature rises above a threshold,", THEN configures thermostat fan mode.",LOCKED
IF temperature rises above a threshold,", THEN configures thermostat fan mode.",LOCKED
IF temperature rises above a threshold,", THEN configures thermostat fan mode.",LOCKED
IF temperature rises above a threshold,", THEN sets the room temperature.",LOCKED
IF temperature rises above a threshold,", THEN sets the room temperature.",LOCKED
IF temperature rises above a threshold,", THEN sets the room temperature.",LOCKED
IF temperature rises above a threshold,", THEN sets the room temperature.",LOCKED
IF temperature rises above a threshold,", THEN sets the room temperature.",LOCKED
IF temperature rises above a threshold,", THEN turns heating mode off.",LOCKED
IF temperature rises above a threshold,", THEN turns heating mode off.",LOCKED
IF temperature rises above a threshold,", THEN turns heating mode off.",LOCKED
IF temperature rises above a threshold,", THEN turns heating mode off.",LOCKED
IF temperature rises above a threshold,", THEN turns heating mode off.",LOCKED
IF local temperature is above a specified value,", THEN sets heating mode.",LOCKED
IF local temperature is above a specified value,", THEN sets heating mode.",LOCKED
IF local temperature is above a specified value,", THEN sets heating mode.",LOCKED
IF local temperature is above a specified value,", THEN sets heating mode.",LOCKED
IF local temperature is above a specified value,", THEN sets heating mode.",LOCKED
IF local temperature is above a specified value,", THEN sets the TRV temperature.",LOCKED
IF local temperature is above a specified value,", THEN sets the TRV temperature.",LOCKED
IF local temperature is above a specified value,", THEN sets the TRV temperature.",LOCKED
IF local temperature is above a specified value,", THEN sets the TRV temperature.",LOCKED
IF local temperature is above a specified value,", THEN sets the TRV temperature.",LOCKED
IF local temperature is above a specified value,", THEN sets the target temperature on the window air conditioner.",LOCKED
IF local temperature is above a specified value,", THEN sets the target temperature on the window air conditioner.",LOCKED
IF local temperature is above a specified value,", THEN sets the target temperature on the window air conditioner.",LOCKED
IF local temperature is above a specified value,", THEN sets the target temperature on the window air conditioner.",LOCKED
IF local temperature is above a specified value,", THEN sets the target temperature on the window air conditioner.",LOCKED
IF local temperature is above a specified value,", THEN sets the thermostat temperature.",LOCKED
IF local temperature is above a specified value,", THEN sets the thermostat temperature.",LOCKED
IF local temperature is above a specified value,", THEN sets the thermostat temperature.",LOCKED
IF local temperature is above a specified value,", THEN sets the thermostat temperature.",LOCKED
IF local temperature is above a specified value,", THEN sets the thermostat temperature.",LOCKED
IF local temperature is above a specified value,", THEN the thermostat to the temperature you specify.",LOCKED
IF local temperature is above a specified value,", THEN the thermostat to the temperature you specify.",LOCKED
IF local temperature is above a specified value,", THEN the thermostat to the temperature you specify.",LOCKED
IF local temperature is above a specified value,", THEN the thermostat to the temperature you specify.",LOCKED
IF local temperature is above a specified value,", THEN the thermostat to the temperature you specify.",LOCKED
IF local temperature is above a specified value,", THEN turns on the Aros air conditioner.",LOCKED
IF local temperature is above a specified value,", THEN turns on the Aros air conditioner.",LOCKED
IF local temperature is above a specified value,", THEN turns on the Aros air conditioner.",LOCKED
IF local temperature is above a specified value,", THEN turns on the Aros air conditioner.",LOCKED
IF local temperature is above a specified value,", THEN turns on the Aros air conditioner.",LOCKED
IF local temperature is above a specified value,", THEN configures thermostat fan mode.",LOCKED
IF local temperature is above a specified value,", THEN configures thermostat fan mode.",LOCKED
IF local temperature is above a specified value,", THEN configures thermostat fan mode.",LOCKED
IF local temperature is above a specified value,", THEN configures thermostat fan mode.",LOCKED
IF local temperature is above a specified value,", THEN configures thermostat fan mode.",LOCKED
IF local temperature is above a specified value,", THEN activates standby mode.",LOCKED
IF local temperature is above a specified value,", THEN activates standby mode.",LOCKED
IF local temperature is above a specified value,", THEN activates standby mode.",LOCKED
IF local temperature is above a specified value,", THEN activates standby mode.",LOCKED
IF local temperature is above a specified value,", THEN activates standby mode.",LOCKED
IF local temperature is above a specified value,", THEN sets the heating mode.",LOCKED
IF local temperature is above a specified value,", THEN sets the heating mode.",LOCKED
IF local temperature is above a specified value,", THEN sets the heating mode.",LOCKED
IF local temperature is above a specified value,", THEN sets the heating mode.",LOCKED
IF local temperature is above a specified value,", THEN sets the heating mode.",LOCKED
IF local temperature is above a specified value,", THEN turns on the air conditioner and configures settings.",LOCKED
IF local temperature is above a specified value,", THEN turns on the air conditioner and configures settings.",LOCKED
IF local temperature is above a specified value,", THEN turns on the air conditioner and configures settings.",LOCKED
IF local temperature is above a specified value,", THEN turns on the air conditioner and configures settings.",LOCKED
IF local temperature is above a specified value,", THEN turns on the air conditioner and configures settings.",LOCKED
IF local temperature is above a specified value,", THEN sets the room temperature.",LOCKED
IF local temperature is above a specified value,", THEN sets the room temperature.",LOCKED
IF local temperature is above a specified value,", THEN sets the room temperature.",LOCKED
IF local temperature is above a specified value,", THEN sets the room temperature.",LOCKED
IF local temperature is above a specified value,", THEN sets the room temperature.",LOCKED
IF local temperature is above a specified value,", THEN sets a comfort profile hold.",LOCKED
IF local temperature is above a specified value,", THEN sets a comfort profile hold.",LOCKED
IF local temperature is above a specified value,", THEN sets a comfort profile hold.",LOCKED
IF local temperature is above a specified value,", THEN sets a comfort profile hold.",LOCKED
IF local temperature is above a specified value,", THEN sets a comfort profile hold.",LOCKED
IF a Focus Time session starts or ends,", THEN sets the thermostat temperature.",LOCKED
IF a Focus Time session starts or ends,", THEN sets the thermostat temperature.",LOCKED
IF a Focus Time session starts or ends,", THEN sets the thermostat temperature.",LOCKED
IF a Focus Time session starts or ends,", THEN sets the thermostat temperature.",LOCKED
IF a Focus Time session starts or ends,", THEN sets the thermostat temperature.",LOCKED
IF motion is detected,", THEN sets heating mode.",LOCKED
IF motion is detected,", THEN sets heating mode.",LOCKED
IF motion is detected,", THEN sets heating mode.",LOCKED
IF motion is detected,", THEN sets heating mode.",LOCKED
IF motion is detected,", THEN sets heating mode.",LOCKED
IF motion is detected,", THEN configures thermostat fan mode.",LOCKED
IF motion is detected,", THEN configures thermostat fan mode.",LOCKED
IF motion is detected,", THEN configures thermostat fan mode.",LOCKED
IF motion is detected,", THEN configures thermostat fan mode.",LOCKED
IF motion is detected,", THEN configures thermostat fan mode.",LOCKED
IF motion is detected,", THEN sets cooling mode.",LOCKED
IF motion is detected,", THEN sets cooling mode.",LOCKED
IF motion is detected,", THEN sets cooling mode.",LOCKED
IF motion is detected,", THEN sets cooling mode.",LOCKED
IF motion is detected,", THEN sets cooling mode.",LOCKED
IF motion is detected,", THEN activates standby mode.",LOCKED
IF motion is detected,", THEN activates standby mode.",LOCKED
IF motion is detected,", THEN activates standby mode.",LOCKED
IF motion is detected,", THEN activates standby mode.",LOCKED
IF motion is detected,", THEN activates standby mode.",LOCKED
IF an energy tariff period starts,", THEN updates the thermostat schedule.",LOCKED
IF an energy tariff period starts,", THEN updates the thermostat schedule.",LOCKED
IF an energy tariff period starts,", THEN updates the thermostat schedule.",LOCKED
IF an energy tariff period starts,", THEN updates the thermostat schedule.",LOCKED
IF an energy tariff period starts,", THEN updates the thermostat schedule.",LOCKED
IF a door is unlocked,", THEN sets heating mode.",LOCKED
IF a door is unlocked,", THEN sets heating mode.",LOCKED
IF a door is unlocked,", THEN sets heating mode.",LOCKED
IF a door is unlocked,", THEN sets heating mode.",LOCKED
IF a door is unlocked,", THEN sets heating mode.",LOCKED
IF a door is unlocked,", THEN sets a comfort profile hold.",LOCKED
IF a door is unlocked,", THEN sets a comfort profile hold.",LOCKED
IF a door is unlocked,", THEN sets a comfort profile hold.",LOCKED
IF a door is unlocked,", THEN sets a comfort profile hold.",LOCKED
IF a door is unlocked,", THEN sets a comfort profile hold.",LOCKED
IF a door is unlocked,", THEN sets cooling mode.",LOCKED
IF a door is unlocked,", THEN sets cooling mode.",LOCKED
IF a door is unlocked,", THEN sets cooling mode.",LOCKED
IF a door is unlocked,", THEN sets cooling mode.",LOCKED
IF a door is unlocked,", THEN sets cooling mode.",LOCKED
IF it is sunrise,", THEN the thermostat to the temperature you specify.",LOCKED
IF it is sunrise,", THEN the thermostat to the temperature you specify.",LOCKED
IF it is sunrise,", THEN the thermostat to the temperature you specify.",LOCKED
IF it is sunrise,", THEN the thermostat to the temperature you specify.",LOCKED
IF it is sunrise,", THEN the thermostat to the temperature you specify.",LOCKED
IF it is sunrise,", THEN configures thermostat fan mode.",LOCKED
IF it is sunrise,", THEN configures thermostat fan mode.",LOCKED
IF it is sunrise,", THEN configures thermostat fan mode.",LOCKED
IF it is sunrise,", THEN configures thermostat fan mode.",LOCKED
IF it is sunrise,", THEN configures thermostat fan mode.",LOCKED
IF it is sunrise,", THEN sets the thermostat temperature.",LOCKED
IF it is sunrise,", THEN sets the thermostat temperature.",LOCKED
IF it is sunrise,", THEN sets the thermostat temperature.",LOCKED
IF it is sunrise,", THEN sets the thermostat temperature.",LOCKED
IF it is sunrise,", THEN sets the thermostat temperature.",LOCKED
IF it is sunrise,", THEN turns on the Aros air conditioner.",LOCKED
IF it is sunrise,", THEN turns on the Aros air conditioner.",LOCKED
IF it is sunrise,", THEN turns on the Aros air conditioner.",LOCKED
IF it is sunrise,", THEN turns on the Aros air conditioner.",LOCKED
IF it is sunrise,", THEN turns on the Aros air conditioner.",LOCKED
IF it is sunrise,", THEN sets the heating mode.",LOCKED
IF it is sunrise,", THEN sets the heating mode.",LOCKED
IF it is sunrise,", THEN sets the heating mode.",LOCKED
IF it is sunrise,", THEN sets the heating mode.",LOCKED
IF it is sunrise,", THEN sets the heating mode.",LOCKED
IF electricity prices are high,", THEN sets the freezer temperature.",LOCKED
IF electricity prices are high,", THEN sets the freezer temperature.",LOCKED
IF electricity prices are high,", THEN sets the freezer temperature.",LOCKED
IF electricity prices are high,", THEN sets the freezer temperature.",LOCKED
IF electricity prices are high,", THEN sets the freezer temperature.",LOCKED
IF electricity prices are high,", THEN sets the refrigerator temperature.",LOCKED
IF electricity prices are high,", THEN sets the refrigerator temperature.",LOCKED
IF electricity prices are high,", THEN sets the refrigerator temperature.",LOCKED
IF electricity prices are high,", THEN sets the refrigerator temperature.",LOCKED
IF electricity prices are high,", THEN sets the refrigerator temperature.",LOCKED
IF Nest Protect detects smoke,", THEN configures thermostat fan mode.",LOCKED
IF Nest Protect detects smoke,", THEN configures thermostat fan mode.",LOCKED
IF Nest Protect detects smoke,", THEN configures thermostat fan mode.",LOCKED
IF Nest Protect detects smoke,", THEN configures thermostat fan mode.",LOCKED
IF Nest Protect detects smoke,", THEN configures thermostat fan mode.",LOCKED
IF peak energy savings hours are announced,", THEN sets a timed comfort profile hold.",LOCKED
IF peak energy savings hours are announced,", THEN sets a timed comfort profile hold.",LOCKED
IF peak energy savings hours are announced,", THEN sets a timed comfort profile hold.",LOCKED
IF peak energy savings hours are announced,", THEN sets a timed comfort profile hold.",LOCKED
IF peak energy savings hours are announced,", THEN sets a timed comfort profile hold.",LOCKED
IF peak energy savings hours are announced,", THEN sets the thermostat temperature.",LOCKED
IF peak energy savings hours are announced,", THEN sets the thermostat temperature.",LOCKED
IF peak energy savings hours are announced,", THEN sets the thermostat temperature.",LOCKED
IF peak energy savings hours are announced,", THEN sets the thermostat temperature.",LOCKED
IF peak energy savings hours are announced,", THEN sets the thermostat temperature.",LOCKED
IF peak energy savings hours are announced,", THEN resumes the programmed schedule.",LOCKED
IF peak energy savings hours are announced,", THEN resumes the programmed schedule.",LOCKED
IF peak energy savings hours are announced,", THEN resumes the programmed schedule.",LOCKED
IF peak energy savings hours are announced,", THEN resumes the programmed schedule.",LOCKED
IF peak energy savings hours are announced,", THEN resumes the programmed schedule.",LOCKED
IF peak energy savings hours are announced,", THEN cancels the current thermostat event.",LOCKED
IF peak energy savings hours are announced,", THEN cancels the current thermostat event.",LOCKED
IF peak energy savings hours are announced,", THEN cancels the current thermostat event.",LOCKED
IF peak energy savings hours are announced,", THEN cancels the current thermostat event.",LOCKED
IF peak energy savings hours are announced,", THEN cancels the current thermostat event.",LOCKED
IF carbon intensity changes,", THEN cancels the current thermostat event.",LOCKED
IF carbon intensity changes,", THEN cancels the current thermostat event.",LOCKED
IF carbon intensity changes,", THEN cancels the current thermostat event.",LOCKED
IF carbon intensity changes,", THEN cancels the current thermostat event.",LOCKED
IF carbon intensity changes,", THEN cancels the current thermostat event.",LOCKED
IF carbon intensity changes,", THEN sets the thermostat temperature.",LOCKED
IF carbon intensity changes,", THEN sets the thermostat temperature.",LOCKED
IF carbon intensity changes,", THEN sets the thermostat temperature.",LOCKED
IF carbon intensity changes,", THEN sets the thermostat temperature.",LOCKED
IF carbon intensity changes,", THEN sets the thermostat temperature.",LOCKED
IF a security mode changes,", THEN sets a comfort profile hold.",LOCKED
IF a security mode changes,", THEN sets a comfort profile hold.",LOCKED
IF a security mode changes,", THEN sets a comfort profile hold.",LOCKED
IF a security mode changes,", THEN sets a comfort profile hold.",LOCKED
IF a security mode changes,", THEN sets a comfort profile hold.",LOCKED
IF electricity prices change,", THEN sets the thermostat temperature.",LOCKED
IF electricity prices change,", THEN sets the thermostat temperature.",LOCKED
IF electricity prices change,", THEN sets the thermostat temperature.",LOCKED
IF electricity prices change,", THEN sets the thermostat temperature.",LOCKED
IF electricity prices change,", THEN sets the thermostat temperature.",LOCKED
IF electricity prices change,", THEN resumes the programmed schedule.",LOCKED
IF electricity prices change,", THEN resumes the programmed schedule.",LOCKED
IF electricity prices change,", THEN resumes the programmed schedule.",LOCKED
IF electricity prices change,", THEN resumes the programmed schedule.",LOCKED
IF electricity prices change,", THEN resumes the programmed schedule.",LOCKED
IF electricity prices change,", THEN sets a timed comfort profile hold.",LOCKED
IF electricity prices change,", THEN sets a timed comfort profile hold.",LOCKED
IF electricity prices change,", THEN sets a timed comfort profile hold.",LOCKED
IF electricity prices change,", THEN sets a timed comfort profile hold.",LOCKED
IF electricity prices change,", THEN sets a timed comfort profile hold.",LOCKED
IF electricity prices change,", THEN cancels the current thermostat event.",LOCKED
IF electricity prices change,", THEN cancels the current thermostat event.",LOCKED
IF electricity prices change,", THEN cancels the current thermostat event.",LOCKED
IF electricity prices change,", THEN cancels the current thermostat event.",LOCKED
IF electricity prices change,", THEN cancels the current thermostat event.",LOCKED
IF Ecobee schedule is overridden,", THEN cancels the current thermostat event.",LOCKED
IF Ecobee schedule is overridden,", THEN cancels the current thermostat event.",LOCKED
IF Ecobee schedule is overridden,", THEN cancels the current thermostat event.",LOCKED
IF Ecobee schedule is overridden,", THEN cancels the current thermostat event.",LOCKED
IF Ecobee schedule is overridden,", THEN cancels the current thermostat event.",LOCKED
IF your Android device connects to a specified wifi network,", THEN sets the thermostat temperature.",LOCKED
IF your Android device connects to a specified wifi network,", THEN sets the thermostat temperature.",LOCKED
IF your Android device connects to a specified wifi network,", THEN sets the thermostat temperature.",LOCKED
IF your Android device connects to a specified wifi network,", THEN sets the thermostat temperature.",LOCKED
IF your Android device connects to a specified wifi network,", THEN sets the thermostat temperature.",LOCKED
IF your Android device connects to a specified wifi network,", THEN turns on the Aros air conditioner.",LOCKED
IF your Android device connects to a specified wifi network,", THEN turns on the Aros air conditioner.",LOCKED
IF your Android device connects to a specified wifi network,", THEN turns on the Aros air conditioner.",LOCKED
IF your Android device connects to a specified wifi network,", THEN turns on the Aros air conditioner.",LOCKED
IF your Android device connects to a specified wifi network,", THEN turns on the Aros air conditioner.",LOCKED
IF your Android device connects to a specified wifi network,", THEN cancels the current thermostat event.",LOCKED
IF your Android device connects to a specified wifi network,", THEN cancels the current thermostat event.",LOCKED
IF your Android device connects to a specified wifi network,", THEN cancels the current thermostat event.",LOCKED
IF your Android device connects to a specified wifi network,", THEN cancels the current thermostat event.",LOCKED
IF your Android device connects to a specified wifi network,", THEN cancels the current thermostat event.",LOCKED
IF your Android device connects to a specified wifi network,", THEN sets a comfort profile hold.",LOCKED
IF your Android device connects to a specified wifi network,", THEN sets a comfort profile hold.",LOCKED
IF your Android device connects to a specified wifi network,", THEN sets a comfort profile hold.",LOCKED
IF your Android device connects to a specified wifi network,", THEN sets a comfort profile hold.",LOCKED
IF your Android device connects to a specified wifi network,", THEN sets a comfort profile hold.",LOCKED
IF your Android device connects to a specified wifi network,", THEN turns on the air conditioner.",LOCKED
IF your Android device connects to a specified wifi network,", THEN turns on the air conditioner.",LOCKED
IF your Android device connects to a specified wifi network,", THEN turns on the air conditioner.",LOCKED
IF your Android device connects to a specified wifi network,", THEN turns on the air conditioner.",LOCKED
IF your Android device connects to a specified wifi network,", THEN turns on the air conditioner.",LOCKED
IF your Android device connects to a specified wifi network,", THEN sets the room temperature.",LOCKED
IF your Android device connects to a specified wifi network,", THEN sets the room temperature.",LOCKED
IF your Android device connects to a specified wifi network,", THEN sets the room temperature.",LOCKED
IF your Android device connects to a specified wifi network,", THEN sets the room temperature.",LOCKED
IF your Android device connects to a specified wifi network,", THEN sets the room temperature.",LOCKED
IF your Android device connects to a specified wifi network,", THEN turns on the air conditioner and configures settings.",LOCKED
IF your Android device connects to a specified wifi network,", THEN turns on the air conditioner and configures settings.",LOCKED
IF your Android device connects to a specified wifi network,", THEN turns on the air conditioner and configures settings.",LOCKED
IF your Android device connects to a specified wifi network,", THEN turns on the air conditioner and configures settings.",LOCKED
IF your Android device connects to a specified wifi network,", THEN turns on the air conditioner and configures settings.",LOCKED
IF your Android device connects to a specified wifi network,", THEN the thermostat to the temperature you specify.",LOCKED
IF your Android device connects to a specified wifi network,", THEN the thermostat to the temperature you specify.",LOCKED
IF your Android device connects to a specified wifi network,", THEN the thermostat to the temperature you specify.",LOCKED
IF your Android device connects to a specified wifi network,", THEN the thermostat to the temperature you specify.",LOCKED
IF your Android device connects to a specified wifi network,", THEN the thermostat to the temperature you specify.",LOCKED
IF a security system state changes,", THEN sets a comfort profile hold.",LOCKED
IF a security system state changes,", THEN sets a comfort profile hold.",LOCKED
IF a security system state changes,", THEN sets a comfort profile hold.",LOCKED
IF a security system state changes,", THEN sets a comfort profile hold.",LOCKED
IF a security system state changes,", THEN sets a comfort profile hold.",LOCKED
IF a security system state changes,", THEN sets the thermostat temperature.",LOCKED
IF a security system state changes,", THEN sets the thermostat temperature.",LOCKED
IF a security system state changes,", THEN sets the thermostat temperature.",LOCKED
IF a security system state changes,", THEN sets the thermostat temperature.",LOCKED
IF a security system state changes,", THEN sets the thermostat temperature.",LOCKED
IF a new reminder is added,", THEN sets the thermostat temperature.",LOCKED
IF a new reminder is added,", THEN sets the thermostat temperature.",LOCKED
IF a new reminder is added,", THEN sets the thermostat temperature.",LOCKED
IF a new reminder is added,", THEN sets the thermostat temperature.",LOCKED
IF a new reminder is added,", THEN sets the thermostat temperature.",LOCKED
IF a Jaguar watch button is pressed,", THEN sets the thermostat temperature.",LOCKED
IF a Jaguar watch button is pressed,", THEN sets the thermostat temperature.",LOCKED
IF a Jaguar watch button is pressed,", THEN sets the thermostat temperature.",LOCKED
IF a Jaguar watch button is pressed,", THEN sets the thermostat temperature.",LOCKED
IF a Jaguar watch button is pressed,", THEN sets the thermostat temperature.",LOCKED
IF a demand response event starts or ends,", THEN sets a comfort profile hold.",LOCKED
IF a demand response event starts or ends,", THEN sets a comfort profile hold.",LOCKED
IF a demand response event starts or ends,", THEN sets a comfort profile hold.",LOCKED
IF a demand response event starts or ends,", THEN sets a comfort profile hold.",LOCKED
IF a demand response event starts or ends,", THEN sets a comfort profile hold.",LOCKED
IF a demand response event starts or ends,", THEN sets the thermostat temperature.",LOCKED
IF a demand response event starts or ends,", THEN sets the thermostat temperature.",LOCKED
IF a demand response event starts or ends,", THEN sets the thermostat temperature.",LOCKED
IF a demand response event starts or ends,", THEN sets the thermostat temperature.",LOCKED
IF a demand response event starts or ends,", THEN sets the thermostat temperature.",LOCKED
IF a demand response event starts or ends,", THEN cancels the current thermostat event.",LOCKED
IF a demand response event starts or ends,", THEN cancels the current thermostat event.",LOCKED
IF a demand response event starts or ends,", THEN cancels the current thermostat event.",LOCKED
IF a demand response event starts or ends,", THEN cancels the current thermostat event.",LOCKED
IF a demand response event starts or ends,", THEN cancels the current thermostat event.",LOCKED
IF an SMS is sent from Android,", THEN sets the thermostat temperature.",LOCKED
IF an SMS is sent from Android,", THEN sets the thermostat temperature.",LOCKED
IF an SMS is sent from Android,", THEN sets the thermostat temperature.",LOCKED
IF an SMS is sent from Android,", THEN sets the thermostat temperature.",LOCKED
IF an SMS is sent from Android,", THEN sets the thermostat temperature.",LOCKED
IF an SMS is sent from Android,", THEN resumes the programmed schedule.",LOCKED
IF an SMS is sent from Android,", THEN resumes the programmed schedule.",LOCKED
IF an SMS is sent from Android,", THEN resumes the programmed schedule.",LOCKED
IF an SMS is sent from Android,", THEN resumes the programmed schedule.",LOCKED
IF an SMS is sent from Android,", THEN resumes the programmed schedule.",LOCKED
IF a new project is created on Harvest,", THEN sets the temperature on the Heatmiser thermostat.",LOCKED
IF a new project is created on Harvest,", THEN sets the temperature on the Heatmiser thermostat.",LOCKED
IF a new project is created on Harvest,", THEN sets the temperature on the Heatmiser thermostat.",LOCKED
IF a new project is created on Harvest,", THEN sets the temperature on the Heatmiser thermostat.",LOCKED
IF a new project is created on Harvest,", THEN sets the temperature on the Heatmiser thermostat.",LOCKED
IF a sleep tracking device detects the user leaving the bed,", THEN sets heating mode.",LOCKED
IF a sleep tracking device detects the user leaving the bed,", THEN sets heating mode.",LOCKED
IF a sleep tracking device detects the user leaving the bed,", THEN sets heating mode.",LOCKED
IF a sleep tracking device detects the user leaving the bed,", THEN sets heating mode.",LOCKED
IF a sleep tracking device detects the user leaving the bed,", THEN sets heating mode.",LOCKED
IF peak energy rates start or end,", THEN sets the thermostat temperature.",LOCKED
IF peak energy rates start or end,", THEN sets the thermostat temperature.",LOCKED
IF peak energy rates start or end,", THEN sets the thermostat temperature.",LOCKED
IF peak energy rates start or end,", THEN sets the thermostat temperature.",LOCKED
IF peak energy rates start or end,", THEN sets the thermostat temperature.",LOCKED
IF peak energy rates start or end,", THEN sets the target temperature on the window air conditioner.",LOCKED
IF peak energy rates start or end,", THEN sets the target temperature on the window air conditioner.",LOCKED
IF peak energy rates start or end,", THEN sets the target temperature on the window air conditioner.",LOCKED
IF peak energy rates start or end,", THEN sets the target temperature on the window air conditioner.",LOCKED
IF peak energy rates start or end,", THEN sets the target temperature on the window air conditioner.",LOCKED
IF environmental conditions change,", THEN sets cooling mode.",LOCKED
IF environmental conditions change,", THEN sets cooling mode.",LOCKED
IF environmental conditions change,", THEN sets cooling mode.",LOCKED
IF environmental conditions change,", THEN sets cooling mode.",LOCKED
IF environmental conditions change,", THEN sets cooling mode.",LOCKED
IF environmental conditions change,", THEN sets heating mode.",LOCKED
IF environmental conditions change,", THEN sets heating mode.",LOCKED
IF environmental conditions change,", THEN sets heating mode.",LOCKED
IF environmental conditions change,", THEN sets heating mode.",LOCKED
IF environmental conditions change,", THEN sets heating mode.",LOCKED
IF the weather conditions change,", THEN sets the thermostat temperature.",LOCKED
IF the weather conditions change,", THEN sets the thermostat temperature.",LOCKED
IF the weather conditions change,", THEN sets the thermostat temperature.",LOCKED
IF the weather conditions change,", THEN sets the thermostat temperature.",LOCKED
IF the weather conditions change,", THEN sets the thermostat temperature.",LOCKED
IF every time no one is at home,", THEN sets the thermostat temperature.",LOCKED
IF every time no one is at home,", THEN sets the thermostat temperature.",LOCKED
IF every time no one is at home,", THEN sets the thermostat temperature.",LOCKED
IF every time no one is at home,", THEN sets the thermostat temperature.",LOCKED
IF every time no one is at home,", THEN sets the thermostat temperature.",LOCKED
IF every time no one is at home,", THEN sets a comfort profile hold.",LOCKED
IF every time no one is at home,", THEN sets a comfort profile hold.",LOCKED
IF every time no one is at home,", THEN sets a comfort profile hold.",LOCKED
IF every time no one is at home,", THEN sets a comfort profile hold.",LOCKED
IF every time no one is at home,", THEN sets a comfort profile hold.",LOCKED
IF every time a room enters manual mode,", THEN restores default heating schedule.",LOCKED
IF every time a room enters manual mode,", THEN restores default heating schedule.",LOCKED
IF every time a room enters manual mode,", THEN restores default heating schedule.",LOCKED
IF every time a room enters manual mode,", THEN restores default heating schedule.",LOCKED
IF every time a room enters manual mode,", THEN restores default heating schedule.",LOCKED
IF the air quality is below a specified value,", THEN configures thermostat fan mode.",LOCKED
IF the air quality is below a specified value,", THEN configures thermostat fan mode.",LOCKED
IF the air quality is below a specified value,", THEN configures thermostat fan mode.",LOCKED
IF the air quality is below a specified value,", THEN configures thermostat fan mode.",LOCKED
IF the air quality is below a specified value,", THEN configures thermostat fan mode.",LOCKED
IF CO2 level rises above a threshold,", THEN sets the thermostat temperature.",LOCKED
IF CO2 level rises above a threshold,", THEN sets the thermostat temperature.",LOCKED
IF CO2 level rises above a threshold,", THEN sets the thermostat temperature.",LOCKED
IF CO2 level rises above a threshold,", THEN sets the thermostat temperature.",LOCKED
IF CO2 level rises above a threshold,", THEN sets the thermostat temperature.",LOCKED
IF CO2 level rises above a threshold,", THEN configures thermostat fan mode.",LOCKED
IF CO2 level rises above a threshold,", THEN configures thermostat fan mode.",LOCKED
IF CO2 level rises above a threshold,", THEN configures thermostat fan mode.",LOCKED
IF CO2 level rises above a threshold,", THEN configures thermostat fan mode.",LOCKED
IF CO2 level rises above a threshold,", THEN configures thermostat fan mode.",LOCKED
IF air quality crosses a threshold,", THEN sets the thermostat temperature.",LOCKED
IF air quality crosses a threshold,", THEN sets the thermostat temperature.",LOCKED
IF air quality crosses a threshold,", THEN sets the thermostat temperature.",LOCKED
IF air quality crosses a threshold,", THEN sets the thermostat temperature.",LOCKED
IF air quality crosses a threshold,", THEN sets the thermostat temperature.",LOCKED
IF an automation routine is activated,", THEN turns off heating.",LOCKED
IF an automation routine is activated,", THEN turns off heating.",LOCKED
IF an automation routine is activated,", THEN turns off heating.",LOCKED
IF an automation routine is activated,", THEN turns off heating.",LOCKED
IF an automation routine is activated,", THEN turns off heating.",LOCKED
IF an SMS is received on Android,", THEN cancels the current thermostat event.",LOCKED
IF an SMS is received on Android,", THEN cancels the current thermostat event.",LOCKED
IF an SMS is received on Android,", THEN cancels the current thermostat event.",LOCKED
IF an SMS is received on Android,", THEN cancels the current thermostat event.",LOCKED
IF an SMS is received on Android,", THEN cancels the current thermostat event.",LOCKED
IF an SMS is received on Android,", THEN sets a comfort profile hold.",LOCKED
IF an SMS is received on Android,", THEN sets a comfort profile hold.",LOCKED
IF an SMS is received on Android,", THEN sets a comfort profile hold.",LOCKED
IF an SMS is received on Android,", THEN sets a comfort profile hold.",LOCKED
IF an SMS is received on Android,", THEN sets a comfort profile hold.",LOCKED
IF Aura Air sensor reaches a specific value,", THEN turns on the air conditioner.",LOCKED
IF Aura Air sensor reaches a specific value,", THEN turns on the air conditioner.",LOCKED
IF Aura Air sensor reaches a specific value,", THEN turns on the air conditioner.",LOCKED
IF Aura Air sensor reaches a specific value,", THEN turns on the air conditioner.",LOCKED
IF Aura Air sensor reaches a specific value,", THEN turns on the air conditioner.",LOCKED
IF air pollution exceeds a threshold,", THEN sets a timed comfort profile hold.",LOCKED
IF air pollution exceeds a threshold,", THEN sets a timed comfort profile hold.",LOCKED
IF air pollution exceeds a threshold,", THEN sets a timed comfort profile hold.",LOCKED
IF air pollution exceeds a threshold,", THEN sets a timed comfort profile hold.",LOCKED
IF air pollution exceeds a threshold,", THEN sets a timed comfort profile hold.",LOCKED
IF air pollution exceeds a threshold,", THEN configures thermostat fan mode.",LOCKED
IF air pollution exceeds a threshold,", THEN configures thermostat fan mode.",LOCKED
IF air pollution exceeds a threshold,", THEN configures thermostat fan mode.",LOCKED
IF air pollution exceeds a threshold,", THEN configures thermostat fan mode.",LOCKED
IF air pollution exceeds a threshold,", THEN configures thermostat fan mode.",LOCKED
IF every time someone is at home,", THEN sets the thermostat temperature.",LOCKED
IF every time someone is at home,", THEN sets the thermostat temperature.",LOCKED
IF every time someone is at home,", THEN sets the thermostat temperature.",LOCKED
IF every time someone is at home,", THEN sets the thermostat temperature.",LOCKED
IF every time someone is at home,", THEN sets the thermostat temperature.",LOCKED
IF Ballotpedia reports breaking news,", THEN sets the freezer temperature.",LOCKED
IF Ballotpedia reports breaking news,", THEN sets the freezer temperature.",LOCKED
IF Ballotpedia reports breaking news,", THEN sets the freezer temperature.",LOCKED
IF Ballotpedia reports breaking news,", THEN sets the freezer temperature.",LOCKED
IF Ballotpedia reports breaking news,", THEN sets the freezer temperature.",LOCKED
IF a new activity is completed on Strava,", THEN boosts hot water temporarily.",LOCKED
IF a new activity is completed on Strava,", THEN boosts hot water temporarily.",LOCKED
IF a new activity is completed on Strava,", THEN boosts hot water temporarily.",LOCKED
IF a new activity is completed on Strava,", THEN boosts hot water temporarily.",LOCKED
IF a new activity is completed on Strava,", THEN boosts hot water temporarily.",LOCKED
IF a door is opened,", THEN turns off heating.",LOCKED
IF a door is opened,", THEN turns off heating.",LOCKED
IF a door is opened,", THEN turns off heating.",LOCKED
IF a door is opened,", THEN turns off heating.",LOCKED
IF a door is opened,", THEN turns off heating.",LOCKED
IF a door is opened,", THEN sets the thermostat temperature.",LOCKED
IF a door is opened,", THEN sets the thermostat temperature.",LOCKED
IF a door is opened,", THEN sets the thermostat temperature.",LOCKED
IF a door is opened,", THEN sets the thermostat temperature.",LOCKED
IF a door is opened,", THEN sets the thermostat temperature.",LOCKED
IF a daily calorie goal is achieved,", THEN turns on the Aros air conditioner.",LOCKED
IF a daily calorie goal is achieved,", THEN turns on the Aros air conditioner.",LOCKED
IF a daily calorie goal is achieved,", THEN turns on the Aros air conditioner.",LOCKED
IF a daily calorie goal is achieved,", THEN turns on the Aros air conditioner.",LOCKED
IF a daily calorie goal is achieved,", THEN turns on the Aros air conditioner.",LOCKED
IF a device logs new sleep data,", THEN sets a comfort profile hold.",LOCKED
IF a device logs new sleep data,", THEN sets a comfort profile hold.",LOCKED
IF a device logs new sleep data,", THEN sets a comfort profile hold.",LOCKED
IF a device logs new sleep data,", THEN sets a comfort profile hold.",LOCKED
IF a device logs new sleep data,", THEN sets a comfort profile hold.",LOCKED
IF Withings detects user getting into bed,", THEN sets the thermostat temperature.",LOCKED
IF Withings detects user getting into bed,", THEN sets the thermostat temperature.",LOCKED
IF Withings detects user getting into bed,", THEN sets the thermostat temperature.",LOCKED
IF Withings detects user getting into bed,", THEN sets the thermostat temperature.",LOCKED
IF Withings detects user getting into bed,", THEN sets the thermostat temperature.",LOCKED
IF Withings detects user getting into bed,", THEN sets cooling mode.",LOCKED
IF Withings detects user getting into bed,", THEN sets cooling mode.",LOCKED
IF Withings detects user getting into bed,", THEN sets cooling mode.",LOCKED
IF Withings detects user getting into bed,", THEN sets cooling mode.",LOCKED
IF Withings detects user getting into bed,", THEN sets cooling mode.",LOCKED
IF electricity prices are low,", THEN sets the freezer temperature.",LOCKED
IF electricity prices are low,", THEN sets the freezer temperature.",LOCKED
IF electricity prices are low,", THEN sets the freezer temperature.",LOCKED
IF electricity prices are low,", THEN sets the freezer temperature.",LOCKED
IF electricity prices are low,", THEN sets the freezer temperature.",LOCKED
IF electricity prices are low,", THEN sets the refrigerator temperature.",LOCKED
IF electricity prices are low,", THEN sets the refrigerator temperature.",LOCKED
IF electricity prices are low,", THEN sets the refrigerator temperature.",LOCKED
IF electricity prices are low,", THEN sets the refrigerator temperature.",LOCKED
IF electricity prices are low,", THEN sets the refrigerator temperature.",LOCKED
IF Phyn detects an alert,", THEN sets the thermostat temperature.",LOCKED
IF Phyn detects an alert,", THEN sets the thermostat temperature.",LOCKED
IF Phyn detects an alert,", THEN sets the thermostat temperature.",LOCKED
IF Phyn detects an alert,", THEN sets the thermostat temperature.",LOCKED
IF Phyn detects an alert,", THEN sets the thermostat temperature.",LOCKED
IF SmartThings detects motion,", THEN cancels the current thermostat event.",LOCKED
IF SmartThings detects motion,", THEN cancels the current thermostat event.",LOCKED
IF SmartThings detects motion,", THEN cancels the current thermostat event.",LOCKED
IF SmartThings detects motion,", THEN cancels the current thermostat event.",LOCKED
IF SmartThings detects motion,", THEN cancels the current thermostat event.",LOCKED
IF Ecobee detects high humidity,", THEN sets a timed comfort profile hold.",LOCKED
IF Ecobee detects high humidity,", THEN sets a timed comfort profile hold.",LOCKED
IF Ecobee detects high humidity,", THEN sets a timed comfort profile hold.",LOCKED
IF Ecobee detects high humidity,", THEN sets a timed comfort profile hold.",LOCKED
IF Ecobee detects high humidity,", THEN sets a timed comfort profile hold.",LOCKED
IF Ecobee detects high humidity,", THEN sets the thermostat temperature.",LOCKED
IF Ecobee detects high humidity,", THEN sets the thermostat temperature.",LOCKED
IF Ecobee detects high humidity,", THEN sets the thermostat temperature.",LOCKED
IF Ecobee detects high humidity,", THEN sets the thermostat temperature.",LOCKED
IF Ecobee detects high humidity,", THEN sets the thermostat temperature.",LOCKED
IF it is Christmas,", THEN sets the thermostat temperature.",LOCKED
IF it is Christmas,", THEN sets the thermostat temperature.",LOCKED
IF it is Christmas,", THEN sets the thermostat temperature.",LOCKED
IF it is Christmas,", THEN sets the thermostat temperature.",LOCKED
IF it is Christmas,", THEN sets the thermostat temperature.",LOCKED
IF user presence is detected,", THEN sets the thermostat temperature.",LOCKED
IF user presence is detected,", THEN sets the thermostat temperature.",LOCKED
IF user presence is detected,", THEN sets the thermostat temperature.",LOCKED
IF user presence is detected,", THEN sets the thermostat temperature.",LOCKED
IF user presence is detected,", THEN sets the thermostat temperature.",LOCKED
IF user presence is detected,", THEN sets a comfort profile hold.",LOCKED
IF user presence is detected,", THEN sets a comfort profile hold.",LOCKED
IF user presence is detected,", THEN sets a comfort profile hold.",LOCKED
IF user presence is detected,", THEN sets a comfort profile hold.",LOCKED
IF user presence is detected,", THEN sets a comfort profile hold.",LOCKED
IF user presence is detected,", THEN the thermostat to the temperature you specify.",LOCKED
IF user presence is detected,", THEN the thermostat to the temperature you specify.",LOCKED
IF user presence is detected,", THEN the thermostat to the temperature you specify.",LOCKED
IF user presence is detected,", THEN the thermostat to the temperature you specify.",LOCKED
IF user presence is detected,", THEN the thermostat to the temperature you specify.",LOCKED
IF a new story is published on NPR,", THEN sets the thermostat temperature.",LOCKED
IF a new story is published on NPR,", THEN sets the thermostat temperature.",LOCKED
IF a new story is published on NPR,", THEN sets the thermostat temperature.",LOCKED
IF a new story is published on NPR,", THEN sets the thermostat temperature.",LOCKED
IF a new story is published on NPR,", THEN sets the thermostat temperature.",LOCKED
IF eWeLink switch is toggled,", THEN sets the temperature on the Heatmiser thermostat.",LOCKED
IF eWeLink switch is toggled,", THEN sets the temperature on the Heatmiser thermostat.",LOCKED
IF eWeLink switch is toggled,", THEN sets the temperature on the Heatmiser thermostat.",LOCKED
IF eWeLink switch is toggled,", THEN sets the temperature on the Heatmiser thermostat.",LOCKED
IF eWeLink switch is toggled,", THEN sets the temperature on the Heatmiser thermostat.",LOCKED
IF a new tweet with a specific hashtag is posted,", THEN turns on the air conditioner and configures settings.",LOCKED
IF a new tweet with a specific hashtag is posted,", THEN turns on the air conditioner and configures settings.",LOCKED
IF a new tweet with a specific hashtag is posted,", THEN turns on the air conditioner and configures settings.",LOCKED
IF a new tweet with a specific hashtag is posted,", THEN turns on the air conditioner and configures settings.",LOCKED
IF a new tweet with a specific hashtag is posted,", THEN turns on the air conditioner and configures settings.",LOCKED
IF a new tweet with a specific hashtag is posted,", THEN turns on the Aros air conditioner.",LOCKED
IF a new tweet with a specific hashtag is posted,", THEN turns on the Aros air conditioner.",LOCKED
IF a new tweet with a specific hashtag is posted,", THEN turns on the Aros air conditioner.",LOCKED
IF a new tweet with a specific hashtag is posted,", THEN turns on the Aros air conditioner.",LOCKED
IF a new tweet with a specific hashtag is posted,", THEN turns on the Aros air conditioner.",LOCKED
IF a security mode is armed,", THEN cancels the current thermostat event.",LOCKED
IF a security mode is armed,", THEN cancels the current thermostat event.",LOCKED
IF a security mode is armed,", THEN cancels the current thermostat event.",LOCKED
IF a security mode is armed,", THEN cancels the current thermostat event.",LOCKED
IF a security mode is armed,", THEN cancels the current thermostat event.",LOCKED
IF a security mode is armed,", THEN sets a comfort profile hold.",LOCKED
IF a security mode is armed,", THEN sets a comfort profile hold.",LOCKED
IF a security mode is armed,", THEN sets a comfort profile hold.",LOCKED
IF a security mode is armed,", THEN sets a comfort profile hold.",LOCKED
IF a security mode is armed,", THEN sets a comfort profile hold.",LOCKED
IF a productivity alert is triggered,", THEN sets the thermostat temperature.",LOCKED
IF a productivity alert is triggered,", THEN sets the thermostat temperature.",LOCKED
IF a productivity alert is triggered,", THEN sets the thermostat temperature.",LOCKED
IF a productivity alert is triggered,", THEN sets the thermostat temperature.",LOCKED
IF a productivity alert is triggered,", THEN sets the thermostat temperature.",LOCKED
IF an alarm is armed,", THEN sets the thermostat temperature.",LOCKED
IF an alarm is armed,", THEN sets the thermostat temperature.",LOCKED
IF an alarm is armed,", THEN sets the thermostat temperature.",LOCKED
IF an alarm is armed,", THEN sets the thermostat temperature.",LOCKED
IF an alarm is armed,", THEN sets the thermostat temperature.",LOCKED
IF a KNX or binary switch is turned off,", THEN sets the room temperature.",LOCKED
IF a KNX or binary switch is turned off,", THEN sets the room temperature.",LOCKED
IF a KNX or binary switch is turned off,", THEN sets the room temperature.",LOCKED
IF a KNX or binary switch is turned off,", THEN sets the room temperature.",LOCKED
IF a KNX or binary switch is turned off,", THEN sets the room temperature.",LOCKED
IF Tado switches to Away mode,", THEN sets the room temperature.",LOCKED
IF Tado switches to Away mode,", THEN sets the room temperature.",LOCKED
IF Tado switches to Away mode,", THEN sets the room temperature.",LOCKED
IF Tado switches to Away mode,", THEN sets the room temperature.",LOCKED
IF Tado switches to Away mode,", THEN sets the room temperature.",LOCKED
IF everyone leaves home,", THEN sets home to away mode.",LOCKED
IF everyone leaves home,", THEN sets home to away mode.",LOCKED
IF everyone leaves home,", THEN sets home to away mode.",LOCKED
IF everyone leaves home,", THEN sets home to away mode.",LOCKED
IF everyone leaves home,", THEN sets home to away mode.",LOCKED
IF a door or window is closed,", THEN activates standby mode.",LOCKED
IF a door or window is closed,", THEN activates standby mode.",LOCKED
IF a door or window is closed,", THEN activates standby mode.",LOCKED
IF a door or window is closed,", THEN activates standby mode.",LOCKED
IF a door or window is closed,", THEN activates standby mode.",LOCKED
IF a door or window is closed,", THEN cancels standby mode.",LOCKED
IF a door or window is closed,", THEN cancels standby mode.",LOCKED
IF a door or window is closed,", THEN cancels standby mode.",LOCKED
IF a door or window is closed,", THEN cancels standby mode.",LOCKED
IF a door or window is closed,", THEN cancels standby mode.",LOCKED
IF Ecobee switches to Smart Home/Away profile,", THEN sets a comfort profile hold.",LOCKED
IF Ecobee switches to Smart Home/Away profile,", THEN sets a comfort profile hold.",LOCKED
IF Ecobee switches to Smart Home/Away profile,", THEN sets a comfort profile hold.",LOCKED
IF Ecobee switches to Smart Home/Away profile,", THEN sets a comfort profile hold.",LOCKED
IF Ecobee switches to Smart Home/Away profile,", THEN sets a comfort profile hold.",LOCKED
IF a YouTube Super Chat is received,", THEN sets the thermostat temperature.",LOCKED
IF a YouTube Super Chat is received,", THEN sets the thermostat temperature.",LOCKED
IF a YouTube Super Chat is received,", THEN sets the thermostat temperature.",LOCKED
IF a YouTube Super Chat is received,", THEN sets the thermostat temperature.",LOCKED
IF a YouTube Super Chat is received,", THEN sets the thermostat temperature.",LOCKED
IF a Kronaby watch button is pressed,", THEN sets the thermostat temperature.",LOCKED
IF a Kronaby watch button is pressed,", THEN sets the thermostat temperature.",LOCKED
IF a Kronaby watch button is pressed,", THEN sets the thermostat temperature.",LOCKED
IF a Kronaby watch button is pressed,", THEN sets the thermostat temperature.",LOCKED
IF a Kronaby watch button is pressed,", THEN sets the thermostat temperature.",LOCKED
IF a reminder is completed,", THEN updates the thermostat schedule.",LOCKED
IF a reminder is completed,", THEN updates the thermostat schedule.",LOCKED
IF a reminder is completed,", THEN updates the thermostat schedule.",LOCKED
IF a reminder is completed,", THEN updates the thermostat schedule.",LOCKED
IF a reminder is completed,", THEN updates the thermostat schedule.",LOCKED
IF before time-of-day peak rates start,", THEN sets the thermostat temperature.",LOCKED
IF before time-of-day peak rates start,", THEN sets the thermostat temperature.",LOCKED
IF before time-of-day peak rates start,", THEN sets the thermostat temperature.",LOCKED
IF before time-of-day peak rates start,", THEN sets the thermostat temperature.",LOCKED
IF before time-of-day peak rates start,", THEN sets the thermostat temperature.",LOCKED
IF a new note is created,", THEN turns on the Aros air conditioner.",LOCKED
IF a new note is created,", THEN turns on the Aros air conditioner.",LOCKED
IF a new note is created,", THEN turns on the Aros air conditioner.",LOCKED
IF a new note is created,", THEN turns on the Aros air conditioner.",LOCKED
IF a new note is created,", THEN turns on the Aros air conditioner.",LOCKED
IF a custom IoT event is received,", THEN sets the thermostat temperature.",LOCKED
IF a custom IoT event is received,", THEN sets the thermostat temperature.",LOCKED
IF a custom IoT event is received,", THEN sets the thermostat temperature.",LOCKED
IF a custom IoT event is received,", THEN sets the thermostat temperature.",LOCKED
IF a custom IoT event is received,", THEN sets the thermostat temperature.",LOCKED
IF SmartThings detects high temperature,", THEN configures thermostat fan mode.",LOCKED
IF SmartThings detects high temperature,", THEN configures thermostat fan mode.",LOCKED
IF SmartThings detects high temperature,", THEN configures thermostat fan mode.",LOCKED
IF SmartThings detects high temperature,", THEN configures thermostat fan mode.",LOCKED
IF SmartThings detects high temperature,", THEN configures thermostat fan mode.",LOCKED
IF a camera detects motion,", THEN sets the thermostat temperature.",LOCKED
IF a camera detects motion,", THEN sets the thermostat temperature.",LOCKED
IF a camera detects motion,", THEN sets the thermostat temperature.",LOCKED
IF a camera detects motion,", THEN sets the thermostat temperature.",LOCKED
IF a camera detects motion,", THEN sets the thermostat temperature.",LOCKED
IF a Festina watch button is pressed,", THEN sets the thermostat temperature.",LOCKED
IF a Festina watch button is pressed,", THEN sets the thermostat temperature.",LOCKED
IF a Festina watch button is pressed,", THEN sets the thermostat temperature.",LOCKED
IF a Festina watch button is pressed,", THEN sets the thermostat temperature.",LOCKED
IF a Festina watch button is pressed,", THEN sets the thermostat temperature.",LOCKED
IF a feed item contains a keyword,", THEN sets a comfort profile hold.",LOCKED
IF a feed item contains a keyword,", THEN sets a comfort profile hold.",LOCKED
IF a feed item contains a keyword,", THEN sets a comfort profile hold.",LOCKED
IF a feed item contains a keyword,", THEN sets a comfort profile hold.",LOCKED
IF a feed item contains a keyword,", THEN sets a comfort profile hold.",LOCKED
IF a Lotus watch button is pressed,", THEN sets the thermostat temperature.",LOCKED
IF a Lotus watch button is pressed,", THEN sets the thermostat temperature.",LOCKED
IF a Lotus watch button is pressed,", THEN sets the thermostat temperature.",LOCKED
IF a Lotus watch button is pressed,", THEN sets the thermostat temperature.",LOCKED
IF a Lotus watch button is pressed,", THEN sets the thermostat temperature.",LOCKED
IF a smoke detector detects smoke,", THEN sets a timed comfort profile hold.",LOCKED
IF a smoke detector detects smoke,", THEN sets a timed comfort profile hold.",LOCKED
IF a smoke detector detects smoke,", THEN sets a timed comfort profile hold.",LOCKED
IF a smoke detector detects smoke,", THEN sets a timed comfort profile hold.",LOCKED
IF a smoke detector detects smoke,", THEN sets a timed comfort profile hold.",LOCKED
