id,rule
1DW5W8I_,"if pollution is high, then turn a wemo switch on"
2t_0laov,"if current condition changes to, then change the color of your lights"
3YTfci83,"if sunset, then turn on your hue lights"
5WNCtNZz,"if motion event detected, then make your lights quickly blink the color of your choice"
6HyirEwt,"if you exit an area, then turn off your hue lights"
8gGhZ9wx,"if lock unlocked by specific person, then turn your lights on"
9EW9URq7,"if audio event detected, then make your lights quickly blink the color of your choice"
A2DB4FNG,"if door opened, then adjust multiple lights and shades together by activating a scene created in the lutron app"
A3fZ6aAT,"if say a specific phrase, then turn off your hue lights"
A3g4ekb6,"if say a specific phrase, then turn on a slow color loop effect for your hue lights"
A3q48iQs,"if every day of the week at, this action well set a scene on your hue lights"
A3xtz2KY,"if listen for a word or phrase, then turn off your hue lights"
A4CFNGes,"if lock unlocked by specific person, then turn on your smartthings devices that support switching on"
A4ubWDkp,"if temperature rises above, then turn on the selected light(s)"
A5DdU3ZE,"if every day of the week at, then dim or brighten your hue lights to a value between 0-100"
A5drfBcq,"if sunset, then turn on your hue lights"
A5zLvJwg,"if you enter an area, then set a nest thermostat to the temperature you specify"
A5zWnYxF,"if say a specific phrase, then turn off your hue lights"
A6cDE4bF,"if say a specific phrase, then close the garage door you specify"
A6qvcEi8,"if receive an event from apilio, then cancel standby mode on the selected heatmiser thermostat"
A7LWsG4c,"if sunset, then turn on your hue lights"
A7isx4kY,"if arrive home, then turn on your hue lights"
A7tPkTBb,"if say a specific phrase, then turn a wemo maker on for 300 milliseconds"
A7vqB6aK,"if 1-channel switch turned on or off, then turn off your hue lights"
A8XrtVGL,"if any incoming phone call missed, then change the color of your hue lights"
A8haWxeE,"if power rises above, then turn off a selected device"
A8vwSAns,"if current condition changes to, then change the color of your hue lights"
AA5CbnP8,"if sunset, then turn on your hue lights"
AACTe856,"if you enter an area, then activate the shortcut you specify"
AAP7vVCc,"if new track added to a playlist, then turn on a slow color loop effect for your hue lights"
AAWYwkZu,"if every day of the week at, then change the color of your hue lights"
AAY7cbwT,"if temperature rises above or drops below, then turn a wemo switch on"
AAc7g5Cw,"if new motion detected, then turn a wemo light switch on"
ABCWe6jE,"if sunset, then turn on your hue lights"
ABVQacds,"if sunset, then turn on your hue lights"
ACRXkehA,"if current temperature drops below, then set a target temperature on your window ac unit"
ACcTwiNX,"if audio event detected, then briefly turn your hue lights off then back on"
ADJ48MdZ,"if temperature rises above, then activate the specified scene"
ADU23fHT,"if sunset, then turn on your hue lights"
ADawUGV9,"if your alarm goes off, then turn your lights on"
AEDLSMPu,"if thermostat set to a mode, then turn off your hue lights"
AEUdqCiL,"if current condition changes to, then change the color of your hue lights"
AEZANmHf,"if new status message by you, then briefly turn your hue lights off then back on"
AEq9mGhv,"if order out for delivery, then make your lights quickly blink the color of your choice"
AEs8ZRdz,"if cycle is complete, then change the color of your hue lights"
AGJTrnc5,"if button press, then provide comfort feedback for the device that you specified"
AHGbTfDY,"if sunset, then trigger the specified bot to turn on the switch"
AHs9fKwr,"if carbon dioxide rises above, then briefly turn your hue lights off then back on"
AJPrv7BN,"if say a specific phrase, then change the color of your hue lights"
AKUGgTua,"if send ifttt any email, then turn on a slow color loop effect for your hue lights"
AKaQ2rzh,"if say a specific phrase, this action well set a scene on your hue lights"
AMHujS7k,"if you exit an area, then set a nest thermostat to the temperature you specify"
AMzRw3YF,"if day and night mode, then set a nest thermostat to the temperature you specify"
ANGCFaWf,"if say a simple phrase, then activate the specified scene"
ANGyY6bh,"if say a specific phrase, then turn a wemo insight switch on"
ANh4bs7A,"if connects to a specific wifi network, then turn on your hue lights"
APCsKX5h,"if every day at, then turn off your hue lights"
APGDAqLc,"if say a specific phrase, then toggle your hue lights on or off"
APGh9j8t,"if every day at, then turn on your hue lights"
APLuctgD,"if say a simple phrase, then open the garage door you specify"
APSM3v4e,"if say a specific phrase, then set a program on the hearing aid"
APqrAkKn,"if prayer time, then set your lights to a pre-defined scene"
APtHWngD,"if say a specific phrase, then set the thermostat into an indefinite hold with the specified temperature"
AQ5EKa6d,"if say a simple phrase, then turn on the device/group of your choosing"
AQUGFjhs,"if sunset, then turn on your hue lights"
AQxpPNBt,"if new tweet by you with hashtag, then briefly turn your hue lights off then back on"
AR7YdFHS,"if button press, then turn on a device"
ART3dNhv,"if lock locked by specific person, then turn on your hue lights"
ARmYqL3s,"if disconnects from a specific wifi network, then turn off your air conditioner"
AS8EeHrQ,"if receive an event from apilio, then switch off your light"
ASgXEVUY,"if say a simple phrase, then close the garage door you specify"
ASpW3TGQ,"if pusher pressed, then turn your lights off if they are on, and turn them on if they are off"
ATLi4n6E,"if you exit an area, then turn off your hue lights"
ATR9EuDh,"if current condition changes to, then make your lights quickly blink the color of your choice"
ATj3Zv7Q,"if motion sensor detects motion, then turn on the device/group of your choosing"
AU5VKeyd,"if current temperature drops below, then turn on a device"
AUEDFzH4,"if item added to your to do list, then set a nest thermostat to the temperature you specify"
AUVqwjZt,"if every hour at, then set the heating mode to schedule"
AV5TuxZa,"if you enter an area, then start your moodo"
AVvgi6kB,"if time of day peak rates start/end, then change the color of your hue lights"
AWwtqavH,"if every day of the week at, then dim or brighten your hue lights to a value between 0-100"
AXRT2GZt,"if new public video from subscriptions, then set your lights to a specified brightness"
AY5hUui7,"if current temperature drops below, then boost heating to the temperature and duration you specify"
AYLVzsn4,"if temperature rises above, then update a boolean variable in apilio to true"
AZVTAzpf,"if new iot podcast episode, then change the color of your hue lights"
Aa3Q5rqD,"if carbon dioxide rises above, then change the color of your hue lights"
Aa5jTUhH,"if say a specific phrase, then change the color of your lights"
AaMRsLhZ,"if every day of the week at, then turn on your air conditioner and set target temperature, ac operation mode and air volume settings"
Aai3n29k,"if current temperature drops below, then change the color of your hue lights"
Aap28etM,"if every day of the week at, then change the color of your hue lights"
AarHLfjz,"if every day of the week at, then turn on your hue lights"
AbBaA8iM,"if you enter an area, then turn on your hue lights"
AbDdF6VU,"if every day at, then turn off your hue lights"
AbUDurqt,"if motion detected, then turn on the selected light(s)"
Ac49J2XG,"if new feed item, then change the color of your hue lights to match the dominant colors found in an image you specify"
Ac6JVmgY,"if you enter an area, then turn on your hue lights"
AcXZv6NU,"if at least one person arrives home, then turn on the selected light(s)"
Ad96e7Ww,"if button press, then turn your hive light off for a specific duration"
Adrjbe4C,"if current condition changes to, then turn a wemo switch off"
Ads7kvLD,"if change in average price, then turn a wemo switch on"
AeZb2A7T,"if every day of the week at, then turn your lights on"
AeqA6Ssi,"if say a specific phrase, then set a nest thermostat to the temperature you specify"
Af6v4My5,"if send ifttt an email tagged, then turn a wemo switch on"
AfrNtPsg,"if current measured temperature changes, then change the color of your hue lights"
AgFwB9Pr,"if every day of the week at, then change the color of your hue lights"
AgHhPmD6,"if sunset, then turn your hive light on for a specific duration"
AgWipwR7,"if new super chat message, then set your lights to a pre-defined scene"
AgaFsChz,"if current temperature rises above, then turn off the device/group of your choosing"
Agcam7BC,"if every day at, then briefly turn your hue lights off then back on"
AgwL9r8D,"if sunset, then turn a wemo switch on"
AhcB9ikF,"if any new motion, then turn a wemo light switch on"
Ai3fQzcX,"if every day of the week at, then turn off the device/group of your choosing"
AiDXyBnm,"if button press, then turn on your device"
AibFT7xn,"if your profile changes, then change the color of your hue lights to match the dominant colors found in an image you specify"
AigcenAN,"if brightness drops below, then turn on the device/group of your choosing"
AizgHC2t,"if electricity price changes, then change the color of your hue lights"
Ajk5vLSr,"if every day at, then lock a device, preventing use of the physical buttons on the device"
Ajn7FwhY,"if long press, then toggle a wemo light switch on or off"
AkAUCbs7,"if alarm activated, then toggle a decora smart wi-fi device on/off"
AkqidrLc,"if every year on, then change the color of your hue lights"
AmBEfdbL,"if every day at, then trigger the specified bot to turn off the switch"
AmTH8vnp,"if say a simple phrase, then change brightness of a dimmer to a specified level/percentage"
An7HzULt,"if event from search starts, then toggle a wemo light switch on or off"
AnHuK6ds,"if say a simple phrase, then turn on your hue lights"
Ap5rfKYT,"if contact sensor closes, then set the light to specified color"
ApGQbsTH,"if new song played, then change your hue lights to a randomly selected color"
ApZFzHnY,"if sunset, then dim or brighten your hue lights to a value between 0-100"
AqMYG5sV,"if current temperature drops below, then turn a wemo switch off"
AqNSJxde,"if door opened, then turn on your smartthings devices that support switching on"
AqZ9ReUn,"if sunset, then open a relay"
ArAi57ps,"if any new motion, then turn on your hue lights"
ArMYjeN5,"if every day at, then adjust multiple lights and shades together by activating a scene created in the lutron app"
ArxFJkTz,"if every hour at, then briefly turn your hue lights off then back on"
AsNM6AEh,"if say a specific phrase, then turn off your hue lights"
AsfZEF6G,"if sunset, then turn on, turn off or toggle your lights"
At4uRQ7r,"if you enter an area, then change the color of the nanoleaf light panels or canvas that you select from the device dropdown on this screen"
Au4fSU82,"if say a specific phrase, then change the color of your hue lights"
AuDpdQXz,"if current condition changes to, then change the color of your hue lights"
AuSmaEcp,"if device connected, then briefly turn your hue lights off then back on"
Av3xNKsT,"if every hour at, then change your hue lights to a randomly selected color"
Av8rW7yD,"if prayer time, this action well set a scene on your hue lights"
AvzGuqxH,"if every day at, then turn on/off the led light of my projector"
AwSzLFDe,"if temperature drops below, then set a nest thermostat to the temperature you specify"
AwiThzHd,"if every day of the week at, then turn a wemo switch on"
AxGTyWz6,"if every day of the week at, then set your light to a specified brightness"
AxMipV3R,"if temperature is too low, then set a nest thermostat to the temperature you specify"
AydaS5vg,"if new song played, then change your hue lights to a randomly selected color"
AzWs4wF6,"if receive an event from apilio, then turn your intesishome a/c on"
AziDUSpk,"if item added to your to do list, then change the color of your hue lights"
AzjS9qm5,"if receive an event from apilio, then activate your smartthings alerting device's siren and/or strobe"
Azu5V6dC,"if new voicemail, then briefly turn your hue lights off then back on"
B2CH84cU,"if say a simple phrase, then turn off a selected device"
B2CaBPvu,"if say a phrase with both a number and a text ingredient, then set a nest thermostat to the temperature you specify"
B2KrZSJ3,"if any scheduled meeting ends, this action well set a scene on your hue lights"
B2TMR6FE,"if every day at, then turn a wemo switch off"
B46X5vTh,"if say a specific phrase, changes the brightness level of the selected wemo light"
B4Emq67S,"if event from search starts, then turn your intesishome a/c on"
B4SirmUe,"if you exit an area, then activate the shortcut you specify"
B4VdiegD,"if long press, then toggle a wemo light switch on or off"
B4jDBXEd,"if nest set to away, then turn off your hue lights"
B4mfBX9x,"if temperature drops below, then turn a wemo switch on"
B4yZWnQr,"if say a specific phrase, then turn on a slow color loop effect for your hue lights"
B5NtvEz7,"if you exit an area, then stop your moodo"
B6K54UD8,"if every day of the week at, then turn on your hue lights"
B6dfNkCn,"if the alarm panel has been armed, then turn off your hue lights"
B6nzNyst,"if new super chat message, then set your lights to a specified brightness"
B7ah8nX6,"if the alarm panel has been disarmed, then turn on your smartthings devices that support switching on"
B7hVRr9d,"if power drops below, then turn on a plug for the specified duration"
B7kiYGN9,"if battery drops below 15%, then turn on a device"
B7nyHUWL,"if say a simple phrase, then turn off your air conditioner"
B7zGEnNW,"if every day at, then make your lights quickly blink the color of your choice"
B8cHWdFU,"if sunset, then turn off one of your mi|home devices"
B8pe5BUg,"if every day at, then turn off your hue lights"
B9ACnuGi,"if new survey response, then briefly turn your hue lights off then back on"
B9aH4hNZ,"if every day at, then start the selected dishwasher program"
BAZELyRF,"if say a simple phrase, then turn your lights off"
BAdrChei,"if you enter an area, turn your a/c on with a set temperature, mode and fan level"
BB5AfjJZ,"if daily recommended applet for you, then turn your lights on"
BB86nWNv,"if button press, then launch a connexoon scenario"
BDQr784w,"if new tweet by you with hashtag, then turn off your hue lights"
BEhFUXSq,"if motion detected, then turn a wemo switch on"
BFmdPNQ2,"if you are tagged in a photo, then make your lights quickly blink the color of your choice"
BGNyYf7F,"if smoke alarm emergency, then turn on your hue lights"
BGRqrAfs,"if wind speed rises above, then turn on the selected light(s)"
BGV9ghui,"if event from search starts, then set your thermosmart to the temperature you specify"
BGZc2AQk,"if window opens, closes or moves, then set the thermostat into a hold using the settings from the specified comfort profile"
BGiHXUVQ,"if total connect security panel alarm detected, then change the color of your hue lights"
BGqn2kNz,"if long press, then turn a wemo switch off"
BGshvcnZ,"if any event starts, then turn on a slow color loop effect for your hue lights"
BGuV5c7K,"if switched off, then turn off your hue lights"
BHE7Tncu,"if say a specific phrase, then change the color of your hue lights"
BHZ6GCuD,"if say a specific phrase, turns off the selected wemo light"
BHrVPjZx,"if current condition changes to, then change the color of your hue lights"
BHru3bQ4,"if every day at, then turn your lights on"
BKjWRNVG,"if every year on, then change the color of your hue lights to match the dominant colors found in an image you specify"
BL6DyHY8,"if every day at, then set the temperature on the thermostat"
BLPYDHG3,"if every day of the week at, this action sets an override on target temperature of one of your zones"
BM7hVrjL,"if say a simple phrase, this action well set a scene on your hue lights"
BNK3XADY,"if ihome enhance button is pressed, then turn your lights on"
BNekJ5dj,"if say a specific phrase, then turn off your air conditioner"
BNpEeSiX,"if say a specific phrase, then change the color of your hue lights"
BP4wBtDu,"if smoke alarm, then turn off your oven"
BPjvpQ6N,"if smoke alarm emergency, then turn off your oven"
BQVctFm2,"if say a simple phrase, then unlock your smartthings devices that support unlocking"
BRs4QKi5,"if long press, then toggle your hue lights on or off"
BRvasUNJ,"if ask what's on your shopping list, then turn your lights off if they are on, and turn them on if they are off"
BS4JitRN,"if presence no longer detected, then lock your smartthings devices that support locking"
BSD2BuCf,"if every day at, then turn off the device/group of your choosing"
BSF67wQq,"if say a phrase with a text ingredient, then set a nest thermostat to the temperature you specify"
BSVcXtwe,"if flic is clicked, then turn on a plug for the specified duration"
BT4LqSvY,"if every day of the week at, then turn on your smartthings devices that support switching on"
BT6kMW8C,"if you exit an area, then set the thermostat mode"
BTWDk9eS,"if say a simple phrase, then turn off your hue lights"
BUGKBAd2,"if you enter an area, then open a relay"
BUS37rmK,"if item added to your to do list, then change the color of your hue lights"
BUiWh9ZH,"if you enter an area, then turn a wemo switch on"
BUnmshZA,"if sunrise, then turn off your hue lights"
BVQFk4ri,"if say a specific phrase, then turn on your hue lights"
BVc2ChQF,"if the amount of renewable generation in the grid changes, then change the color of a light bulb"
BVhH8UwR,"if every day at, then turn a wemo light switch on"
BVkreEyb,"if current condition changes to, then briefly turn your hue lights off then back on"
BWTQ5AsE,"if new channel membership, then set your lights to a specified brightness"
BWTf6uBz,"if say a specific phrase, then turn off your daikin ac unit"
BWs7zyta,"if every day at, then turn on your hue lights"
BX8yCJEn,"if receive an event from apilio, then activate standby mode on the selected heatmiser thermostat"
BXE8yq6k,"if smart lawnmower button press once, starts an irrigation in a given zone"
BXF38xh7,"if your timer goes off, then briefly turn your hue lights off then back on"
BXJirAtz,"if switched off, then turn a wemo light switch off"
BXKRUZn2,"if button press, then set your thermostat to manual mode"
BYMsZmDh,"if say a specific phrase, then set your honeywell thermostat to hold a temperature for a specified period of time"
BYeQzijM,"if button press, then change the color of your hue lights"
BZhszaCJ,"if button press, then provide comfort feedback for the device that you specified"
BaSGzdXL,"if connects to a specific wifi network, then turn on a device"
BcQ3yuJs,"if your timer goes off, then make your lights slowly breathe the color of your choice"
Bcx2b9Uy,"if gesture with task matching id occurs, then unlock your smartthings devices that support unlocking"
BdCpvWQt,"if you are tagged in a photo, then briefly turn your hue lights off then back on"
BdvPr8Mm,"if event from search starts, then change the color of your hue lights"
BefRxUhm,"if current condition changes to, then change the color of your hue lights to match the dominant colors found in an image you specify"
BeuEJYZq,"if routine activated, then turn off your hue lights"
BeuGbNzt,"if any new motion, then turn on a device"
BfBMG5T3,"if say a specific phrase, then turn a wemo switch off"
BgMxrZ89,"if every day at, then turn a wemo switch on"
BgWxHY97,"if new status message by you, then change the color of your hue lights"
Bh3sTGaP,"if temperature drops below, then set a nest thermostat to the temperature you specify"
Bh8DzAjB,"if button press, then turn on a slow color loop effect for your hue lights"
BhCkMr7q,"if tado⁠° switches to home mode, then turn on your hue lights"
BhFTJH96,"if say a simple phrase, then temporarily set your nanoleaf light panels or canvas to a solid or blinking color and then return to its previous state"
BhWkP4gU,"if say a simple phrase, then turn on, turn off or toggle your lights"
Bhamvw4S,"if temperature rises above, then update a boolean variable in apilio to true"
BhtCedqF,"if say a specific phrase, then turn on your hue lights"
Bj24TLbs,"if noise level rises above, then turn on a slow color loop effect for your hue lights"
BjMnbAS6,"if 1-channel switch turned on or off, then turn off your smartthings devices that support switching off"
BjdJ2w3c,"if nest set to home, then dim or brighten your hue lights to a value between 0-100"
BjepFG6d,"if your alarm goes off, then dim or brighten your hue lights to a value between 0-100"
Bmczhn6Z,"if say a simple phrase, then turn off your hue lights"
BnDWiSTe,"if every day of the week at, then turn on a slow color loop effect for your hue lights"
BnhEXbcZ,"if air quality changed, then turn on the selected light(s)"
Bnqkis3G,"if every day at, then turn off your hue lights"
Bnx5a864,"if any new motion, then turn on the device/group of your choosing"
BpJE5wQZ,"if item completed on your to do list, then turn a wemo switch on then immediately back off"
BpKVk3ZB,"if say a simple phrase, then turn off the device/group of your choosing"
Bpex7Ck3,"if carbon dioxide (co₂) alert, then turn on the selected light(s)"
Br6fJ9pA,"if sunset, then change the color of your hue lights"
BrSdTMh9,"if device or group is turned on, then activate the specified scene"
Bs2ix8kE,"if say a simple phrase, then turn your lights on"
BsL3bPTX,"if say a specific phrase, then dim or brighten your hue lights to a value between 0-100"
BsUZc4LC,"if button press, then turn a wemo light switch off"
BsxZvX5Y,"if temperature drops below, then change the color of your hue lights"
Bt8HQfDT,"if say a simple phrase, then turn off your hood"
BtQe5y86,"if energy price threshold change for duration, then boost your hot water for 1 hour"
Bu5Sp7Ka,"if switched on, then turn on your hue lights"
BuHUtAae,"if button press, then toggle a wemo switch on or off"
BukRc2V6,"if tomorrow's weather report, then change the color of your hue lights"
Bus3Pber,"if any new photo by you, then briefly turn your hue lights off then back on"
BvKTiQeq,"if new super chat message, then set your lights to a pre-defined scene"
BvSmHMF6,"if every day at, then turn on the selected light(s)"
BvrpjefE,"if say a specific phrase, then turn on your hue lights"
BvyXjS9q,"if door opened, then make your lights quickly blink the color of your choice"
BwD7MRbi,"if every hour at, then set the honeywell thermostat fan to on where the fan is always on or auto where the fan runs only when the heating or cooling system is on"
BwKBMQSt,"if say a simple phrase, then turn off your hue lights"
BwP5CHRu,"if button press, then change your lights to a specified color"
Bwh486e2,"if prayer time, then apply the settings of the selected scene to your wiz lights"
BwzjMm3p,"if every day at, then turn on your hue lights"
BxeTHNUZ,"if say a specific phrase, then set your honeywell thermostat to hold a temperature for a specified period of time"
BxsyA2pJ,"if new sms received matches search, then toggle a wemo switch on or off"
ByNfUjhs,"if battery drops below 15%, then briefly turn your hue lights off then back on"
ByTN2Veu,"if system is armed, then set a nest thermostat to the temperature you specify"
ByjvUPVQ,"if new channel membership, then set your lights to a specified brightness"
BzEymuka,"if new status message by you, then change the color of your hue lights"
C2hr49wt,"if energy price change, then turn off the device/group of your choosing"
C3KJXP4U,"if your alarm goes off, then make your lights slowly breathe the color of your choice"
C3M2aq8Y,"if the amount of renewable generation in the grid changes, then change the color of your lights"
C3TnM8tR,"if new public video from subscriptions, then set your lights to a pre-defined scene"
C436CgpS,"if say a specific phrase, then turn on your hue lights"
C4A2hNQf,"if say a specific phrase, then change the color of your lights"
C4UzAauC,"if you exit an area, then turn off your coffee machine"
C4bV8DM9,"if say a simple phrase, then activate the shortcut you specify"
C4hCGRqW,"if temperature crosses a threshold, then set a nest thermostat to the temperature you specify"
C4rqU6v8,"if you enter an area, then turn a wemo switch on"
C4ueGtgf,"if rain detected, then turn on the selected light(s)"
C6Q9BiTH,"if new motion detected, then set the light to specified color"
C6UM3Cum,"if lock is unlocked, then turn your lights on"
C73siDxu,"if temperature rises above, then set a lutron shade to the position you specify"
C75UdSrC,"if laundry cycle is finished, then send a command to one of your openhab items"
C7WuTUqi,"if door opened, then adjust multiple lights and shades together by activating a scene created in the lutron app"
C7imY6kp,"if new feed item matches, then change the color of your hue lights"
C8WZxfDq,"if every day at, then change the color of your hue lights"
C95xKmUk,"if say a specific phrase, then turn a wemo switch on"
CA5UipKN,"if motion detected or no motion detected, then turn off a specific device"
CAtesU2b,"if you enter an area, then set a innogy smarthome state to 'yes'"
CB8vqNjX,"if sunrise, then turn off the pivot power genius outlet you specify"
CBrMH9fK,"if say a simple phrase, then turn off the device/group of your choosing"
CCQgDJ5B,"if current temperature drops below, then turn the specified product on"
CCpzrGSJ,"if is it christmas?, then turn on a slow color loop effect for your hue lights"
CCsn9zcA,"if you exit an area, then turn off a selected device"
CCtmbeKy,"if début de plage tarifaire, then make the selected light(s) pulse gently once"
CCu5jcxU,"if you enter an area, then turn on a device"
CD8w573R,"if device turns off, then turn off the device/group of your choosing"
CDB8C2Kb,"if order has hit quality check, then change the color of your hue lights"
CEKiNjSA,"if every day at, then set the temperature of your ge water heater"
CEjPDM3x,"if button press, then pause your thermosmart"
CEpvXNuQ,"if say a simple phrase, then set a nest thermostat to the temperature you specify"
CF3PUx7f,"if sunset, then turn on your hue lights"
CFtxBzsA,"if receive an event from apilio, then turn your lights off"
CGK3ui4b,"if say a specific phrase, then set your honeywell thermostat to hold a temperature for a specified period of time"
CHP4vM8F,"if carbon monoxide emergency, then set the thermostat into a hold using the settings from the specified comfort profile"
CHVTLj8i,"if connects to a specific wifi network, then turn on your a/c in the specified room, and run it in comfort mode"
CHbDQ6uA,"if button press, then change your light's brightness to the specified level"
CJDMRg89,"if new liked video, turn on/off  power strip"
CJEDPvNW,"if switched on, then enable a quick action at one of your locations"
CJWNrX5n,"if say a specific phrase, then change the color of your lights"
CJgj6thN,"if sunset, then turn a wemo light switch on"
CJhGyK6V,"if new follower, then briefly turn your hue lights off then back on"
CK3qdQUW,"if say a specific phrase, then change the color of your lights"
CKZz7tp2,"if every day of the week at, then turn your lights on"
CKibyjSF,"if say a specific phrase, then lock your smartthings devices that support locking"
CKzPJ8E6,"if notification received from a specific app, then turn on a device"
CLg9SR8k,"if say a specific phrase, then start your robot"
CM7dSfs5,"if say a specific phrase, then boost the specified device"
CM97SHr2,"if sunset, then turn a wemo switch on"
CM9VcJZj,"if say a simple phrase, then turn on a device"
CMKWbeCk,"if new motion detected, then turn a wemo light switch on"
CN5z6TMd,"if new liked video, then set your lights to a specified brightness"
CN6bMpU3,"if new follower on your channel, then change the color of your hue lights to match the dominant colors found in an image you specify"
CNV6y7is,"if any scheduled meeting ends, then activate a scene"
CPAhvC7m,"if every day at, then turn on your coffee machine"
CPYR9mZW,"if switched on, then turn on your hue lights"
CPjEDeWb,"if say a simple phrase, then turn on your hue lights"
CQJqNCDE,"if receive an event from apilio, then cancel standby mode on the selected heatmiser thermostat"
CQKPUXWg,"if pet detected, then turn your lights on"
CQyTj3FA,"if dust level alert, then control an awair glow's switch, sending an 'on' or 'off' command to the connected device"
CR4zAk6e,"if say a specific phrase, then change the color of your lights"
CRAELpwb,"if say a phrase with a text ingredient, then set a nest thermostat to the temperature you specify"
CREL7wri,"if thermostat indoor temperature is less than, then turn on/off a device"
CRnkqYhL,"if new saved track, then briefly turn your hue lights off then back on"
CS95rgXn,"if new channel membership, then change your lights to specified color temperature"
CSYbxBFr,"if say a specific phrase, then boost heating to the temperature and duration you specify"
CT5zYtue,"if mode armed, then turn off your hue lights"
CTFBbQPR,"if say a specific phrase, then turn a wemo maker on for 300 milliseconds"
CTR3fYxa,"if every day of the week at, then turn on your hue lights"
CTUWbBFD,"if your alarm goes off, then make your lights slowly breathe the color of your choice"
CTbEuaqr,"if every day at, then turn off your hue lights"
CTmGVJYe,"if any scheduled meeting starts, then activate a scene"
CU5TtFfZ,"if you enter an area, then turn your lights on"
CULqfuHi,"if sunset, then turn on your hue lights"
CUQdiKwP,"if alarm triggered, then toggle your hue lights on or off"
CUYcdgXF,"if you enter an area, then toggle a decora smart wi-fi device on/off"
CVZeicpQ,"if say a specific phrase, then adjust multiple lights and shades together by activating a scene created in the lutron app"
CVr3tujx,"if thermostat enters smart home/away, then activate the shortcut you specify"
CVs3nagB,"if say a simple phrase, then turn off the nanoleaf product that you select from the device dropdown on this screen"
CVwHdWiC,"if every day at, then turn your lights on"
CWA7fdxG,"if your alarm goes off, then set a specific device on heat mode"
CWTFXvUL,"if say a simple phrase, then turn off your smartthings devices that support switching off"
CXKktyrG,"if receive an event from apilio, then cancel standby mode on the selected heatmiser thermostat"
CXmWiNfQ,"if new motion detected, this action well set a scene on your hue lights"
CYPzZGHF,"if event from search starts, then turn a wemo insight switch on"
CYmLxTXB,"if say a simple phrase, then turn a device on or off"
CYu5gMd8,"if every day at, then turn your lights on"
CZAvFh2R,"if every day at, then return control of your heating to tado⁠°, using your user-defined settings (e"
CZDTUaxb,"if sunset, then turn a wemo switch on"
CZMC4aHc,"if button press, then activate the shortcut you specify"
CZUstSLH,"if button press, then toggle your device on or off"
CZuJLR8E,"if item added to your to do list, then set a nest thermostat to the temperature you specify"
CbekN7Ks,"if caavo search, then set the thermostat into a hold with the specified temperature for the specified number of hours"
Cbuk2SUH,"if button press, then turn on your smartthings devices that support switching on"
CbyWV9p8,"if every day at, then turn on your hue lights"
CcRuwDEf,"if sunrise, then turn a wemo light switch off"
Cd78tNKE,"if button press, then change the color of your hue lights"
CdcWLnRv,"if say a phrase with a text ingredient, then set a nest thermostat to the temperature you specify"
CdyaqQPX,"if exchanged power single phase, then turn on your dishwasher"
CeDtvx7M,"if receive an event from apilio, then activate standby mode on the selected heatmiser thermostat"
CeTQEKz6,"if leave ifttt any voicemail, then change the color of your hue lights"
CehCbLtS,"if say a simple phrase, then set a nest thermostat to the temperature you specify"
CfDV3dmh,"if every year on, then change the color of your hue lights to match the dominant colors found in an image you specify"
Cfyt6Ye9,"if you enter an area, then turn on your hue lights"
Cg5cWGHC,"if new public video from subscriptions, then set your lights to a specified brightness"
CgSnqLU3,"if you enter an area, then set a nest thermostat to the temperature you specify"
Ch2kUJKH,"if sunset, then send a command to one of your openhab items"
Ch42rx9p,"if device is unplugged, then turn off a selected device"
ChB4m5v3,"if you exit an area, then turn a wemo switch off"
ChSBs2rX,"if you exit an area, then turn a wemo light switch off"
ChU34szn,"if say a specific phrase, then lock your smartthings devices that support locking"
Chp2wYxW,"if receive an event from apilio, then turn on your air conditioner and set target temperature, ac operation mode and air volume settings"
ChtNEkRi,"if you enter an area, then boost heating to the temperature and duration you specify"
ChxnU9Ky,"if say a specific phrase, then change the color of your hue lights"
CifhYCpQ,"if you enter an area, then run a scene"
Ciyp2BGS,"if receive an event from apilio, then set your honeywell thermostat to permanently hold the specified temperature until you change it"
CjDmdqpR,"if every year on, then change the color of your hue lights to match the dominant colors found in an image you specify"
Cja98dhU,"if alarm triggered, then make your lights quickly blink the color of your choice"
CkevCKNP,"if every day at, then turn a wemo switch on"
Cm27RvAQ,"if temperature drops below, then set a nest thermostat to the temperature you specify"
CmGK2Lqu,"if wind speed rises above, then set a innogy smarthome state to 'yes'"
CmLdHa9s,"if new ring detected, then change your light's brightness to the specified level"
CmXEJbUc,"if button press, then set a specific device on manual mode"
CneGTrbP,"if disconnects from a specific wifi network, then turn off your hue lights"
CnjCKG6s,"if every day at, then turn a wemo switch off"
Cp78BbrU,"if ask what's on your shopping list, then turn on your smartthings devices that support switching on"
CpYesMuJ,"if lock unlocked, then activate the shortcut you specify"
CpnbsiRm,"if air quality declines, then briefly turn your hue lights off then back on"
CpnjdAG7,"if say a phrase with a text ingredient, then turn on your hue lights"
CqPUKd8F,"if ihome enhance button is pressed, then change the color of your hue lights"
Cr6ncWxA,"if we detect that the home is empty, then turn a wemo switch off"
CrLp8SvV,"if every day at, then turn on your hue lights"
Crpt4hBN,"if send ifttt an sms tagged, then close the garage door you specify"
Cs7VM2Ex,"if new group decision or direct action taken, then turn off your hue lights"
CsGZSf67,"if sunset, then set a nest thermostat to the temperature you specify"
CsJRTzaB,"if motion detected, then turn on your smartthings devices that support switching on"
CsxeG6Hn,"if say a simple phrase, this action well set a scene on your hue lights"
CtJ3CUiy,"if order out for delivery, then turn your lights on"
CtrxGjRP,"if door is unlocked, then turn on the selected light(s)"
CtyDVQZY,"if new message in a group, then briefly turn your hue lights off then back on"
CtyHDGL4,"if you exit an area, then turn your lights off"
CtzzbN21,"if any new sms received, then make your lights quickly blink the color of your choice"
CuVEydTm,"if you exit an area, then turn on, turn off or toggle your lights"
CvNGrzY9,"if light switched off, then turn off the functional light of your hood"
CvNuteXy,"if any incoming phone call missed, then turn on your smartthings devices that support switching on"
CvtMhnLb,"if connects to a specific wifi network, then turn on a device"
CwNE795T,"if sunrise, then turn your lights off"
CwWM2JfY,"if event from search starts, turn your a/c on with a set temperature, mode and fan level"
CwuGrbH2,"if say a simple phrase, this action well set a scene on your hue lights"
CxPkS79r,"if sunset, then turn on your hue lights"
CxgY8nt7,"if every day of the week at, then turn your lights on"
Cxqsk59X,"if carbon dioxide drops below, then make your lights quickly blink the color of your choice"
D27eVAj5,"if receive an event from apilio, the action will set the temperature on the selected heatmiser thermostat"
D2vgN5VA,"if motion detected, then briefly turn your hue lights off then back on"
D2xWMeyF,"if current condition changes to, then turn your intesishome a/c off"
D3NSA7hZ,"if current temperature drops below, then make your lights quickly blink the color of your choice"
D4DU8KkA,"if every day of the week at, then turn off your hue lights"
D4iYuBNS,"if sunset, then turn a wemo switch on"
D5bNEyVd,"if you enter an area, then allow you to switch on the selected neoplug"
D6C9Hsj2,"if listen for a word or phrase, then toggle a wemo switch on or off"
D75tZpNH,"if temperature drops below a threshold, then turn on the selected light(s)"
D7F5Z4rA,"if every day at, then set your honeywell thermostat to hold a temperature for a specified period of time"
D7xAC2FZ,"if incoming call from known number, then turn a wemo light switch on then immediately back off"
D869FixL,"if turned on, then briefly turn your hue lights off then back on"
D874rJ6k,"if say a specific phrase, then turn off your air conditioner"
D8bzD6y3,"if receive an event from apilio, then set a dim level on your light"
D8pq7j3k,"if say a specific phrase, then open the garage door you specify"
D8qP5LiA,"if button press, then turn a wemo switch off"
D8yjA6Vg,"if new saved track, then change the color of your hue lights to match the dominant colors found in an image you specify"
D9htMHwL,"if temperature rises above, then set a nest thermostat to the temperature you specify"
DAKxZ4tC,"if motion detected, then turn on your hue lights"
DAYt2uRg,"if you enter an area, then turn on a device"
DAZ4XfbR,"if temperature is too high, turn your a/c on with a set temperature, mode and fan level"
DB5FVdvX,"if say a specific phrase, this action well set a scene on your hue lights"
DBwAP4y6,"if sunrise, turns off the selected wemo light"
DCvwKhbY,"if litter robot events, then clean a specific room in your home"
DDmjRpdN,"if sunset, then turn on your smartthings devices that support switching on"
DFHPYsNz,"if say a specific phrase, then set the thermostat into a hold with the specified temperature and the end date/time will be set to the next climate transition in the program"
DFmSMW9B,"if notification received from a specific app, then turn on the device/group of your choosing"
DGgTYv4H,"if device turns off, then turn off the device/group of your choosing"
DGiLSZwj,"if say a simple phrase, then dim or brighten your hue lights to a value between 0-100"
DHhLfW8j,"if every day of the week at, then turn your aros a/c on and set to a temperature you specify"
DJETdAqX,"if every day at, then turn off your hue lights"
DJHP7LKU,"if a device is turned off, then turn off the selected light(s)"
DJRHVjrn,"if say a simple phrase, then turn off your device"
DJgFiX4u,"if button press, then turn on your hue lights"
DK7ciLbq,"if every day of the week at, then turn on your hue lights"
DK8eGHfd,"if any new photo, then change the color of your hue lights to match the dominant colors found in an image you specify"
DKcWa2tM,"if current temperature rises above, then change operation settings for heat mode in your device"
DKzmP6YS,"if button press, then activate the specified scene"
DMXgcCqh,"if new status message by you, then turn on a slow color loop effect for your hue lights"
DMmPJCW2,"if current temperature drops below, then turn off the device/group of your choosing"
DMvbzsSj,"if movement is detected, then turn on your hue lights"
DNgdetuZ,"if when i get out of bed, then set a specific device on eco mode"
DNwJTaGg,"if current temperature drops below, then set the position of a thermostatic radiator valve (trv)"
DP3LRpgS,"if new tweet by a specific user, then change your hue lights to a randomly selected color"
DPFc8wQj,"if button press, then turn off a selected device"
DPHNSZFJ,"if cooktop clock timer elapsed, then turn on the ambient light of your hood with the selected color"
DPqDta3x,"if say a specific phrase, then set a nest thermostat in heat-cool mode to the temperature range you specify"
DQUzP6qd,"if you enter an area, then turn on your hvac system fan for the amount of time you specify in your nest fan timer setting (default is 15 minutes)"
DQX3pCNt,"if focustime session finishes, then set a nest thermostat to the temperature you specify"
DQZbrtC7,"if début de plage tarifaire, then make the selected light(s) pulse gently once"
DQnRAPgu,"if routine activated, then turn off your hue lights"
DR8PhBHf,"if current condition changes to, then change the color of your hue lights"
DRBc2Wqu,"if button press, then activate the specified scene"
DRFxz8dk,"if temperature drops below, then turn a wemo switch on"
DSWVfXNE,"if you exit an area, then set your lights to a pre-defined scene"
DSYFMkN4,"if every day of the week at, then briefly turn your hue lights off then back on"
DSjvkzW7,"if today's weather report, this action well set a scene on your hue lights"
DSkVQzjy,"if smart home security away mode activated, then start your robot"
DSvEWnY5,"if button press, then turn off your hubitat switches, lights, sirens, strobes, etc"
DTL4d6hQ,"if motion detected, then turn on your hue lights"
DTw3GDk7,"if an #ohmhour starts, then turn a wemo switch off"
DU3gupcy,"if say a simple phrase, then dim or brighten your hue lights to a value between 0-100"
DU6upsHA,"if current condition changes to, then change the color of your hue lights"
DUDH7NmA,"if sunrise, then turn your lights off"
DUNErBxS,"if every day at, then turn on your hue lights"
DUWb7YHA,"if say a specific phrase, then toggle the pod on or off"
DUX4xPK3,"if your alarm goes off, then turn your hive light on for a specific duration"
DV8BN4nb,"if thermostat outdoor temperature is less than, then set the thermostat into a hold using the settings from the specified comfort profile"
DVS4fx2b,"if every day at, then turn your lights on"
DVtpvKDF,"if pusher pressed, then turn your lights off if they are on, and turn them on if they are off"
DW3bFEHq,"if say a specific phrase, then activate the shortcut you specify"
DWLTRNjV,"if say a specific phrase, then send a command to one of your openhab items"
DWnhf2ZS,"if receive an event from apilio, then turn on a device"
DWuvG2Pd,"if every day at, this action turns on your air purifier"
DXQu3tsw,"if sunset, then activate the scene that you choose"
DXadVGMr,"if sunset, then turn the specified product on"
DXuv9yHQ,"if sunset, then turn on your hue lights"
DY6NHLwz,"if a flow has been started, then set a specific device on manual mode"
DY7auk2z,"if contact sensor closes, then activate a selected scene from your account"
DYJQd63x,"if current humidity level rises above, then turn a wemo switch on"
DYWZuTyw,"if sunrise, then turn off your hue lights"
DZ74TJyV,"if every day of the week at, then turn on your hue lights"
DZBM4Hnp,"if incoming phone call from a specific number missed, then briefly turn your hue lights off then back on"
DZj3ArNG,"if sunset, then turn on your hue lights"
DZw9S4xC,"if you enter an area, then unpause your thermosmart, i"
Da3gqxWQ,"if motion detected or no motion detected, then set a specific device on heat mode"
Da9qjsHY,"if new motion detected, then set a lutron dimmer or switch to the level you specify"
DatDvuJp,"if new feed item, then briefly turn your hue lights off then back on"
DbXkyZ8H,"if say a phrase with a number, then set your honeywell thermostat to hold a temperature for a specified period of time"
DcDNyhQa,"if thermostat enters smart home/away, then turn on your hue lights"
DcHujTUi,"if any incoming phone call missed, then change the color of your hue lights"
DcZMrLE8,"if device turns on, then turn on/off a device"
DdVZ5G6x,"if every day at, then make your lights quickly blink the color of your choice"
Ddbu4fRh,"if device connects, then turn on your hue lights"
DdhaVFR2,"if send ifttt an email tagged, then turn on your hue lights"
Ddhxfpvw,"if you exit an area, then turn off your hue lights"
DdkPGiWL,"if new photo post by you, then change the color of your hue lights to match the dominant colors found in an image you specify"
De7RH6nb,"if say a simple phrase, then turn your lights off"
Df28Dx9G,"if say a simple phrase, then turn off your hue lights"
Dfc6aUJt,"if sunset, then turn on one of your mi|home devices"
Dfh97gJm,"if the alarm panel has been armed, then turn your ihome plug on or off"
DfhHzs7Q,"if you enter an area, this action turns on one of your light switches"
DgbcqLE6,"if wind speed rises above, then make your lights slowly breathe the color of your choice"
Dh84tAGv,"if every day at, then turn on your hue lights"
DhiasUJM,"if every day at, then turn off your hue lights"
DiVAW98Z,"if every day of the week at, then turn your lights off"
DiuTCv5p,"if say a phrase with a text ingredient, then activate a scene"
DiyY9ENt,"if any door open, then turn on your hue lights"
Dj4dZmBa,"if sunset, then turn on your hue lights"
DkivTL3e,"if new ring detected, then briefly turn your hue lights off then back on"
DktAeLX5,"if new follower, then change the color of your hue lights"
DmECzwrR,"if sunset, then turn on one of your mi|home devices"
DnD4ATz9,"if litter robot events, then briefly turn your hue lights off then back on"
DpAufPXD,"if the alarm was disarmed, then turn on your hue lights"
DpR9fiuk,"if say a specific phrase, then turn on your hue lights"
DphkPabU,"if say a specific phrase, then turn on your hue lights"
DqQtbf2H,"if arrive home, then set a specific device on heat mode"
DqbRtDvw,"if every day at, then turn your lights off"
DrCT5H8B,"if say a specific phrase, then launch a connexoon scenario"
DtDUJWvg,"if say a simple phrase, then start your heating"
DtZiFSTd,"if new song played, this action well set a scene on your hue lights"
Du2dwsQW,"if sunrise, then change the setpoint of a device to the desired value"
Dw67cTvp,"if sunset, then turn on a whole group of mi|home devices simultaneously"
DwB3s5vY,"if current condition changes to, then briefly turn your hue lights off then back on"
Dwa6gyV4,"if say a specific phrase, then change the color of your hue lights"
DwpW4Hcz,"if rain detected, then change the color of your hue lights"
DwuqSd2z,"if you exit an area, this action sets an override on target temperature of one of your zones"
Dx8Etsej,"if new motion event, then turn on your hue lights"
DxA93fcv,"if new saved track, then change the color of your lights"
DxEHvszK,"if say a specific phrase, then turn on your hue lights"
DxFLBvhc,"if say a simple phrase, then turn off your hue lights"
DxVeU3cW,"if disconnects from any wifi network, then turn on your hue lights"
Dxzi4T2h,"if button press, then set your thermostat to a specified temperature"
Dy5XSUwM,"if notification received from a specific app, this action well set a scene on your hue lights"
Dy62HwaL,"if motion detected, then turn a wemo switch on"
Dy7KDmqk,"if sunset, then turn your lights on"
DyfEKJgd,"if say a simple phrase, then open the garage door you specify"
Dyj9dNwB,"if start alarm, then change the color of your hue lights"
DzDtgMek,"if current temperature drops below, then turn a wemo switch off"
DzdW9pJe,"if sunrise, then turn off your hue lights"
DzdrmRwQ,"if say a simple phrase, then switch off the pod"
DzgSXCRh,"if you enter an area, then make your lights slowly breathe the color of your choice"
DzygXcxQ,"if sunset, then dim or brighten your hue lights to a value between 0-100"
E23v9Sgu,"if every day of the week at, then briefly turn your hue lights off then back on"
E2MJLHQs,"if sunrise, then turn a wemo switch off"
E2tvSnqs,"if new saved track, then change the color of your hue lights to match the dominant colors found in an image you specify"
E32XL8qF,"if you enter an area, then run a scene"
E3sYaAPT,"if say a specific phrase, then change your hue lights to a randomly selected color"
E3tsExjU,"if sunset, then turn on, turn off or toggle your lights"
E4HKxTPj,"if say a specific phrase, then dim or brighten your hue lights to a value between 0-100"
E4JMgr7k,"if button press, then turn on the pivot power genius outlet you specify"
E4K25XM9,"if every day of the week at, then turn off your hue lights"
E4PJ7nDj,"if say a specific phrase, then lock your smartthings devices that support locking"
E4cavJnm,"if every day at, then change the brightness of a dimmer to a specified level/percentage"
E5HXpjPB,"if new motion event, then turn on the selected light(s)"
E5bkS3Qe,"if sunset, then switch on your socket"
E63HdQ9U,"if new motion detected, then turn on a light"
E6Yg7jzH,"if you enter an area, then turn on, turn off or toggle your lights"
E6k2tAWs,"if humidity drops below, then turn off a selected device"
E7XMwmjn,"if any new reminder, then briefly turn your hue lights off then back on"
E7qB8aSs,"if new message with key phrase to @ifttt, then change the color of your hue lights"
E8nXTYK3,"if current temperature rises above, then turn a wemo switch on"
E8rSnX3G,"if say a simple phrase, this action well set a scene on your hue lights"
E9KFfhLH,"if outdoor temperature rises above, then turn on a device"
EAFifbkC,"if electricity in norway is expensive, then set the freezer temperature"
EAmfxpst,"if say a simple phrase, then turn off your hue lights"
EB287hfu,"if say a specific phrase, switch air on"
EBU7aVGx,"if alarm initiated, then turn on your hue lights"
EBgh8XYb,"if every day at, then turn a wemo switch off"
EBtXfDbN,"if you enter an area, the action will set the temperature on the selected heatmiser thermostat"
EBushxLD,"if new sms received from phone number, then briefly turn your hue lights off then back on"
ECM6nUQ4,"if button press, then turn on one of your mi|home devices"
EChQPNsq,"if button press, then toggle a wemo insight switch on or off"
ECyRrJqt,"if someone known arrives home, then turn on your hue lights"
ED4vAhqB,"if say a simple phrase, then turn on your hue lights"
EDA2hvHp,"if device connects, then turn on your hue lights"
EDRTBjpv,"if geo-circle was exited, then turn off your hue lights"
EDjyzTKi,"if you exit an area, then turn off your hue lights"
EE8LTQxH,"if item added to your to do list, then turn off your hue lights"
EF3kjprg,"if every day of the week at, then make your lights quickly blink the color of your choice"
EFCrN8Xw,"if say a simple phrase, then turn on your hue lights"
EFNEx2iW,"if you enter an area, then set a innogy smarthome state to 'yes'"
EFwAJtL5,"if sunset, then turn a wemo insight switch on"
EGSwHEVs,"if new message with key phrase to @ifttt, then preheat your oven using the hot air program with the fast preheat option"
EGWSsTLh,"if say a specific phrase, then set your honeywell thermostat to hold a temperature for a specified period of time"
EHV8Nj2X,"if smoke alarm emergency, then turn on one of your mi|home devices"
EHigpM4j,"if say a specific phrase, this action well set a scene on your hue lights"
EJACfdhL,"if send ifttt any email, then turn on your hue lights"
EJiZpcvm,"if say a simple phrase, then turn off your hue lights"
EJjQzdmX,"if when i get into bed, then turn off a specific device"
EK3Qanyi,"if humidity rises above threshold, then briefly turn your hue lights off then back on"
EKHhQjSr,"if current temperature drops below, then set the position of a thermostatic radiator valve (trv)"
EL8zVkhx,"if smoke alarm warning, then turn on your hvac system fan for the amount of time you specify in your nest fan timer setting (default is 15 minutes)"
ELGhwSU2,"if say a simple phrase, then lock your smartthings devices that support locking"
ELemQTvJ,"if any new photo by you, then make your lights quickly blink the color of your choice"
EM7X9xqQ,"if you exit an area, then set the heating mode to off"
ENimaUAg,"if send ifttt an email tagged, then turn on your hue lights"
EPD2npwT,"if receive an event from apilio, then cancel standby mode on the selected heatmiser thermostat"
EQ4ucnJv,"if say a specific phrase, then turn off your hue lights"
EQEVWMLC,"if when i get out of bed, then turn on the selected light(s)"
EQMD7j6Z,"if say a specific phrase, then change the color of your hue lights"
EQk9bMGA,"if peak time savings - savings hours announced, then set the thermostat into a hold using the settings from the specified comfort profile"
EQnzvUFK,"if sunrise, then turn a wemo switch off"
ERfkUBHd,"if sunset, then turn on your hue lights"
ES9DTueB,"if today's weather report, then change the color of your hue lights"
ETMrAq4m,"if every day of the week at, then turn on your hue lights"
ETc3EULG,"if lock locked, then change the color of your hue lights"
EUt6Vh2P,"if say a specific phrase, then change the color of your hue lights"
EVSz9Kv4,"if any event starts, then turn your lights on"
EVqWvb6j,"if sunrise, then turn off your hue lights"
EW2z6s8X,"if motion detected, then change the color of your hue lights"
EWFwSxsK,"if say a specific phrase, then turn a wemo switch on"
EWRSkJ7Y,"if say a simple phrase, then turn a wemo switch off"
EWxh8yQe,"if every hour at, then turn your lights off if they are on, and turn them on if they are off"
EXRu7tdb,"if long press, then turn on your smartthings devices that support switching on"
EXcZB98S,"if movement is detected, then turn a wemo insight switch on"
EYWma7sS,"if say a specific phrase, then change the color of your lights"
EZ8mh7bX,"if smoke alarm emergency, then turn a wemo light switch on"
EZRGJ42b,"if say a specific phrase, then change the color of your hue lights"
EaR7nhKu,"if every day at, then set a lutron dimmer or switch to the level you specify"
Eati7Sk2,"if every day at, then turn on your sengled lights"
EbHVeNFM,"if current condition changes to, then set your lights to a pre-defined scene"
EbXVCTPj,"if mode changed, then turn off your hue lights"
Ed6YT2vj,"if say a specific phrase, then adjust multiple lights and shades together by activating a scene created in the lutron app"
Edf7uaE3,"if say a specific phrase, then lock your smartthings devices that support locking"
Ee2YzbMm,"if current temperature drops below, then turn a wemo switch on"
EeudBvbg,"if sunset, then turn on a slow color loop effect for your hue lights"
Ef7qUz4E,"if nest set to home, then turn a wemo switch on"
EfA5W79V,"if every day at, then make your lights quickly blink the color of your choice"
EfmJCYcA,"if say a specific phrase, then set a nest thermostat to the temperature you specify"
EgYwRD4G,"if sunset, then turn on your hue lights"
EgxUHB23,"if every day at, then turn off your hue lights"
Eh5fA9bN,"if alarm triggered, then turn on a device"
EiC9zbV2,"if button press, switch wattio air off"
Eih6ZszP,"if say a simple phrase, then turn off the device/group of your choosing"
EitE52He,"if new tweet by a specific user, then turn on your hue lights"
EivupxNJ,"if alert, then turn on your smartthings devices that support switching on"
EjfVbSn6,"if sunrise, then turn off your hue lights"
Ek7dT3Wr,"if your alarm goes off, then turn your lights on"
EkvDdghC,"if you enter an area, then turn a wemo switch on"
EmGUYdJC,"if sunset, turns on the selected group of wemo lights"
EnHQVXWR,"if every day at, then turn your lights off"
EqRcT42X,"if sunset, then turn a wemo switch on"
EqbgpSZB,"if new motion detected, then turn on/off a device"
ErU7pFEd,"if motion sensor becomes clear, then turn off the device/group of your choosing"
ErULjt3J,"if an #ohmhour ends, then activate the specified scene"
Erbk936v,"if you are tagged in a photo, then briefly turn your hue lights off then back on"
ErufjcMm,"if sunrise, then turn on your hue lights"
EsFNSJUR,"if button press, then send a command to one of your openhab items"
EsTFdMti,"if say a specific phrase, then set your nefit easy to auto mode"
EsUZaqWP,"if every day at, then turn on your hue lights"
Et2EjePp,"if say a specific phrase, then turn off your coffee machine"
EtMmcyAC,"if motion detected, then turn a wemo switch on"
EtpnrSkx,"if door opened, then turn on your hue lights"
EuPND3ab,"if every day at, then turn off your hue lights"
EuVAB37e,"if rain detected, then briefly turn your hue lights off then back on"
EubkjGrB,"if new ring detected, then toggle a decora smart wi-fi device on/off"
EvLwqGRn,"if notification received from a specific app, then activate the specified scene"
EvdL47uy,"if sunset, then change the brightness of a dimmer to a specified level/percentage"
EvnZh3wp,"if say a specific phrase, then change the brightness of a light bulb"
EvrUQqp3,"if you enter an area, then turn a wemo insight switch on"
EwAHL9u5,"if preheat temperature reached, then briefly turn your hue lights off then back on"
EzMauFd7,"if connects to a specific wifi network, then turn on your hue lights"
EzmRi2EV,"if say a simple phrase, then turn off your hue lights"
F2HGp6Me,"if current condition changes to, then briefly turn your hue lights off then back on"
F3EAXWUz,"if say a specific phrase, then turn off your air conditioner"
F4iMuFHg,"if say a specific phrase, then turn a wemo switch on"
F4r2eN8t,"if smart home security away mode activated, then turn off your hue lights"
F5AAZ44s,"if audio event detected, then turn off your hue lights"
F5Gted8w,"if if co2 level is low, then change the color of your lights"
F5GtjRkz,"if light switched on, then update a boolean variable in apilio to true"
F65JXvac,"if current temperature drops below, then turn a wemo switch on"
F68bfwgK,"if cooking timer done, then briefly turn your hue lights off then back on"
F69RYywX,"if say a simple phrase, then set the light to specified color"
F6BwDnj7,"if you enter an area, then set a nest thermostat to the temperature you specify"
F6Hesv8h,"if any new notification from a repository, then briefly turn your hue lights off then back on"
F6aLXwhF,"if any event starts, then change the color of the nanoleaf light panels or canvas that you select from the device dropdown on this screen"
F73z2w9W,"if you enter an area, then remove any existing quick action at your location and set your heating system to follow the schedule"
F8ufq6Uk,"if every day of the week at, then turn on your hue lights"
F9iBW3Gw,"if you are tagged in a photo, then briefly turn your hue lights off then back on"
FB375Jkq,"if smart lawnmower button press once, then start the selected coffee program with your preferred settings"
FBDVFX93,"if switched off, then turn a wemo insight switch on"
FBWZpmqz,"if say a specific phrase, then set a nest thermostat to the temperature you specify"
FDhnU2Wz,"if update received, then update a numeric variable in apilio"
FDiWNuyU,"if say a specific phrase, then start the selected coffee world program with your preferred settings"
FDqBQG5p,"if light switched off, then turn a wemo switch off"
FDtkBHsg,"if every day at, then turn a wemo switch off"
FE5FAs2t,"if someone known arrives home, then turn on your hue lights"
FEipUReL,"if you exit an area, then set a nest thermostat to the temperature you specify"
FFdt9rEL,"if say a simple phrase, then turn your lights on"
FG57bgSm,"if say a specific phrase, then start the selected coffee program with your preferred settings"
FGBUNzr8,"if say a specific phrase, then set a nest thermostat to the temperature you specify"
FHNwQxA3,"if say a simple phrase, then set a nest thermostat to the temperature you specify"
FHyz5UGA,"if sunrise, then turn on your hvac system fan for the amount of time you specify in your nest fan timer setting (default is 15 minutes)"
FJ3dayDf,"if person detection, then briefly turn your hue lights off then back on"
FJA39eQR,"if the alarm was armed, then turn off your hue lights"
FJK85HCz,"if pm2.5 threshold is crossed, this action turns off your air purifier"
FJvsYeC6,"if every year on, then turn on a slow color loop effect for your hue lights"
FKkZgMda,"if say a simple phrase, then set your honeywell thermostat to hold a temperature for a specified period of time"
FL9EwYvn,"if current temperature rises above, then briefly turn your hue lights off then back on"
FLQMhguY,"if u.s. independence day, then change the color of your hue lights to match the dominant colors found in an image you specify"
FLgw85Hr,"if we detect that the home is empty, then turn off the selected light(s)"
FMJa3euY,"if sunrise, then toggle a wemo switch on or off"
FMN4qynm,"if button press, then turn a wemo switch on"
FMcnq8p9,"if every day of the week at, then turn on your hue lights"
FN6wm73D,"if say a specific phrase, then turn a wemo switch off"
FNe3qiuE,"if every day at, then activate the specified scene"
FPd9yQ3Z,"if switched on, then turn on your hue lights"
FQpfmZrL,"if sunrise, then turn on your hvac system fan for the amount of time you specify in your nest fan timer setting (default is 15 minutes)"
FRUCkqtn,"if your alarm goes off, then turn off your hue lights"
FRxBKdph,"if say a specific phrase, then switch on all your security devices"
FSkaWGKQ,"if door closed, then turn off your hue lights"
FSpLvwrC,"if today's weather report, then change the color of your hue lights"
FU8xbMse,"if system armed, then set the heating mode to off"
FUP6VXZL,"if every day of the week at, then briefly turn your hue lights off then back on"
FUzG9qBW,"if say a simple phrase, then dim or brighten your hue lights to a value between 0-100"
FVWqueTg,"if say a simple phrase, then turn off your hue lights"
FW8ESUfN,"if fasting time, then turn on your hue lights"
FWCLQGhP,"if you exit an area, then close the garage door you specify"
FWZiCaEb,"if say a specific phrase, then turn off your hue lights"
FXQLwVt5,"if motion sensor detects motion, then turn a wemo light switch on"
FXbiZPcR,"if current condition changes to, then change the color of your hue lights"
FY37Tk8V,"if sunset, then turn on your hue lights"
FYV2Ur59,"if pusher pressed, then toggle your hue lights on or off"
FYscf9WB,"if current temperature rises above, then set the temperature of a thermostat or thermostatic radiator valve (trv)"
FZVtyqzQ,"if switched on, then change the color of your hue lights"
FZyqMN3t,"if today's weather report, then turn off your hue lights"
FaNc7xfp,"if say a simple phrase, then turn off your hue lights"
Fb5DAL8y,"if say a simple phrase, then set the heating mode to off"
Fb5ZTPDv,"if uv rises above, then change the color of your hue lights"
FbfxHnNU,"if sunset, then activate the shortcut you specify"
Fbp7uZkX,"if nest set to away, then turn your lights off"
Fc3UH9kp,"if daily step goal achieved, then briefly turn your hue lights off then back on"
FcEKm5aW,"if any event starts, then turn on a slow color loop effect for your hue lights"
FcuVMq46,"if daily goal not achieved by __:__, then briefly turn your hue lights off then back on"
FdSqDTXf,"if send ifttt an email tagged, then turn your lights off"
FeFiRvq6,"if every day at, then set the heating mode to schedule"
FeR7LDXu,"if motion detected, then turn on your hue lights"
FfZBCsTX,"if task completed, then make your lights slowly breathe the color of your choice"
FfeLiZ42,"if button press, then activate the specified scene"
Fg6b2htv,"if astronaut enters space, then turn on a slow color loop effect for your hue lights"
FgbVjfRt,"if any event starts, then toggle your hue lights on or off"
FgxJAkd8,"if your alarm goes off, then turn your lights on"
FhZ2MTQj,"if any new sms received, then briefly turn your hue lights off then back on"
FhdBPjmM,"if every day at, then turn off your hue lights"
FheaMcQF,"if receive an event from apilio, then turn on a slow color loop effect for your hue lights"
FhxsnXUm,"if say a simple phrase, then change the color of your hue lights"
FhzMEf9V,"if every day of the week at, then turn a wemo switch off"
FitwDZ4j,"if every day of the week at, then turn on your smartthings devices that support switching on"
Fj3wek8m,"if sunrise, then turn off your hue lights"
FjCpnMbF,"if new super chat message, then change your lights to specified color temperature"
FjTyiwJZ,"if thermostat set to a mode, then turn off your hue lights"
FjhneYci,"if you enter an area, then turn on your hue lights"
FkSGyaHq,"if door closed, then turn on your hue lights"
FkgeC2uP,"if every year on, then turn on a slow color loop effect for your hue lights"
Fn5w7p6K,"if say a simple phrase, then send a command to one of your openhab items"
Fndv9brN,"if every day at, then turn your lights off"
FnhfX8kG,"if switched on, then turn a wemo switch on"
FnvpXbcQ,"if motion detected, then change the color of your hue lights"
FrFHeETv,"if send ifttt an email tagged, then turn on your hue lights"
FsJutrB3,"if new ring detected, then make your lights quickly blink the color of your choice"
FsPJQ3HT,"if new channel membership, then set your lights to a pre-defined scene"
FsatPGUX,"if send ifttt an email tagged, then turn on a slow color loop effect for your hue lights"
FsgMh7UJ,"if new super chat message, then make your lights quickly blink the color of your choice"
FsnWGFqV,"if say a simple phrase, then turn off your hue lights"
Ft9KWh45,"if sunrise, then turn the specified product's night light off"
FuEZ2NW8,"if temperature rises above threshold, then change the color of your hue lights"
FujBXPRm,"if switched on, then turn a wemo switch off"
Fv3nzH5R,"if action button pressed, then toggle your hue lights on or off"
FvJxR4Mc,"if you exit an area, then pause your thermosmart"
FvZTCHV6,"if you enter an area, then order your home to go back to default schedule"
Fw8dTKBb,"if sunset, then briefly turn your hue lights off then back on"
Fwmtjs8F,"if say a specific phrase, then send a command to one of your openhab items"
FwpkXnWa,"if your alarm goes off, then activate the shortcut you specify"
FxLGXLsC,"if audio event detected, then turn a wemo switch off"
FxMifKRY,"if connects to a specific wifi network, open the sl-bus door"
FxTPYtbv,"if say a phrase with a text ingredient, then set a nest thermostat to the temperature you specify"
FxWKuhPE,"if current temperature rises above, then set a target temperature on your window ac unit"
FxYU2rBC,"if flic is clicked, then turn your hive light off for a specific duration"
FyGHvxUT,"if button press, then preheat your oven using the hot air program with the fast preheat option"
FyL2rbqB,"if send ifttt an email tagged, turn your a/c on with a set temperature, mode and fan level"
FyNA7bDG,"if current temperature drops below, then turn a wemo insight switch on"
FzFG36pr,"if receive an event from apilio, then set thermostat to a specific temperature in current mode"
FzHxGh9R,"if every hour at, then return control of your heating to tado⁠°, using your user-defined settings (e"
FzXegFZR,"if any new sms received, then briefly turn your hue lights off then back on"
FzeyRt9c,"if alarm triggered, then make your lights slowly breathe the color of your choice"
FzkMaVcq,"if new motion event, then change the color of your lights"
FzuPHQUB,"if is it christmas?, then make your lights slowly breathe the color of your choice"
G2JamXz9,"if connects to a specific wifi network, then set your lights to a pre-defined scene"
G2d5gAef,"if sunrise, then turn off your hue lights"
G2nztPLx,"if sunset, then activate a scene"
G3QgfwcL,"if temperature rises above, then turn a wemo switch off"
G3gZbWiu,"if say a specific phrase, then change the color of your hue lights"
G4ewkmnq,"if current condition changes to, then change the color of your hue lights"
G5zFfcgL,"if sunrise, then turn a wemo switch off"
G6fishut,"if every day at, then turn on your hue lights"
G6ghF5c9,"if an #ohmhour starts, then activate the specified scene"
G7byeKgw,"if order out for delivery, then briefly turn your hue lights off then back on"
G7vAekhi,"if alarm, then change the color of your hue lights"
G8XHBhqb,"if current condition changes to, then change the color of your hue lights"
G8tXRVCB,"if sunset, then turn on your hue lights"
G8vbP6AZ,"if oge smarthours price changes, then set your honeywell thermostat to permanently hold the specified temperature until you change it"
G96L4cyv,"if every year on, then turn on a slow color loop effect for your hue lights"
G9A7P2xm,"if sunrise, then activate a scene"
G9KrckTV,"if you enter an area, then turn your lights on"
G9QK6Haz,"if low temperature alert, turn your a/c off"
G9fSgqKU,"if presence detected, then turn on a device"
GA7fCmpv,"if new check-in tagged, then turn your aros a/c on and set to a temperature you specify"
GACukMTq,"if button press, then clean a specific room in your home"
GAFhDb2W,"if presence no longer detected, then change the color of the nanoleaf light panels or canvas that you select from the device dropdown on this screen"
GAQd8ybK,"if prayer time, then turn on your hue lights"
GBUz2Rnw,"if every day of the week at, then turn off your hue lights"
GBtaSFum,"if the alarm panel has been disarmed, then turn your ihome plug on or off"
GBuTHfSe,"if button press, then set the thermostat into a hold with the specified temperature for the specified number of hours"
GC2eGXu7,"if light switched on, then turn on the functional light of your hood with the selected brightness"
GCt2gWq4,"if say a simple phrase, then turn on a slow color loop effect for your hue lights"
GDQfiRMc,"if alarm activated, then turn on your hue lights"
GDzpcgmL,"if ask what's on your to do list, then change the color of your hue lights"
GEmij8hX,"if sound detected, turns on the selected group of wemo lights"
GFagQtyf,"if every day at, turns off the selected wemo light"
GG64u2gT,"if say a simple phrase, then turn off your hue lights"
GGKJikb9,"if sunset, this action well set a scene on your hue lights"
GHNhTDyA,"if current temperature rises above, then set thermostat to manual at a specific temperature indefinitely"
GJ8uf2Qv,"if sunset, then turn on, turn off or toggle your lights"
GJByMGEr,"if you exit an area, then turn on/off a device"
GK6hARsn,"if sunset, then turn on your hvac system fan for the amount of time you specify in your nest fan timer setting (default is 15 minutes)"
GLBynHNh,"if you exit an area, turns off the selected wemo light"
GLWwVJcX,"if disconnects from a specific wifi network, then turn off a selected device"
GM6XgPJw,"if say a simple phrase, then turn on, turn off or toggle your lights"
GMNqQ4Ec,"if new follower on your channel, then change the color of your hue lights"
GMibqnwH,"if carbon dioxide drops below, then change the color of your hue lights"
GMzKTPqH,"if say a simple phrase, then turn off your hue lights"
GN3hmrKY,"if price rises above, then turn off your hue lights"
GNRMsmvK,"if a flow has been started, then set a specific device on heat mode"
GNbVXYes,"if you exit an area, then activate the specified scene"
GP48dKih,"if send ifttt any email, then turn a wemo switch on"
GP6p32bF,"if every day at, then turn on/off the led light of my projector"
GPbh7WDa,"if every day at, then turn on one of your mi|home devices"
GQBdhZWm,"if say a specific phrase, then turn on, turn off or toggle your lights"
GQReYFCD,"if say a specific phrase, this action well set a scene on your hue lights"
GQcYsEUy,"if every day at, then turn off your hue lights"
GQhsCMjx,"if new song played, then change the color of your lights"
GRhWpz9r,"if say a specific phrase, then activate a beolink gateway scene"
GRvFjpeW,"if door is open, then turn on your hue lights"
GS59TAnu,"if receive an event from apilio, turn your a/c on with a set temperature, mode and fan level"
GS7WJ5HG,"if flic is clicked, then turn a wemo switch off"
GSBXzuTW,"if button press, then pause your thermosmart"
GSZiqzRX,"if air quality is unhealthy, then change the color of your hue lights"
GSarZ9JR,"if new public video from subscriptions, then set your lights to a specified brightness"
GSfW6hQK,"if say a simple phrase, then turn on your hue lights"
GSwqL5Vd,"if sunset, then activate the shortcut you specify"
GT6V7Kkn,"if say a specific phrase, then start the selected dishwasher program"
GTM4CEKX,"if sunrise, then turn on your coffee machine"
GTcXn3JV,"if event from search starts, then set the heating mode to off"
GU6b5QNF,"if say a simple phrase, then turn off your hue lights"
GV7UAEvH,"if every year on, then turn on a slow color loop effect for your hue lights"
GVj28X9S,"if every day at, then turn a wemo switch on"
GXSB2JMz,"if every day of the week at, then turn your lights off"
GXShMZyn,"if motion sensor becomes clear, then turn off your hue lights"
GXUAqnzx,"if switched on, then turn a wemo insight switch on"
GXYqfF5a,"if new tweet by you with hashtag, then toggle a wemo switch on or off"
GZ2chXub,"if every day at, then turn on your hue lights"
GZYsM3Ht,"if alarm dismissed, then deactivate your smartthings alerting device's siren and/or strobe"
Ga5tDK2T,"if say a specific phrase, then adjust multiple lights and shades together by activating a scene created in the lutron app"
Gb62TGte,"if routine activated, then turn your heating off"
GdWH4cVi,"if gesture with task matching id occurs, then set a nest thermostat in heat-cool mode to the temperature range you specify"
GduHTYKF,"if every day at, then turn on your hue lights"
GeGMnN7U,"if current condition changes to, then turn a wemo switch on"
GeUKx4p3,"if temperature drops below, turn your a/c off"
GecLPqv7,"if arrive home, then turn on your hue lights"
GfCPb8DR,"if every day of the week at, then change the color of your lights"
GfY7LxTa,"if new voicemail, then change the color of your lights"
GfujXDZN,"if your alarm goes off, then turn a wemo switch on"
Gg7LfNic,"if every year on, then turn on a slow color loop effect for your hue lights"
Gh5w4UpD,"if you enter an area, then turn on your hue lights"
GiNnszYT,"if any incoming call, then turn on a slow color loop effect for your hue lights"
GiSVqNBW,"if incoming call from unknown number, then make your lights quickly blink the color of your choice"
GjdsAVk9,"if you enter an area, the action will set the temperature on the selected heatmiser thermostat"
GjnTNz3f,"if update received, then update a numeric variable in apilio"
GkrbQMU3,"if every day at, then turn off your hue lights"
GmA6p8XE,"if current condition changes to, then turn off a selected device"
GmdSNKDR,"if new tweet by a specific user, then activate the scene that you choose"
GmykDEUF,"if say a specific phrase, this action well set a scene on your hue lights"
GnAZemEF,"if light rises above or drops below, then turn off the selected light(s)"
Gqp6jfxA,"if presence no longer detected, then turn off your smartthings devices that support switching off"
GrdDPGke,"if nexia automation runs, then set the operating mode of your ge water heater"
GrsmDTtb,"if say a simple phrase, then dim or brighten your hue lights to a value between 0-100"
GrxJkn3q,"if today's weather report, then change the color of your hue lights to match the dominant colors found in an image you specify"
Gs6vZTwR,"if every day of the week at, then change the color of your hue lights"
GsFeYCSy,"if switched on, then turn a wemo switch off"
GsjzdkJY,"if sunset, then turn on one of your mi|home devices"
GsqUMYJu,"if door opens, then turn on your hue lights"
GswUkjbh,"if sunrise, then turn your lights off"
GtYNVJB7,"if event from search starts, then turn a wemo switch on"
Gu4AZJaS,"if say a simple phrase, then dim or brighten your hue lights to a value between 0-100"
Gu74fxr2,"if every day of the week at, then set the operating mode of your ge water heater"
GuTBVY26,"if focustime session starts, then set a nest thermostat to the temperature you specify"
GuXiDAj6,"if any new sms received, then briefly turn your hue lights off then back on"
GuaeTmNn,"if button press, then open the garage door you specify"
Gv6fxNte,"if every day at, then turn a wemo switch off"
GvktUaJe,"if a person has been seen outside, then change the color of your hue lights"
GwSRJ8pK,"if electricity in norway is cheap, then change the color of your hue lights"
GyvuE3tm,"if say a simple phrase, this action well set a scene on your hue lights"
Gz4EpiN2,"if your alarm goes off, then turn a wemo switch on"
GzdKHVCY,"if your alarm goes off, then dim or brighten your hue lights to a value between 0-100"
H2FqrzfJ,"if button press, then turn off one of your mi|home devices"
H2bUjixy,"if thermostat schedule override, this action removes the currently running event on the selected thermostat providing the event is not a mandatory demand response event"
H2cx3KpA,"if device connects, then set a nest thermostat to the temperature you specify"
H3AnumQe,"if end of cycle, then briefly turn your hue lights off then back on"
H3D7qvhB,"if receive an event from apilio, then activate standby mode on the selected heatmiser thermostat"
H5UwsBP8,"if switched on, then turn on your smartthings devices that support switching on"
H5g9KvDH,"if new sms sent matches search, then turn on your hue lights"
H5i7JNXP,"if every year on, then change the color of your lights"
H6984vCV,"if you enter or exit an area, then set the heating mode of the thermostat"
H6BDyuX5,"if say a specific phrase, then turn on a slow color loop effect for your hue lights"
H6TdkbcM,"if sunset, then turn on your hue lights"
H6Y89Cis,"if every day at, then turn off your hue lights"
H6aZevN3,"if any new motion, then change your hue lights to a randomly selected color"
H7HmKVrE,"if every day at, then turn off your hue lights"
H7c6KCzy,"if send ifttt an email tagged, then turn on your hue lights"
H89EWdsX,"if say a simple phrase, then turn on the device/group of your choosing"
H8eHRWAE,"if current temperature drops below, then boost heating to the temperature and duration you specify"
H8nSD6s7,"if any incoming phone call missed, then make your lights quickly blink the color of your choice"
H9eaiBpZ,"if current temperature drops below, then set the current room temperature to a level of your choice"
HA3zj_Zc,"if alarm activated, then briefly turn your hue lights off then back on"
HA83wWHJ,"if every day at, then turn off your hue lights"
HAchYaEz,"if send ifttt an email tagged, then turn a wemo switch on"
HAtfiL7E,"if sunset, then dim or brighten your hue lights to a value between 0-100"
HBNmxtgG,"if tado⁠° switches to away mode, then turn a wemo switch off"
HBqeZFJz,"if thermostat outdoor temperature is less than, then set the thermostat into a hold using the settings from the specified comfort profile"
HBwNMtvY,"if every day at, then turn off your hue lights"
HD4RFyLu,"if new channel membership, then set your lights to a specified brightness"
HDp6hagd,"if temperature falls below threshold, then change the color of your hue lights"
HE9eatvc,"if carbon dioxide rises above, then change the color of your hue lights"
HET6iLtf,"if tado⁠° switches to home mode, then turn a wemo switch on"
HEUnmiP8,"if sunset, then turn your lights on"
HF82PJWp,"if nest set to home, then turn off your hue lights"
HFTQH96f,"if temperature drops below, then turn a wemo insight switch on"
HG6dfUKL,"if any event starts, then turn on one of your mi|home devices"
HHurA3QU,"if incoming phone call from a specific number missed, then change the color of your hue lights"
HJnGRgrm,"if new tweet by you, then turn off your hue lights"
HKSqmy9Z,"if say a simple phrase, then switch on the pod"
HKTDN8q2,"if air quality is unhealthy, then briefly turn your hue lights off then back on"
HKqfLm9u,"if new public video uploaded by you, then make the selected light(s) pulse gently once"
HLb6Hwhx,"if every day at, then turn on your hue lights"
HLeJxpvc,"if smoke alarm warning, then change the color of your hue lights"
HMJcbZak,"if event from search starts, then turn a wemo light switch on"
HMYSg5nv,"if alarm event, then turn on your hue lights"
HMdVP2ZJ,"if alert, then activate your smartthings alerting device's siren and/or strobe"
HN3Fgrpi,"if new follower on your channel, then make your lights quickly blink the color of your choice"
HN9Z2nyY,"if button press, then set the temperature on the thermostat"
HNHx62dL,"if every hour at, then turn on a slow color loop effect for your hue lights"
HNg9Yyfm,"if say a specific phrase, then turn a wemo light switch off"
HPDpCUd6,"if every day at, then turn a wemo switch on then immediately back off"
HPJnAGZ8,"if new super chat message, then set your lights to a pre-defined scene"
HPTuSXne,"if every day at, then switch on your light"
HPZVUdCF,"if device is unplugged, this action well set a scene on your hue lights"
HPh9mxnr,"if say a simple phrase, then turn the thermostat back on to the mode that was last set"
HQXD6qWM,"if you exit an area, then turn off your daikin ac unit"
HQv2DhTE,"if send ifttt any email, then briefly turn your hue lights off then back on"
HQwyAjFS,"if new ring detected, then briefly turn your hue lights off then back on"
HQynbuTc,"if item added to your to do list, then turn on your smartthings devices that support switching on"
HSCdJRQk,"if you enter an area, this action turns on your air purifier"
HSD42jfy,"if say a simple phrase, then turn on your hvac system fan for the amount of time you specify in your nest fan timer setting (default is 15 minutes)"
HSTwFuYX,"if new super chat message, then set your lights to a specified brightness"
HSiQNzCW,"if rain detected, then briefly turn your hue lights off then back on"
HSp6sM5N,"if say a specific phrase, then lock a specific device"
HSsdZaHj,"if every day of the week at, then turn off your hue lights"
HTak4X5f,"if you enter an area, then turn on your hue lights"
HU7n3TtN,"if any incoming call, then turn a wemo light switch on then immediately back off"
HUb5ATM9,"if every day of the week at, then turn off your hue lights"
HUdpPkbj,"if you enter an area, then set your lights to a pre-defined scene"
HUq6yvVM,"if say a specific phrase, then change the color of your hue lights"
HVBrF8XG,"if opened, then activate a selected scene from your account"
HVKkNcQA,"if motion detected, then turn on a slow color loop effect for your hue lights"
HVmZ9NTX,"if button press, then change your hue lights to a randomly selected color"
HW6w2zR9,"if temperature rises above, then update a boolean variable in apilio to true"
HWvZa85J,"if item added to your to do list, then set a nest thermostat to the temperature you specify"
HX9ZvUnT,"if every day at, then turn off your hue lights"
HXbjFA3B,"if say a phrase with a text ingredient, then briefly turn your hue lights off then back on"
HYCicfTz,"if sunset, then turn a wemo switch on"
HYHpxJkA,"if any new post, then turn on your hue lights"
HYNBg97n,"if today's weather report, then change the color of your hue lights"
HYeJb4Xh,"if new reminder added to list, then set the thermostat into an indefinite hold with the specified temperature"
HYp8HqZT,"if say a simple phrase, then set the heating mode of the thermostat"
HZCxKUhq,"if current temperature rises above, then turn on the device/group of your choosing"
HZK2sYth,"if event from search starts, then set the thermostat into a hold with the specified temperature for the specified number of hours"
HZfYN2Ai,"if say a specific phrase, then dim or brighten your hue lights to a value between 0-100"
HaDZSMXu,"if sunset, then turn on your smartthings devices that support switching on"
HaLNeP7k,"if every day at, then turn a wemo switch off"
Hasi4UXr,"if say a simple phrase, then toggle your hue lights on or off"
HbEwCNu7,"if smoke alarm emergency, then briefly turn your hue lights off then back on"
HbWB8g6a,"if send ifttt an email tagged, then turn your lights off"
HcLfyVhH,"if smart home security home mode activated, then dock your robot"
HcU6MrJH,"if every day of the week at, then turn your lights on"
HcXMpTxf,"if say a specific phrase, then turn off your hue lights"
HcbwVQ2W,"if prayer time, then turn a wemo switch on"
Hd6AsfE2,"if every day at, then turn a wemo switch on"
HdUzQ8hf,"if say a simple phrase, then turn off your hue lights"
HdXZcbFv,"if every day at, then dim or brighten your hue lights to a value between 0-100"
HdxaSFLC,"if you exit an area, then set thermostat to manual at a specific temperature indefinitely"
HeEKTpX8,"if every day at, then turn on your hue lights"
HfCRFLNH,"if say a specific phrase, then change the color of your hue lights"
HfEqThvk,"if current temperature drops below, then remove any existing quick action at your location and set your heating system to follow the schedule"
HgSt2caZ,"if say a specific phrase, then turn off your hue lights"
HhpGTP9v,"if current condition changes to, then make your lights slowly breathe the color of your choice"
HhyRTB69,"if every hour at, then make your lights slowly breathe the color of your choice"
HiVmadwT,"if new tweet by you, then turn on your hue lights"
HjB6mUyf,"if say a specific phrase, then dim or brighten your hue lights to a value between 0-100"
HjniBmGT,"if every day at, then turn on your hue lights"
HkmUYRgV,"if sunset, then turn on, turn off or toggle your lights"
HmyJG7ER,"if every day at, then turn off the device/group of your choosing"
Hn4JtFYM,"if button press, then set your lights to a specified brightness"
HnbKkRhT,"if dust level alert, then set the thermostat into an indefinite hold with the specified temperature"
HpqHjKeC,"if you enter an area, then turn on, turn off or toggle your lights"
Hq2dyw3u,"if entering away mode, then turn off the selected light(s)"
Hq9LRN4H,"if thermostat outdoor temperature is greater than, this action removes the currently running event on the selected thermostat providing the event is not a mandatory demand response event"
Hs7PqKZ6,"if motion sensor becomes clear, then close a hubitat device"
HsEqH4zA,"if pusher pressed, then set a nest thermostat to the temperature you specify"
HsrMa9eX,"if motion event detected, then briefly turn your hue lights off then back on"
HtRcymg7,"if current condition changes to, then make your lights quickly blink the color of your choice"
Hthp35zJ,"if say a specific phrase, then turn off your hue lights"
Hu8nryaU,"if switched on, then turn a wemo switch off"
Huw7qT2y,"if disconnects from a specific wifi network, then turn off the selected light(s)"
Hx7N9i5F,"if every day at, turns on the selected wemo light"
Hx8WC37w,"if every day at, then turn a wemo switch off"
HxA8wj7J,"if new super chat message, then turn on, turn off or toggle your lights"
HyPT8upn,"if you are tagged in a photo, then briefly turn your hue lights off then back on"
HykZqQa5,"if every day of the week at, then turn a wemo switch on"
HzcQvMXJ,"if button press, then set a nest thermostat to the temperature you specify"
Hze923Vc,"if receive an event from apilio, then switch on your light"
HzhjCs9Q,"if you enter an area, then turn a wemo switch on"
HznLcCrA,"if you exit an area, then set a innogy smarthome state to 'no'"
J2U6BaJR,"if you exit an area, then turn your intesishome a/c off"
J2h8BSim,"if standby mode entered, starts sleep fader for the selected wemo light"
J2rawgYq,"if every day of the week at, then turn your lights on"
J3D8evtn,"if peak time savings - savings hours announced, then set your honeywell thermostat to permanently hold the specified temperature until you change it"
J4CJXfcw,"if say a specific phrase, then change the color of your hue lights"
J4LtVKsF,"if say a specific phrase, this action well set a scene on your hue lights"
J4Zt8mxw,"if you enter an area, then turn on your hue lights"
J4zspG7P,"if sunrise, then turn a wemo light switch off"
J5muZvw2,"if switched off, then turn a wemo light switch off"
J6Vp2Wsu,"if every year on, then turn on the ambient light of your hood with the selected color"
J6ynmDaQ,"if turned off, then turn off a device"
J7U5cM9K,"if smoke alarm emergency, then turn a wemo light switch on"
J7tBq3di,"if new feed item, then briefly turn your hue lights off then back on"
J8Xk3eJc,"if every day at, then turn a wemo switch off"
J8d6GJwr,"if every day at, then turn off the pivot power genius outlet you specify"
J8m4SkyF,"if sunset, then turn a wemo insight switch on"
J9Xbdmf4,"if any new sms received, then make your lights quickly blink the color of your choice"
J9mFeJBr,"if ambient temperature reached, then turn the specified product on"
JARX4582,"if sunset, then turn on your hue lights"
JAbqLxKh,"if every day of the week at, then turn on your hue lights"
JApHgQC7,"if relative humidity threshold is crossed, then turn on a device"
JAuLwTaj,"if flic is clicked, then turn a wemo switch on"
JBVZeCz5,"if say a specific phrase, then change the color of your hue lights"
JBWVe6Xq,"if every day at, then turn your lights off"
JBrT82rM,"if motion event detected, then make your lights slowly breathe the color of your choice"
JCXtYK3F,"if say a specific phrase, then return control of your heating to tado⁠°, using your user-defined settings (e"
JDAxXhgt,"if send ifttt an email tagged, then turn off your hue lights"
JDPVNKew,"if device turns off, then turn on/off a device"
JE28AFiW,"if every year on, then turn on a slow color loop effect for your hue lights"
JEywTXJh,"if you are tagged in a photo, then briefly turn your hue lights off then back on"
JFCaBjEw,"if every day of the week at, then set the temperature of your ge water heater"
JFG62stK,"if say a simple phrase, then turn your lights on"
JFTERe5d,"if presence no longer detected, then turn off the selected light(s)"
JFb7jdPv,"if every day at, then briefly turn your hue lights off then back on"
JGH8R2wT,"if contact sensor opens, then activate a selected scene from your account"
JGMf2NYW,"if say a simple phrase, this action well set a scene on your hue lights"
JHgzsb35,"if door closed, then make your lights quickly blink the color of your choice"
JHj5XDEq,"if facial recognition, then turn on your smartthings devices that support switching on"
JHtE7fRX,"if say a specific phrase, changes the brightness level of the selected wemo light"
JJWhynKa,"if you enter an area, turns on the selected wemo light"
JK4XVSrd,"if new sms sent matches search, then unpause your thermosmart, i"
JKXPqE9R,"if new sms sent to phone number, then set a nest thermostat to the temperature you specify"
JL6beg74,"if device connects, then turn on your hue lights"
JLE4ehQz,"if new public video uploaded by you, then briefly turn your hue lights off then back on"
JLSd37gi,"if prayer time, then set your lights to a pre-defined scene"
JLnBQSZu,"if button press, then turn off your daikin ac unit"
JM95FGuW,"if any new motion, then turn a wemo switch on"
JML6HBuU,"if you exit an area, then turn your lights off"
JMUAb7Lm,"if end of cycle alarm, then change the color of your hue lights"
JNmWPZiS,"if current temperature drops below, then boost heating to the temperature and duration you specify"
JNqQFguB,"if presence detected, then turn on your smartthings devices that support switching on"
JNxaiJZw,"if say a specific phrase, then change the color of your lights"
JP3pB6uj,"if every day of the week at, then set the light to specified color"
JPFZ8yaY,"if say a simple phrase, then lock your smartthings devices that support locking"
JPGM8xHa,"if sunset, then turn on your hue lights"
JPRAk8G2,"if every day at, then turn on your hue lights"
JPXugMDk,"if your alarm goes off, then turn on your smartthings devices that support switching on"
JPw4eJZY,"if new feed item, then turn on a slow color loop effect for your hue lights"
JPxeHkc8,"if event from search starts, then set a innogy smarthome state to 'no'"
JQWDTetA,"if current condition changes to, then briefly turn your hue lights off then back on"
JQuHFfAK,"if gesture with task matching id occurs, then turn on the device/group of your choosing"
JQyKfZNU,"if say a specific phrase, then set your honeywell thermostat to permanently hold the specified temperature until you change it"
JQzrHfSR,"if button press, then set your thermostat to manual mode"
JR6KJuds,"if every day at, then turn off your hue lights"
JRywSqci,"if temperature drops below, then set a nest thermostat to the temperature you specify"
JRyzsVgX,"if sunrise, then turn off your hue lights"
JSY87a9s,"if every day of the week at, then set the temperature of your ge water heater"
JTkp6vCd,"if say a phrase with a text ingredient, then turn on, turn off or toggle your lights"
JU7jrD3z,"if motion detected, this action well set a scene on your hue lights"
JUANEcdk,"if current condition changes to, turns on the selected wemo light"
JUTAbVPX,"if say a specific phrase, then turn on/off my projector"
JUeCTDHS,"if every day of the week at, then turn your lights on"
JUgvSbni,"if say a specific phrase, then set your honeywell thermostat to permanently hold the specified temperature until you change it"
JUmce3Kj,"if send ifttt any email, then briefly turn your hue lights off then back on"
JVEr5Sjb,"if alert detected, then change the color of your hue lights"
JVYkeNT4,"if new ring detected, then dim or brighten your hue lights to a value between 0-100"
JW4z5cCv,"if send ifttt any email, then turn a wemo switch on"
JX2iWYLN,"if litter robot events, turns on the selected wemo light"
JX3Gj28Y,"if your timer goes off, then briefly turn your hue lights off then back on"
JXUY6DzN,"if switched off, then turn off your hue lights"
JXryVt4z,"if person detection, then turn off your smartthings devices that support switching off"
JXvcViDN,"if every day at, then turn off your hue lights"
JXzNGTjF,"if daily distance goal achieved, then turn on a slow color loop effect for your hue lights"
JY3nVyKz,"if say a specific phrase, then set your honeywell thermostat to hold a temperature for a specified period of time"
JYeTkJsQ,"if current temperature rises above, then turn a wemo switch on"
JZ97jx6Q,"if your alarm goes off, then turn a wemo light switch on"
JZqKnCrk,"if you exit an area, then turn a wemo switch off"
JaLwEWxc,"if say a specific phrase, then set the thermostat into a hold with the specified temperature and the end date/time will be set to the next climate transition in the program"
JaWNGAdP,"if say a simple phrase, then turn off your hue lights"
JaYLqcTH,"if you exit an area, then turn off your oven"
JacKN79F,"if say a specific phrase, then set the operating mode of your ge water heater"
Jb5FfLuK,"if new mention of you, then make your lights quickly blink the color of your choice"
JbGE74BN,"if you enter an area, then turn on your smartthings devices that support switching on"
JbYQXMKt,"if say a specific phrase, then set a nest thermostat to the temperature you specify"
Jbmf4cPg,"if motion event detected, then make your lights quickly blink the color of your choice"
JdFXqrjv,"if every year on, then change the color of your hue lights"
JdVLjPQk,"if every day at, then turn a wemo light switch off"
JdgzFDNh,"if current temperature rises above, then turn a wemo switch on"
Je4ndR6y,"if your timer goes off, then make your lights slowly breathe the color of your choice"
JeW5yDKi,"if flic is clicked, then activate away mode on your neohub"
Jem4DWU6,"if project created, the action will set the temperature on the selected heatmiser thermostat"
JfLcUXVu,"if today's weather report, then change the color of your hue lights to match the dominant colors found in an image you specify"
JfhZWk2P,"if say a phrase with a text ingredient, then set a nest thermostat to the temperature you specify"
JfzSk9nE,"if every day at, then turn on your hue lights"
JgdF3BNL,"if away mode, then turn off your hue lights"
JiYqkLjT,"if say a simple phrase, this action well set a scene on your hue lights"
JiduAc4h,"if every year on, then turn on a slow color loop effect for your hue lights"
JihgWtGM,"if every day at, then turn off your hue lights"
JjXS72sc,"if any event ends, then turn off a specific device"
JkguBhRq,"if every day at, then remove any existing quick action at your location and set your heating system to follow the schedule"
JkqDmBE6,"if say a phrase with a text ingredient, then set a nest thermostat to the temperature you specify"
Jm4NM6br,"if switched on, then turn on your smartthings devices that support switching on"
Jm5fXebj,"if temperature drops below, then turn a wemo switch on"
JmGdwp34,"if when i get out of bed, then set a specific device on heat mode"
JmUy3FNL,"if current pollen count rises above, then turn on the selected light(s)"
Jmi5WKgr,"if long press, then deactivate your smartthings alerting device's siren and/or strobe"
JmnM4RJb,"if say a specific phrase, then turn off your hue lights"
JmvTnXtc,"if every day of the week at, then turn your lights on"
JpsEAXRf,"if disconnects from a specific wifi network, then set a nest thermostat to the temperature you specify"
JqAc6zuU,"if flic is clicked, then turn your lights on"
JqJ2UCMe,"if say a simple phrase, then turn off your thermostat and place it in frost protect mode until heating is turned back on"
JqfjMAh3,"if say a specific phrase, then make your lights slowly breathe the color of your choice"
Js9vw6DW,"if humidity rises above, then turn on the device/group of your choosing"
JsMduFtD,"if say a specific phrase, then change the color of your hue lights"
Jt4LaVpe,"if every day at, then make your lights slowly breathe the color of your choice"
JtDTSvK2,"if sunset, then turn on your hue lights"
JtP67pfh,"if current condition changes to, then change the color of your hue lights"
Ju6ZGEcq,"if sunrise, then turn a wemo dimmer on"
JuLmXqE6,"if peak time savings - savings hours announced, then set your honeywell thermostat to permanently hold the specified temperature until you change it"
JvBmKwVC,"if button press, then turn your intesishome a/c off"
JvYCVifg,"if any new motion, then turn a wemo switch on"
JwFuCj9m,"if carbon dioxide (co₂) alert, then change the color of your hue lights"
JwQSGzKV,"if temperature sensor, then turn off your daikin ac unit"
JxgCMY3i,"if any new motion, then change your hue lights to a randomly selected color"
JyW4neDJ,"if routine activated, then turn off your hue lights"
JyfmYH4U,"if your timer goes off, then briefly turn your hue lights off then back on"
JzK8GyFX,"if today's weather report, then change the color of your hue lights to match the dominant colors found in an image you specify"
JzZQFgBW,"if you enter an area, then set a dim level on your light"
K2nG97Qg,"if gesture with task matching id occurs, then turn a wemo switch off"
K376NuJa,"if zone turned off, then turn off a selected device"
K38CGem7,"if say a specific phrase, then turn a wemo switch on"
K3EBZcWX,"if you enter an area, then turn on a device"
K3aXiTJB,"if sunrise, then turn off your hue lights"
K3kRPTrZ,"if every day at, then turn on, turn off or toggle your lights"
K4ZuMaqN,"if every day at, then set a lutron dimmer or switch to the level you specify"
K5GeBNfM,"if you are tagged in a photo, then briefly turn your hue lights off then back on"
K5GwnUaW,"if every day at, then switch on your socket"
K5YUSB2i,"if human detected, then turn on the selected light(s)"
K5hpJ9xK,"if temperature drops below threshold, then start your heating"
K6wWn2Yg,"if temperature rises above, turn your a/c on with a set temperature, mode and fan level"
K7B6KrVm,"if every day at, then turn a wemo insight switch on"
K7ejQ6Dr,"if iss passes over a specific location, then briefly turn your hue lights off then back on"
K7tkKHXC,"if say a specific phrase, then change the color of your hue lights"
K8tgYiTR,"if say a specific phrase, then trigger the specified bot to press the switch"
K9ZbrAec,"if when i get out of bed, then turn on your hue lights"
K9dWfuN6,"if you are tagged in a photo, then change the color of your hue lights"
K9newmth,"if iss passes over a specific location, then turn on a slow color loop effect for your hue lights"
KAfej5qk,"if closed, then update a boolean variable in apilio to false"
KCBr4hnQ,"if time of day peak rates start/end, then set your honeywell thermostat to hold a temperature for a specified period of time"
KCFuK5y2,"if door opened, then turn a wemo switch on"
KCukGzNj,"if say a specific phrase, then turn on your hue lights"
KCvTBkVR,"if temperature or humidity changes, then set a specific device on cool mode"
KD7Zr2pm,"if say a specific phrase, then turn off your hue lights"
KDRQKUsq,"if thermostat indoor humidity is less than, then turn a wemo switch on"
KDancBg7,"if every day at, then turn on your hue lights"
KE8NqdHB,"if say a simple phrase, then turn on your air conditioner and set target temperature, ac operation mode and air volume settings"
KES28Yi9,"if say a simple phrase, then turn your lights off"
KFu3gAhe,"if début de plage tarifaire, then briefly turn your hue lights off then back on"
KGArqJ2S,"if audio event detected, then make your lights slowly breathe the color of your choice"
KGWp6ZJB,"if device or group is turned off, then turn off the device/group of your choosing"
KGd8U9ar,"if every day at, then turn a wemo switch off"
KHqKX8fP,"if current temperature rises above, then set a nest thermostat in heat-cool mode to the temperature range you specify"
KJVKf6zx,"if every day of the week at, then turn on your hue lights"
KKLU6Ckc,"if new ring detected, turn on/off  power strip"
KKfnBUAM,"if say a specific phrase, then change the color of your hue lights"
KLXi9cSy,"if every day at, then turn on, turn off or toggle your lights"
KLyatM4H,"if say a specific phrase, this action well set a scene on your hue lights"
KM2K7pQV,"if a change in arm state, then set a nest thermostat to the temperature you specify"
KNz7MgrK,"if say a specific phrase, then set your honeywell thermostat to hold a temperature for a specified period of time"
KPCwQLGi,"if say a simple phrase, this action well set a scene on your hue lights"
KQ5MdgbT,"if your timer goes off, then switch on your light"
KQ9v8BzE,"if any new motion, then turn on the nanoleaf product that you select from the device dropdown on this screen"
KQdLsfmr,"if sunset, then turn your lights on"
KRt8UbQa,"if tomorrow's forecast calls for, then turn a wemo switch on"
KS2YdqNH,"if send ifttt an email tagged, then turn on your hue lights"
KTCKZn4M,"if outdoor air quality value became higher than, then turn your lights on"
KTDN9jXx,"if sunset, then turn on your hue lights"
KTJ6kXE2,"if current condition changes to, then turn on the selected light(s)"
KTKvaXUJ,"if button press, then turn a wemo switch off"
KTXdzmcv,"if every day at, then turn a wemo switch off"
KTf75eFm,"if alarm, then briefly turn your hue lights off then back on"
KTfaUyBb,"if smoke alarm, then briefly turn your hue lights off then back on"
KTxciBsp,"if you exit an area, then set your lights to a pre-defined scene"
KU2WQExX,"if battery is low, then change the color of your hue lights"
KUEbxRCB,"if new motion detected, then turn a wemo light switch on"
KUcQpWNt,"if current condition changes to, then change the color of your hue lights"
KUvaJWeQ,"if change in average price, then set your honeywell thermostat to permanently hold the specified temperature until you change it"
KVTtRgmy,"if cooktop clock timer elapsed, then turn on the ambient light of your hood with the selected color"
KVYhSz5M,"if reminder completed in list, then turn on a slow color loop effect for your hue lights"
KVin9qEY,"if say a specific phrase, then briefly turn your hue lights off then back on"
KW9w4dfk,"if you enter an area, then turn on the pivot power genius outlet you specify"
KXEJBcbp,"if sunset, then turn on your hue lights"
KXkfA6qQ,"if motion detected or no motion detected, then set a specific device on eco mode"
KYBgRs4K,"if flic is clicked, then turn your hive light on for a specific duration"
KYjuRiUb,"if say a specific phrase, then turn your lights off if they are on, and turn them on if they are off"
KZBtGnNx,"if motion is detected, then turn on your hue lights"
KZWbC6sF,"if every day of the week at, then change the setpoint of a device to the desired value"
KZjT9BHF,"if say a specific phrase, then set the thermostat into a hold with the specified temperature for the specified number of hours"
KZnKBFX3,"if current condition changes to, then change the color of your hue lights"
KabrBvus,"if say a specific phrase, then trigger the specified bot to press the switch"
KajLrEYs,"if current temperature rises above, then enable a quick action at one of your locations"
KasQZcLz,"if electricity in denmark is cheap, then turn on your dishwasher"
Kb2uz8h5,"if every day at, then turn off your hue lights"
Kb9ZUYSH,"if is it christmas?, then turn on a slow color loop effect for your hue lights"
KdHVvW5J,"if temperature is too high, then turn a wemo switch on"
KdL3FgMN,"if new status message by you, then briefly turn your hue lights off then back on"
KdX9JiZV,"if sunset, then dim or brighten your hue lights to a value between 0-100"
KdzchaAj,"if every hour at, then turn your lights off if they are on, and turn them on if they are off"
Ke3FJzM5,"if device is turned off, then turn off your hue lights"
KeAxSX5z,"if sunset, then turn on your hue lights"
Kej6Z5AC,"if flic is clicked, then turn on a device attached to your hubitat elevation system"
Kepi6JxF,"if say a specific phrase, then unlock your smartthings devices that support unlocking"
KfhVpDU3,"if say a simple phrase, this action well set a scene on your hue lights"
KfkWd6zS,"if sunrise, then turn off your hue lights"
Kfnvgubt,"if every day at, then turn off your hue lights"
KfrzqEA7,"if say a specific phrase, then change the color of your hue lights"
KgdAFfpE,"if say a simple phrase, then turn your lights off"
KgtBGkZ5,"if button press, then turn a wemo light switch on"
KgtBa2np,"if you exit an area, then turn off your hue lights"
Kh25uL3e,"if any new sms received, then briefly turn your hue lights off then back on"
KhS8uDsd,"if say a specific phrase, then change the color of your hue lights"
KhZ7uGL2,"if say a simple phrase, then set a nest thermostat to the temperature you specify"
Khq2rKjy,"if temperature rises above, then turn your intesishome a/c on"
Ki4YCg5s,"if new tweet from search, then turn on your hue lights"
KiByQvwg,"if current condition changes to, then set your thermostat to a specified temperature"
KiesPWhT,"if say a simple phrase, then increase the room temperature by a configurable amount"
KjBm549t,"if electricity in norway is cheap, then change the color of your hue lights"
KjguUM5m,"if every day at, then turn on your hue lights"
KjvitTdq,"if say a specific phrase, then change the color of your lights"
KkNQXGzJ,"if button press, then start your robolinho® (start mowing)"
KkXMPFEU,"if button press, then change the color of your lights"
KmZpfGHK,"if every day of the week at, then make your lights quickly blink the color of your choice"
KmyGWHuQ,"if you exit an area, then turn your lights off"
KnMFU3Zc,"if say a specific phrase, then set the thermostat into an indefinite hold with the specified temperature"
KntF5wVZ,"if connects to a specific wifi network, then switch on sl-bus device"
Kp2rdSYa,"if every day at, then turn off the nanoleaf product that you select from the device dropdown on this screen"
KpMrt69Y,"if every day at, then turn your lights off if they are on, and turn them on if they are off"
KqgYK3eu,"if your skybell hd‘s button was pressed, then make your lights quickly blink the color of your choice"
Kqh7DE9S,"if when i get into bed, this action well set a scene on your hue lights"
KrQcSUv9,"if new saved track, then change the color of your hue lights to match the dominant colors found in an image you specify"
KrkcQnxs,"if say a specific phrase, then set your honeywell thermostat to hold a temperature for a specified period of time"
KrnATkVw,"if notification received from a specific app, then turn on your hue lights"
KsMmTdEJ,"if sunset, then turn on the nanoleaf product that you select from the device dropdown on this screen"
KsiYx6tZ,"if nest set to away, then set a nest thermostat in heat-cool mode to the temperature range you specify"
KsqkwpLi,"if every day at, then turn on your hue lights"
KvbQMqYr,"if nest set to away, then turn off your hue lights"
KvhgeiUG,"if say a simple phrase, then turn off your hue lights"
KwSGcmrg,"if event from search starts, then set the thermostat into a hold using the settings from the specified comfort profile"
KwiZ6gV5,"if you enter an area, then turn on your hue lights"
Kwp6zrJT,"if oge smarthours price changes, then set the thermostat into an indefinite hold with the specified temperature"
KxFQV8Li,"if say a simple phrase, then turn your lights off"
KxR2kwSJ,"if flic is clicked, sets sleep fader time for the selected group of wemo lights"
KxgvN4kA,"if say a simple phrase, then turn on a slow color loop effect for your hue lights"
KxjXrf8w,"if button press, then boost heating to the temperature and duration you specify"
KxuyWv78,"if send ifttt any email, then turn on your hue lights"
KyjAnHFe,"if new motion detected, then turn on a device attached to your hubitat elevation system"
Kyk2iRdV,"if button press, then provide comfort feedback for the device that you specified"
KywJ6YXa,"if pusher pressed, then turn a wemo switch off"
Kz4JkZ8m,"if temperature drops below, then change the color of your hue lights"
KzZEPNmp,"if say a simple phrase, then turn off your hue lights"
KzZdhjWs,"if every day at, then turn a wemo switch off"
KzeWxQt7,"if a tag detected vibrations, then turn on the selected light(s)"
KzpcERuV,"if every day of the week at, then turn on your hue lights"
L2nydrjL,"if say a phrase with a text ingredient, then turn off the device/group of your choosing"
L3ejcZ5f,"if long press, then toggle a wemo insight switch on or off"
L3hKcMEV,"if say a simple phrase, then turn off the device/group of your choosing"
L4XaFJ6c,"if device connects, then adjust multiple lights and shades together by activating a scene created in the lutron app"
L4c38Tv9,"if sunset, then turn on your hue lights"
L4hYAZj5,"if tomorrow's low drops below, then set the heating mode to schedule"
L4qnsMkY,"if sunset, then turn a wemo insight switch on"
L5X3paqA,"if say a simple phrase, then toggle your hue lights on or off"
L5Xy6YwJ,"if say a simple phrase, then change the color of your hue lights"
L6LwpRVX,"if say a specific phrase, then turn off your hue lights"
L6Wmt5v4,"if new feed item matches, then change the color of your hue lights"
L6YCN8sh,"if nest set to home, then turn on a device"
L6cwmvyE,"if sunset, then turn a wemo light switch on"
L7NiXgmq,"if sunrise, then change the color of your hue lights"
L9j53AxB,"if cell updated in spreadsheet, then change the color of your hue lights"
LAZEKrSB,"if sunrise, then turn a wemo switch off"
LBnxefRy,"if connects to a specific wifi network, then activate the specified scene"
LCFXa8nT,"if say a simple phrase, then activate the scene that you choose"
LCRx2ErS,"if say a specific phrase, then turn off your thermostat and place it in frost protect mode until heating is turned back on"
LCdGeYrq,"if temperature drops below, then turn on the device/group of your choosing"
LCrxBYG7,"if you exit an area, then close the garage door you specify"
LCsbZRiX,"if cycle is complete, then briefly turn your hue lights off then back on"
LDjF3w2c,"if humidity rises above a threshold, then turn on the selected light(s)"
LE92cTyC,"if say a specific phrase, then turn a wemo switch on"
LESKcRYN,"if new channel membership, then set your lights to a specified brightness"
LEsnfdjS,"if say a specific phrase, then activate the shortcut you specify"
LEtWMiQP,"if door or window is opened, then turn a wemo light switch on then immediately back off"
LEvrjWUi,"if event from search starts, then activate the shortcut you specify"
LFY8jw2U,"if stream going live for a channel you follow, then change the color of a light bulb"
LFkAh9mV,"if you enter an area, then turn on your hvac system fan for the amount of time you specify in your nest fan timer setting (default is 15 minutes)"
LGSxFChm,"if sunrise, then set your lights to a pre-defined scene"
LJx3r9M2,"if send ifttt an email tagged, then turn on your hue lights"
LKAZTbGC,"if every day at, then turn off your hue lights"
LKEkDRpG,"if emergency notification, then briefly turn your hue lights off then back on"
LKMaSxTt,"if carbon monoxide emergency, then change the color of your hue lights"
LKRaWFfs,"if coffee has finished brewing, then briefly turn your hue lights off then back on"
LKjndqmM,"if say a specific phrase, then change your hue lights to a randomly selected color"
LLuVGzsd,"if your skybell hd detected motion, then turn a wemo light switch on"
LM2mYqxt,"if say a simple phrase, then turn a wemo switch on"
LMrRBnuA,"if reminder completed in list, then turn a wemo switch off"
LMzYnVZN,"if send ifttt an email tagged, then turn on your hue lights"
LNpVaMkX,"if button press, then toggle your hue lights on or off"
LPYkpbuD,"if thermostat enters smart home/away, then activate the shortcut you specify"
LPaLJxm8,"if current temperature drops below, then set a nest thermostat to the temperature you specify"
LPrqVCAF,"if nest set to away, then turn off your hue lights"
LQe4SbGR,"if new motion detected, then turn your lights on"
LRAgwfYy,"if sunrise, then turn off a selected device"
LRa5x4vL,"if prayer time, then turn your lights on"
LRfd58ZY,"if say a simple phrase, turns off the selected group of wemo lights"
LRgvtXe6,"if nest set to away, then turn a wemo light switch off"
LRnmT95r,"if you enter an area, then switch on your socket"
LRv4UNp8,"if every day at, then trigger the specified bot to turn on the switch"
LS3Wm5AZ,"if event from search starts, then change the color of your hue lights"
LS7JKwG6,"if every day at, then change the color of your hue lights"
LSMEVLry,"if say a specific phrase, then dim or brighten your hue lights to a value between 0-100"
LT7Cb2ce,"if refrigerator door open, then change the color of your lights"
LUBu8z3D,"if every day at, then turn off your hue lights"
LUk3gV7u,"if electricity in denmark is expensive, then set the freezer temperature"
LVTD2ePu,"if sunrise, then change the color of your hue lights"
LW9vRbTi,"if electricity in denmark is cheap, then turn on your dishwasher"
LWMJdCPL,"if button press, then turn off a specific device"
LXGgwEN6,"if current temperature rises above, then turn your intesishome a/c on"
LXHwpgtP,"if new photo with the front camera, then turn on a slow color loop effect for your hue lights"
LXwp6LSm,"if receive an event from apilio, then turn your lights off"
LZLxbWqv,"if you enter an area, then unlock your smartthings devices that support unlocking"
LZgrA86p,"if every year on, then change the color of your hue lights to match the dominant colors found in an image you specify"
LagNFGDC,"if sunset, then turn a wemo switch on"
Lahyc3pH,"if event from search starts, then activate vacation mode (holiday mode) on your appliance"
Lb4ByWDS,"if new status message by you with hashtag, then remove any existing quick action at your location and set your heating system to follow the schedule"
LbQi6D2W,"if new ring detected, turns on the selected group of wemo lights"
LbcPirFs,"if new status message by you, then briefly turn your hue lights off then back on"
LbrWz9yt,"if say a specific phrase, then change your hue lights to a randomly selected color"
Lbxs3GLM,"if current temperature rises above, then turn a wemo switch off"
Lc8UgkfX,"if incoming phone call from a specific number missed, then turn on your hue lights"
LcFTMaiV,"if you enter an area, then turn on a slow color loop effect for your hue lights"
LcPL3Bfm,"if say a specific phrase, then turn a wemo switch off"
Lcxatmqu,"if every year on, then change the color of your hue lights to match the dominant colors found in an image you specify"
LczxTBhF,"if new super chat message, then set your lights to a pre-defined scene"
LdE9PHYb,"if every hour at, then turn off your hue lights"
LdYsVNBw,"if presence detected, then turn on your smartthings devices that support switching on"
Le6FA8x5,"if sunset, then change the color of your hue lights to match the dominant colors found in an image you specify"
LeFUNhy8,"if temperature sensor, then turn on your daikin ac unit, or change its settings"
LeVkxAZa,"if send ifttt any email, then turn off your hue lights"
LehS9UVL,"if say a specific phrase, then set the light to specified color"
LetbJG3g,"if say a specific phrase, then change the color of your lights"
Lgix6aCf,"if flic is clicked, then boost heating to the temperature and duration you specify"
LiMyceAr,"if say a specific phrase, then set your blink system to disarmed"
Litk845F,"if send ifttt an email tagged, then turn off a selected device"
LiwhyHdp,"if say a phrase with a text ingredient, then set a nest thermostat to the temperature you specify"
LjEu8scv,"if say a specific phrase, then turn off your hue lights"
LjVcpbnX,"if every day at, then turn off your smartthings devices that support switching off"
Lkm7wMLi,"if new motion event, this action well set a scene on your hue lights"
Lm4CyEYZ,"if button press, then turn on a slow color loop effect for your hue lights"
Lm84jKqc,"if you exit an area, then turn off the device/group of your choosing"
LmWvabJU,"if cycle is complete, then change the color of your hue lights"
Lmu9xSR4,"if button press, then briefly turn your hue lights off then back on"
Ln2EmqLz,"if you exit an area, then set your honeywell thermostat to permanently hold the specified temperature until you change it"
Lp7e2Kxn,"if say a simple phrase, then turn your lights on"
LpC2FJ8X,"if you exit an area, then turn your lights off"
LpYZNAsg,"if send ifttt an email tagged, then turn off your hue lights"
Lq4BuinY,"if sunset, then turn on the selected light(s)"
LqHVeRbJ,"if your alarm goes off, then turn on your smartthings devices that support switching on"
Lr7nMzcU,"if new super chat message, then make your lights quickly blink the color of your choice"
LrQuwb7V,"if every day of the week at, then turn your lights on"
Ls4MfKiE,"if every day of the week at, then make your lights quickly blink the color of your choice"
LsK9SQ7X,"if watering event executed, turn on/off  power strip"
LuCqskBa,"if say a simple phrase, switch wattio air off"
LuTQy5mB,"if you are tagged in a photo, then turn on/off a device"
LvGmiZ4z,"if sunset, then turn a wemo switch on"
LvVjEpFr,"if motion detected by aura, then turn on the selected light(s)"
Lw5WFKyZ,"if cookit finished, then turn off your hood"
LwRzxnj2,"if new motion detected, then turn on your hue lights"
LwYMrHKn,"if every day at, then turn your lights off"
LwxDZNTb,"if item deleted on your to do list, then turn off your smartthings devices that support switching off"
Lx6nmyMr,"if you enter an area, then turn a wemo light switch on"
LxKSR3YS,"if you enter an area, then turn your lights on"
LxMRUG59,"if button press, then change the color of a light bulb"
LyMq8a46,"if your alarm goes off, then briefly turn your hue lights off then back on"
Lydvme28,"if device disconnects, then turn a wemo switch off"
Lyf9FcEH,"if every day at, then turn your hive light off for a specific duration"
Lyfg2YER,"if switched off, then turn off your a/c in the specified room"
Lz2fCkbA,"if a flic with a tag is clicked, then apply the settings of the selected scene to your wiz lights"
M2gdPS6n,"if long press, then turn a wemo light switch off"
M34kPvAh,"if sunset, then turn a wemo switch on"
M3EgLGSj,"if current temperature rises above, then turn the specified product on"
M3pcUBHz,"if current temperature drops below, then briefly turn your hue lights off then back on"
M4FWV7qN,"if temperature rises above, then turn your aros a/c on and set to a temperature you specify"
M4qPCRVn,"if say a specific phrase, turns on the selected wemo light"
M62PWTEk,"if say a specific phrase, then change the color of the nanoleaf light panels or canvas that you select from the device dropdown on this screen"
M639cECb,"if button press, then set a innogy smarthome state to 'yes'"
M6BCH9fJ,"if every day at, then turn off the device/group of your choosing"
M6gHCMSK,"if current condition changes to, then turn a wemo light switch on"
M6iAm29Y,"if current condition changes to, then change the color of your hue lights"
M856g4Fc,"if say a simple phrase, then initiate the evaluation of the specified logicblock in apilio"
M8uPXnxY,"if you exit an area, then turn off a selected device"
M9EdVUQP,"if your alarm goes off, then turn on your hue lights"
M9kSfqYU,"if sunrise, then turn off your hue lights"
M9m8unpV,"if new motion event, then turn on your hue lights"
M9nybBmR,"if every day of the week at, then activate the shortcut you specify"
MArJyMUk,"if say a specific phrase, then turn on a slow color loop effect for your hue lights"
MAucz48X,"if order out for delivery, then toggle a decora smart wi-fi device on/off"
MAvD5CSB,"if movement is detected, then turn a wemo switch on"
MBEUWrgw,"if sunset, then turn on your hue lights"
MBuCKp6M,"if you are tagged in a photo, then briefly turn your hue lights off then back on"
MCG9bpzY,"if when i get out of bed, then turn on, turn off or toggle your lights"
MCX7NytJ,"if new event from search ends, then turn on the device/group of your choosing"
MCd7YF4H,"if sunrise, then set a nest thermostat to the temperature you specify"
MCg68xaZ,"if every day of the week at, this action well set a scene on your hue lights"
MCvnZb6Q,"if say a simple phrase, then turn your lights off"
MCz9nRaS,"if current temperature rises above, then turn a wemo switch on"
MDBNb2Un,"if button press, then turn on your hue lights"
MDEvRKCz,"if current temperature rises above, then turn off one of your mi|home devices"
MDRCKv9r,"if current temperature drops below, then order your home to go back to default schedule"
MDchPdus,"if every day at, then turn off your hue lights"
MDzjrgE2,"if door opened, then briefly turn your hue lights off then back on"
MEpjGuc5,"if motion has been detected, then briefly turn your hue lights off then back on"
MFWumKSE,"if new status message by you, then change the color of your hue lights"
MFhJbrzA,"if alarm dismissed, then turn off your hubitat switches, lights, sirens, strobes, etc"
MHAxF5uE,"if your alarm goes off, then turn your lights on"
MHN7CBSW,"if double press, turn your a/c off"
MHvJ9D8g,"if every day at, then turn a wemo switch on"
MJRNpwWh,"if event from search starts, then set your thermostat to a specified temperature"
MJpQqTbn,"if event from search starts, then set a nest thermostat to the temperature you specify"
MLTpP7Cf,"if every day at, then turn on your hue lights"
MMwpLCBq,"if new message with key phrase to @ifttt, then set a nest thermostat to the temperature you specify"
MNZEQ6va,"if sunset, then turn a wemo switch on"
MNn6SsQg,"if current temperature rises above, then set a nest thermostat to the temperature you specify"
MPM4K3wz,"if every day at, then return control of your heating to tado⁠°, using your user-defined settings (e"
MPdcv3YA,"if an alarm event occurred, then turn a wemo switch on"
MQwyKsG5,"if button press, then turn your lights off"
MRBY5DWu,"if say a simple phrase, then set a nest thermostat to the temperature you specify"
MRNZ84EG,"if temperature rises above, then set a nest thermostat in heat-cool mode to the temperature range you specify"
MS5TyLuX,"if nest set to away, then switch off a socket"
MS5sbKdB,"if oge smarthours price changes, then set your thermostat to a specified temperature"
MSV6F4e2,"if say a simple phrase, this action well set a scene on your hue lights"
MSmqeZfh,"if iss passes over a specific location, then turn on a slow color loop effect for your hue lights"
MSxLPAjW,"if every hour at, then change your hue lights to a randomly selected color"
MTLrHMWE,"if every day at, then turn on a slow color loop effect for your hue lights"
MTWFsr3c,"if notification received from a specific app, then turn on your hue lights"
MVRNCSaY,"if when fetchit button is pressed, then unlock your smartthings devices that support unlocking"
MVTjd7Xs,"if current temperature rises above, then set the temperature on the thermostat"
MVrwe5ji,"if say a simple phrase, then turn off your hue lights"
MWJqfjBr,"if new public video from subscriptions, then set your lights to a specified brightness"
MWhRutgs,"if every day of the week at, then turn a wemo insight switch on"
MWmxThPH,"if entering manual mode, then order your home to go back to default schedule"
MYQqh5Tj,"if say a specific phrase, then turn a wemo switch on"
Ma5dmKMX,"if your alarm goes off, then briefly turn your hue lights off then back on"
MaL87ueZ,"if door opens, then briefly turn your hue lights off then back on"
MbThmfDx,"if flic is clicked, then turn on your coffee machine"
MbuFQAnw,"if new mention of you, then temporarily set your nanoleaf light panels or canvas to a solid or blinking color and then return to its previous state"
Mc5nyK4Z,"if new tweet by you with hashtag, then turn on your hue lights"
Mc6dYBQ9,"if every day of the week at, then turn on your hue lights"
McNa5y9W,"if current temperature drops below, then turn on your smartthings devices that support switching on"
MdKeFh62,"if spotcam ring video doorbell pressed, then turn on/off the led light of my projector"
MdgCzJnt,"if sunset, then turn a wemo switch on"
MeJ3HcTS,"if button press, then turn your lights on"
MgDEZiRF,"if every day at, then turn a wemo switch on"
MgFha3uk,"if today's price drops by percentage, then change the color of your hue lights"
MhCZLdsG,"if every hour at, then briefly turn your hue lights off then back on"
MhMWksPB,"if smoke alarm, then change the color of your lights"
MhsTLxQU,"if relative humidity threshold is crossed, then turn off a selected device"
MiB549yT,"if every day at, then turn off your hue lights"
MiDbqmjw,"if sunset, then turn a wemo switch off"
MiENgJSA,"if light rises above or drops below, then turn on the selected light(s)"
MivTh347,"if your timer goes off, then briefly turn your hue lights off then back on"
MiykWHbK,"if new follower, then change the color of your hue lights"
MjFd4iYg,"if sunset, then turn a wemo light switch on"
MjGJFbHK,"if every day at, then turn off your hue lights"
MjYmaerS,"if say a specific phrase, then initiate the evaluation of the specified logicblock in apilio"
Mk2uFRvJ,"if sunrise, then turn on your device"
MkAj3w2H,"if say a simple phrase, then turn on, turn off or toggle your lights"
MmDAekry,"if order being prepped, then change the color of your hue lights"
MmdMxTYL,"if you enter an area, then turn your lights on"
MnhBib5v,"if button press, then turn a wemo light switch on then immediately back off"
MnhTCVLy,"if new weight logged, then make your lights slowly breathe the color of your choice"
MnmCMZtg,"if you exit an area, then set the heating mode of the thermostat"
Mp6U3MRg,"if you exit an area, then turn a device on or off"
Mpct74jn,"if say a specific phrase, then turn on your daikin ac unit, or change its settings"
MprzkmX6,"if say a simple phrase, then set the light to specified color"
MqABKdrp,"if any reminder completed, then briefly turn your hue lights off then back on"
MqBhYGsu,"if sunset, then turn a wemo light switch on"
MqWs9kbN,"if temperature rises above, then change the color of your hue lights"
Mr8YyHbk,"if your timer goes off, then briefly turn your hue lights off then back on"
MsDGE5k4,"if say a specific phrase, then change the color of your hue lights"
Mt9Gfqc5,"if unlocked, then turn on a device"
MtJ6dU2z,"if long press, then turn off your hue lights"
MtiHXjre,"if say a simple phrase, then turn off your hue lights"
MuAhGWUt,"if pm2.5 threshold is crossed, this action turns off your air purifier"
MuEWgZVw,"if say a phrase with a text ingredient, then set a nest thermostat to the temperature you specify"
Muj3pdLh,"if every year on, then set your lights to a pre-defined scene"
Mum7Fd6A,"if sunset, then turn on your hue lights"
Mw4jctNx,"if every day at, then turn your lights on"
MwS6kfCA,"if every day at, this action sets an override on target temperature of one of your zones"
MwUjJ79H,"if coffee has finished brewing, then turn off the selected light(s)"
Mwe3bi8u,"if a flow has been started, then turn off the device/group of your choosing"
Mwm59Q3q,"if sunrise, then turn your aros a/c on and set to a temperature you specify"
Mx4suwvf,"if sunset, then turn on your hue lights"
MxFmLfMg,"if sunrise, then turn the specified product off"
MyA6KPq7,"if facial recognition, then turn off your smartthings devices that support switching off"
MyHAqETV,"if say a specific phrase, then turn on a slow color loop effect for your hue lights"
MzW5trCN,"if listen for a word or phrase, then turn on your hue lights"
MzXFWc2R,"if sunset, then turn a wemo switch on"
MzxWjfre,"if sunset, then turn on your hue lights"
N2AKJbaY,"if current temperature rises above, then enable a quick action at one of your locations"
N3dFWKbe,"if long press, then toggle a wemo light switch on or off"
N46aLuxj,"if current temperature drops below, then turn your intesishome a/c off"
N49iJ3Bd,"if you enter an area, then turn on the device/group of your choosing"
N56NyRpF,"if motion has been detected, then briefly turn your hue lights off then back on"
N5CpST7b,"if notification received from a specific app, then briefly turn your hue lights off then back on"
N5NQTmEx,"if current condition changes to, then adjust multiple lights and shades together by activating a scene created in the lutron app"
N5SqKZuE,"if entering away mode, then turn off your hue lights"
N5ZKzNya,"if every day of the week at, then turn on a slow color loop effect for your hue lights"
N64YANTQ,"if sunset, then turn on your hue lights"
N6MCkray,"if sunset, then turn on your hue lights"
N6RKePsM,"if say a simple phrase, then activate the specified scene"
N76C5P39,"if every day at, then turn on your hue lights"
N7P6TuaS,"if spotcam ring battery cover removed, then briefly turn your hue lights off then back on"
N7YUuxy4,"if switched off, then turn off your smartthings devices that support switching off"
N7kpi2yv,"if button press, then set your thermosmart to the temperature you specify"
N8EdWPwB,"if away mode is entered, then turn on your hue lights"
N8xawU9j,"if your alarm goes off, then turn on a slow color loop effect for your hue lights"
N97w3XQM,"if your water heater has exceeded its energy use threshold, then set your aquanta into away mode"
N9BMZYsU,"if your alarm goes off, then turn on your hue lights"
N9Ehj2wX,"if button press, then set your lights to a pre-defined scene"
N9RB6TqN,"if you are tagged in a photo, then turn on the selected light(s)"
N9TAatZh,"if you enter an area, then remove any existing quick action at your location and set your heating system to follow the schedule"
NAiAeMuh,"if new ring detected, then briefly turn your hue lights off then back on"
NC5etfLq,"if every day of the week at, then start a flow with tags on homey"
NCLhQ5fn,"if every day at, then turn off your hue lights"
NDMuR43r,"if device is set to eco mode, then turn off your hue lights"
NDVqkAgz,"if event from search starts, then send a command to one of your openhab items"
NDhavkYW,"if any scheduled meeting ends, then change the color of your lights"
NEgCTLwG,"if every day of the week at, then turn on your hue lights"
NEwqPD4r,"if say a simple phrase, then turn on the device/group of your choosing"
NFcPMpnh,"if sunrise, then turn your lights on"
NGLsWgf5,"if every day at, then dim or brighten your hue lights to a value between 0-100"
NGU7fg3E,"if any outgoing phone call ends, then turn on a slow color loop effect for your hue lights"
NGemQvrD,"if temperature drops below, then set a nest thermostat to the temperature you specify"
NH3wWkRp,"if you exit an area, then set a nest thermostat to the temperature you specify"
NJcHhYwN,"if say a phrase with a text ingredient, then set a nest thermostat to the temperature you specify"
NKCic3kx,"if current temperature drops below, then set a nest thermostat to the temperature you specify"
NKHcj9sf,"if motion begins, then turn on the nanoleaf product that you select from the device dropdown on this screen"
NKd2nUZE,"if temperature rises above, then set a nest thermostat in heat-cool mode to the temperature range you specify"
NKtRPj4s,"if every day of the week at, then turn on your hue lights"
NKtkwZsr,"if button press, then set a specific device on auto mode"
NLCVcmv5,"if say a simple phrase, this action well set a scene on your hue lights"
NLGYrM79,"if motion detected, then dim or brighten your hue lights to a value between 0-100"
NLgrJ9fF,"if alarm occurs on system, then briefly turn your hue lights off then back on"
NMweZbiX,"if new photo taken in area, then change the color of your hue lights to match the dominant colors found in an image you specify"
NN2Qke5d,"if pm2.5 threshold is crossed, then set the honeywell thermostat fan to on where the fan is always on or auto where the fan runs only when the heating or cooling system is on"
NNASJWRv,"if carbon monoxide warning, then turn on your hue lights"
NNSCYjTn,"if any new motion, then turn on your hue lights"
NNcVi4uB,"if receive an event from apilio, then turn on your air conditioner and set target temperature, ac operation mode and air volume settings"
NNceR3Jk,"if switched on, then turn on your smartthings devices that support switching on"
NNnMmjtx,"if every day at, then briefly turn your hue lights off then back on"
NP7jdTSV,"if any card purchase at a merchant, then briefly turn your hue lights off then back on"
NPcgNfEY,"if carbon dioxide (co₂) alert, then set the thermostat into an indefinite hold with the specified temperature"
NPfYmNSi,"if send ifttt an email tagged, then turn on your hue lights"
NQkj56iM,"if sunset, then turn on your hue lights"
NQrHwXng,"if new motion detected, then turn your lights on"
NRBeGCMX,"if opportunity was won, then briefly turn your hue lights off then back on"
NSCDjGqR,"if every day of the week at, then turn on a slow color loop effect for your hue lights"
NSDwEtNa,"if new hot post in subreddit, then activate the scene that you choose"
NSHF8TVK,"if humidity or moisture is too low, then turn a wemo switch on"
NTEvJyuP,"if switched off, then turn off your hue lights"
NTJX7fep,"if sunrise, then turn your lights on"
NTZEv4c9,"if tomorrow's forecast calls for, then change the color of your hue lights"
NU5pQC8M,"if door opened, then turn a wemo switch on then immediately back off"
NUAzeZGD,"if say a specific phrase, then activate the specified scene"
NUb5JwvY,"if device or group is turned off, then turn off the device/group of your choosing"
NV6eDujw,"if sunset, then turn on your hue lights"
NV7EpHLB,"if item added to your to do list, then change the color of your hue lights"
NVwY3DyW,"if you exit an area, then set the thermostat into a hold using the settings from the specified comfort profile"
NWL2i3gG,"if any new photo, then change the color of your hue lights to match the dominant colors found in an image you specify"
NWSRBHGi,"if nest set to away, then turn a wemo light switch off"
NWwqHYub,"if someone unknown has been seen, then change the color of your hue lights"
NX3KUvMF,"if every day of the week at, then turn on your hue lights"
NXkzaH2C,"if you enter an area, then turn on/off my projector"
NY2pcxs8,"if new channel membership, then change the color of your lights"
NYAQcUpN,"if temperature rises above, then turn on your hvac system fan for the amount of time you specify in your nest fan timer setting (default is 15 minutes)"
NYTsjxwy,"if sunset, then activate a scene"
NYkRPr82,"if every year on, then change the color of your hue lights"
NYyqpmFT,"if motion detected, then make your lights quickly blink the color of your choice"
NZqVRKTX,"if every year on, then change the color of your hue lights to match the dominant colors found in an image you specify"
NZrBiu3p,"if new saved track, then change the color of your hue lights to match the dominant colors found in an image you specify"
NaNMn8Cf,"if alarm activated, then turn your lights on"
NavHSVLs,"if a change in arm state, then set your honeywell thermostat to permanently hold the specified temperature until you change it"
NaxkJ7NH,"if sunset, then turn on your sengled lights"
NbCgU2VW,"if scene changed, then turn your lights on"
NcLuPDRa,"if say a specific phrase, then turn a wemo light switch off"
Nce5uERp,"if current condition changes to, then change the color of your hue lights"
Nd8PsgTW,"if sunrise, then turn off a device"
NdCHsyXF,"if any new motion, then turn on your smartthings devices that support switching on"
NfEc4pPT,"if mode switched, this action well set a scene on your hue lights"
NfneQrJ3,"if switched on, then turn a wemo switch on"
Ng69MRhs,"if your timer goes off, then briefly turn your hue lights off then back on"
NgL5FTiX,"if say a specific phrase, then change the color of your hue lights to match the dominant colors found in an image you specify"
NgPcQR48,"if sunset, then turn on your hue lights"
NhTWLrqb,"if receive an event from apilio, then set a dim level on your light"
NijHvbEN,"if button press, then apply the settings of the selected scene to your wiz lights"
NiwTBn4K,"if an alarm event occurred, then turn a wemo switch on"
NjsUvNHa,"if say a specific phrase, then turn on your daikin ac unit, or change its settings"
Nk2ehE5m,"if new super chat message, then activate a scene"
NkjEmf7N,"if sunrise, then turn off your hue lights"
NkqCnMU5,"if daily goal achieved, then briefly turn your hue lights off then back on"
NmBwLeqk,"if button press, then turn off the pivot power genius outlet you specify"
NmLA2fu6,"if flic is clicked, then make your lights quickly blink the color of your choice"
NmxQeqgh,"if every day of the week at, then turn your lights off"
Nn6aTCKc,"if say a specific phrase, then turn a wemo light switch on"
NnDzS3dB,"if say a simple phrase, then change the color of your hue lights"
NnQsWqkV,"if every year on, then change the color of your hue lights to match the dominant colors found in an image you specify"
NnTfhbCx,"if current temperature rises above, then turn on the selected light(s)"
NnheVs5c,"if pusher pressed, then turn a wemo switch off"
Np8krK7G,"if you enter an area, then turn on your hue lights"
NpUr7b3g,"if every day of the week at, then turn off your hue lights"
Npa623Zb,"if new track added to a playlist, then briefly turn your hue lights off then back on"
NqYp7hGe,"if every day of the week at, this action well set a scene on your hue lights"
NqbswxZj,"if new super sticker, then set your lights to a pre-defined scene"
NqgdKt5v,"if say a specific phrase, then cancel all running watering events"
NrSVFMuU,"if say a specific phrase, then change the color of your lights"
Nrhz8uMQ,"if flic is clicked, this action well set a scene on your hue lights"
NrqsCJE6,"if sunrise, then turn a wemo switch on"
NsB27mYH,"if someone unknown has been seen, then briefly turn your hue lights off then back on"
NsE2MFgj,"if motion sensor detects motion, then turn on your hue lights"
NsuE3kaF,"if enter a room, then turn on your hue lights"
NswtqmBA,"if current condition changes to, then change your lights to a specified color"
NtKa8LVz,"if you exit an area, then turn off your sengled lights"
NtLQRE4J,"if an alarm event occurred, then turn on your hue lights"
NueYTiZ2,"if contact sensor opens, then turn on your hue lights"
NutywzJa,"if temperature rises above, then turn on a device"
Nv5LThbU,"if any new motion, then turn a wemo insight switch on"
NvBUGDME,"if you exit an area, then turn off your hue lights"
NvNm6pxB,"if button press, then turn on a device"
NwWMJGLv,"if thermostat outdoor temperature is less than, then set the thermostat into an indefinite hold with the specified temperature"
NwbMABku,"if button press, then turn your lights off if they are on, and turn them on if they are off"
NwgpTM2Y,"if the alarm panel has triggered an alert, then turn your lights on"
Nx7LMvei,"if closed, then update a boolean variable in apilio to false"
NxPEi67R,"if you exit an area, then turn off the device/group of your choosing"
Ny8Mswn6,"if new motion detected, then turn on the device/group of your choosing"
NyHADq6M,"if nest set to home, this action well set a scene on your hue lights"
NyHnQM6w,"if say a simple phrase, then turn on your hue lights"
Nyb24e8H,"if say a specific phrase, then change the color of your hue lights"
Nz6h7ZbP,"if light switch is turned on, this action turns on one of your light switches"
Nz732P4Y,"if temperature rises above, then pause your thermosmart"
NzTAHY3s,"if say a simple phrase, then turn your lights on"
NzqQXgTb,"if any event starts, then briefly turn your hue lights off then back on"
P2wFQ7Wt,"if say a specific phrase, then change the color of your hue lights"
P3QCcaYz,"if temperature rises above, then turn off the device/group of your choosing"
P3QcnfPZ,"if item added to your to do list, then change the color of your hue lights"
P3YA5KmG,"if say a simple phrase, then turn off your hue lights"
P3n8kzW4,"if new mention of you, then briefly turn your hue lights off then back on"
P54er6iE,"if time of day peak rates start/end, then set a target temperature on your window ac unit"
P59EtSwP,"if say a simple phrase, then decrease the room temperature by a configurable amount"
P82J4nyf,"if new sound or motion event, then turn on your hue lights"
P8NCfyqD,"if new motion detected, then change the color of your hue lights"
P8RXa53d,"if sunrise, then turn a wemo switch off"
P8xt3kaf,"if say a simple phrase, then turn a wemo switch off"
P9YHTr5Z,"if say a simple phrase, then turn on, turn off or toggle your lights"
P9hk4bM5,"if u.s. independence day, then make your lights slowly breathe the color of your choice"
P9hpwLNf,"if sunrise, then activate the scene that you choose"
P9yFuLQU,"if every day at, then set the temperature of your ge water heater"
PAkYH6VL,"if sunset, then turn on one of your mi|home devices"
PBr6ut2V,"if you enter an area, then turn on your hue lights"
PCJ7TwNu,"if sunset, then turn on your hue lights"
PCW3ftKu,"if every day at, then briefly turn your hue lights off then back on"
PCspQF5c,"if new public video from subscriptions, then change your lights to specified color temperature"
PDB6Kmfw,"if flic is clicked, then turn your lights off if they are on, and turn them on if they are off"
PDZ3nBMS,"if every year on, then turn your lights on"
PDczNyqX,"if sunrise, then change the color of your lights"
PDtudTyB,"if sunset, then dim or brighten your hue lights to a value between 0-100"
PEVypKmB,"if current temperature drops below, then briefly turn your hue lights off then back on"
PErfZBh7,"if device is plugged in, then set a lutron dimmer or switch to the level you specify"
PFy2rAiT,"if every day at, then dim or brighten your hue lights to a value between 0-100"
PHgjuSDT,"if sunset, then turn the specified product off"
PJ3Q9nmz,"if send ifttt any email, then turn a wemo switch on then immediately back off"
PJUhGpVZ,"if every year on, then change the color of your hue lights"
PJygPBzb,"if ihome enhance button is pressed, then adjust multiple lights and shades together by activating a scene created in the lutron app"
PKHcd4D8,"if current condition changes to, then set the light to specified color"
PKUStRFb,"if every day of the week at, then change the color of your hue lights"
PKXiMyZE,"if opened, then turn on a slow color loop effect for your hue lights"
PKuhHU7c,"if you exit an area, then turn off your hue lights"
PL2KjhZU,"if new super chat message, then change your lights to specified color temperature"
PLHKtuky,"if say a specific phrase, then change the color of your lights"
PMEHLDAV,"if say a simple phrase, then turn your lights on"
PMahi6uX,"if say a simple phrase, then turn a wemo switch on"
PMctDCzG,"if say a simple phrase, then turn your lights on"
PNFMx2Ef,"if electricity in denmark is cheap, then change the color of your hue lights"
PQwtC52H,"if every day at, then open the garage door you specify"
PRZP5KkG,"if say a simple phrase, then turn on your hue lights"
PRpmCXvK,"if device connects, then turn on your hue lights"
PS7Bbqfk,"if say a specific phrase, then turn on, turn off or toggle your lights"
PTCxtnzh,"if smoke alarm emergency, then turn on your hue lights"
PTPYmszK,"if opened, then update a boolean variable in apilio to true"
PTYrcDak,"if we detect that everyone has gone to sleep, then turn off the selected light(s)"
PTjkbpqv,"if every hour at, then change the color of your lights"
PVK4wn76,"if low battery condition for any vehicle, then change the color of your hue lights"
PVKMi6yB,"if say a simple phrase, then turn off your hue lights"
PVits2EP,"if sunrise, then turn on your hvac system fan for the amount of time you specify in your nest fan timer setting (default is 15 minutes)"
PVkgiLYy,"if sunset, then turn on your hue lights"
PWjTYJrM,"if alarm initiated, then dim or brighten your hue lights to a value between 0-100"
PXkhnaYx,"if sunrise, then turn off one of your mi|home devices"
PY2XREwJ,"if sunrise, then turn on your hue lights"
PYPBJaM7,"if current condition changes to, then briefly turn your hue lights off then back on"
PYg75pHB,"if air quality changes, then change the color of your lights"
PZDcnPxs,"if smoke alarm emergency, then turn on your hue lights"
PZJMrmAe,"if long press, then turn a wemo dimmer off"
Pabyr6HY,"if your alarm goes off, then dim or brighten your hue lights to a value between 0-100"
PacJjRmq,"if daily step goal achieved, then change the color of your hue lights"
PcaPW8RH,"if say a specific phrase, then turn off your hue lights"
Pcm9EVNF,"if new super chat message, then change the color of your hue lights"
Pcpt29YC,"if disconnects from a specific wifi network, then pause your thermosmart"
PdDKUuZJ,"if an alarm event occurred, then set a nest thermostat to the temperature you specify"
PdnM5pbq,"if say a specific phrase, then set the thermostat into a hold using the settings from the specified comfort profile"
Pe7A6L3a,"if money added, then change the color of your hue lights"
PeiHnkwb,"if receive an event from apilio, then toggle your hue lights on or off"
PejKHWtz,"if sunrise, then turn off the selected light(s)"
Pesr63pU,"if you enter an area, then order your home to go back to default schedule"
PevKk7aC,"if tado⁠° switches to away mode, then toggle your hue lights on or off"
PfHW5PNA,"if button press, then unlock a specific device"
PfZxV7PT,"if every day at, then dim or brighten your hue lights to a value between 0-100"
PfacuRKJ,"if 1-channel switch turned on or off, then turn on your smartthings devices that support switching on"
PftaSrk3,"if current condition changes to, then turn a wemo insight switch on"
PhQVGxAp,"if new motion event, then briefly turn your hue lights off then back on"
Phtez5GD,"if uhoo air quality alert, then set a nest thermostat to the temperature you specify"
PiGVhjZU,"if any new reminder, then briefly turn your hue lights off then back on"
PiLUrcwQ,"if every day of the week at, then set the temperature of your ge water heater"
PjJgPSTF,"if button press, then start the selected washer program with your preferred settings"
PjwUSYqQ,"if say a phrase with a number, then set your lights to a specified brightness"
PkmAWbtv,"if say a simple phrase, then start your heating"
PmFCUxTf,"if say a specific phrase, then switch off the pod"
PmHaj3vD,"if say a specific phrase, then change the color of your hue lights"
Pn7emifX,"if you enter an area, then turn on a slow color loop effect for your hue lights"
Pn8fxFQY,"if button press, then change operation settings for heat mode in your device"
PnTD4Ciu,"if your skybell hd‘s button was pressed, then make your lights quickly blink the color of your choice"
PpVW5MD6,"if every day at, then turn on, turn off or toggle your lights"
PpwTEnum,"if button press, then activate a scene on your lights"
PqLKAmB4,"if say a simple phrase, then turn on your hood with the default program"
PqbYvDuy,"if you enter an area, then turn on your hue lights"
PqbsAxJz,"if a user arrived, then turn on your hue lights"
Pqxbp5w9,"if say a simple phrase, then turn off your hue lights"
PrL3RCAY,"if contact sensor opens, then turn on the device/group of your choosing"
PrPftsu4,"if you enter an area, then turn a wemo light switch on"
PsA6NDjx,"if sound is detected, then turn on your hue lights"
PsyXiTn7,"if you enter an area, then turn your lights on"
PtvCiQ6R,"if every day of the week at, then turn on a slow color loop effect for your hue lights"
PtwJhuek,"if your skybell hd detected motion, then activate the shortcut you specify"
PuTawndJ,"if you enter an area, then turn your lights on"
Pub9QDSE,"if temperature drops below, then turn on the selected light(s)"
Pun7biy9,"if opened, then briefly turn your hue lights off then back on"
Pv3NzM4t,"if new motion after quiet period, then turn a wemo switch on then immediately back off"
Pw9SGK8l,"if you exit an area, then turn your lights off"
PwHrgvJU,"if say a simple phrase, then turn your heating off"
PwqXfSEr,"if say a specific phrase, then turn a wemo switch on"
Px4rJZfg,"if say a specific phrase, then change the color of your lights"
Px9gLHcK,"if your skybell hd detected motion, then turn a wemo light switch on then immediately back off"
PxAFim6c,"if carbon monoxide warning, then set the thermostat into a hold using the settings from the specified comfort profile"
PyEYWFvS,"if say a specific phrase, then change the color of your hue lights"
PyLu37sn,"if any new reminder, then turn a wemo light switch on"
PyT3n2Nc,"if sunset, then turn on your hue lights"
PyWtBTEP,"if any event starts, then change the color of a light bulb"
Pz6pirtw,"if say a simple phrase, then turn a wemo switch on"
PzTvP75y,"if doorsensor event, turn on or turn off yolink outlet"
Q29hrFVT,"if you are tagged in a photo, then make your lights quickly blink the color of your choice"
Q2Mbwn3E,"if every hour at, then close the garage door you specify"
Q3JGLWUA,"if every year on, then turn a wemo light switch on then immediately back off"
Q3JLqYMZ,"if rain detected, then briefly turn your hue lights off then back on"
Q3dfcusz,"if co₂ above a specified value, then turn on your hue lights"
Q3vfadXz,"if temperature drops below a threshold, then turn on your a/c in the specified room, and run it in comfort mode"
Q4YGs7De,"if receive an event from apilio, then dim or brighten your hue lights to a value between 0-100"
Q4rnkGtA,"if an air quality alert has been raised, then turn on the selected light(s)"
Q5Ca3kye,"if incoming call from known number, then turn a wemo switch on then immediately back off"
Q5Q8hrdC,"if new super chat message, then change the color of your lights"
Q5frUMcu,"if motion sensor becomes clear, then set a lutron dimmer or switch to the level you specify"
Q6WXm2aw,"if every year on, then change the color of your hue lights to match the dominant colors found in an image you specify"
Q6tJiYd8,"if every hour at, then change your hue lights to a randomly selected color"
Q82WVSHK,"if you are tagged in a photo, then make your lights quickly blink the color of your choice"
Q8MWQRnm,"if say a specific phrase, then change the color of your hue lights to match the dominant colors found in an image you specify"
Q8tVrZzp,"if every day at, then dim or brighten your hue lights to a value between 0-100"
Q93Kkf2p,"if you enter an area, then set a nest thermostat to the temperature you specify"
Q9WDVtEa,"if say a simple phrase, then turn off your hue lights"
Q9wDBfrz,"if new motion detected, then dim or brighten your hue lights to a value between 0-100"
QAGVnC7e,"if every day at, then turn on your hue lights"
QALD3XxS,"if every day of the week at, then dim or brighten your hue lights to a value between 0-100"
QARqZJyn,"if every day at, then change the color of your lights"
QAy9MbCs,"if every day at, then turn your lights off"
QBXAK6ZQ,"if say a simple phrase, then turn on your hue lights"
QCm9McRa,"if when the smart bed alarm clock is activated, then turn on your hue lights"
QD3URFVQ,"if say a simple phrase, this action well set a scene on your hue lights"
QD9wvRpi,"if turned off, then change the brightness of a dimmer to a specified level/percentage"
QDS5mJbh,"if sunset, then open a relay"
QDXqnN9R,"if current condition changes to, then change the color of your hue lights"
QDbHe7AF,"if current condition changes to, then activate the specified scene"
QE8pSuHt,"if every day of the week at, then turn on your hue lights"
QEgMJKLv,"if connects to a specific wifi network, then turn your aros a/c on and set to a temperature you specify"
QFWXUVxc,"if voc threshold is crossed, then turn on a device"
QFciKSfs,"if say a specific phrase, then change the color of your lights"
QFfnYThz,"if flash button single pressed, then toggle your hue lights on or off"
QGeQABDh,"if every day of the week at, then turn your hive light off for a specific duration"
QGrsfpPD,"if say a specific phrase, then change the color of your lights"
QGvx6A8U,"if nest set to away, then activate the shortcut you specify"
QGwdTHsm,"if new channel membership, then change your lights to specified color temperature"
QHUCMc5D,"if say a specific phrase, then change the color of your hue lights"
QHyN9BJW,"if gust speed rises above, then turn on the selected light(s)"
QJ4bC2YF,"if your alarm goes off, then change the color of your hue lights"
QJcrVuYN,"if new weight logged, then turn off your hue lights"
QJf5MRSU,"if door panel opened, then turn your lights on"
QJm5syU7,"if new motion detected, then turn on your hue lights"
QLXyJYme,"if every day at, then turn off a selected device"
QMT9qHks,"if sunrise, then set your thermosmart to the temperature you specify"
QMX4KBGW,"if say a simple phrase, then turn off your hue lights"
QMencxLr,"if every year on, then activate the specified scene"
QNYZ8sdr,"if every day at, then trigger the specified bot to turn off the switch"
QPvRYZL9,"if stone press, then turn your lights off if they are on, and turn them on if they are off"
QQeu9mT8,"if tado⁠° switches to home mode, then turn on your hue lights"
QQvnEKTr,"if any new sms received, then briefly turn your hue lights off then back on"
QRAU4qvM,"if every day at, then change the color of the nanoleaf light panels or canvas that you select from the device dropdown on this screen"
QRDaKYzM,"if you enter an area, then turn your lights on"
QSjUsXnb,"if current temperature drops below, then return control of your heating to tado⁠°, using your user-defined settings (e"
QTAYvm32,"if an alarm has been detected, then set the light to specified color"
QTUFc4yz,"if every day at, then turn a wemo switch on"
QU3SwBzg,"if mode changed, then turn on your hue lights"
QU6CP4ZH,"if sunset, then turn on your hue lights"
QVXe8Jcs,"if current temperature drops below, then change the color of your hue lights"
QVYS3Q7k,"if your timer goes off, then briefly turn your hue lights off then back on"
QWHNKavB,"if every day of the week at, then turn on the device/group of your choosing"
QWNYget9,"if button press, this action well set a scene on your hue lights"
QWvdwpr7,"if device is switched on, then turn on your smartthings devices that support switching on"
QXKL4D5b,"if new sound or motion event, then turn on a device attached to your hubitat elevation system"
QXPSdL3A,"if say a simple phrase, turns on the selected wemo light"
QYFw95fz,"if zone turned on, then turn on all devices in a my leviton room"
QYkJqdgh,"if current temperature drops below, then turn a wemo switch off"
QZ3qPibG,"if every year on, then change the color of your hue lights to match the dominant colors found in an image you specify"
QZKaQjgq,"if the alarm was triggered, then turn on your smartthings devices that support switching on"
QZhsQ62J,"if temperature drops below, then update a boolean variable in apilio to false"
QZxPYfkN,"if sunset, then turn on your hue lights"
Qa_lzKY_,"if new mention of you, then make your lights quickly blink the color of your choice"
Qan2iC4e,"if current temperature drops below, then turn a wemo light switch on"
Qb9kJMfi,"if any incoming phone call missed, then briefly turn your hue lights off then back on"
QbT4sGYv,"if your alarm goes off, then turn on your hue lights"
Qc3mqvRf,"if say a simple phrase, then turn off the device/group of your choosing"
QcJL5Uy8,"if current condition changes to, then change the color of your hue lights"
QdYrsTRS,"if say a specific phrase, then briefly turn your hue lights off then back on"
QdqDsBC3,"if any scheduled meeting starts, then turn on the device/group of your choosing"
Qe6mSGsj,"if temperature drops below, then change the color of your hue lights"
QeD9wjJz,"if say a specific phrase, then turn a wemo switch off"
QecqbXxJ,"if send ifttt an email tagged, then change the color of your hue lights"
Qefr3yvL,"if new photo post by you, then briefly turn your hue lights off then back on"
QfnL9a28,"if nest set to home, then turn on your hue lights"
QfzNXMPg,"if smoke alarm warning, then turn a wemo switch on"
QgHBRrap,"if current condition changes to, then change the color of your hue lights"
QgrasfdV,"if event from search starts, then turn your lights on"
QgvuwFUe,"if say a simple phrase, then change the color of your hue lights"
QhZU78VC,"if event from search starts, then make your lights slowly breathe the color of your choice"
QhjsY7pF,"if home mode, then turn on your hue lights"
Qi4wmJ63,"if the alarm panel has triggered an alert, then turn your ihome plug on or off"
QiW7ZLTA,"if you exit an area, then turn off your smartthings devices that support switching off"
QieWrYNS,"if say a phrase with a text ingredient, then set a nest thermostat to the temperature you specify"
QifkQj46,"if lock unlocked, then turn on your hue lights"
QjJSezKZ,"if any new photo by you, then briefly turn your hue lights off then back on"
QkW4KB8i,"if say a specific phrase, then turn on a slow color loop effect for your hue lights"
Qm6L5HRF,"if every day at, then turn your lights on"
QmBtAS7f,"if switched off, then start your robot"
QmPRgSvd,"if any event starts, then briefly turn your hue lights off then back on"
QmVHexbs,"if tado⁠° switches to home mode, then turn on your hue lights"
QmfW27J9,"if sunset, then dim or brighten your hue lights to a value between 0-100"
QnDXRH5g,"if every day at, then turn off your hue lights"
QnJ5mr7b,"if scene is launched, then turn your heating off"
QpAZguU5,"if sunrise, then turn your hive light off for a specific duration"
QpNQT8cs,"if every day at, then turn on your hue lights"
QrZgNXLm,"if nest set to away, then turn off your hue lights"
QrkSf9BU,"if your timer goes off, then change the color of your hue lights"
Qu62e5cj,"if notification received from a specific app, then briefly turn your hue lights off then back on"
QuRJjbLG,"if carbon monoxide emergency, then change the color of your hue lights"
QuZepxXV,"if device turned on/off, then turn a wemo switch on then immediately back off"
QufgmvCM,"if motion sensor detects motion, then turn on your hue lights"
QunEGRPH,"if every day at, then dim or brighten your hue lights to a value between 0-100"
QvQ7LpiJ,"if current temperature rises above, then turn a wemo switch on"
QvSMnt8z,"if every day at, then turn off your hue lights"
QvmnUjSF,"if say a specific phrase, then turn on your coffee machine"
QvxpdPcu,"if sunset, then turn a wemo light switch on"
QwJtrpbk,"if you enter an area, then make your lights slowly breathe the color of your choice"
Qwd6sSKY,"if smoke or co alarm detected, then briefly turn your hue lights off then back on"
QwfZaRnF,"if every day of the week at, then turn a wemo switch off"
Qwv6hnHT,"if every day at, then turn on your hue lights"
QxH9JchW,"if send ifttt an email tagged, then turn a wemo insight switch on"
QxT4Ggsr,"if event from mesh app received, then turn a wemo light switch on"
Qxw4gXtz,"if new public video from subscriptions, then change your lights to specified color temperature"
Qy6WVLFP,"if you enter an area, then set a nest thermostat to the temperature you specify"
QyArjDWG,"if day and night mode, then turn off your hue lights"
QyKsJbSt,"if device connects, then set the thermostat into an indefinite hold with the specified temperature"
QyUac9AQ,"if you are tagged in a photo, then briefly turn your hue lights off then back on"
QyuRb6ND,"if send ifttt an email tagged, then activate a timer boost on the selected heatmiser timer"
QyvHk3ds,"if say a specific phrase, then turn on your air conditioner and set target temperature, ac operation mode and air volume settings"
QzQmbMpv,"if sunset, then turn on your hue lights"
QzxvgZ23,"if sunrise, then change the color of your hue lights"
R38syeZE,"if button press, then turn your lights off if they are on, and turn them on if they are off"
R3MDLhy7,"if you enter an area, then boost heating to the temperature and duration you specify"
R3ipwKaA,"if task completed, then make your lights quickly blink the color of your choice"
R3sj6Rze,"if current temperature drops below, then turn on the device/group of your choosing"
R53qnjFu,"if away mode is cancelled, then turn off your hue lights"
R5USvHcz,"if every day at, then close the garage door you specify"
R5de3bsX,"if new channel membership, then set your lights to a specified brightness"
R68vPB4D,"if humidity rises above, then turn on your smartthings devices that support switching on"
R6NXxtBG,"if sunrise, then turn a wemo switch off"
R6NjTDgF,"if sunset, then turn on your hue lights"
R6cadfj3,"if sunrise, then turn on the pivot power genius outlet you specify"
R6mFbpYr,"if receive an event from apilio, then switch off your light"
R749WECJ,"if virtual device turned on, then turn on your daikin ac unit, or change its settings"
R7DjmaAV,"if you enter an area, then activate the shortcut you specify"
R7MRQzqi,"if thermostat indoor temperature is greater than, then turn a wemo switch on"
R8eqUisC,"if every day of the week at, then turn a wemo switch off"
R8sx7NM4,"if device or group is turned off, then turn on the device/group of your choosing"
R9tCQWxA,"if current condition changes to, then make your lights slowly breathe the color of your choice"
RBMPmw62,"if current condition changes to, then change the color of your hue lights"
RC4akW6P,"if room finished, then turn on, turn off or toggle your lights"
RCkvWyYL,"if event from mesh app received, then turn your lights on"
REBHPzkt,"if every year on, then activate the scene that you choose"
REDX3gGA,"if say a specific phrase, then dim or brighten your hue lights to a value between 0-100"
REeGQi5F,"if leave home, then set a specific device on heat mode"
RFZjLcVt,"if scene changed, then turn on your hue lights"
RGkRfNDb,"if the alarm was triggered, then turn on your hue lights"
RGnx6ZKW,"if temperature rises above, then turn on the selected light(s)"
RHQCJU3x,"if someone unknown has been seen, then change the color of your hue lights"
RHYZpPUF,"if carbon monoxide emergency, then adjust multiple lights and shades together by activating a scene created in the lutron app"
RJ386S9G,"if you enter an area, then turn on a slow color loop effect for your hue lights"
RJbKEpj6,"if carbon monoxide warning, then turn on the selected light(s)"
RJfB79i6,"if every day at, this action turns the display on or off"
RKYe6LJd,"if you exit an area, this action sets an override on target temperature of one of your zones"
RKtPARim,"if current condition changes to, then change the temperature set points on your refrigerator"
RL8R9f7q,"if current temperature drops below, then close a relay"
RLYEdAvJ,"if you exit an area, then turn a wemo switch off"
RLkJBV4h,"if ask for a sports team's next game, then make your lights slowly breathe the color of your choice"
RMFHUNxp,"if receive an event from apilio, then set a dim level on your light"
RMxPrEHp,"if say a specific phrase, then turn off your hue lights"
RNPthQC6,"if any incoming phone call missed, then briefly turn your hue lights off then back on"
RNai8rKS,"if say a specific phrase, then launch a connexoon scenario"
RNnsm2qL,"if say a specific phrase, then set light for all registered adaptors"
RNxek9B3,"if send ifttt an email tagged, then turn off your hue lights"
RP4n5T6Z,"if say a specific phrase, then change the color of your lights"
RPDytSdH,"if every day of the week at, then turn off your smartthings devices that support switching off"
RPW82YvC,"if say a simple phrase, then turn off your hue lights"
RPcJRaZQ,"if device is set to heat mode, then start a flow with tags on homey"
RPgDqVBy,"if you exit an area, then set your honeywell thermostat to permanently hold the specified temperature until you change it"
RPmfangE,"if switched off, then turn a wemo switch on then immediately back off"
RQCKVxke,"if receive an event from apilio, then turn off your hue lights"
RQRnT5qH,"if temperature drops below, then turn a wemo switch off"
RQW3gtJG,"if thermostat indoor temperature is greater than, then turn a wemo switch on"
RQdmZjsi,"if every day at, then lock your smartthings devices that support locking"
RR3ifKVy,"if current temperature drops below, then set your honeywell thermostat to permanently hold the specified temperature until you change it"
RR87JkeA,"if carbon dioxide rises above, then change the color of your hue lights"
RRQEfXLq,"if say a phrase with a text ingredient, then turn on your hue lights"
RRSJah7i,"if sunset, then change the color of your hue lights"
RRdCij9N,"if say a specific phrase, then set the thermostat into a hold using the settings from the specified comfort profile"
RReHYPUc,"if every day at, then turn on your hue lights"
RSAvGmuE,"if sunset, then turn on your hue lights"
RSuwZ7FJ,"if your alarm goes off, then make your lights quickly blink the color of your choice"
RTN3XLu5,"if every year on, then turn on a slow color loop effect for your hue lights"
RTN3pYmb,"if sunset, then turn on your hue lights"
RUA4XBh6,"if you enter an area, then turn on your hue lights"
RV5yQnbR,"if say a simple phrase, then turn off your hue lights"
RVPgFMbq,"if notification received from a specific app, then briefly turn your hue lights off then back on"
RWKJ6cQn,"if every year on, then change the color of your hue lights to match the dominant colors found in an image you specify"
RWziRnP8,"if say a specific phrase, then set a nest thermostat to the temperature you specify"
RX3fipxj,"if nest set to away, then turn off your hue lights"
RXDKicWt,"if sunrise, then turn on a slow color loop effect for your hue lights"
RZ7dtf82,"if every day at, then turn on the device/group of your choosing"
RZX7JDHT,"if event from search starts, then turn off the device/group of your choosing"
RZYTyaVC,"if every day of the week at, then make your lights quickly blink the color of your choice"
RZiQD8Ay,"if temperature rises above a threshold, then turn on your a/c in the specified room, and run it in comfort mode"
RZwFB8KR,"if your alarm goes off, then set the light to specified color"
RZyqXGLP,"if switched on, then set a nest thermostat in heat-cool mode to the temperature range you specify"
RaAcZ5xw,"if every day at, then turn a wemo switch on"
RauK9JYZ,"if every day of the week at, then change the color of your hue lights"
RaxWwUnX,"if button press, then set the thermostat temperature"
Rbd45ufq,"if manage your carbon footprint - change in carbon intensity, then turn a wemo switch off"
RbgXDxvY,"if current temperature rises above, then turn a wemo switch off"
RbpiA7vg,"if say a simple phrase, then turn your lights off"
RbshBUZm,"if manage your carbon footprint - change in carbon intensity, then turn a wemo switch on"
Rc2JFhwt,"if current temperature rises above, then turn your aros a/c on and set to a temperature you specify"
RcLyunKh,"if prayer time, then turn on the device/group of your choosing"
RcMWGkK3,"if 1-channel switch turned on or off, then turn on a device"
RdKnY6rk,"if connects to a specific wifi network, then activate the shortcut you specify"
Re9EcDXm,"if say a specific phrase, turns off the selected wemo light"
ReKfz6jg,"if sunset, then turn on your hue lights"
ReQ9WTbs,"if sunset, then turn on your hue lights"
ReSaE35D,"if every day at, open the sl-bus curtain"
RfWrdmY2,"if motion sensor becomes clear, then turn off your hue lights"
RhCqN7es,"if say a specific phrase, then turn off your hue lights"
RhNqZBme,"if say a simple phrase, then turn off your hue lights"
RhqxsvEP,"if door opened, then turn on a light"
RiwzG6qE,"if ihome enhance button is pressed, then dim or brighten your hue lights to a value between 0-100"
RjCJWgqH,"if sleep duration above, then turn on a slow color loop effect for your hue lights"
Rjp4qU2s,"if you exit an area, then turn a wemo switch off"
RkDTPsvi,"if you enter an area, then turn on your hue lights"
Rkg6LWaT,"if say a simple phrase, then set the light to specified color"
RkgQ8Axa,"if button press, then briefly turn your hue lights off then back on"
RmANSuTa,"if say a simple phrase, then change the color of your hue lights"
Rmg6Hn5D,"if every day of the week at, then turn on your hue lights"
RmtdaY5L,"if electricity in norway is cheap, then turn on your dishwasher"
RmuQ4M9d,"if current temperature rises above, then set the temperature of a thermostat or thermostatic radiator valve (trv)"
Rn5t9hSq,"if motion detected, then turn your lights on"
RnfiS8Gw,"if smoke alarm emergency, then change the color of your hue lights"
RnkSFJzX,"if sunset, then open a relay"
RnkyR5LZ,"if away when scheduled to be away, then turn off your hue lights"
RnsKdRFm,"if temperature rises above, then set a nest thermostat to the temperature you specify"
RpujBU5E,"if new reminder added to list, then change the color of your hue lights"
RqF7VGnD,"if say a simple phrase, then turn your lights off"
RqaXxuBh,"if send ifttt any email, then turn a wemo light switch on"
RrpC94AP,"if new followed show, then change the color of your hue lights to match the dominant colors found in an image you specify"
Rsv6TcZx,"if thermostat enters smart home/away, then set your aquanta into away mode"
RtHZmYw4,"if tado⁠° switches to away mode, then turn off your hue lights"
RtT8pJak,"if gesture with task matching id occurs, then turn on your smartthings devices that support switching on"
Ru58jJnX,"if say a specific phrase, then turn your aros a/c off"
RuXpvhsA,"if every day of the week at, then set the temperature of your ge water heater"
RvZpbEaY,"if carbon quality, then change the color of your hue lights"
Rvpy3gTW,"if new tweet by you with hashtag, then turn your lights on"
RvujgkNL,"if button press, then turn a wemo insight switch on"
Rvz7hwdZ,"if sunrise, then change the color of your hue lights"
RwD3sm6M,"if say a specific phrase, turns on the selected wemo light"
Rwhx8EaF,"if motion event detected, then turn on the selected light(s)"
RxRWrVG8,"if say a specific phrase, then toggle your hue lights on or off"
RyMA9fQh,"if gesture with task matching id occurs, turns on the selected wemo light"
RyUS9gNJ,"if your skybell hd‘s button was pressed, then briefly turn your hue lights off then back on"
RyWLKPZb,"if new tweet from search, then change the color of your hue lights"
RyX2Ukja,"if motion no longer detected, then turn off the selected light(s)"
RzsrPMBt,"if data from my device above threshold, then change the color of the nanoleaf light panels or canvas that you select from the device dropdown on this screen"
S29wLzf6,"if every day at, then turn a wemo light switch off"
S346CNjs,"if say a specific phrase, then change the color of your lights"
S3AiGXSV,"if every year on, then turn off your hue lights"
S4tqQW5F,"if new motion detected, then toggle a wemo switch on or off"
S5jTMN3m,"if every day at, then turn on your hue lights"
S62kWZQ7,"if motion detected, then change the color of your hue lights"
S6EaFXeR,"if new ring detected, then turn on your hue lights"
S6gUXyD4,"if current condition changes to, then turn a wemo light switch on"
S6nmf7Dt,"if prayer time, then turn off your hue lights"
S7yX6ViG,"if sunset, then turn on a whole group of mi|home devices simultaneously"
S84wrEfJ,"if say a specific phrase, then switch off your light"
S8FuwsDd,"if motion detected, then turn on your hue lights"
S9A7T5iL,"if action button pressed, then toggle your hue lights on or off"
S9fSpJRe,"if notification received from a specific app, then make your lights quickly blink the color of your choice"
S9trGfDa,"if every day of the week at, then turn on your hue lights"
SA9nZ3XL,"if sunset, then turn on the pivot power genius outlet you specify"
SAJVahBM,"if say a specific phrase, this action well set a scene on your hue lights"
SAb973xk,"if every day at, then turn off your hue lights"
SAcsNm8Q,"if say a simple phrase, then turn on/off a device"
SAmkR6X8,"if sunrise, then switch off your light"
SBDfqNpv,"if button press, then activate the shortcut you specify"
SC4cKPTQ,"if sunset, then activate the shortcut you specify"
SCGATh4W,"if daily step goal achieved, then change the color of your hue lights"
SCXszwUV,"if say a simple phrase, then turn a wemo switch on"
SD4CirBT,"if sunset, then turn on your hue lights"
SGWA2YEt,"if say a specific phrase, then set a lutron dimmer or switch to the level you specify"
SHEL7FR2,"if every day at, then turn a wemo switch off"
SHEsLbFT,"if you enter an area, then turn a device on or off"
SJL2rB5M,"if temperature rises above, then briefly turn your hue lights off then back on"
SJL43V3F,"if flic is clicked, then toggle your hue lights on or off"
SJT9cwV5,"if any new sms received, then briefly turn your hue lights off then back on"
SJt4PVwD,"if send ifttt any email, then briefly turn your hue lights off then back on"
SKQhDr7t,"if temperature rises above, then turn on the pivot power genius outlet you specify"
SKVNCr37,"if nest set to away, then turn off the pivot power genius outlet you specify"
SKXTya7Q,"if say a specific phrase, then dim or brighten your hue lights to a value between 0-100"
SKbLFmzU,"if sunset, then turn on your hue lights"
SKjuhXkE,"if any incoming phone call missed, then briefly turn your hue lights off then back on"
SMgp537w,"if you exit an area, then set a nest thermostat to the temperature you specify"
SMsH7S6b,"if flic is clicked, then turn off your hue lights"
SN23MzjQ,"if say a simple phrase, this action well set a scene on your hue lights"
SN2F8Ge5,"if new super sticker, then change your lights to specified color temperature"
SN7wBgeT,"if movement is detected, then turn on your hue lights"
SNEvWXf6,"if receive an event from apilio, then turn a wemo switch off"
SNU6BfdL,"if say a simple phrase, then turn a wemo switch on"
SPAfSwky,"if you enter an area, then turn on your hue lights"
SPKkX5cw,"if event from search starts, then dim or brighten your hue lights to a value between 0-100"
SPMG7t5z,"if you exit an area, then set the target temperature of your thermostat"
SPfq4rJv,"if sunset, then turn on your hue lights"
SQYSAcNR,"if send ifttt an email tagged, then turn a wemo switch off"
SQsh5zqM,"if current temperature drops below, then set a target temperature on your window ac unit"
SRLZq8Db,"if order out for delivery, then briefly turn your hue lights off then back on"
SS3kfLxQ,"if oven turned on, then change the color of your hue lights"
SSibE3RX,"if you are tagged in a photo, then change the color of your hue lights"
SSvjrR3B,"if your alarm goes off, then briefly turn your hue lights off then back on"
ST3XxyqU,"if you exit an area, then set your honeywell thermostat to resume the currently defined thermostat programmed schedule"
STmfBG56,"if current condition changes to, then briefly turn your hue lights off then back on"
SUfhcHkb,"if sunset, then turn on your smartthings devices that support switching on"
SW3ifyM2,"if flash button double pressed, then toggle a wemo switch on or off"
SWCFUNvc,"if sunset, then turn a wemo light switch on"
SWPXA64D,"if you enter an area, then turn a wemo switch on"
SWPdzSsh,"if new ring detected, then toggle a wemo light switch on or off"
SX5TAU8i,"if you enter an area, then set a lutron dimmer or switch to the level you specify"
SXMw3qQH,"if new ring detected, then turn on your hue lights"
SXZW8kgm,"if every year on, then change the color of your hue lights to match the dominant colors found in an image you specify"
SXeGjZCQ,"if you enter an area, this action sets an override on target temperature of one of your zones"
SXmQdfMH,"if button press, then start the selected hood program"
SYE628V5,"if sunset, then dim or brighten your hue lights to a value between 0-100"
SYqyuvtc,"if job complete, then clean a specific room in your home"
SYwb4SeJ,"if light switched off, changes the brightness level of the selected wemo light"
SZYzHqev,"if current temperature drops below, then turn on a device"
SZgpSiKT,"if you enter an area, sets sleep fader time for the selected group of wemo lights"
SZuvMAqL,"if say a specific phrase, then adjust multiple lights and shades together by activating a scene created in the lutron app"
Sa67X9fz,"if a person has been seen outside, then turn on your hue lights"
SaK3x4N8,"if every day of the week at, then turn off your hue lights"
SbDSiBa8,"if every day of the week at, then turn off your hue lights"
SbHfE4mi,"if every day of the week at, then turn off your hue lights"
Sc7LAfCm,"if sunrise, this action turns off your air purifier"
ScZvrRtF,"if motion detected, then turn on one of your futurehome devices"
ScdMFhCD,"if opening, then turn on your hue lights"
SceyZK6i,"if thermostat indoor temperature is greater than, then turn on/off a device"
ScpWuLmD,"if say a specific phrase, then open the garage door you specify"
SdBnEWJA,"if new sms sent matches search, then pause your thermosmart"
SdGr3byR,"if sunrise, then turn off your hue lights"
SdPtzUvg,"if say a simple phrase, then turn off your hue lights"
SdrjKNWh,"if carbon dioxide rises above, then briefly turn your hue lights off then back on"
SfnGePik,"if say a simple phrase, then close the garage door you specify"
SgapRKtV,"if temperature drops below, then change the color of your hue lights"
SgyfNUnS,"if air quality changes, then change the color of your hue lights"
Sh4JuQfj,"if presence detected, then update a boolean variable in apilio to true"
ShQftVxw,"if closed, then update a boolean variable in apilio to false"
ShZ2GR7r,"if sunrise, then turn off one of your futurehome devices"
ShnEUxMX,"if event from search starts, then change the color of your hue lights"
Sj4ZTwEU,"if energy saving mode is activated, then turn off your hue lights"
SjPebdG8,"if leak detected, then turn on the device/group of your choosing"
SjkxUyDw,"if new motion detected, then briefly turn your hue lights off then back on"
Sjn9kNEM,"if any new motion, then briefly turn your hue lights off then back on"
Sju74KPH,"if temperature drops below, then set your thermostat to manual mode"
SkPzsRdM,"if every hour at, then briefly turn your hue lights off then back on"
SmHVn7B4,"if every day at, then dim or brighten your hue lights to a value between 0-100"
SmMeWqjC,"if carbon dioxide (co₂) alert, then change the color of your hue lights"
SmwJH9cs,"if your alarm goes off, then turn on a device"
SnLSaq8X,"if switched off, then turn off your hue lights"
SnjUCHuQ,"if new feed item, then briefly turn your hue lights off then back on"
Sp2J4hnG,"if you are tagged in a photo, then briefly turn your hue lights off then back on"
Sp6UMNRG,"if say a specific phrase, then turn on the device/group of your choosing"
SqGRMgwu,"if you enter an area, then set the thermostat mode"
SqmyzcRX,"if when i get into bed, then lock a specific device"
Sr3Fy4PR,"if sunset, then turn on your hue lights"
SruUaxDv,"if sunrise, then turn a wemo switch off"
SsBcGxW6,"if sunset, then turn on your hue lights"
SsJXUegv,"if flic is clicked, then turn off the selected light(s)"
SsnwijRE,"if daily rain rises above, then briefly turn your hue lights off then back on"
StEZiQW7,"if every day of the week at, then turn off your hue lights"
StbKSX5q,"if device's aqi is above, then make moodo air device to purify air instead of blowing out fragrance"
Stv7iLzu,"if switched off, then turn a wemo switch on"
SuFk6HZW,"if connects to a specific wifi network, then turn your lights on"
SuTxDPqM,"if say a phrase with both a number and a text ingredient, then change the color of your hue lights"
SusEQeCZ,"if you are tagged in a photo, then make your lights quickly blink the color of your choice"
Sv76UFdA,"if any new motion, then turn a wemo switch on"
SvGByEU8,"if current condition changes to, then briefly turn your hue lights off then back on"
SvWAsweH,"if sunset, turns on the selected group of wemo lights"
Svjq8Dpm,"if new song played, then turn on a slow color loop effect for your hue lights"
SwEr5zxi,"if order out for delivery, then turn on the selected light(s)"
SwTtdZn2,"if new super chat message, then set your lights to a specified brightness"
Sxa9f5bT,"if sunrise, then turn off your hue lights"
SxasFQ43,"if temperature drops below, then turn your thermostat off"
T27y4nGF,"if you exit an area, then turn off your hue lights"
T29fAkVK,"if door unlocked, then turn on the selected light(s)"
T2bkmKfT,"if sunrise, then turn off one of your mi|home devices"
T2hM3f65,"if you enter an area, then turn on your hue lights"
T38NGgdD,"if button press, then turn on a device attached to your hubitat elevation system"
T3tsvqb7,"if button press, then set a innogy smarthome state to 'no'"
T43LMzBr,"if you enter an area, then turn a wemo switch on"
T4beEDHC,"if say a phrase with a text ingredient, then turn off the device/group of your choosing"
T4yVrXSa,"if every day of the week at, turns on the selected wemo light"
T5MYBbGV,"if sensor detects water, then close a hubitat device"
T6Vd8hNZ,"if temperature or humidity changes, then set a specific device on eco mode"
T6Ycghqe,"if your alarm goes off, then turn a wemo switch on"
T79zryUZ,"if say a specific phrase, then switch on the pod"
T7M5vBFD,"if sunset, then turn on your hue lights"
T896XMD2,"if say a simple phrase, then turn on your hue lights"
T8U64nNq,"if say a specific phrase, then set the sabbath mode for your ge refrigerator"
T8if4gyv,"if motion event detected, then dim or brighten your hue lights to a value between 0-100"
T9EBYZhA,"if send ifttt any email, then turn a wemo switch on"
T9GfaRMv,"if you exit an area, then remove any existing quick action at your location and set your heating system to follow the schedule"
T9QkFh8f,"if say a phrase with a text ingredient, then set a nest thermostat to the temperature you specify"
T9gcnwPZ,"if pm2.5 threshold is crossed, then turn off a selected device"
TBKu9Lpe,"if every day at, then change the color of your lights"
TBKxqdu7,"if you exit an area, then adjust multiple lights and shades together by activating a scene created in the lutron app"
TBLSrjMH,"if sunset, then turn a wemo light switch on"
TBhFmb78,"if item added to your to do list, then change the color of your hue lights"
TBnu2gzw,"if event from search starts, then activate the specified scene"
TBvkrpRd,"if device is plugged in, then turn on, turn off or toggle your lights"
TCcVurY4,"if say a specific phrase, then change the color of your lights"
TEs6diVF,"if today's weather report, then change the color of your hue lights"
TFzGVewY,"if current temperature drops below, then turn a wemo light switch on"
TGwTqcy3,"if you enter an area, then turn your lights on"
TGzM3dkJ,"if you exit an area, then turn the specified product off"
THenbyqX,"if carbon monoxide emergency, then change the color of your hue lights"
THzGngej,"if say a simple phrase, then set a lutron dimmer or switch to the level you specify"
TJCZtTwe,"if every day of the week at, then turn your lights on"
TJKUctuw,"if every hour at, then turn a wemo switch on"
TJNQmHfe,"if say a specific phrase, then set a nest thermostat to the temperature you specify"
TKA7WcMS,"if any new motion, then turn a wemo switch off"
TKtrNbnG,"if cycle is complete, then turn on the ambient light of your hood with the selected color"
TKyEPd4j,"if every hour at, then change your hue lights to a randomly selected color"
TLGe4uR2,"if every day at, then turn a wemo light switch off"
TLTZBHUp,"if current temperature drops below, then turn off a plug for the specified duration"
TMEsfTqG,"if electricity in denmark is cheap, then turn on your dishwasher"
TMQ3AptY,"if every day of the week at, then change the color of your hue lights"
TNW7r3dP,"if current temperature rises above, then turn off your smartthings devices that support switching off"
TNu48z7f,"if sunset, then turn a wemo light switch on"
TP8vuV7y,"if say a specific phrase, then turn off your hue lights"
TPdTrRce,"if today's weather report, then turn on your hue lights"
TQFeYtca,"if gesture with task matching id occurs, then toggle a wemo switch on or off"
TQNfpurZ,"if ask what's on your to do list, turns off the selected wemo light"
TQRbDAr9,"if you enter an area, then turn on your hue lights"
TQu9EqnP,"if device connects, then turn your lights on"
TREN7suT,"if daily step goal achieved, then turn a wemo switch on"
TRF46bQp,"if say a specific phrase, turns on the selected group of wemo lights"
TRqa8myv,"if you enter an area, then turn on your air conditioner and set target temperature, ac operation mode and air volume settings"
TSvYGPFQ,"if alarm triggered, then turn on the selected light(s)"
TT7nNS9D,"if every day at, then turn off the device/group of your choosing"
TTADKtkL,"if sunset, then turn a wemo light switch on"
TTGd6KUJ,"if you exit an area, then turn on your hvac system fan for the amount of time you specify in your nest fan timer setting (default is 15 minutes)"
TTzFZuQL,"if update received, then update a numeric variable in apilio"
TUfF5BPa,"if nest set to home, then turn on the selected light(s)"
TUrCYyWG,"if sunset, then turn a wemo switch on"
TUwc2ynu,"if scene changed, then turn off your hue lights"
TWK2vCM7,"if every day at, then activate the shortcut you specify"
TWeRHbLY,"if new motion after quiet period, then turn on your hvac system fan for the amount of time you specify in your nest fan timer setting (default is 15 minutes)"
TXDj5hWE,"if say a simple phrase, then turn off a whole group of mi|home devices simultaneously"
TXRstUZM,"if say a simple phrase, then turn off your hue lights"
TXYEdFgU,"if geo-circle was exited, then start your robot"
TYAB8iUN,"if say a specific phrase, then turn on your hue lights"
TYh27twZ,"if say a specific phrase, then trigger the specified bot to press the switch"
TZbgU3ni,"if every day at, then turn off your hue lights"
TZjPqkzF,"if you exit an area, then turn off the device/group of your choosing"
TZkVEJBm,"if say a simple phrase, then turn your lights on"
TZtHpsmk,"if every day at, then turn on your hue lights"
TZv9RJYV,"if incoming call from known number, then briefly turn your hue lights off then back on"
TZvy8MBz,"if sunset, then turn a wemo switch on"
Ta9CRXq7,"if you enter an area, then turn on your hue lights"
TbCTt7Li,"if sunset, then turn on your hue lights"
TbMRjtqa,"if sensor measurement, turn your a/c on with a set temperature, mode and fan level"
TcMg872W,"if total connect security panel alarm detected, then set a lutron dimmer or switch to the level you specify"
TcMjeVn5,"if stream going live for a channel you follow, then turn on the selected light(s)"
Tcb4TaXv,"if new channel membership, then change your lights to specified color temperature"
TdBQsA2y,"if every day of the week at, then dim or brighten your hue lights to a value between 0-100"
Te24agV3,"if motion detected, then turn on your hue lights"
TeNhrAkX,"if device is set to eco mode, then start a flow with tags on homey"
Tef52Qmx,"if door closed, then turn off a selected device"
TfMrjsZR,"if carbon dioxide (co₂) alert, then make your lights quickly blink the color of your choice"
TfN6Pm8F,"if say a specific phrase, then briefly turn your hue lights off then back on"
TfN8PpWd,"if motion detected, then briefly turn your hue lights off then back on"
TfPHX2Ze,"if send ifttt any email, then toggle a wemo insight switch on or off"
Tfd8PgFs,"if sunset, then turn on your hue lights"
TfweH5LM,"if today's weather report, then change the color of your hue lights to match the dominant colors found in an image you specify"
Tg3HC4JP,"if new mention of you, turns on the selected wemo light"
TgQkKRYZ,"if item completed on your to do list, then dim or brighten your hue lights to a value between 0-100"
ThBTM2JY,"if sunset, then turn a wemo switch on"
Thby5cJ9,"if current condition changes to, then turn a wemo switch on"
Ti3qut4w,"if new status message by you, then change the color of your hue lights"
TijdWb3S,"if say a simple phrase, then turn off your hue lights"
TjALhBKn,"if notification received from a specific app, then turn your heating off"
TkNbSGdL,"if you enter an area, then turn your lights on"
TkS4HL6e,"if say a simple phrase, then adjust multiple lights and shades together by activating a scene created in the lutron app"
TkTi8Gns,"if say a specific phrase, then turn off your smartthings devices that support switching off"
TkcGwZmn,"if new saved track, then make your lights slowly breathe the color of your choice"
TkeM84cR,"if sunrise, then turn off your hue lights"
TkfU8qNX,"if button press, then switch off all your security devices"
TmAEkQUC,"if carbon monoxide emergency, then turn on your hue lights"
TmQskVy2,"if any new motion, then switch on your light"
Tn5rs4AY,"if say a simple phrase, then turn on, turn off or toggle your lights"
Tn7wRrDZ,"if sunset, then turn a wemo switch on"
TnN47Axd,"if presence no longer detected, then turn off your smartthings devices that support switching off"
TnxGdKrY,"if lock unlocked, then trigger the specified bot to turn on the switch"
Tp2FNJPT,"if say a simple phrase, then briefly turn your hue lights off then back on"
TpA8JVmH,"if device is plugged in, then turn off your hue lights"
TqP2tQbW,"if you exit an area, then set a innogy smarthome state to 'no'"
Tr2M6uyc,"if receive an event from apilio, then turn a wemo switch on"
Tr8WKb5c,"if any new photo, then change the color of your hue lights to match the dominant colors found in an image you specify"
TrYTg9vm,"if new public favorite, then change the color of your hue lights to match the dominant colors found in an image you specify"
Try5zXKb,"if every day at, then turn off your hue lights"
Ts9pXvmK,"if new super chat message, then set your lights to a specified brightness"
TtkhZmTv,"if current condition changes to, then activate the scene that you choose"
TtuQhJrc,"if send ifttt an email tagged, then turn on your smartthings devices that support switching on"
Tu8inQPZ,"if tado⁠° switches to home mode, then switch on your light"
TuDqxZrt,"if sunrise, then turn on/off a device"
TuP2SZyq,"if say a phrase with a text ingredient, then turn your lights on"
TvcSHGU8,"if an #ohmhour ends, then set your honeywell thermostat to hold a temperature for a specified period of time"
TvnrL3y5,"if lock unlocked, then play the text to speech in the hearing aid, if the hearing aid is connected to an iphone"
Tw8ynkTM,"if motion detected or no motion detected, then set a specific device on cool mode"
TwF9yLCu,"if you exit an area, then pause your thermosmart"
TwQVj9iB,"if switched off, then turn off the device/group of your choosing"
TwfxzCJ7,"if outdoor temperature rises above, then change the color of your hue lights"
Tx3kQAJW,"if switched off, then turn a wemo switch off"
Tx9mdBiE,"if sunset, then turn a wemo switch on"
TxWCPqk4,"if current temperature drops below, then turn on the selected light(s)"
Ty4hHAjf,"if button press, then toggle your hue lights on or off"
Ty74fRMu,"if any new sms received, then briefly turn your hue lights off then back on"
TyVjG9zT,"if say a simple phrase, then turn off your hue lights"
TzKM4sxS,"if receive an event from apilio, then switch off your light"
TzZByPKS,"if nest set to away, then switch off your light"
TzwprWQE,"if every year on, then turn on a device"
U26bU3Hh,"if new ring detected, then turn on your hue lights"
U2CS3URr,"if say a specific phrase, then turn off your hue lights"
U2KHtRDx,"if smoke alarm emergency, then change the color of your hue lights"
U2KSFdWZ,"if nest set to away, then turn off the selected light(s)"
U2LRkaxd,"if device or group is turned off, then turn on the device/group of your choosing"
U2yeiH6J,"if sunset, then set your lights to a pre-defined scene"
U3C4MZVm,"if sunset, then turn on your hue lights"
U3WBuYTi,"if say a simple phrase, then turn off your hue lights"
U4RekapQ,"if temperature rises above, then turn off the pivot power genius outlet you specify"
U4UbBpcM,"if turned on, then change the brightness of a dimmer to a specified level/percentage"
U4nzGfPc,"if say a specific phrase, this action well set a scene on your hue lights"
U5EjWJKv,"if new group decision or direct action taken, then turn on a device"
U6Pji8mn,"if someone known has been seen, then turn on your hue lights"
U6T5tKUn,"if sunset, then activate the shortcut you specify"
U6Xq5Yfc,"if thermostat indoor temperature is less than, then turn off a selected device"
U6bSqLPh,"if every day at, then change the color of your hue lights"
U6rju9yJ,"if say a specific phrase, then turn on your daikin ac unit, or change its settings"
U7umtqe8,"if button press, then turn your aros a/c off"
U85XQmqZ,"if every day at, then turn a wemo light switch off"
U9URTitX,"if motion is detected, then turn on your hue lights"
U9ZsFe7y,"if current temperature rises above, then set your honeywell thermostat to permanently hold the specified temperature until you change it"
UAeGZcXp,"if every day of the week at, then turn off a whole group of mi|home devices simultaneously"
UAgN28Xq,"if change in average price, then set the thermostat into an indefinite hold with the specified temperature"
UAtQHE3c,"if update received, then update a numeric variable in apilio"
UB8HFcgu,"if say a phrase with a text ingredient, then turn on your daikin ac unit, or change its settings"
UBG8KZDU,"if every day of the week at, this action well set a scene on your hue lights"
UBN6Xw2h,"if motion is detected, then change the color of your hue lights"
UBzbcC5w,"if sunset, then turn on your hue lights"
UC9pSWgM,"if any new sms sent, then turn a wemo light switch on"
UDK43YUQ,"if a specific person arrives home, then turn on your hue lights"
UDhYkvEZ,"if current condition changes to, then briefly turn your hue lights off then back on"
UEBjMnzu,"if today's weather report, then change the color of your hue lights"
UEWgReKL,"if any new sms received, then briefly turn your hue lights off then back on"
UF5a2vkw,"if mode disarmed, then unlock your smartthings devices that support unlocking"
UFvyh2dw,"if say a simple phrase, then turn off your hue lights"
UH8GVFBd,"if new follower on your channel, then change the color of your hue lights"
UHXKwDe2,"if any event ends, then turn on the device/group of your choosing"
UJGChemb,"if send ifttt any email, then briefly turn your hue lights off then back on"
UJWqtaSA,"if sunset, then turn a wemo switch on"
UKGCELxb,"if every day at, then open the garage door you specify"
UKZ5NPfv,"if new follower on your channel, then briefly turn your hue lights off then back on"
UKZWvgXE,"if alarm, then briefly turn your hue lights off then back on"
UKbX9ZAj,"if nest set to home, then turn off the pivot power genius outlet you specify"
UKkjPx8M,"if say a simple phrase, then turn on your hue lights"
UKxnmHLq,"if any incoming phone call missed, then make your lights quickly blink the color of your choice"
ULPvRCZw,"if stone press, then turn your lights on"
ULR6EhNH,"if lock unlocked, then change the color of your hue lights"
UMCUhJvR,"if send ifttt any email, then briefly turn your hue lights off then back on"
UMX2qD6C,"if every day at, then turn a wemo switch off"
UMbfSj6K,"if your alarm goes off, then turn on your smartthings devices that support switching on"
UNy5xBqu,"if current temperature rises above, then turn on your a/c in the specified room, and run it in comfort mode"
UPMcpF3W,"if every day at, then briefly turn your hue lights off then back on"
UPZd2hFU,"if say a specific phrase, then turn on your hvac system fan for the amount of time you specify in your nest fan timer setting (default is 15 minutes)"
UPfcuQmz,"if say a simple phrase, then turn on your hue lights"
UPrF9qXM,"if every day at, then turn a wemo switch off"
UQBVi5Df,"if temperature rises above, then turn on your hvac system fan for the amount of time you specify in your nest fan timer setting (default is 15 minutes)"
URg5NeYf,"if every day at, then turn a wemo switch off"
URznpkXm,"if an #ohmhour starts, then set your honeywell thermostat to hold a temperature for a specified period of time"
USMxdTZB,"if smoke alarm emergency, then turn on the selected light(s)"
USW63Lkm,"if pollution is high, then set the thermostat into a hold using the settings from the specified comfort profile"
UTHAiVnG,"if person detected, then change the color of your lights"
UTpQLfw8,"if say a specific phrase, then turn your lights on"
UTxjsyEp,"if new follower, then briefly turn your hue lights off then back on"
UTyzLYGK,"if you exit an area, then turn off your hue lights"
UU72r6kN,"if smoke alarm warning, then change the color of your hue lights"
UUFt4ipn,"if power rises above, then turn on a slow color loop effect for your hue lights"
UUTZ6mQx,"if every day of the week at, then turn off a plug for the specified duration"
UVEgprSe,"if device is plugged in, then make your lights quickly blink the color of your choice"
UVqcfSk4,"if disconnects from a bluetooth device, then turn on the device/group of your choosing"
UWs8KFuy,"if your skybell hd detected motion, then make your lights slowly breathe the color of your choice"
UXEJUGCN,"if temperature rises above, then turn a wemo switch on"
UXcDiUad,"if say a specific phrase, then change the color of your hue lights"
UXnsbvgj,"if nest set to home, then set a nest thermostat to the temperature you specify"
UXvW8tRZ,"if you exit an area, then turn off your hue lights"
UYp4wMgu,"if breaking news, then set the freezer temperature"
UZ73EhQW,"if current condition changes to, then turn a wemo switch on"
UZKMVizq,"if you are tagged in a photo, then make your lights quickly blink the color of your choice"
Ua8gBviJ,"if any new check-in, then turn a wemo switch off"
UaL2CS8v,"if current condition changes to, then change the color of your hue lights"
UaQznmJ5,"if current temperature drops below, then turn on the device/group of your choosing"
UbLuW6GC,"if motion detected, then briefly turn your hue lights off then back on"
UbLwnxDS,"if every year on, then change the color of your hue lights"
UbaPwe9u,"if new ring detected, then turn on your smartthings devices that support switching on"
UbpRDXyd,"if sunset, then turn a wemo switch on"
UcMbetQB,"if current temperature rises above, then change the color of your hue lights"
UcnPdNK7,"if sunrise, then turn your lights off"
UczCSKap,"if device disconnects, then turn off your hue lights"
Ud5rXuWt,"if say a specific phrase, then turn on, turn off or toggle your lights"
UdDtTzYW,"if item added to your to do list, then change the color of your hue lights"
Udynh2iv,"if say a specific phrase, then turn a wemo switch on"
UeCvUaty,"if motion detected, then turn on your hue lights"
Uf8GM4VU,"if say a specific phrase, this action well set a scene on your hue lights"
UfQBp5mh,"if current condition changes to, then make your lights quickly blink the color of your choice"
UfRcnJG2,"if rain no longer detected, then briefly turn your hue lights off then back on"
UfexVZrU,"if facial recognition, then turn on, turn off or toggle your lights"
UfuVE83G,"if carbon monoxide emergency, then enable a quick action at one of your locations"
UfvV8GnX,"if current temperature drops below, then set a target temperature on your window ac unit"
Ug2YWati,"if every day at, then turn a wemo switch off"
Ug724ufD,"if electricity in denmark is expensive, then set the refrigerator temperature"
UgrpAqWH,"if every hour at, then briefly turn your hue lights off then back on"
UhC4SKgM,"if item deleted on your to do list, then turn off your smartthings devices that support switching off"
UhRsPEUN,"if say a phrase with a text ingredient, then turn on a device"
UhW4RDXV,"if beemergency day on any goal, then change the color of your hue lights"
UhW4z87Z,"if every day at, then turn on a slow color loop effect for your hue lights"
UhdGQkXC,"if you enter an area, then set a dim level on your light"
UhiVZDaT,"if sunset, then turn on your hue lights"
UhiembfU,"if event from search starts, then set a innogy smarthome state to 'yes'"
UhyEdSAJ,"if say a simple phrase, this action well set a scene on your hue lights"
UiRubsJ9,"if every day at, then turn off your hue lights"
UitCnqP6,"if smoke alarm warning, then turn on your hvac system fan for the amount of time you specify in your nest fan timer setting (default is 15 minutes)"
UjAaL3hX,"if sound detected, then turn your lights off"
UjDkJp5y,"if new song played, then dim or brighten your hue lights to a value between 0-100"
UjJtQ4vK,"if new channel membership, then set your lights to a specified brightness"
UjcaZ7ih,"if every day at, then change the color of your hue lights"
UjuYeKVN,"if switched off, then turn off your hue lights"
UkQNw9mv,"if new photo by you with specific hashtag, then change the color of your hue lights to match the dominant colors found in an image you specify"
UkRz7TS6,"if item added to your to do list, then set a nest thermostat to the temperature you specify"
UkwUGxSK,"if say a specific phrase, then toggle your device on or off"
Um6ewDsx,"if say a specific phrase, then make your lights quickly blink the color of your choice"
Uma2YTg9,"if event from search starts, then briefly turn your hue lights off then back on"
UmhjMKSR,"if new super sticker, then change your light's brightness to the specified level"
UnNCt4Gu,"if sunrise, then send a command to one of your openhab items"
UpPjDmre,"if new motion detected, then send a command to one of your openhab items"
UqRFMzDk,"if say a specific phrase, then turn off a selected device"
Uqi4LZhX,"if say a specific phrase, then change the color of your hue lights"
UqpFrX6B,"if sunrise, then activate the shortcut you specify"
UqzRiwT9,"if current condition changes to, then turn off a selected device"
UrfNgZCL,"if every day of the week at, then set the temperature of your ge water heater"
UrwqLSz6,"if every day at, then turn off your hue lights"
Us2jKFET,"if current condition changes to, then change your lights to a specified color"
UsMB7qND,"if a flic with a tag is clicked, then turn off the nanoleaf product that you select from the device dropdown on this screen"
UsNtufFx,"if new channel membership, then briefly turn your hue lights off then back on"
UsQ2PaWN,"if send ifttt an email tagged, then change the color of your hue lights to match the dominant colors found in an image you specify"
Usk3aA9n,"if sunrise, then turn off your smartthings devices that support switching off"
UtXp94UM,"if say a specific phrase, then change the color of your hue lights"
UuS4GC3w,"if every hour at, then set the heating mode to schedule"
UubCdpBP,"if sunrise, then turn a wemo light switch off"
UuiFHUyx,"if nest set to away, then turn off your hue lights"
Uv4MX57h,"if new activity by you, then boost your hot water for 1 hour"
Uv89eHJR,"if new saved track, then change the color of your hue lights to match the dominant colors found in an image you specify"
UvzNAZnR,"if gesture with task matching id occurs, turns off the selected wemo light"
UwCXy7LV,"if door sensor is open, then turn your heating off"
Ux46gXAd,"if your alarm goes off, then control the switchbot curtain"
UxXbtGEk,"if say a simple phrase, then adjust multiple lights and shades together by activating a scene created in the lutron app"
Uy9SQ6tK,"if send ifttt an email tagged, then turn a wemo switch off"
UyBGJCUh,"if sunset, then change the color of your hue lights"
UyCtv2W7,"if robot started, then turn on your hue lights"
UyvnaKXr,"if every day of the week at, then change the color of your hue lights"
Uyw7ACpB,"if say a phrase with a text ingredient, then activate a scene"
V2u5RJti,"if new check-in by friend in area, then briefly turn your hue lights off then back on"
V38tDM7K,"if say a specific phrase, then set the thermostat into a hold with the specified temperature and the end date/time will be set to the next climate transition in the program"
V3APqy75,"if say a specific phrase, then set your honeywell thermostat to hold a temperature for a specified period of time"
V3AthjVX,"if temperature rises above, then set a nest thermostat to the temperature you specify"
V3as9u2B,"if sunset, then dim or brighten your hue lights to a value between 0-100"
V45WVht9,"if a vehicle has been seen outside, then change the color of your hue lights"
V4mBR7iA,"if item added to your to do list, then set a nest thermostat to the temperature you specify"
V4rmqUJs,"if current uv index rises above, then launch a connexoon scenario"
V5WLFAtz,"if you enter an area, then activate the specified scene"
V6Kk9gYW,"if sunset, then turn a wemo switch on"
V6WDdAns,"if any event starts, then turn on, turn off or toggle your lights"
V6bd9NPH,"if you exit an area, then lock your smartthings devices that support locking"
V7BGHJTN,"if say a simple phrase, then turn off your coffee machine"
V7mewEFN,"if say a specific phrase, then turn a wemo light switch off"
V7n9HdJG,"if button press, then return control of your heating to tado⁠°, using your user-defined settings (e"
V8QJtsYu,"if pm2.5 threshold is crossed, then turn on a device"
V8r9Axk6,"if say a simple phrase, then turn off the device/group of your choosing"
VB4YFTEJ,"if alarm activated, then turn on your hue lights"
VBEe496T,"if sunset, then turn on your hue lights"
VBVcafki,"if contact sensor opens, then turn on a device"
VBXhDakP,"if say a simple phrase, then turn on a slow color loop effect for your hue lights"
VBnKjfZA,"if say a specific phrase, then set a nest thermostat to the temperature you specify"
VCN53zG9,"if you enter an area, then activate a selected scene from your account"
VCUGTbeq,"if every day at, then lock your smartthings devices that support locking"
VDSMEqX5,"if say a specific phrase, then turn on a slow color loop effect for your hue lights"
VDeNfzkJ,"if say a specific phrase, then turn your hive light on for a specific duration"
VDgRHNGf,"if receive an event from apilio, then switch on your light"
VDyfYkxW,"if light switched on, changes the brightness level of the selected wemo light"
VEeQgqbr,"if external-ds18b20-temperature-probe-1 rises above or drops below, then turn off the device/group of your choosing"
VEtedN7f,"if thinga was clicked, then turn on your hue lights"
VF9hueym,"if item added to your to do list, then set a nest thermostat to the temperature you specify"
VFfTHQ2x,"if you enter an area, then turn on/off the dehumidifier"
VGVMz7qc,"if début de plage tarifaire, then change the color of your hue lights"
VGiXpRCs,"if connects to a specific wifi network, then turn your lights on"
VGkBZiXT,"if any new sms received, then make your lights quickly blink the color of your choice"
VJDfCk59,"if receive an event from apilio, then set the thermostat into an indefinite hold with the specified temperature"
VK2RnELu,"if every day at, then make your lights quickly blink the color of your choice"
VKkdhaBN,"if say a specific phrase, then change the color of your hue lights"
VKxNdjLJ,"if you enter an area, then turn a wemo insight switch on"
VLFNgf6G,"if every day at, then change the color of your hue lights"
VLwXv4uU,"if today's price drops by percentage, then turn on the selected light(s)"
VMVhnrBZ,"if say a specific phrase, then set your honeywell thermostat to hold a temperature for a specified period of time"
VMmgtWjZ,"if your alarm goes off, then set your lights to a pre-defined scene"
VN3p5m8M,"if say a phrase with a text ingredient, then set a nest thermostat to the temperature you specify"
VPSj5Rhv,"if motion detected, then toggle a decora smart wi-fi device on/off"
VPbxt6Uw,"if every day at, then turn off your hue lights"
VPc3YqZT,"if button press, then turn off the device/group of your choosing"
VQ9Xt3Ew,"if every day at, then turn on the device/group of your choosing"
VQ9rdq6L,"if temperature rises above, then enable a quick action at one of your locations"
VQG2T3nc,"if parameter falls below, then change the color of your hue lights"
VQgfK9zG,"if sunrise, then turn off your hue lights"
VRAKXy7j,"if you enter an area, then apply the settings of the selected scene to your wiz lights"
VRDrjCG2,"if item added to your to do list, then set a nest thermostat to the temperature you specify"
VRFe6bQ7,"if stone press, then toggle your hue lights on or off"
VS3V6dUz,"if you enter an area, then turn your lights on"
VSU8jYTX,"if say a simple phrase, then turn on the device/group of your choosing"
VTC29Sxp,"if say a simple phrase, then turn on, turn off or toggle your lights"
VTqyDaGZ,"if say a specific phrase, then set a nest thermostat to the temperature you specify"
VUF6za7N,"if new super chat message, then change the color of your hue lights"
VUb6ZR8D,"if carbon monoxide emergency, then turn on the selected light(s)"
VVNXzeDa,"if motion event detected, then turn a wemo switch off"
VVaXZ4wR,"if say a simple phrase, switch air on"
VVizwM3X,"if every day at, then turn off your hue lights"
VVq3sQLP,"if ask for a sports team's score, then unlock your smartthings devices that support unlocking"
VWS2yR5V,"if say a phrase with a number, then set your lights to a specified brightness"
VWxg3m8v,"if say a specific phrase, then turn on your hue lights"
VX89YnMi,"if you enter an area, then set your lights to a pre-defined scene"
VXEb6ynP,"if say a specific phrase, then start your robot"
VXNtxkGC,"if sunset, then turn your lights on"
VXmDAaQR,"if a specific person arrives home, then turn on the selected light(s)"
VY3dhcj9,"if you enter an area, then turn on, turn off or toggle your lights"
VYTGFDnA,"if say a simple phrase, then turn on the device/group of your choosing"
VYZ9Dvuw,"if every day of the week at, then switch off your light"
VYquFtBA,"if you enter an area, then switch on your socket"
VaBQ5Rmf,"if say a specific phrase, then turn off your hue lights"
VaDKNFgB,"if every day at, then dim or brighten your hue lights to a value between 0-100"
VbEjXwy4,"if gesture with task matching id occurs, then turn a wemo light switch on"
VbJkvSHf,"if event from mesh app received, then turn a wemo switch on"
Vc7p5a3g,"if daily calorie burn goal achieved, then turn your aros a/c on and set to a temperature you specify"
VcRW2Ebz,"if sunrise, then turn off your hue lights"
VcqvrfkW,"if sunrise, this action sets an override on target temperature of one of your zones"
Vdev7ytG,"if system detects an intrusion, then change the color of your hue lights"
VdpA5QKi,"if nest set to home, then turn on your hue lights"
VeRTbsMU,"if button press, then turn a wemo light switch off then immediately back on"
VedqYPLG,"if say a specific phrase, then open the garage door you specify"
VenVsifh,"if system armed, then turn your lights off"
VfNgqWrz,"if price rises above, then turn on a slow color loop effect for your hue lights"
VfaJz9mv,"if say a simple phrase, then turn off your hue lights"
VfzgnVXy,"if say a specific phrase, then briefly turn your hue lights off then back on"
Vg8nfcT6,"if current temperature rises above, then set a target temperature on your window ac unit"
VgTjbMqU,"if button press, then set your thermosmart to the temperature you specify"
Vhrw64JY,"if long press, then activate the shortcut you specify"
ViMJ83wF,"if task in list completed, then turn on a slow color loop effect for your hue lights"
ViQN6G2R,"if when i get into bed, then set a nest thermostat to the temperature you specify"
VinGJqMp,"if say a specific phrase, then set the thermostat into a hold using the settings from the specified comfort profile"
ViyzjQc4,"if carbon monoxide warning, then make your lights quickly blink the color of your choice"
VizKCSfH,"if button press, then start your heating"
Vj9LZN6P,"if new feed item, then briefly turn your hue lights off then back on"
VkDjHar9,"if new mention of you, then turn on the selected light(s)"
VkPg5Mu8,"if sunset, then turn on a slow color loop effect for your hue lights"
VktYrD5L,"if new motion detected, then turn a wemo light switch on"
VmWuCyMU,"if every day at, then turn on your hue lights"
VmWvzf2q,"if say a specific phrase, changes the brightness level of the selected group of wemo lights"
VmZMFRkH,"if turned on, then change the color of your hue lights"
Vme5NVdL,"if an air quality alert has been raised, then change the color of your hue lights"
VmuNHEpf,"if motion detected, turns on the selected wemo light"
VnEJDm6M,"if switched off, then turn on a slow color loop effect for your hue lights"
VpEeQdKT,"if sunrise, then turn a device on or off"
VpFG5L3u,"if every day at, then turn your lights on"
VpLePFRW,"if every day of the week at, then turn on a slow color loop effect for your hue lights"
VpWZdUhR,"if sunset, then change the color of your hue lights to match the dominant colors found in an image you specify"
VqFeJdCn,"if button press, then turn a wemo switch off then immediately back on"
VqHFBjVT,"if energy price change, then turn on a device"
VqnHj7GD,"if every day at, then turn on your hue lights"
VrN2fYkw,"if button press, then boost heating to the temperature and duration you specify"
Vs7dgcVj,"if say a phrase with a text ingredient, then set a nest thermostat to the temperature you specify"
VsEQWGix,"if current condition changes to, then adjust multiple lights and shades together by activating a scene created in the lutron app"
VsYmCLVQ,"if say a simple phrase, then turn off your hue lights"
VshKLxA8,"if new ring detected, then briefly turn your hue lights off then back on"
VsrmUcgQ,"if current temperature drops below, then enable a temperature hold on the selected heatmiser thermostat"
VtEwWbp2,"if receive an event from apilio, then turn off your smartthings devices that support switching off"
VtpdBH9N,"if say a phrase with a text ingredient, then turn off the device/group of your choosing"
Vu5fcQvT,"if current condition changes to, then turn a wemo switch off"
VuNH9rcT,"if entering manual mode, then turn on your daikin ac unit, or change its settings"
VuxZFB3r,"if incoming phone call from a specific number missed, then set your lights to a pre-defined scene"
VwfAVm3z,"if sunrise, then turn off your smartthings devices that support switching off"
Vx8cqWAR,"if carbon monoxide emergency, turns on the selected wemo light"
VxNpikbv,"if current temperature rises above, then set a nest thermostat to the temperature you specify"
VxRcy2Zu,"if sunrise, then turn your hive light off for a specific duration"
Vxe8VKFE,"if connects to a specific wifi network, then switch on sl-bus device"
Vxy9bjJA,"if item added to your to do list, then set a nest thermostat to the temperature you specify"
Vy4mQnfd,"if new motion event, then make your lights quickly blink the color of your choice"
VyCBxZwN,"if button press, then turn your lights off if they are on, and turn them on if they are off"
VyFhXaEH,"if sunset, then turn on your hue lights"
VyU8YDsF,"if cycle is complete, then briefly turn your hue lights off then back on"
Vya5k3bH,"if daily rain rises above, then briefly turn your hue lights off then back on"
VzLWwEcP,"if gesture with task matching id occurs, then set a nest thermostat to the temperature you specify"
VzVSrAC9,"if you enter an area, then turn on a plug for the specified duration"
VzVuKmBb,"if you are tagged in a photo, then change the color of your hue lights"
VziqQ3yG,"if smart lawnmower button press once, then start your robot"
VztnAVsR,"if audio event detected, then make your lights quickly blink the color of your choice"
W2RpMG6g,"if any scheduled meeting starts, this action well set a scene on your hue lights"
W2hrBUpD,"if room finished, then turn your lights off"
W35N2Mfx,"if any incoming phone call missed, then make your lights quickly blink the color of your choice"
W3QxM4GU,"if say a specific phrase, then turn a wemo switch on"
W3bHQTnM,"if new motion detected, then turn a wemo switch off then immediately back on"
W3tf6QnJ,"if say a simple phrase, then close the garage door you specify"
W4NfiCAB,"if current uv index rises above, then change the color of your hue lights"
W4YWK23V,"if button press, then turn on the device/group of your choosing"
W4ciR97A,"if say a specific phrase, then turn on a slow color loop effect for your hue lights"
W4dyABED,"if every year on, then briefly turn your hue lights off then back on"
W5XLuQkD,"if every day of the week at, then make your lights quickly blink the color of your choice"
W5cUXw9L,"if carbon monoxide warning, then switch on your socket"
W5ztXJm3,"if say a specific phrase, then turn on the device/group of your choosing"
W6mZFPh2,"if say a specific phrase, changes the brightness level of the selected wemo light"
W6xSiPNt,"if current temperature rises above, then turn a wemo insight switch on"
W74MQndG,"if say a specific phrase, then dim or brighten your hue lights to a value between 0-100"
W78A4FrJ,"if your timer goes off, then activate the shortcut you specify"
W7Gymbjn,"if thermostat indoor temperature is less than, then turn a wemo switch off"
W92HKsyS,"if pollution is high, then briefly turn your hue lights off then back on"
W96UEHu8,"if button press, then lock a specific device"
W9RHDkQY,"if say a simple phrase, then turn on your hue lights"
W9sCuR2Y,"if temperature is too low, then turn a wemo insight switch on"
WA2QpLxF,"if manage your carbon footprint - change in carbon intensity, then set the thermostat into an indefinite hold with the specified temperature"
WA32GY8N,"if every day of the week at, then turn on a slow color loop effect for your hue lights"
WA7ei8RX,"if current condition changes to, then change the color of your hue lights"
WAicxwrS,"if current condition changes to, then make your lights slowly breathe the color of your choice"
WAkjXs5J,"if new follower, then briefly turn your hue lights off then back on"
WAntbPzr,"if nest set to away, then activate the shortcut you specify"
WAzP9diD,"if button press, then set a specific device on heat mode"
WB3TNQC2,"if when i get into bed, then set the thermostat into a hold with the specified temperature and the end date/time will be set to the next climate transition in the program"
WBfh4VEc,"if say a simple phrase, then turn off your hue lights"
WBusGnxM,"if every day at, then turn a wemo insight switch on"
WCBA5z4k,"if say a specific phrase, then set a nest thermostat to the temperature you specify"
WCFM3nNK,"if new ring detected, then turn your lights on"
WCFPh8GN,"if current condition changes to, then turn a wemo insight switch on"
WD6N8Bz7,"if smoke detected, then turn on your hue lights"
WDAUeR7X,"if every day of the week at, then turn on a plug for the specified duration"
WDmRVFsz,"if receive an event from apilio, then switch off your light"
WDsuC3h4,"if say a specific phrase, then turn on your hue lights"
WDw4gz68,"if every day at, then change the color of your lights"
WEANd8v3,"if new follower on your channel, then briefly turn your hue lights off then back on"
WEJLepXU,"if every day at, then turn your intesishome a/c off"
WEJY2fkP,"if current temperature rises above, then set your thermosmart to the temperature you specify"
WEVBqXcw,"if any event starts, then briefly turn your hue lights off then back on"
WFNmwzvy,"if new ring detected, then make your lights quickly blink the color of your choice"
WG4hUqBj,"if current temperature drops below, then change the setpoint of a device to the desired value"
WGPxF2eL,"if any new motion, then change your hue lights to a randomly selected color"
WGkEvhCW,"if every year on, then change the color of your hue lights"
WHDApWFP,"if ihome enhance button is pressed, then turn on your hvac system fan for the amount of time you specify in your nest fan timer setting (default is 15 minutes)"
WHSTXqP6,"if switched off, then turn on your smartthings devices that support switching on"
WHY9kwuG,"if device is set to heat mode, then turn on your hue lights"
WHjeUcP3,"if every year on, then change the color of your hue lights to match the dominant colors found in an image you specify"
WJHBber9,"if motion detected, then turn a wemo light switch on"
WJNP8kru,"if time of day peak rates start/end, then turn a wemo switch off"
WKCkBmV6,"if electricity in norway is cheap, then set the freezer temperature"
WKusZUBf,"if you enter an area, then send a command to one of your openhab items"
WLxhsDmS,"if current condition changes to, then briefly turn your hue lights off then back on"
WNervZqf,"if nest set to home, then turn on your hue lights"
WNukqvVm,"if send ifttt any email, then briefly turn your hue lights off then back on"
WQhq7Ut3,"if new ring detected, then change the color of your hue lights"
WRMHdtLm,"if send ifttt any email, then briefly turn your hue lights off then back on"
WSgcVjbe,"if flash button double pressed, then dim or brighten your hue lights to a value between 0-100"
WSrXvK93,"if nexia automation runs, then turn on your hue lights"
WSs5RbrE,"if door is unlocked, then turn on your hue lights"
WT2gBdCy,"if you are tagged in a photo, then change the color of your hue lights"
WTKk58w4,"if new ring detected, then briefly turn your hue lights off then back on"
WTUE5PNY,"if temperature rises above, then turn off your daikin ac unit"
WUPvBQkM,"if say a simple phrase, then switch off all your security devices"
WUa9CfLS,"if say a simple phrase, this action well set a scene on your hue lights"
WVQsMYbi,"if carbon dioxide (co₂) alert, then briefly turn your hue lights off then back on"
WWa8vN4S,"if you exit an area, then turn your lights off"
WXVDscYx,"if sunset, then turn on your hue lights"
WXgcpzTU,"if new sound or motion event, this action sets an override on target temperature of one of your zones"
WXsPVUA9,"if say a simple phrase, then turn on your oven"
WXvnjVqz,"if sunset, then turn on your hue lights"
WYMaGf8w,"if rain detected, then change the color of your hue lights"
WYjmHfsQ,"if switched on, then turn on your smartthings devices that support switching on"
WYtEWe9Z,"if door sensor is open, then turn on the device/group of your choosing"
WZM9VNRQ,"if switched off, this action removes the currently running event on the selected thermostat providing the event is not a mandatory demand response event"
WZjrvEhL,"if new channel membership, then set your lights to a specified brightness"
Wac7j5W8,"if motion detected, then turn on one of your futurehome devices"
Wacs6ByY,"if sunset, then turn your lights on"
Wb65GWHc,"if switched on, then turn on your hue lights"
Wc3XxwMT,"if sunset, then turn on your hue lights"
WcKeETDj,"if every hour at, then turn your aros a/c on and set to a temperature you specify"
Wd4vtC8y,"if sunset, then turn your lights on"
We6GWgfY,"if new reminder added to list, then change the color of your hue lights"
WeaQADwz,"if say a specific phrase, then dim or brighten your hue lights to a value between 0-100"
WfGbMkRB,"if smoke alarm warning, then turn your lights on"
WfMHNJ8Y,"if say a specific phrase, then turn off your hue lights"
WfSdrx8N,"if button press, then set a specific device on eco mode"
WfaFJmM6,"if say a specific phrase, turns on the selected wemo light"
WfeKpiJj,"if say a simple phrase, then turn your lights on"
Wfg7eGpM,"if every day at, then turn a wemo switch on"
WgZRhxHN,"if audio event detected, then turn your lights off"
WgyKDPR2,"if every day at, then turn on your hue lights"
Wh7kYTJW,"if temperature drops below, then change the color of your hue lights"
Whc4RW2x,"if send ifttt any email, then briefly turn your hue lights off then back on"
WirdNYwJ,"if connects to a specific wifi network, then turn on the device/group of your choosing"
WisT45GV,"if say a simple phrase, then turn off your hue lights"
WkGfdJ8H,"if button press, then activate the shortcut you specify"
WkY79WHd,"if connects to any wifi network, then turn on your hue lights"
Wkvmhxwa,"if every day of the week at, then turn a wemo light switch off then immediately back on"
Wm5gsDLX,"if today's price rises by percentage, then briefly turn your hue lights off then back on"
WmHRV4hG,"if say a simple phrase, then change operation settings for heat mode in your device"
WmSAR7XC,"if every day of the week at, then make your lights slowly breathe the color of your choice"
WmUqvhpP,"if you enter an area, then set a nest thermostat to the temperature you specify"
WnX4cCyg,"if say a specific phrase, then turn off your hue lights"
WnXUykuH,"if motion is detected, then make your lights quickly blink the color of your choice"
WpXQuyUJ,"if new mention of you, then briefly turn your hue lights off then back on"
WpiAcb3u,"if carbon dioxide rises above, then change the color of your hue lights"
WpkYVnmC,"if nest set to away, then turn off your smartthings devices that support switching off"
Wq6ZUyef,"if say a specific phrase, this action well set a scene on your hue lights"
WqXijxz5,"if button press, then dim / brighten the selected light(s) by the step of your choice"
WqzUheS3,"if you enter an area, then turn a wemo switch on"
Ws8KSCi4,"if say a specific phrase, then turn on a slow color loop effect for your hue lights"
WsKfhDmv,"if you enter an area, then turn on your a/c in the specified room, and run it in comfort mode"
WtCgjJpK,"if button press, this action well set a scene on your hue lights"
WthkM2Ae,"if button press, then set the light to specified color"
Wu5PaqVR,"if temperature drops below, then turn on your daikin ac unit, or change its settings"
Wv8f3MhB,"if say a specific phrase, then set your honeywell thermostat to resume the currently defined thermostat programmed schedule"
WvF7TQbS,"if new saved track, then make your lights slowly breathe the color of your choice"
WvMdJnBt,"if say a simple phrase, then turn on your hvac system fan for the amount of time you specify in your nest fan timer setting (default is 15 minutes)"
WvPmthMy,"if nest set to home, then turn on the pivot power genius outlet you specify"
WxJ9QiG4,"if new follower on your channel, then briefly turn your hue lights off then back on"
WyEcB6nX,"if current condition changes to, then change your lights to a specified color"
WziHrSD9,"if switched on, then turn on your a/c in the specified room, and run it in comfort mode"
X2ieHyUu,"if nan, then turn on your hue lights"
X2qzgKhA,"if every day of the week at, then dim or brighten your hue lights to a value between 0-100"
X36kvPMX,"if wine cooler door opened, then dim or brighten your hue lights to a value between 0-100"
X3UJY5zQ,"if scene started, this action well set a scene on your hue lights"
X3repwiJ,"if switched off, then turn a wemo switch on"
X4A6zT9V,"if every day at, then activate the shortcut you specify"
X4T2fEYQ,"if the alarm panel has been disarmed, then turn on your hue lights"
X4uTi6FE,"if current condition changes to, then briefly turn your hue lights off then back on"
X57pyJs9,"if button press, then turn off your hue lights"
X5QWfGEB,"if button press, then dim or brighten your hue lights to a value between 0-100"
X68k2apw,"if presence detected, then trigger the specified bot to turn on the switch"
X6CTaHdc,"if say a simple phrase, then dim or brighten your hue lights to a value between 0-100"
X73wujMp,"if current condition changes to, then change the color of your hue lights"
X7ZYNBcq,"if button press, then turn on the selected light(s)"
X7tfmSMC,"if sunrise, then set the heating mode of the thermostat"
X8N43Xw2,"if sunset, then turn a wemo switch off"
X8RtndDT,"if you enter an area, then turn a wemo light switch on"
X93t24cK,"if say a specific phrase, then turn off your hue lights"
X9Efc6qF,"if smoke or co alarm detected, then make your lights quickly blink the color of your choice"
X9QBzZch,"if device powered on, then turn on one of your mi|home devices"
XANrJE4k,"if nest set to away, then set a nest thermostat to the temperature you specify"
XAksnrzG,"if you enter an area, then turn your lights on"
XAqTzfg2,"if motion event detected, then turn on your hue lights"
XBWUcuEw,"if smoke alarm emergency, then turn on your device"
XCySMq4p,"if say a simple phrase, then turn off your hue lights"
XDUC9N6w,"if switched on, then lock your smartthings devices that support locking"
XDd2UQyY,"if daily step goal achieved, then turn a wemo light switch on then immediately back off"
XEuem8bd,"if gesture with task matching id occurs, then change the color of your lights"
XF4ngKrp,"if room started, then turn on your hue lights"
XFqu5TWL,"if say a specific phrase, then send a command to one of your openhab items"
XGpUFcfN,"if say a simple phrase, this action well set a scene on your hue lights"
XHEi6KXY,"if iss passes over a specific location, then turn on a slow color loop effect for your hue lights"
XHX3uzLd,"if before time of day peak rates start, then turn on the air conditioner unit"
XKQpWbnX,"if flic is clicked, then make your lights quickly blink the color of your choice"
XKVHESJU,"if current temperature rises above, then change the color of your hue lights"
XKa2gzdb,"if any new post by you in area, then turn on a slow color loop effect for your hue lights"
XLJgziqX,"if motion detected, then turn on a device attached to your hubitat elevation system"
XLTJeMSi,"if new super chat message, then set your lights to a pre-defined scene"
XLb73cZn,"if every day of the week at, then change the color of your hue lights"
XLedGxYD,"if sunset, then turn on your hue lights"
XLhPZQXk,"if lock locked, then activate the shortcut you specify"
XLm6HkXE,"if nest set to away, then turn a wemo light switch off"
XLuHZj7t,"if current temperature rises above, then turn on the device/group of your choosing"
XMqdHUbn,"if new public video from subscriptions, then set your lights to a specified brightness"
XMsgdLBS,"if every day at, then turn a wemo switch off"
XN6CKmP4,"if every day at, then turn your lights off"
XPJcCuL4,"if current temperature rises above, then turn on your hvac system fan for the amount of time you specify in your nest fan timer setting (default is 15 minutes)"
XPkYUEMH,"if say a simple phrase, then turn off your hue lights"
XQbhXEyu,"if say a simple phrase, then preheat your oven using the hot air program with the fast preheat option"
XRefpsSw,"if say a specific phrase, then turn on a slow color loop effect for your hue lights"
XRnsVXYL,"if long press, then turn a wemo light switch on"
XSPJL6cZ,"if smoke alarm emergency, then change the color of your hue lights"
XSZYjBNh,"if sunset, then turn on your hue lights"
XSe9VjPv,"if say a specific phrase, then turn on your hue lights"
XSmA8nzU,"if every hour at, then make your lights quickly blink the color of your choice"
XTPRQb2N,"if motion event detected, then turn on the selected light(s)"
XTU65Ceb,"if new sleep logged, then turn your lights on"
XTmEtN7J,"if new sleep logged, then turn on your hue lights"
XTqckauw,"if sunrise, then set the temperature on the thermostat"
XTt8EZYb,"if opened, then turn on your smartthings devices that support switching on"
XULgsXKT,"if sunrise, then turn a wemo insight switch on"
XVWGu85E,"if door sensor is open, then turn on the device/group of your choosing"
XVtcbqMi,"if you enter an area, then set a nest thermostat to the temperature you specify"
XW5ecnKh,"if every day at, then turn a wemo light switch on"
XWRgJAUL,"if thermostat indoor temperature is greater than, then set a lutron dimmer or switch to the level you specify"
XX32N7TG,"if you exit an area, then turn your lights off"
XX4HyzFf,"if nest set to away, then turn off your hue lights"
XXJ6KVRQ,"if long press, then toggle a wemo light switch on or off"
XXY4kF9i,"if switched off, then turn a wemo switch off"
XXv7ZBPw,"if gesture with task matching id occurs, then turn on a device"
XXzLDuHJ,"if sunset, then dim or brighten your hue lights to a value between 0-100"
XY8SkzvN,"if say a simple phrase, then set a specific device on cool mode"
XYaXye9q,"if every day at, then turn on a slow color loop effect for your hue lights"
XZuznage,"if every hour at, then turn off the nanoleaf product that you select from the device dropdown on this screen"
Xb9B7a6R,"if switched off, then turn off your hue lights"
XbNLwyDs,"if sunrise, then turn a wemo switch off"
XbeLc3fW,"if say a simple phrase, then turn on the device/group of your choosing"
XbiKyvND,"if every day at, then turn on your hue lights"
Xbz9vn7Y,"if sunrise, then turn a wemo light switch off"
XdS8RwqG,"if current temperature drops below, then change operation settings for heat mode in your device"
Xdc957Qk,"if every day at, then turn off your hue lights"
XdeMxHPb,"if sunset, then turn a wemo switch on"
XdgY6b7z,"if switched on, then lock your smartthings devices that support locking"
XdvrFsS2,"if switched off, then turn a wemo switch off"
Xe4rV7HT,"if motion detected, then turn on one of your mi|home devices"
Xe7VTKCr,"if button press, then turn off your smartthings devices that support switching off"
XefdBp2w,"if new motion event, then turn on your hue lights"
XemMnRkq,"if say a simple phrase, then turn on the device/group of your choosing"
Xewgd2Np,"if long press, then turn off your hue lights"
Xf6BTFQp,"if zeeq 'start sleep' button, then turn your heating off"
XfAByLkN,"if carbon dioxide rises above, then change the color of your hue lights"
XfRdrM5A,"if event from search starts, then set a specific device on heat mode"
XgBY7upb,"if contact sensor opens, then make your lights quickly blink the color of your choice"
XgCMv76T,"if you enter an area, then change your lights to a specified color"
XgG9VN8C,"if smoke alarm emergency, then turn a wemo light switch on"
XgpJ92Rb,"if your timer goes off, then briefly turn your hue lights off then back on"
XhYA7Enq,"if mode disarmed, then turn your lights on"
Xhw7srH8,"if every day at, then turn off your hue lights"
Xihr5kDR,"if motion detected, then briefly turn your hue lights off then back on"
XiwTnfqj,"if new photo with the rear camera, then turn your lights off if they are on, and turn them on if they are off"
Xj8kNwQh,"if say a simple phrase, then change the color of a light bulb"
XjE5RGtx,"if button press, switch air on"
XjSm9R2Y,"if night mode turn off, then turn on your hue lights"
XjUqP9JZ,"if button press, then turn on the selected light(s)"
XjnkXNPY,"if new motion detected, then turn your lights off if they are on, and turn them on if they are off"
XkpGAZRw,"if new super chat message, then change your light's brightness to the specified level"
Xm2C4JSb,"if your skybell hd detected motion, then turn on your smartthings devices that support switching on"
XmJMxPk5,"if sunrise, then turn a wemo switch off"
Xnu9zCSj,"if every day at, then turn a wemo light switch off"
Xp738wqN,"if every day at, then turn off your smartthings devices that support switching off"
XpYaNqQr,"if sunrise, then turn on a slow color loop effect for your hue lights"
XpeULAh9,"if fasting time, then turn your lights on"
XpeiPDEF,"if say a specific phrase, then set your blink system to armed"
Xq6Q2ULV,"if new status message by you, then make your lights quickly blink the color of your choice"
XqHA1vTU,"if pollution is high, then briefly turn your hue lights off then back on"
XrFRXUsV,"if button press, then set your lights to a pre-defined scene"
XsFRBptX,"if sunset, then turn off your smartthings devices that support switching off"
XsHVQRuG,"if your alarm goes off, then turn on your hue lights"
XsLG8Xju,"if button press, then start your robot"
XsWavJ4D,"if you are tagged in a photo, then briefly turn your hue lights off then back on"
Xt8v6FaN,"if new feed item matches, then change the color of your hue lights"
XtG7rVWm,"if ihome enhance button is pressed, then toggle your hue lights on or off"
Xu2Sn7bM,"if humidity or moisture returns to normal, then turn a wemo switch off"
Xuf7aebx,"if incoming call from known number, then make your lights quickly blink the color of your choice"
XvJ2j65z,"if new motion detected, then briefly turn your hue lights off then back on"
XvZAk3RD,"if alert detected, then set a nest thermostat to the temperature you specify"
XvcLfESR,"if current humidity level rises above, then turn a wemo switch off"
XvwHGm3U,"if your skybell hd‘s button was pressed, then turn on your hue lights"
XwFzTAjU,"if tomorrow's forecast calls for, then make your lights slowly breathe the color of your choice"
XwK3ksgu,"if audio event detected, then turn a wemo switch on"
XxA2DVTf,"if every year on, then change the color of your hue lights to match the dominant colors found in an image you specify"
XxXB5Tnd,"if you enter an area, then turn on a specific device"
XxYUtV2M,"if any new motion, this action removes the currently running event on the selected thermostat providing the event is not a mandatory demand response event"
Xxq5z4df,"if ask what's on your to do list, then turn off your smartthings devices that support switching off"
XyMVPNq3,"if every day at, then turn off the functional light of your hood"
XydABKZq,"if every day at, then dim or brighten your hue lights to a value between 0-100"
XyzgQfVF,"if every day of the week at, then make your lights quickly blink the color of your choice"
XzXg4iqr,"if sunset, then turn on your hue lights"
XzwGeitd,"if say a phrase with a text ingredient, then set the thermostat into a hold with the specified temperature and the end date/time will be set to the next climate transition in the program"
Y25HyizE,"if button press, then order your home to go back to default schedule"
Y2Amt4Ev,"if say a phrase with a text ingredient, then set a nest thermostat to the temperature you specify"
Y2EqVUTw,"if you exit an area, then turn off your hue lights"
Y2pwxDEj,"if say a simple phrase, then turn off your hue lights"
Y3praDd2,"if pm2.5 threshold is crossed, then set the honeywell thermostat fan to on where the fan is always on or auto where the fan runs only when the heating or cooling system is on"
Y3seQEYj,"if sunset, then turn a wemo insight switch on"
Y43SmA6q,"if new ring detected, then temporarily set your nanoleaf light panels or canvas to a solid or blinking color and then return to its previous state"
Y4B9KH3h,"if short press, then turn on a slow color loop effect for your hue lights"
Y4J2MAGW,"if say a simple phrase, then turn your lights on"
Y4zQK29i,"if say a simple phrase, then turn a wemo switch on"
Y56mTzKA,"if new event from a camera, then turn a wemo light switch on"
Y5FYNPWC,"if every day at, then turn a wemo switch on"
Y6RgpiaM,"if ask what's on your to do list, then turn your lights off if they are on, and turn them on if they are off"
Y6YZJzjn,"if say a phrase with a text ingredient, then change the color of your hue lights"
Y7Te9khz,"if button press, then set the operating mode of your ge water heater"
Y8vS6CQc,"if home when scheduled to be home, then change the color of your hue lights"
Y9LtySs6,"if notification received, then make the selected light(s) pulse gently once"
Y9ZQMrEj,"if receive an event from apilio, then switch on your light"
Y9gG5dTW,"if pm2.5 threshold is crossed, then turn off a selected device"
Y9kJMaWY,"if sunset, then turn on your hue lights"
Y9s2qdXM,"if current temperature drops below, then set a specific device on auto mode"
YADfkZYr,"if say a specific phrase, then change operation settings for heat mode in your device"
YADgxcqZ,"if any new notification from a repository, then make your lights quickly blink the color of your choice"
YAeGE634,"if say a specific phrase, turns off the selected wemo light"
YB5jdTGf,"if every day at, then turn off your hue lights"
YB6D8pEW,"if motion detected, then turn your lights on"
YBGMiJAt,"if current temperature rises above, then set a nest thermostat to the temperature you specify"
YBfXiAEm,"if every day of the week at, then turn your lights on"
YC8wJXQM,"if switched on, then turn on your hue lights"
YCcjbzix,"if every day of the week at, then turn off your hue lights"
YEg89smU,"if current temperature rises above, then turn a wemo switch on"
YFv6bLZS,"if every day at, then turn your lights on"
YFwbEPrW,"if temperature drops below, turn your a/c off"
YGRvjQfi,"if order in the oven, then change the color of your hue lights"
YGzFQN8p,"if say a specific phrase, this action well set a scene on your hue lights"
YH3Wf7YR,"if you enter an area, then set the thermostat temperature"
YHPpDcKf,"if new ring detected, then turn a wemo light switch on"
YHn39XR7,"if say a simple phrase, then activate the shortcut you specify"
YHnJSvY8,"if say a simple phrase, then dim or brighten your hue lights to a value between 0-100"
YJMrzucD,"if new ring detected, then briefly turn your hue lights off then back on"
YJn7Kxv5,"if new sleep logged, then turn on your smartthings devices that support switching on"
YJuLrsaS,"if current temperature rises above, then pause your thermosmart"
YK9vdUbq,"if you enter an area, then set your honeywell thermostat to resume the currently defined thermostat programmed schedule"
YKHrLY6R,"if you exit an area, then turn off the nanoleaf product that you select from the device dropdown on this screen"
YKLAPeqX,"if thermostat enters smart home/away, then turn a wemo switch on"
YKXraUQG,"if any new photo, then change the color of your hue lights to match the dominant colors found in an image you specify"
YKYZ34vN,"if button press, then turn off your hue lights"
YKpG7tNM,"if switched on, then set your blink system to armed"
YLwFy348,"if say a specific phrase, starts sleep fader for the selected wemo light"
YM8i56Zw,"if every day of the week at, then change your lights to a specified color"
YMAK4LQW,"if light switched on, turns off the selected wemo light"
YMBGuFwk,"if every day of the week at, then turn your lights on"
YMqGgHdw,"if new sound or motion event, then turn on your hue lights"
YMre8mGQ,"if new status message by you with hashtag, then toggle your hue lights on or off"
YMsGzWHd,"if every day at, then turn a wemo switch on"
YNPgVEGj,"if iss passes over a specific location, then briefly turn your hue lights off then back on"
YPMyaTi2,"if you exit an area, then turn off the device/group of your choosing"
YPX8CUWt,"if device disconnects, then lock your smartthings devices that support locking"
YPtesNLv,"if motion has been detected, then briefly turn your hue lights off then back on"
YPvkF3su,"if say a specific phrase, then set a nest thermostat in heat-cool mode to the temperature range you specify"
YQEreipF,"if temperature rises above, then set a nest thermostat to the temperature you specify"
YQNC8t9B,"if new motion detected, then make your lights quickly blink the color of your choice"
YQpF5Yfg,"if current temperature rises above, then turn on your daikin ac unit, or change its settings"
YQwcnDrp,"if current condition changes to, then turn a wemo insight switch on"
YRbKzM32,"if every day at, then turn on your hue lights"
YRcG6jDa,"if device disconnects, then turn off your hue lights"
YRvBgMfa,"if every day at, then remove any existing quick action at your location and set your heating system to follow the schedule"
YS5vAnpd,"if radon level above threshold, then turn a wemo switch on"
YS63YpVz,"if current temperature drops below, then set a nest thermostat to the temperature you specify"
YSCGTNd2,"if say a simple phrase, then adjust multiple lights and shades together by activating a scene created in the lutron app"
YSdKGhfZ,"if every day of the week at, then turn on your hue lights"
YTbeSCwJ,"if temperature rises above, then turn on your hvac system fan for the amount of time you specify in your nest fan timer setting (default is 15 minutes)"
YTfmbXxB,"if say a specific phrase, then set a nest thermostat to the temperature you specify"
YTn7QbqB,"if flic is clicked, then activate a scene"
YTu9QDiR,"if send ifttt any email, then turn on your hue lights"
YVTCYmht,"if carbon dioxide rises above, then turn a wemo switch on"
YVfzeqXv,"if say a simple phrase, this action well set a scene on your hue lights"
YVjUtP8C,"if long press, then turn on your smartthings devices that support switching on"
YWQTGH2v,"if every hour at, then change your hue lights to a randomly selected color"
YWZBnpak,"if new status message by you, then change the color of your hue lights"
YWyG4wAL,"if cycle is complete, then briefly turn your hue lights off then back on"
YY9ABiLh,"if new song played, then dim or brighten your hue lights to a value between 0-100"
YZ5FzRw9,"if say a specific phrase, then toggle the pivot power genius outlet you specific on or off"
YZ64Ctj7,"if say a phrase with a text ingredient, then set a nest thermostat to the temperature you specify"
YZg5LRdU,"if every year on, then change the color of your hue lights"
YZrvGLQP,"if device or group is turned on, then turn on your smartthings devices that support switching on"
YaTUSxJb,"if say a specific phrase, then turn off your hue lights"
YbC6ZPsn,"if pollution is high, then set the honeywell thermostat fan to on where the fan is always on or auto where the fan runs only when the heating or cooling system is on"
YbTfvRjQ,"if every day at, then activate the shortcut you specify"
YbYgBprG,"if send ifttt any sms, then switch off a socket"
YckMNsjh,"if button press, then turn on your hue lights"
YdFan54q,"if every day at, then activate the shortcut you specify"
YdJKjD4Q,"if every day at, then turn off your hue lights"
YdN2UcJj,"if say a specific phrase, then set your honeywell thermostat to hold a temperature for a specified period of time"
YeEivdHC,"if say a specific phrase, then turn on a slow color loop effect for your hue lights"
YeJKgU8T,"if iss passes over a specific location, then turn off the device/group of your choosing"
Yf6ykK54,"if say a specific phrase, then turn off your hue lights"
Yg83XJFK,"if is it christmas?, then set the thermostat into an indefinite hold with the specified temperature"
YgJNZBsG,"if every day of the week at, then set a nest thermostat to the temperature you specify"
Yh2ix5WT,"if button press, then turn on the functional light of your hood with the selected brightness"
Yh5JRcsN,"if any outgoing phone call ends, then turn on a slow color loop effect for your hue lights"
Yi7CQfn2,"if every day at, then turn on your hue lights"
YiAdxkzC,"if you enter an area, then turn a wemo switch on"
YifX8dMy,"if sunrise, then turn off your smartthings devices that support switching off"
YiweWLNC,"if temperature rises above, then execute the indicated scene"
YjkDicr7,"if sunrise, then turn off a whole group of mi|home devices simultaneously"
YkEvYfna,"if pollution is high, then turn a wemo switch on"
YkPv8KmV,"if new liked video, turn on/off  power strip"
YkYzhdvD,"if presence detected, then set a nest thermostat to the temperature you specify"
YkdjN8R9,"if device or group is turned on, then turn off the device/group of your choosing"
YkrCNfeV,"if button press, then change the color of your lights"
YkzAJmib,"if new tweet by you with hashtag, then toggle a wemo light switch on or off"
YmLtXTp5,"if new public video from subscriptions, then turn on, turn off or toggle your lights"
YmQjaXNc,"if button press, then toggle your hive light on or off"
YnB3eFpG,"if new super chat message, then change your lights to specified color temperature"
YqRTgAS7,"if say a simple phrase, then turn on a slow color loop effect for your hue lights"
YqUFZkCy,"if sunset, then turn a wemo switch on"
YqXCLQZh,"if ihome enhance button is pressed, then turn off your hue lights"
YqydAKWE,"if say a specific phrase, then change the color of your hue lights"
Yr6sj73R,"if you are tagged in a photo, then change the color of your hue lights"
YrXy79qQ,"if button press, then unpause your thermosmart, i"
YrbAEcHV,"if sunset, then turn on your hue lights"
YsGPKhfV,"if today's weather report, then change the color of your hue lights"
YsVLFrkh,"if sunset, then turn on a slow color loop effect for your hue lights"
YsdnSfPB,"if any new sms received, then briefly turn your hue lights off then back on"
YuQBsPYh,"if you are tagged in a photo, then briefly turn your hue lights off then back on"
Yv8VUyHD,"if sunset, then turn on your hue lights"
YwMUsa9f,"if time of day peak rates start/end, then set a nest thermostat to the temperature you specify"
Yx5Pgwpu,"if say a simple phrase, turns off the selected wemo light"
YxS8fRN6,"if every hour at, then turn off your hue lights"
YxkYcU7V,"if say a simple phrase, then turn off your hue lights"
YykgfYPN,"if new message with key phrase to @ifttt, then turn on a slow color loop effect for your hue lights"
YzetZ7uT,"if total connect security panel arming mode has changed, then turn off your oven"
Z27kBbnq,"if sunset, then turn a wemo switch on"
Z2Gp3sW9,"if sunrise, then turn off your hue lights"
Z2VrMXcD,"if every day at, then turn a wemo switch on"
Z35FvqcK,"if sunrise, then turn your lights off"
Z3jNWc6E,"if say a specific phrase, then unlock your smartthings devices that support unlocking"
Z3raZQRw,"if say a simple phrase, then turn on the nanoleaf product that you select from the device dropdown on this screen"
Z5CYE67M,"if say a simple phrase, then turn on a slow color loop effect for your hue lights"
Z5KFNi4b,"if every day of the week at, then turn your lights on"
Z5phkQ4R,"if you exit an area, then turn off your hue lights"
Z5spAr6g,"if oven clock timer elapsed, then briefly turn your hue lights off then back on"
Z6HfSpsn,"if temperature rises above, then enable a quick action at one of your locations"
Z6gzJDxu,"if you enter an area, then set a nest thermostat to the temperature you specify"
Z6ti8SuA,"if send ifttt any email, then turn a wemo switch on"
Z7dUeMtZ,"if temperature rises above a threshold, then turn on the selected light(s)"
Z9DiJbZB,"if new motion detected, then turn a wemo light switch on"
ZANcrpyh,"if event from search starts, then send a command to one of your openhab items"
ZAdvrM26,"if send ifttt an email tagged, then dim or brighten your hue lights to a value between 0-100"
ZBGwWjCd,"if event from search starts, then dim or brighten your hue lights to a value between 0-100"
ZC2M4hx9,"if stone press, then unlock your smartthings devices that support unlocking"
ZCNXcBbn,"if say a simple phrase, then set your lights to a specified brightness"
ZCRsqibc,"if new channel membership, then set your lights to a pre-defined scene"
ZCSThi7x,"if new motion event, then adjust multiple lights and shades together by activating a scene created in the lutron app"
ZCY8p5LM,"if room started, then turn on, turn off or toggle your lights"
ZCmPsSDF,"if say a simple phrase, then turn on your hue lights"
ZDSdjHys,"if button press, then turn on a slow color loop effect for your hue lights"
ZELKxskT,"if every day at, then dim or brighten your hue lights to a value between 0-100"
ZEQxpgjw,"if say a simple phrase, turns off the selected wemo light"
ZER9NaLH,"if every day at, then turn your lights off"
ZEuZ93fg,"if every day at, then turn on your hue lights"
ZEx2Hjt3,"if new status message by you, then briefly turn your hue lights off then back on"
ZFeE5B3N,"if sunrise, then turn off your hue lights"
ZG2VYD6s,"if new ring detected, then turn on a slow color loop effect for your hue lights"
ZGRkbzae,"if new channel membership, then set your lights to a specified brightness"
ZGv4eRFS,"if sunset, then turn a wemo insight switch on"
ZHDT8dvS,"if every day at, then remove any existing quick action at your location and set your heating system to follow the schedule"
ZHJSsjMx,"if say a simple phrase, then send an infrared signal to control your home appliances"
ZJTF5qcg,"if every day at, then dim or brighten your hue lights to a value between 0-100"
ZJXtcTMH,"if every day of the week at, then turn off your hue lights"
ZKSAmxeD,"if gesture with task matching id occurs, then turn a wemo switch on"
ZLm38sWY,"if you enter an area, then turn a wemo switch on"
ZMAcQmPR,"if every day at, then turn off your hue lights"
ZMHgqj39,"if say a specific phrase, then change the color of your lights"
ZMWqywz2,"if every day at, then set the heating mode of the thermostat"
ZMdUGm5L,"if temperature or humidity changes, then turn off the device/group of your choosing"
ZNBrWQjm,"if tomorrow's forecast calls for, then change the color of your hue lights"
ZNETLBhg,"if every day at, then change the color of your hue lights"
ZPUibJ6f,"if button press, then turn your lights on"
ZQKDfGdg,"if every year on, then change the color of your hue lights to match the dominant colors found in an image you specify"
ZQTFcBLZ,"if long press, turns on the selected wemo light"
ZQb6GpJa,"if say a simple phrase, then adjust multiple lights and shades together by activating a scene created in the lutron app"
ZQr2CwtZ,"if sunset, then change the color of your hue lights to match the dominant colors found in an image you specify"
ZR4kXSKZ,"if you enter an area, then turn on a slow color loop effect for your hue lights"
ZRcvtNaW,"if you exit an area, then turn off your a/c in the specified room"
ZSFvqHbg,"if long press, then turn your lights off"
ZSUVfTxd,"if new channel membership, then turn on, turn off or toggle your lights"
ZStjcGeA,"if new status message by you, then change the color of your hue lights"
ZTe4mVbJ,"if motion detected, then briefly turn your hue lights off then back on"
ZTrzA64d,"if new super chat message, then briefly turn your hue lights off then back on"
ZTsGSFCM,"if button press, then turn on, turn off or toggle your lights"
ZVNCawB6,"if new channel membership, then change the color of your hue lights"
ZVT3U8Wk,"if every day of the week at, then turn on your hue lights"
ZWKMU3eY,"if air quality changed, then set the mode of your air purifier to a level you specify (off, low, medium, high, auto)"
ZWYCBqgE,"if any new motion, then activate your smartthings alerting device's siren and/or strobe"
ZWcmhXBe,"if button press, then set a lutron shade to the position you specify"
ZWe6tyY3,"if say a specific phrase, then turn on your hue lights"
ZWjrkN6D,"if notification received from a specific app, then turn on your hue lights"
ZX8mBuDd,"if send ifttt an email tagged, then turn on your hue lights"
ZXc3euE6,"if say a specific phrase, then turn a wemo light switch off then immediately back on"
ZYCRTvL6,"if every day at, then turn off your hue lights"
ZYZbT5xs,"if sunset, then dim or brighten your hue lights to a value between 0-100"
ZYgCLvn6,"if you enter an area, then turn on your hue lights"
ZZ7APqsB,"if say a specific phrase, then activate the shortcut you specify"
ZZhbMqW7,"if current condition changes to, then change the color of your lights"
ZaE3Ne96,"if say a phrase with a text ingredient, then turn on the device/group of your choosing"
ZaWyqvAS,"if sunset, then turn your lights on"
Zaiz5YFX,"if say a simple phrase, then turn on your smartthings devices that support switching on"
ZbKthuc7,"if opened, then turn on the device/group of your choosing"
ZbTY8pcJ,"if any reminder completed, then make your lights slowly breathe the color of your choice"
ZbqDGWEA,"if new sms sent to phone number, then toggle a wemo light switch on or off"
Zc3nkJgv,"if connects to a specific wifi network, then turn on a device"
ZcSDJW8p,"if say a simple phrase, then turn off your smartthings devices that support switching off"
ZcdU2jKN,"if room temperature, then turn on your daikin ac unit, or change its settings"
ZdZxaHG7,"if you are tagged in a photo, then briefly turn your hue lights off then back on"
ZeFRwLsJ,"if any new reminder, then dim or brighten your hue lights to a value between 0-100"
ZeN3CAmj,"if every day at, then turn your lights on"
ZfCy9cue,"if any outgoing phone call ends, then turn on a slow color loop effect for your hue lights"
ZfhiTt9r,"if say a simple phrase, then turn a wemo switch on"
Zfjm3YRV,"if say a specific phrase, then turn on a device"
ZgNUcKEz,"if new super chat message, then turn a wemo insight switch on"
ZgmzjFS7,"if say a specific phrase, then apply the settings of the selected scene to your wiz lights"
ZgukmbVi,"if new super sticker, then set your lights to a specified brightness"
ZhjpcLya,"if any new sms received, then briefly turn your hue lights off then back on"
Zi4KM3RU,"if smoke alarm warning, then turn on your hue lights"
Zik4Ewts,"if your timer goes off, then briefly turn your hue lights off then back on"
ZizrEBXL,"if send ifttt any email, then turn on your hue lights"
ZjvGuVqB,"if your alarm goes off, then set your lights to a pre-defined scene"
ZkTKQLm3,"if say a specific phrase, then unlock your smartthings devices that support unlocking"
ZkdRKWLv,"if every day of the week at, this action turns off one of your light switches"
Zkdvt4xU,"if you enter an area, this action sets an override on target temperature of one of your zones"
ZkyWwHSR,"if any event ends, then turn on, turn off or toggle your lights"
ZmFL5u7w,"if any event starts, this action sets an override on target temperature of one of your zones"
ZmHhW3ng,"if send ifttt any email, then change the color of your hue lights"
ZnfTsUNj,"if current temperature drops below, then set your thermostat to manual mode"
Zp3yvZWC,"if current condition changes to, then change your hue lights to a randomly selected color"
Zp8D3P6k,"if say a simple phrase, then set your lights to a specified brightness"
ZqfuHZcr,"if daily smartphone screen unlocks, then briefly turn your hue lights off then back on"
Zqxadm3Z,"if say a specific phrase, then turn your lights off"
Zqyj29VP,"if the president signs a new bill into law, then change the color of your hue lights"
Zr6ARwJ5,"if say a specific phrase, then turn a wemo dimmer off"
ZrPB8YWy,"if motion has been detected, then turn on the selected light(s)"
ZsPCbpeY,"if say a simple phrase, then turn off your hue lights"
ZsX6RxZp,"if say a simple phrase, then activate the shortcut you specify"
Zt3RYvKW,"if every day at, this action removes the currently running event on the selected thermostat providing the event is not a mandatory demand response event"
Zt8MPw9Q,"if button press, then unpause your thermosmart, i"
ZuJRBhVj,"if say a simple phrase, then turn your lights on"
ZvC3de8z,"if daily step goal achieved, then briefly turn your hue lights off then back on"
ZvCnqk2s,"if button press, then change your hue lights to a randomly selected color"
ZvCzxQmc,"if new story published, then set a nest thermostat to the temperature you specify"
ZvHdrTZg,"if say a simple phrase, then turn off the device/group of your choosing"
ZvMcYs2b,"if button press, then make your lights quickly blink the color of your choice"
ZvTb2tC9,"if say a simple phrase, this action well set a scene on your hue lights"
ZvfYcn5d,"if say a specific phrase, then set your honeywell thermostat to hold a temperature for a specified period of time"
ZwSrizve,"if every day at, then turn off your hue lights"
ZwpcnE6J,"if sunrise, then change the color of your hue lights"
ZxKYZUfM,"if motion detected, then toggle a wemo light switch on or off"
ZxTk6Sgv,"if every day at, then activate the shortcut you specify"
Zxb2n9d6,"if door opened, then turn on a device"
ZxjmDfGJ,"if say a specific phrase, then launch a connexoon scenario"
ZyHa8swf,"if you enter an area, then turn on the selected light(s)"
Zz2xA9Mf,"if say a simple phrase, then turn off your hue lights"
ZzRK2Ltv,"if current condition changes to, then change the color of your hue lights"
ZzWQTkAu,"if new sleep logged, then turn on your hue lights"
ZzxksNBT,"if alarm initiated, then turn a wemo switch on"
a2ihvQtP,"if current temperature drops below, then set a nest thermostat to the temperature you specify"
a2mE9AQX,"if say a specific phrase, then turn your lights off"
a2rNfHR6,"if every day at, then turn a wemo light switch off"
a3VHfe7w,"if sunset, then turn a wemo light switch on"
a4ApBZn3,"if new super chat message, then set your lights to a specified brightness"
a4Zqpw2z,"if current pollen count rises above, then change the color of your hue lights"
a53EMpdF,"if you enter an area, then activate the scene that you choose"
a53NAjck,"if every day at, then set a nest thermostat to the temperature you specify"
a57BAwY2,"if prayer time, then change the color of your hue lights"
a57zU3qe,"if say a specific phrase, then turn off the device/group of your choosing"
a5gRifyG,"if button press, then turn off your hue lights"
a65yTiBd,"if every day at, then set your lights to a pre-defined scene"
a6Au4zkK,"if you enter an area, then unpause your thermosmart, i"
a6Wcvi4m,"if litter robot events, then start your robot"
a7deY5ri,"if motion detected, then turn your lights on"
a7k8phAy,"if say a specific phrase, then set your honeywell thermostat to hold a temperature for a specified period of time"
a7wXMr6Z,"if say a simple phrase, then set a lutron dimmer or switch to the level you specify"
a8EQ4tqj,"if button press, then turn the hot water at one of your locations off"
a8QtiY6r,"if say a specific phrase, this action well set a scene on your hue lights"
a8YNLsMa,"if you exit an area, then set a nest thermostat to the temperature you specify"
a9ZJUqRr,"if sunset, then set a nest thermostat to the temperature you specify"
aAG3TgEZ,"if someone known has been seen, then turn on your hue lights"
aAUT6Xi2,"if smoke alarm emergency, then turn on your hue lights"
aCAdFnch,"if you enter an area, then enable a quick action at one of your locations"
aCQE7SjZ,"if every day of the week at, then turn on a plug for the specified duration"
aDGrgMiv,"if switched off, then update a boolean variable in apilio to false"
aEczr2PF,"if every year on, then turn on the selected light(s)"
aFS8pCix,"if current condition changes to, then change the color of your hue lights"
aG8m2Rth,"if button press, then turn your aros a/c on and set to a temperature you specify"
aGLdBki3,"if device is plugged in, this action sends a command to one of your iotty smart switches"
aGQ3m7hN,"if say a specific phrase, then change the color of your hue lights"
aGvmCKew,"if alarm, then briefly turn your hue lights off then back on"
aGwRsrun,"if say a simple phrase, then dim or brighten your hue lights to a value between 0-100"
aHE3xBNb,"if temperature drops below, then turn off the pivot power genius outlet you specify"
aHZupb4N,"if say a specific phrase, then set your honeywell thermostat to hold a temperature for a specified period of time"
aHkx45VU,"if low battery, then turn your lights off if they are on, and turn them on if they are off"
aJ46cZe3,"if daily minutes on is longer than, then turn a wemo switch off"
aJ9dTi43,"if tado⁠° switches to away mode, then turn off one of your mi|home devices"
aJSh9RgH,"if any incoming call, then briefly turn your hue lights off then back on"
aK9b8v3C,"if switched on, then turn on your hue lights"
aKxPM4Xv,"if current condition changes to, then turn a wemo switch off then immediately back on"
aLXwYabj,"if sunset, then turn on one of your mi|home devices"
aM8uWA9q,"if new ring detected, then turn on your hue lights"
aMKQNE6y,"if button press, then change operation settings for heat mode in your device"
aNjZFYEA,"if say a phrase with a text ingredient, then set a nest thermostat to the temperature you specify"
aNkURfWC,"if when fetchit button is pressed, then lock your smartthings devices that support locking"
aPRjn8Wy,"if current condition changes to, then change the color of your hue lights"
aPSZfjwm,"if gesture with task matching id occurs, then turn off a selected device"
aPmAqjgS,"if receive an event from apilio, this action well set a scene on your hue lights"
aPqGwXpJ,"if sunset, then turn on your hue lights"
aPxR9csN,"if say a simple phrase, then set the light to specified color"
aPzjYq9E,"if you enter an area, then turn on your hvac system fan for the amount of time you specify in your nest fan timer setting (default is 15 minutes)"
aQSE2X6M,"if solar power drops below, then turn off your daikin ac unit"
aQSgMRWe,"if new public video from subscriptions, then turn on/off my projector"
aQzk4ry6,"if switched on, then turn your lights off if they are on, and turn them on if they are off"
aR3vGcNS,"if button press, then turn on, turn off or toggle your lights"
aRF9pfQT,"if prayer time, then change the color of your lights"
aRSpyaEN,"if device is set to heat mode, then set a specific device on eco mode"
aRXeP4mW,"if mode armed, then lock your smartthings devices that support locking"
aS7U5eta,"if say a specific phrase, then change your lights to the requested dynamic mode such as light flashing, jumping, gradual change and strobe"
aS7vCque,"if sunset, then turn on your hue lights"
aSQazjRb,"if long press, turns off the selected wemo light"
aSQujhL5,"if every day at, then change your lights to a specified color"
aSQx6wd5,"if you enter an area, then turn on a device"
aSUDYscp,"if your alarm goes off, then turn on your hue lights"
aSsmf8iv,"if smoke alarm warning, then turn on the selected light(s)"
aT74wFXR,"if switched on, then turn a wemo insight switch on"
aTDeimyu,"if you enter an area, then turn on a device"
aTSkKbdF,"if every day of the week at, then turn your lights on"
aTeipjXk,"if new reminder added to list, then change the color of your hue lights"
aUCgr3jV,"if carbon dioxide rises above, then change the color of your hue lights"
aV4SwqcD,"if you exit an area, then change the setpoint of a device to the desired value"
aV5B87AU,"if fasting time, then set your lights to a pre-defined scene"
aV8dYcFP,"if alarm initiated, then briefly turn your hue lights off then back on"
aVuaQtzn,"if sunset, then dim or brighten your hue lights to a value between 0-100"
aWMjX6cp,"if every day of the week at, then dim or brighten your hue lights to a value between 0-100"
aWr5MHRs,"if every day at, then briefly turn your hue lights off then back on"
aXDc5QE7,"if carbon monoxide emergency, then enable a quick action at one of your locations"
aXyLBwWK,"if switched off, then turn off your hue lights"
aY2ZaNj8,"if send ifttt any email, then briefly turn your hue lights off then back on"
aYMhPtg4,"if say a simple phrase, then set a nest thermostat to the temperature you specify"
aYRpJPcq,"if removed from child, then briefly turn your hue lights off then back on"
aYUN8Kk5,"if ask what's on your to do list, then toggle your hue lights on or off"
aZ5XbdsA,"if every day at, then turn off your hue lights"
abn6eQpk,"if say a specific phrase, then change the color of your hue lights"
abtYEuhD,"if every day of the week at, then turn on a slow color loop effect for your hue lights"
acCPM8kg,"if say a simple phrase, then turn on, turn off or toggle your lights"
ad5gaH8E,"if say a specific phrase, then change the color of your hue lights"
adDEJG9g,"if current temperature rises above, then turn off a selected device"
adPwmjqu,"if new motion detected, then turn on your smartthings devices that support switching on"
ae7DmAwi,"if you enter an area, then dim or brighten your hue lights to a value between 0-100"
aeUszHP2,"if new public video from subscriptions, then set your lights to a pre-defined scene"
afCzrXEx,"if button press, then change the color of your hue lights to match the dominant colors found in an image you specify"
afEBnbHy,"if the alarm was triggered, then make your lights quickly blink the color of your choice"
agXbsdKz,"if new feed item matches, then change the color of your hue lights"
ahCfndps,"if new super chat message, then change your lights to specified color temperature"
ahbY5XDB,"if 1-channel switch turned on or off, the action will set the temperature on the selected heatmiser thermostat"
ai3ytULr,"if long press, then change the color of your hue lights"
ai8CUQB6,"if today's weather report, then temporarily set your nanoleaf light panels or canvas to a solid or blinking color and then return to its previous state"
aiFqCH2E,"if when the smart bed alarm clock  is activated, then turn on your hue lights"
aiZe5kSE,"if every day of the week at, then turn on your hue lights"
aizvhMwy,"if sunset, then turn on a device"
aj9zAgTQ,"if sunrise, then turn off your smartthings devices that support switching off"
ajFaWgNH,"if temperature drops below, then set a nest thermostat to the temperature you specify"
ajFgtmwV,"if humidity rises above or drops below, then turn a wemo switch on"
akDdKsaH,"if say a specific phrase, then turn your aros a/c on and set to a temperature you specify"
akPmneLE,"if new book on the best sellers list, then set your lights to a pre-defined scene"
akhg2tAz,"if motion sensor becomes clear, then turn off a selected device"
akqD5PjF,"if presence no longer detected, then turn off your hue lights"
amNGxJ48,"if you exit an area, then set your honeywell thermostat to permanently hold the specified temperature until you change it"
amPHvWgp,"if say a simple phrase, then change the color of your hue lights"
an2G6Lal,"if your skybell hd‘s button was pressed, then briefly turn your hue lights off then back on"
anASu8Tq,"if every day at, then set the thermostat into a hold with the specified temperature for the specified number of hours"
anJF7YA5,"if say a simple phrase, then turn on your hue lights"
apsTqnJW,"if say a simple phrase, then turn off your hue lights"
aqW9AcdP,"if door closed, then turn off your smartthings devices that support switching off"
aqjyn9up,"if you enter an area, then turn on your hue lights"
aqsCDzdh,"if sunset, then turn on your hue lights"
aqu2AST8,"if money boosted to child, then briefly turn your hue lights off then back on"
ar2Lnq9b,"if switched off, then change brightness of a dimmer to a specified level/percentage"
arEAVjKw,"if say a specific phrase, then set your honeywell thermostat to hold a temperature for a specified period of time"
arKHDXhv,"if current temperature drops below, then make your lights slowly breathe the color of your choice"
arx7Q5Zb,"if button press, then start the selected heating mode at your preferred temperature and duration"
asBH3qpS,"if peak time savings - savings hours announced, then turn off your hue lights"
asH6Fbqg,"if sunset, then switch on your light"
astnJwzN,"if every day of the week at, then turn on your hue lights"
at3AcnBY,"if your timer goes off, then briefly turn your hue lights off then back on"
atQ4B26f,"if button press, then toggle your hue lights on or off"
auMpzD6J,"if you exit an area, then turn a wemo switch off"
auw8gQsR,"if every day at, then turn your lights on"
av7iYDTs,"if tomorrow's forecast calls for, then set the light to specified color"
avQdpbjs,"if you enter an area, turn your a/c on with a set temperature, mode and fan level"
awWN7nUB,"if every day of the week at, then turn on your hue lights"
awfGv6aH,"if thermostat outdoor temperature is less than, then set the thermostat into a hold using the settings from the specified comfort profile"
awmhk3Vs,"if new motion detected, then toggle a wemo light switch on or off"
ax9mu27t,"if smoke alarm emergency, then make your lights quickly blink the color of your choice"
axJ3tZAH,"if say a specific phrase, then briefly turn your hue lights off then back on"
ayDYrqLS,"if new channel membership, then change your light's brightness to the specified level"
ayvERxVi,"if say a simple phrase, then turn your lights off"
azA9r3xT,"if laundry cycle is finished, then briefly turn your hue lights off then back on"
azBpRnVb,"if sunset, then turn on your hue lights"
azxReDWh,"if say a specific phrase, then turn on your hue lights"
b2HSEaA8,"if you enter an area, then turn on/off my projector"
b2SW9Jqg,"if any outgoing phone call ends, then make your lights quickly blink the color of your choice"
b3ux8HY5,"if preheat temperature reached, then change the color of your hue lights"
b3verP27,"if your alarm goes off, then activate the shortcut you specify"
b4Wj9fxV,"if every day at, then turn your lights on"
b5Bahdxg,"if say a specific phrase, then turn your lights on"
b5Ls9eRP,"if an alarm event, then briefly turn your hue lights off then back on"
b5cHWDwy,"if current temperature rises above, then turn on/off a device"
b6JAGMY3,"if new channel membership, then set your lights to a specified brightness"
b6Rm28ap,"if gesture with task matching id occurs, then change the color temperature of a light bulb"
b6XQfHmV,"if daily step goal achieved, then turn on a slow color loop effect for your hue lights"
b6g9pyDn,"if new tweet by you with hashtag, then change your hue lights to a randomly selected color"
b6sPrFwp,"if button press, then turn your intesishome a/c on"
b7VfzEZe,"if new sms sent matches search, then remove any existing quick action at your location and set your heating system to follow the schedule"
b7dgRuia,"if you enter or exit an area, then toggle a wemo switch on or off"
b7pk35mA,"if temperature drops below, then activate the specified scene"
b8Ypta5B,"if current condition changes to, then change the color of your hue lights"
b96GRrjF,"if send ifttt an email tagged, then set a nest thermostat to the temperature you specify"
b9BsxG4i,"if you enter or exit an area, then toggle a wemo switch on or off"
b9z2RbMf,"if every day at, this action sets an override on target temperature of one of your zones"
bA234tuT,"if say a simple phrase, then trigger the specified bot to turn on the switch"
bA3DbWLJ,"if temperature drops below, then change the color of your hue lights"
bA78nW5j,"if lock locked, then trigger the specified bot to turn off the switch"
bAJKsLZu,"if switched on, then set the thermostat into a hold using the settings from the specified comfort profile"
bBEQpiux,"if sunset, then turn a wemo light switch on"
bC8bu645,"if say a specific phrase, this action well set a scene on your hue lights"
bCLJ8FMS,"if every day at, then turn your aros a/c on and set to a temperature you specify"
bCkepSLj,"if flash button triple pressed, then toggle your hue lights on or off"
bCvmx72P,"if you enter an area, then turn on your hue lights"
bDnax4Ag,"if new channel membership, then change your light's brightness to the specified level"
bEHLJxm7,"if an error occured, then change the color of your hue lights"
bERe9PZU,"if every day at, then turn a wemo switch off"
bETu3Nbi,"if say a specific phrase, changes the brightness level of the selected wemo light"
bEUh9Nwc,"if sunset, then turn a wemo light switch on"
bFL5RC72,"if astronaut enters space, then briefly turn your hue lights off then back on"
bFcqeTdY,"if long press, then briefly turn your hue lights off then back on"
bFknGrST,"if nexia automation runs, this action well set a scene on your hue lights"
bFv4ZYuy,"if ask what's on your to do list, then toggle your hue lights on or off"
bG4gwE59,"if tado⁠° switches to away mode, then turn off your hue lights"
bGxCHqAp,"if any new reminder, then briefly turn your hue lights off then back on"
bH9CPpZQ,"if every day at, then briefly turn your hue lights off then back on"
bHeQnaV6,"if new super sticker, then set your lights to a specified brightness"
bJ52Y46H,"if send ifttt an email tagged, then turn your lights on"
bJcP5i2b,"if motion is detected, then turn on a device"
bKTF63ps,"if energy price change, then set a nest thermostat to the temperature you specify"
bL5RhQYx,"if say a specific phrase, then change the color of your hue lights"
bL8fpVCt,"if say a simple phrase, then change the color of the nanoleaf light panels or canvas that you select from the device dropdown on this screen"
bLMykF7P,"if any incoming phone call missed, then briefly turn your hue lights off then back on"
bLtzwNT4,"if every year on, this action sets an override on target temperature of one of your zones"
bMqwJngK,"if temperature above a specified value, then turn on your daikin ac unit, or change its settings"
bNDhCu5X,"if say a specific phrase, then set the current room temperature to a level of your choice"
bPRmsQbc,"if new sleep logged, then turn a wemo insight switch on"
bPZpTbMr,"if say a specific phrase, then change the color of your lights"
bPkMYaFi,"if sunset, then turn on your hue lights"
bQRDpu5N,"if contact sensor closes, then close a hubitat device"
bQTPyAGC,"if every day at, then switch off sl-bus device"
bQZ5sSxY,"if when i get into bed, then turn off your hue lights"
bQv4nAd9,"if image of the day by nasa, then change the color of your hue lights to match the dominant colors found in an image you specify"
bRte4bUn,"if sunset, then turn on a slow color loop effect for your hue lights"
bRvDXUbn,"if new song played, then change your hue lights to a randomly selected color"
bSmLXuhT,"if temperature rises above, then turn on the selected light(s)"
bTreX3k6,"if début de plage tarifaire, then turn on the selected light(s)"
bTvjGkpy,"if every day at, then trigger the specified bot to press the switch"
bVUpeyBu,"if sunrise, then activate the shortcut you specify"
bVWFh8ya,"if say a specific phrase, then turn a device on or off"
bVrjSGmk,"if say a specific phrase, then change operation settings for heat mode in your device"
bW8zfiJ3,"if receive an event from apilio, then set your honeywell thermostat to permanently hold the specified temperature until you change it"
bWJia6h3,"if say a specific phrase, turns off the selected wemo light"
bXNh4sDz,"if carbon dioxide rises above, then turn on your hvac system fan for the amount of time you specify in your nest fan timer setting (default is 15 minutes)"
bXi3PKpt,"if you exit an area, then turn off your hue lights"
bXwU8VG6,"if sunset, then turn a wemo switch on"
bYJnRQkv,"if you enter or exit an area, then turn on a slow color loop effect for your hue lights"
bYM4wtyu,"if smoke alarm emergency, then turn a wemo light switch on"
bZ2jNEhw,"if say a simple phrase, then set the thermostat into a hold using the settings from the specified comfort profile"
bZ5WArCa,"if every day of the week at, then turn on your smartthings devices that support switching on"
bZGcSTJu,"if say a specific phrase, then open the garage door you specify"
bZReYdJE,"if every day of the week at, then activate fresh mode on your appliance"
bZWYRiDB,"if sunrise, then turn off your hue lights"
bZjLhgsX,"if every day at, then turn on your hue lights"
ba9sDAMm,"if radon level above threshold, then briefly turn your hue lights off then back on"
baLu5jGe,"if you enter an area, then turn on your hue lights"
bapD83tU,"if you exit an area, then switch off your light"
bazrtnQx,"if every day at, then turn on a slow color loop effect for your hue lights"
bbLzidKj,"if thermostat indoor temperature is less than, then set the thermostat into a hold using the settings from the specified comfort profile"
bbuw4Zsn,"if sunset, then turn on your hue lights"
bcGyWkqV,"if stream going live for a channel you follow, then change the color of your hue lights"
bcUzjixE,"if new tweet by you with hashtag, then turn on your air conditioner and set target temperature, ac operation mode and air volume settings"
bdFpVkgc,"if current temperature rises above, then turn a wemo switch on"
bdTRQWem,"if you exit an area, then close the garage door you specify"
bdgifMqr,"if air pressure rises above, then turn on a slow color loop effect for your hue lights"
bdjunRhS,"if sleep duration above, then briefly turn your hue lights off then back on"
beD57vCp,"if every year on, then change the color of your hue lights to match the dominant colors found in an image you specify"
beDBMT52,"if you exit an area, then set your lights to a pre-defined scene"
beRmHDxB,"if you exit an area, then turn off your hue lights"
bet3nxXV,"if button press, then dim or brighten your hue lights to a value between 0-100"
bfWJSXsN,"if new motion detected, then turn on your smartthings devices that support switching on"
bfd5FJCQ,"if say a simple phrase, then turn off your hue lights"
bfh5zYQv,"if flic is clicked, then turn off your hubitat switches, lights, sirens, strobes, etc"
bfk5YGes,"if you enter an area, then turn on a device"
bfxtbZKE,"if say a simple phrase, this action well set a scene on your hue lights"
bgZdvTi7,"if you exit an area, then turn off the pivot power genius outlet you specify"
bguUPMz2,"if new tweet from search, then turn on a slow color loop effect for your hue lights"
bh5dEMxw,"if every day of the week at, then turn your lights on"
bh7g2pFH,"if open door alarm, then change the color of your hue lights"
bhG2KJzM,"if thermostat indoor temperature is greater than, then turn a wemo switch on"
bhrCfgQa,"if say a specific phrase, this action well set a scene on your hue lights"
bhrK3H79,"if say a specific phrase, then set a lutron dimmer or switch to the level you specify"
biFP6tWZ,"if any new motion, then make your lights quickly blink the color of your choice"
bicgpKBX,"if long press, then toggle a wemo switch on or off"
bijfNEGk,"if button press, then turn on, turn off or toggle your lights"
biwT7dL4,"if current condition changes to, then turn your hive light on for a specific duration"
biwvJ7F2,"if vocs alert, then turn on your hvac system fan for the amount of time you specify in your nest fan timer setting (default is 15 minutes)"
bjFiUy9Y,"if say a specific phrase, then set a nest thermostat to the temperature you specify"
bjHB4xAf,"if you enter an area, then turn on a slow color loop effect for your hue lights"
bjV5DvfK,"if every day at, then turn off your smartthings devices that support switching off"
bjYdguNc,"if you are tagged in a photo, then change the color of your hue lights to match the dominant colors found in an image you specify"
bjvh6gPE,"if long press, then toggle a wemo switch on or off"
bkxBsmia,"if sunset, then turn on your hue lights"
bmCbuyjP,"if you exit an area, then turn a wemo switch off"
bmvSQJsw,"if sunset, then turn a wemo switch on"
bmzs7wTR,"if new public video from subscriptions, then change your light's brightness to the specified level"
bn8J2EZQ,"if say a specific phrase, then change the color of your hue lights"
bnP5DYQm,"if every day of the week at, then change the color of your hue lights"
bpGsvH5n,"if you enter an area, then turn your lights on"
bpk5Dd4P,"if say a simple phrase, then turn off your hue lights"
bpxTHQK3,"if say a specific phrase, then switch off all your security devices"
br63BMq7,"if say a simple phrase, this action well set a scene on your hue lights"
brZHtXen,"if spotcam low battery, then briefly turn your hue lights off then back on"
brtMTaAs,"if new ring detected, then toggle your hue lights on or off"
btXgrnBe,"if you exit an area, then turn off the selected light(s)"
btbzkFqW,"if every day at, then make your lights slowly breathe the color of your choice"
bu9xqjzw,"if nest set to away, then turn on your hue lights"
buaYGd3s,"if button press, then turn on a slow color loop effect for your hue lights"
burEMfKV,"if every day at, then turn a wemo switch off"
bvFCXNPJ,"if rain detected, then change the color of your hue lights"
bvXHqszr,"if sunrise, then turn off your hue lights"
bvnLHETt,"if say a specific phrase, then turn off your hue lights"
bxrFmwgs,"if sunrise, then turn off your hue lights"
byYhpcAU,"if radon level below threshold, then turn a wemo switch off"
bz8XvxP6,"if button press, then trigger the specified bot to turn off the switch"
bzFfS3xZ,"if you exit an area, then turn a wemo switch off"
bzNkBSeP,"if when fetchit button is pressed, then activate your smartthings alerting device's siren and/or strobe"
c2GFibC8,"if say a simple phrase, then set the light to specified color"
c2TymUX3,"if current condition changes to, then turn a wemo light switch on"
c2u6An4j,"if item added to your to do list, then change the color of your hue lights"
c3XhxEem,"if you exit an area, then set a thermostat group mode"
c4WrZDHG,"if stream going live for a channel you follow, then make your lights quickly blink the color of your choice"
c5P4dirX,"if every day at, then close the garage door you specify"
c5rgM4xu,"if new song played, then turn on a slow color loop effect for your hue lights"
c6mf45z7,"if nest set to home, this action well set a scene on your hue lights"
c6zjBbsT,"if today's weather report, then change the color of your hue lights to match the dominant colors found in an image you specify"
c7PxXsKa,"if say a specific phrase, then change the color of your hue lights"
c7r8PhXN,"if say a simple phrase, then turn on your smartthings devices that support switching on"
c8D4nA6X,"if every day at, then set your honeywell thermostat to hold a temperature for a specified period of time"
c8HEVdmz,"if you exit an area, then turn off your hue lights"
c8W4BVCe,"if lock unlocked, then turn your lights off if they are on, and turn them on if they are off"
c8eJEH9c,"if battery drops below 15%, then turn on a device"
c8js4iCA,"if time of day peak rates start/end, then set a target temperature on your window ac unit"
c9GCqVyQ,"if say a specific phrase, then change the color of your lights"
c9P5Xj3z,"if you enter an area, then turn a wemo insight switch on"
c9YAXnhi,"if say a specific phrase, then close the garage door you specify"
cAU79dtB,"if every day at, then turn on your hue lights"
cBFXJQHt,"if system is armed, then turn off your hue lights"
cBph4ckf,"if new ring detected, then send a command to one of your openhab items"
cCGM4jR9,"if sunset, then turn on your hue lights"
cCH5iadT,"if your alarm goes off, then turn a wemo light switch on"
cD5VsXJY,"if sunset, then turn a wemo switch on"
cDhU4NRw,"if sunrise, turns off the selected wemo light"
cEKSXu6U,"if sunrise, then change the color of your hue lights"
cEjPWwfm,"if current condition changes to, then briefly turn your hue lights off then back on"
cFXNKRp6,"if device turns on, then turn on the device/group of your choosing"
cGJMyHZx,"if rain no longer detected, then change the color of your hue lights"
cGJiZ3h5,"if you exit an area, then turn a wemo switch off"
cGYmQDZP,"if button press, then turn off your air conditioner"
cGecR29B,"if button press, then change the color of your hue lights"
cGkbx6aM,"if sunset, then dim or brighten your hue lights to a value between 0-100"
cHXAb67k,"if carbon quality, then turn a wemo switch on"
cHzkaVZ8,"if nan, then turn your lights on"
cJ2CgRn6,"if say a simple phrase, then turn off your hue lights"
cJN9yjre,"if a leak was detected, then turn on the selected light(s)"
cJpdv7sA,"if motion sensor has timed out, then turn a wemo switch off"
cKdwCYAu,"if a specific person arrives home, then turn on your hue lights"
cKuW7Ar3,"if you enter an area, then turn on your hue lights"
cL9sJG7z,"if your alarm goes off, then turn on your hue lights"
cMFVxdeS,"if button press, then boost heating to the temperature and duration you specify"
cMh7gjmQ,"if current condition changes to, then change the color of your hue lights"
cN3yCk2W,"if new status message by you, then change the color of your hue lights"
cNT9sWzM,"if current temperature drops below, then turn on a device"
cNXGvTYf,"if binary switch turns on, then turn on your oven"
cPRYNnwj,"if carbon dioxide rises above, then briefly turn your hue lights off then back on"
cPSdfGWR,"if every day of the week at, then briefly turn your hue lights off then back on"
cPqjNG43,"if carbon monoxide emergency, then turn a wemo light switch on"
cQBYpNJZ,"if sunrise, then turn off your hue lights"
cQSuedAX,"if every year on, then change the color of your hue lights"
cQjcbCL2,"if item added to your to do list, then set a nest thermostat to the temperature you specify"
cQrSfnYm,"if disconnects from a specific wifi network, then activate the shortcut you specify"
cR4USYse,"if say a simple phrase, then turn off your hue lights"
cRTgeUzL,"if say a simple phrase, then turn off your hue lights"
cRhmVndU,"if every day at, then turn a wemo light switch on"
cRzy5Hvm,"if you exit an area, then briefly turn your hue lights off then back on"
cSCKsYjT,"if new super chat message, then set your lights to a specified brightness"
cSYphmV5,"if say a specific phrase, then change the color of your hue lights"
cT6dZGeN,"if send ifttt an email tagged, then toggle a wemo switch on or off"
cTzBVuUh,"if ask what's on your shopping list, changes the brightness level of the selected group of wemo lights"
cUXP8T45,"if sunset, then dim or brighten your hue lights to a value between 0-100"
cUY5HQD9,"if say a specific phrase, then turn off your hue lights"
cVCGjyvn,"if when fetchit button is pressed, then turn on your hue lights"
cVab4239,"if you enter an area, then turn on your hue lights"
cWZVBCaK,"if any incoming phone call missed, then make your lights quickly blink the color of your choice"
cXGis5nY,"if say a specific phrase, then launch a connexoon scenario"
cXKnesMr,"if say a specific phrase, then activate away mode on your neohub"
cXNzWZdA,"if sunrise, then turn off one of your futurehome devices"
cXbpgAfx,"if your alarm goes off, then turn on your hue lights"
cXfuTwAj,"if end of cycle, then briefly turn your hue lights off then back on"
cXvUZixC,"if you are tagged in a photo, then make your lights quickly blink the color of your choice"
cY5pPHng,"if you enter an area, this action well set a scene on your hue lights"
cYr3Nhye,"if new tweet by you with hashtag, then turn a wemo switch on"
cYrAE7FG,"if every day of the week at, then turn on the device/group of your choosing"
cZJsTHbt,"if any incoming phone call missed, then briefly turn your hue lights off then back on"
cZNJrK7u,"if you enter an area, then change the brightness of a dimmer to a specified level/percentage"
cZcW8NDV,"if smoke alarm warning, then turn on your hvac system fan for the amount of time you specify in your nest fan timer setting (default is 15 minutes)"
cZeh3zmf,"if you exit an area, then set a nest thermostat to the temperature you specify"
caLvYNuj,"if every day of the week at, then turn on your hue lights"
caZBHgpM,"if say a specific phrase, then set a nest thermostat to the temperature you specify"
carjBtDz,"if you exit an area, then turn off your hue lights"
caumh47g,"if send ifttt any email, then briefly turn your hue lights off then back on"
cb2Brg7R,"if smoke alarm warning, then turn a wemo switch on"
cb2eB4w6,"if instrument state change, then change the color of your hue lights"
cb47hqVP,"if every year on, then turn a wemo switch on"
cbE8zwGY,"if send ifttt an email tagged, then turn on a plug for the specified duration"
cbXhRvDF,"if event from search starts, then send a command to one of your openhab items"
ccDbWn6Q,"if new mention of you, then briefly turn your hue lights off then back on"
ccbRDLvG,"if smoke alarm emergency, then change the color of your hue lights"
cceP3ApG,"if battery drops below 15%, then change the color of your hue lights"
ccqbFzsZ,"if temperature drops below, then turn your aros a/c off"
cct4A7eK,"if say a simple phrase, then turn off your hue lights"
ce5aTciC,"if say a specific phrase, then set your honeywell thermostat to permanently hold the specified temperature until you change it"
ce6fhH3u,"if say a specific phrase, then activate a scene"
ceDWNiyK,"if your timer goes off, then briefly turn your hue lights off then back on"
ceQrZpT2,"if new tweet by a specific user, then briefly turn your hue lights off then back on"
cebvt7JE,"if any scheduled meeting starts, then turn on/off the dehumidifier"
cfKBdb7n,"if say a simple phrase, then turn on/off my projector"
cfedBZh9,"if say a simple phrase, then turn a wemo switch off"
ch82zTAG,"if sunset, then turn on your hue lights"
chPEFk3d,"if current temperature rises above, then set a nest thermostat to the temperature you specify"
chdUkLzN,"if motion detected, then turn on the device/group of your choosing"
ciJxAFPD,"if sunrise, then turn your hive light off for a specific duration"
cibK9NM2,"if sunset, then turn off the pivot power genius outlet you specify"
citfURA9,"if a device is turned on, then preheat your oven using the hot air program with the fast preheat option"
cizJNxaH,"if button press, then turn your lights off"
cj2xrNYz,"if you exit an area, then turn off your device"
cjLsuC5d,"if every hour at, starts sleep fader for the selected wemo light"
cjs84B6w,"if every day of the week at, then turn on your smartthings devices that support switching on"
ck6PtQyY,"if say a specific phrase, then turn your hive light off for a specific duration"
cnhXbV4g,"if you exit an area, then turn your lights off"
cpHQGVRb,"if door or window is opened, then activate standby mode on the selected heatmiser thermostat"
cq3MptTr,"if current temperature rises above, then set a target temperature on your window ac unit"
cq3gNcf4,"if sunset, then turn on your hue lights"
cq5Hezsu,"if say a simple phrase, then turn your lights on"
cr7u4PMR,"if nexia automation runs, turns on the selected wemo light"
csnyK7dx,"if say a simple phrase, then turn off your hue lights"
ctyE4qaB,"if temperature drops below, then turn on a plug for the specified duration"
cuv6Wtmq,"if temperature drops below, then turn on the selected light(s)"
cuvmzpS3,"if say a phrase with a text ingredient, then dim or brighten your hue lights to a value between 0-100"
cv3wa8KQ,"if say a phrase with a text ingredient, then set the temperature on the thermostat"
cv4UcHXY,"if event from search starts, then change the color of your hue lights"
cvWb6mgN,"if motion detected, then turn a wemo light switch on"
cvhaU4cP,"if you enter an area, then turn on your sengled lights"
cvizhrXL,"if button press, then toggle your hue lights on or off"
cwJ8ATKG,"if say a specific phrase, then set a nest thermostat to the temperature you specify"
cwriuvHE,"if the alarm panel has triggered an alert, then turn on your hue lights"
cxkNBdtU,"if receive an event from apilio, then briefly turn your hue lights off then back on"
cyNgHpq4,"if say a phrase with a text ingredient, then set a nest thermostat to the temperature you specify"
cz6wRtPZ,"if say a phrase with a text ingredient, this action well set a scene on your hue lights"
czPd7nHR,"if today's weather report, then change the color of your hue lights"
czTikYDF,"if any outgoing phone call ends, then make your lights quickly blink the color of your choice"
czpKc8FR,"if current condition changes to, then change the color of your hue lights"
czrEhAjR,"if electricity in norway is expensive, then set the freezer temperature"
d23VGfnw,"if new motion detected, then turn a wemo switch on"
d3Tu6z2i,"if button press, then turn your thermostat off"
d3iLH5tm,"if you enter or exit an area, then dim or brighten your hue lights to a value between 0-100"
d3tFhmSi,"if new ifttt update, then turn on a slow color loop effect for your hue lights"
d4GqQ9gY,"if order ready for pickup, then turn on the selected light(s)"
d4a6TzvL,"if any new motion, then turn your lights on"
d4rwsUmR,"if flic is clicked, turns off the selected group of wemo lights"
d5JgRM9r,"if smoke alarm emergency, then turn a wemo switch on"
d5kTHm7R,"if smoke alarm is detected, then turn on the selected light(s)"
d6VyCbTw,"if a specific person has been seen, then turn on your hue lights"
d6kmPSJZ,"if battery drops below 15%, then switch on sl-bus device"
d78EvGz5,"if sunrise, then turn your lights on"
d7g9Ex8G,"if alarm activated, then briefly turn your hue lights off then back on"
d7jDfyeC,"if button press, then toggle your lights on or off"
d7jKsSPx,"if you enter an area, then set a thermostat group mode"
d7qUkLXb,"if any event starts, then briefly turn your hue lights off then back on"
d7zHUu48,"if water leak detected, then change the color of your hue lights"
d9L6sHTj,"if any incoming phone call missed, then activate the specified scene"
dAi43rLu,"if say a specific phrase, then enable a quick action at one of your locations"
dB2FgCsv,"if alarm activated, then turn on your hue lights"
dB5KWsMC,"if say a simple phrase, then turn off your smartthings devices that support switching off"
dCSTQ5gG,"if current temperature drops below, then enable a quick action at one of your locations"
dDf6KHFi,"if new super chat message, then set your lights to a pre-defined scene"
dEBDbntQ,"if water is detected, then briefly turn your hue lights off then back on"
dEzDkLAK,"if new track added to a playlist, then set the light to specified color"
dFCBTjw6,"if daily step goal achieved, then make your lights quickly blink the color of your choice"
dFEXBQ5d,"if every day at, then turn a wemo switch off"
dFkP9nzv,"if battery drops below 15%, then make your lights quickly blink the color of your choice"
dFrmCiq9,"if sunset, then turn on your hue lights"
dGBp6czQ,"if you enter an area, then turn your lights on"
dGkXpSPV,"if every year on, then change the color of your lights"
dHKxqr9S,"if sunrise, then turn off your hue lights"
dHQdiqKX,"if say a specific phrase, then let homey speak"
dHjqgJ7F,"if new liked video, then turn on, turn off or toggle your lights"
dHvFspce,"if say a specific phrase, then briefly turn your hue lights off then back on"
dHw7RTxC,"if hub status changed, then change the color of your hue lights"
dJRqYXNW,"if new sleep logged, then turn a wemo light switch on"
dJTd2HbB,"if say a specific phrase, changes the brightness level of the selected wemo light"
dKGN7eAW,"if new motion detected, then turn on your hue lights"
dKg8Hf54,"if new sound or motion event, then turn a wemo switch on"
dL2jxZrk,"if say a specific phrase, then turn off your hue lights"
dL8TMYke,"if sunset, then turn on your hue lights"
dLRgvmNq,"if new feed item, then briefly turn your hue lights off then back on"
dLbc3p4J,"if sunset, then activate the shortcut you specify"
dLghVEdY,"if connects to a specific wifi network, turn your a/c on with a set temperature, mode and fan level"
dLqFB2EU,"if today's weather report, then turn your lights on"
dLqeYc3k,"if current temperature drops below, then set a nest thermostat to the temperature you specify"
dLrzuCsk,"if new event from search, then change the color of the nanoleaf light panels or canvas that you select from the device dropdown on this screen"
dLzYTZFk,"if gesture with task matching id occurs, then change your lights to a specified color"
dNVrLDp6,"if say a simple phrase, then briefly turn your hue lights off then back on"
dNf6hvTG,"if new super chat message, then set your lights to a specified brightness"
dNu9sP2h,"if aqi from my device, then change the color of your hue lights"
dNvL2c78,"if every day at, close  the sl-bus curtain"
dPTvW9Hg,"if current condition changes to, then close the garage door you specify"
dPVByANk,"if say a specific phrase, then toggle your hue lights on or off"
dPbnyJMm,"if sunrise, then turn off your hue lights"
dPgnxXsb,"if daily distance goal achieved, then briefly turn your hue lights off then back on"
dPhKArjB,"if rf bridge alarm activated, then turn on a device"
dQZCJqWY,"if you enter an area, then open the garage door you specify"
dRKNM2ZY,"if switched off, then turn off your hue lights"
dS23Jvk8,"if button press, then change your hue lights to a randomly selected color"
dSifMsRv,"if say a simple phrase, this action well set a scene on your hue lights"
dSv7mk2w,"if today's weather report, then change the color of your hue lights"
dT8Dfuv9,"if pusher pressed, then turn your lights off if they are on, and turn them on if they are off"
dTA6DRwN,"if new motion detected, then turn a wemo switch on"
dURBekM6,"if every day at, then briefly turn your hue lights off then back on"
dUSD4JkL,"if every day of the week at, then turn off your smartthings devices that support switching off"
dV8EaY3B,"if switched off, turns off the selected wemo light"
dVTrEWMZ,"if event from mesh app received, then turn a wemo switch on"
dVsKbMZu,"if every year on, then make your lights slowly breathe the color of your choice"
dVwrF4si,"if temperature rises above, then turn a wemo switch off"
dWawTKS5,"if every day of the week at, then activate the shortcut you specify"
dWgEN95i,"if your skybell hd‘s button was pressed, then make your lights quickly blink the color of your choice"
dWu4cJT9,"if every day at, then send a command to one of your openhab items"
dWyPcvDT,"if price drops below, then change the color of your hue lights"
dXu2JHhy,"if say a simple phrase, then turn on your hue lights"
dYw3hZXi,"if uhoo air quality alert, then set a lutron dimmer or switch to the level you specify"
dZPvmV3U,"if new disease outbreak news, then change the color of your hue lights"
dahNq3sb,"if closed, then update a boolean variable in apilio to false"
dakVp7R9,"if item added to your to do list, then set a nest thermostat to the temperature you specify"
damLuZWn,"if nest set to home, then turn on your hue lights"
dbVEXNhi,"if every day of the week at, then turn off your hue lights"
dbwMRBpD,"if carbon monoxide warning, then adjust multiple lights and shades together by activating a scene created in the lutron app"
dcTdL4MK,"if say a specific phrase, then turn on the nanoleaf product that you select from the device dropdown on this screen"
dcmwxAH9,"if say a specific phrase, then dim or brighten your hue lights to a value between 0-100"
ddaNscVr,"if closed, then turn on your smartthings devices that support switching on"
ddi7tuFG,"if motion detected, then turn on your hue lights"
de8WUQcy,"if motion sensor event, then toggle a decora smart wi-fi device on/off"
dfJTZwiv,"if say a specific phrase, then unlock your smartthings devices that support unlocking"
dfaLBiUt,"if virtual fence crossed, then turn on your hue lights"
dfjY7Hgc,"if carbon monoxide warning, then change the color of your hue lights"
dhQMqwHX,"if thinga was clicked, then change the color of your hue lights"
dhamReQZ,"if cookit finished, then briefly turn your hue lights off then back on"
dhyndb2T,"if say a specific phrase, then turn on a slow color loop effect for your hue lights"
diPWX4ym,"if every day at, then turn on your hue lights"
dj8VCbxr,"if watering time starts, then change the color of your hue lights"
dkTA4eZG,"if sunset, then turn your lights on"
dkfQHKuM,"if today's weather report, then change the color of your hue lights"
dkx3QAnf,"if connects to a specific wifi network, then turn on your hue lights"
dmJWL9jH,"if sunset, then turn on the device/group of your choosing"
dnEXsFTm,"if every day of the week at, then turn off your hue lights"
dnK2wytD,"if ihome enhance button is pressed, then turn on your hue lights"
dnL9mKJ5,"if sunrise, then turn your lights off"
dp6GZd2B,"if sunset, then turn your lights on"
dpARg63y,"if say a specific phrase, then change the color of your lights"
dpNaTznU,"if say a specific phrase, turns on the selected wemo light"
dqYKE64Q,"if lowest co2 intensity in the electricity, then change the color of your hue lights"
dqw3gGaQ,"if every day at, then turn your lights off"
drGidu8E,"if your alarm goes off, then turn your lights on"
drhEuvnF,"if every day at, then change the color of your hue lights"
drshpKzT,"if your alarm goes off, turns on the selected wemo light"
dsdrug2P,"if ask what's on your to do list, then toggle your hue lights on or off"
dsywPmcF,"if button press, then turn off your oven"
dt9KZASM,"if say a specific phrase, then turn on a slow color loop effect for your hue lights"
dtq2kcxA,"if switched off, then turn off your hue lights"
duC5jLqb,"if say a simple phrase, then set a nest thermostat to the temperature you specify"
dudEVwY7,"if every day at, then turn your hive light on for a specific duration"
duhL78pF,"if new alert delivered, then set a nest thermostat to the temperature you specify"
dujkWzRV,"if everyone left, then turn off your hue lights"
duq9r2FJ,"if say a simple phrase, then turn off your hue lights"
dv5x73AK,"if switched off, then turn a wemo light switch on"
dvp2eKjn,"if carbon monoxide emergency, then enable a quick action at one of your locations"
dvw45Bim,"if long press, then toggle a wemo switch on or off"
dw8SuPgB,"if oven finished, then briefly turn your hue lights off then back on"
dw8v4Mb3,"if every hour at, then change your hue lights to a randomly selected color"
dwRq4QFr,"if every day of the week at, then turn off the device/group of your choosing"
dwsB4m9P,"if say a specific phrase, then activate a scene"
dyGbLD6i,"if you enter an area, then remove any existing quick action at your location and set your heating system to follow the schedule"
dyJa8mhu,"if you enter an area, then set the temperature of a thermostat or thermostatic radiator valve (trv)"
dyXcbiPJ,"if light rises above or drops below, then turn off your hue lights"
dyrX3Vid,"if current condition changes to, then briefly turn your hue lights off then back on"
dzMs7wgP,"if every day at, then turn off your hue lights"
e2LR3Yn5,"if current temperature rises above, then activate standby mode on the selected heatmiser thermostat"
e2QeJSK9,"if every hour at, then turn a wemo switch off"
e2SZV6EY,"if current condition changes to, then change the color of your hue lights"
e2ZNGvXs,"if thermostat indoor temperature is less than, then turn a wemo switch off"
e38Hc9rS,"if new check-in tagged, then unlock your smartthings devices that support unlocking"
e3AeFWME,"if disconnects from a specific wifi network, then activate the specified scene"
e3VPZus7,"if new ring detected, then change the color of your hue lights"
e45mG7bY,"if new sms sent matches search, then turn a wemo switch on"
e4DFThEv,"if preheat temperature reached, then turn on the ambient light of your hood with the selected color"
e4F2ALj3,"if the alarm panel has been armed, then set a nest thermostat to the temperature you specify"
e57aSGcL,"if button press, then toggle a device"
e6Y7TWa5,"if device or group is turned on, then turn on your smartthings devices that support switching on"
e7mPydqh,"if button press, then change the color of your hue lights to match the dominant colors found in an image you specify"
e9gYSEaD,"if current set temperature exceeds a threshold, then turn off your hue lights"
e9vHVnXb,"if doorbell button pressed, then turn your lights on"
eA8JLbNK,"if every day at, then briefly turn your hue lights off then back on"
eATXy3Vj,"if tomorrow's weather report, then turn on a slow color loop effect for your hue lights"
eAZuKhvG,"if every day of the week at, then turn on your coffee machine"
eAegUbYM,"if button press, then close the garage door you specify"
eBTRJF7a,"if every day at, then set a dim level on your light"
eBWRjAeS,"if say a simple phrase, then turn off your hue lights"
eBeKQgnr,"if say a specific phrase, then set your nefit easy to manual mode"
eBsmgTnu,"if say a simple phrase, then toggle your hue lights on or off"
eCGkdML2,"if you exit an area, then turn off your hue lights"
eDKWpmYu,"if any new motion, then turn on your smartthings devices that support switching on"
eDWZqQFy,"if say a specific phrase, then dim or brighten your hue lights to a value between 0-100"
eDf5mBdp,"if facial recognition, then turn on your hue lights"
eFQctPgp,"if every day at, then dim or brighten your hue lights to a value between 0-100"
eKGgWLNu,"if say a specific phrase, then start your robolinho® (start mowing)"
eKQ9BxaR,"if sunset, then turn on your smartthings devices that support switching on"
eKWCQ54M,"if thermostat indoor humidity is greater than, then set the thermostat into a hold with the specified temperature for the specified number of hours"
eKaMVQtW,"if every day at, then turn a wemo insight switch on"
eLrZyCcu,"if motion has been detected, then briefly turn your hue lights off then back on"
eMAq7BEs,"if gesture with task matching id occurs, changes the brightness level of the selected wemo light"
eP3hQFjV,"if button press, then make your lights slowly breathe the color of your choice"
ePCSZgiN,"if say a specific phrase, then turn on your daikin ac unit, or change its settings"
ePqdkyf3,"if every day of the week at, then turn off your hue lights"
ePuzZjhL,"if any new sms received, then make the selected light(s) pulse gently once"
eRbY2jzD,"if your skybell hd detected motion, then turn a wemo light switch on"
eSByquLr,"if an #ohmhour ends, then turn a wemo switch on"
eSL5sk4b,"if you enter an area, then set your honeywell thermostat to hold a temperature for a specified period of time"
eTSinQqj,"if new liked tweet by you, then change your lights to a specified color"
eTUSNd9A,"if a sensor event, turns on the selected wemo light"
eTkyu72A,"if temperature rises above, then turn a wemo switch on"
eUK3tndV,"if sunrise, then turn on your hue lights"
eUWirDx8,"if carbon dioxide rises above, then turn on your hvac system fan for the amount of time you specify in your nest fan timer setting (default is 15 minutes)"
eVp5YWxH,"if current temperature drops below, then set a nest thermostat to the temperature you specify"
eVtj6C95,"if sunset, then switch on your light"
eWCiJBwN,"if say a specific phrase, then set a nest thermostat to the temperature you specify"
eWbX3crP,"if a vehicle has been seen outside, then turn on the selected light(s)"
eWszP7qJ,"if motion is detected, then briefly turn your hue lights off then back on"
eX3CwDm2,"if you enter an area, sets sleep fader time for the selected group of wemo lights"
eX6pejKv,"if you exit an area, then turn a wemo dimmer off"
eYR5nC4H,"if every day at, then turn your lights on"
eZh93vAT,"if say a specific phrase, then start a laundry cycle"
eZnAEP7t,"if sunset, then turn on a slow color loop effect for your hue lights"
eaTDAQnC,"if change in average price, then change the color of your hue lights"
eadxJCHA,"if daily step goal achieved, then turn a wemo switch on then immediately back off"
eaiJnpHd,"if sunrise, then turn off your hue lights"
ebn6UN3K,"if opened, then update a boolean variable in apilio to true"
ebqy8UYR,"if you enter an area, then briefly turn your hue lights off then back on"
ecap4L79,"if say a simple phrase, then turn off the device/group of your choosing"
edRVPeAJ,"if disconnects from a specific wifi network, then turn off your hue lights"
ee7ZtWbj,"if smoke alarm warning, then briefly turn your hue lights off then back on"
eeUbaX9B,"if any incoming phone call missed, then change the color of the nanoleaf light panels or canvas that you select from the device dropdown on this screen"
efq2WXaR,"if incoming phone call from a specific number missed, then make your lights quickly blink the color of your choice"
efvGBxLT,"if sunset, then set your lights to a pre-defined scene"
egRmtZF3,"if current temperature rises above, then run a specific watering program"
ehgkbyi5,"if say a specific phrase, then set your honeywell thermostat to hold a temperature for a specified period of time"
ehxKYXzP,"if alarm dismissed, then turn off your smartthings devices that support switching off"
eiMnBDgS,"if nest set to away, then run a my leviton activity"
ej7avmRz,"if your timer goes off, then temporarily set your nanoleaf light panels or canvas to a solid or blinking color and then return to its previous state"
ejQMu9CE,"if say a specific phrase, this action well set a scene on your hue lights"
ekLcKNUD,"if every day at, then turn off your hue lights"
eniK2YDe,"if energy price change, then change the color of your hue lights"
epsjFbMA,"if oven clock timer elapsed, then briefly turn your hue lights off then back on"
eqSY3vNy,"if smart lawnmower button press once, then start watering a specific zone for a certain period of time"
eqbtMpZ4,"if every day at, then change the color of your lights"
esaR5uQg,"if temperature drops below, then turn a wemo light switch off"
esczLemi,"if sunset, then turn on your hue lights"
etrM483v,"if switched off, then return control of your heating to tado⁠°, using your user-defined settings (e"
etu5dbrs,"if current temperature drops below, then turn on your hvac system fan for the amount of time you specify in your nest fan timer setting (default is 15 minutes)"
euXDYvwV,"if your alarm goes off, then make your lights slowly breathe the color of your choice"
eui6xwR7,"if say a phrase with a text ingredient, then set a nest thermostat to the temperature you specify"
euwD8Yzx,"if say a specific phrase, then activate a scene"
evDpy8mT,"if pusher pressed, then turn your lights off if they are on, and turn them on if they are off"
evNut5kx,"if temperature returns to normal, then turn a wemo switch off"
evTCXn7G,"if device or group is turned on, then turn off the device/group of your choosing"
evVx2iNg,"if electricity in norway is expensive, then set the freezer temperature"
evXdBy2N,"if send ifttt an email tagged, then change the color of your hue lights"
evhrmEiD,"if smoke alarm emergency, then change the color of your hue lights"
evmnHXkE,"if sunset, then turn on your devices that support switching on"
evxEHTCK,"if alarm triggered, then change the color of your hue lights"
ewDLcr9C,"if say a specific phrase, then send a command to one of your openhab items"
ex5ktb2a,"if say a specific phrase, then turn off your hood"
exLSN8gj,"if button press, then toggle a wemo switch on or off"
exhtMN96,"if every day at, then change the color of your hue lights"
ey9wgAzF,"if every year on, then turn on a slow color loop effect for your hue lights"
eySjKDsr,"if system detects a household risk, then turn a wemo switch off"
eyVE47TH,"if any event starts, then change the color of your lights"
eyWc2Ve5,"if temperature returns to normal, then set your honeywell thermostat to resume the currently defined thermostat programmed schedule"
ezBDypXY,"if you enter an area, then set your honeywell thermostat to hold a temperature for a specified period of time"
ezdStZb7,"if say a simple phrase, then set a nest thermostat to the temperature you specify"
f3FqmJaf,"if breaking news alert, then briefly turn your hue lights off then back on"
f475q28F,"if say a specific phrase, this action well set a scene on your hue lights"
f4BCyx3F,"if you are tagged in a photo, then change the color of your hue lights"
f4GPw7LW,"if your alarm goes off, then turn on your hue lights"
f4NtqyBU,"if say a simple phrase, then turn on your hue lights"
f4S5TkdJ,"if say a specific phrase, then turn off your smartthings devices that support switching off"
f4XcqfBd,"if vocs alert, then turn on your smartthings devices that support switching on"
f4iBvPZV,"if zone turned on, then turn on a device"
f5dQabr2,"if say a specific phrase, then activate the shortcut you specify"
f63bhPiE,"if new motion detected, then turn on your smartthings devices that support switching on"
f6hJvV7q,"if motion detected, then briefly turn your hue lights off then back on"
f768XVzj,"if sunset, then turn on your hue lights"
f7feEMwt,"if flic is clicked, then set a nest thermostat to the temperature you specify"
f7hCN68k,"if say a simple phrase, then turn your lights off"
f8Txa9cu,"if carbon quality, then change the color of your hue lights"
f95yPgMd,"if say a specific phrase, then change the color of your hue lights"
f9TXCfAq,"if an #ohmhour starts, then turn off your hue lights"
f9UG7vfD,"if say a simple phrase, then boost heating to the temperature and duration you specify"
f9eRb6Dw,"if sunset, then turn on the device/group of your choosing"
f9yztAiT,"if you enter an area, then open the garage door you specify"
fANRPfsH,"if every day of the week at, then turn on your hue lights"
fARgWGvy,"if current condition changes to, then change the color of your hue lights"
fApc3Mqt,"if temperature rises above, then change the color of your hue lights"
fBC4jwDv,"if current temperature rises above, then set the heating mode of the thermostat"
fBKiLe9S,"if current humidity level rises above, then turn on/off the dehumidifier"
fBTKUGJf,"if item added to your to do list, then change the color of your hue lights"
fBgXMKbj,"if you exit an area, then turn a wemo switch off"
fCZc8UF6,"if device is plugged in, sets sleep fader time for the selected group of wemo lights"
fCafMVbF,"if switched off, then turn a wemo switch on"
fDZCBG76,"if you enter an area, then turn your lights on"
fDyWhEM7,"if every year on, then turn on a slow color loop effect for your hue lights"
fEGjNYXu,"if sunset, then turn the specified product's night light on"
fEMfvBxq,"if new ifttt update, then turn a wemo light switch on then immediately back off"
fEMyNUC6,"if say a specific phrase, then change the color of your hue lights"
fEftXw9Y,"if carbon dioxide rises above, then change the color of your hue lights"
fEsSQPGh,"if every day at, then trigger the specified bot to turn on the switch"
fF2HqCZe,"if current temperature rises above, then turn on your air conditioner and set target temperature, ac operation mode and air volume settings"
fFfKwU47,"if every day of the week at, then dim or brighten your hue lights to a value between 0-100"
fFhejiWR,"if every year on, then change the color of your hue lights"
fFvMr6Hi,"if flic is clicked, then toggle a wemo switch on or off"
fG6JewBN,"if new public video from subscriptions, then change your lights to specified color temperature"
fGAW3Sqy,"if say a simple phrase, then turn off the device/group of your choosing"
fGvcrHms,"if motion is detected, then turn on your sengled lights"
fH2YJndW,"if you exit an area, then set the heating mode to off"
fHGbv4kD,"if disconnects from a specific wifi network, then turn your lights off"
fHnBt7sk,"if say a specific phrase, then set a nest thermostat to the temperature you specify"
fJ5Tvxtj,"if say a simple phrase, then turn on your hue lights"
fJ7KpPSC,"if disconnects from any wifi network, then turn a wemo insight switch on"
fJPTRyKq,"if current condition changes to, this action sets an override on target temperature of one of your zones"
fJaG8qkQ,"if flic is clicked, then activate the scene that you choose"
fK6ZVd2R,"if new super sticker, then change your light's brightness to the specified level"
fKMeLC9h,"if sunset, then turn a wemo switch on"
fKpcWFua,"if say a specific phrase, turns off the selected wemo light"
fLBzQsEc,"if battery drops below 15%, then briefly turn your hue lights off then back on"
fLFWspui,"if every day at, then turn off your hue lights"
fLR6gBHe,"if every day of the week at, then dim or brighten your hue lights to a value between 0-100"
fMD93Zp5,"if every day of the week at, then turn off your hue lights"
fMETgrsJ,"if any new motion, then turn on your hue lights"
fMZgq9V2,"if astronomy picture of the day by nasa, then change the color of your hue lights to match the dominant colors found in an image you specify"
fMcpiX4T,"if tado⁠° switches to away mode, then return control of your heating to tado⁠°, using your user-defined settings (e"
fMvJrDxc,"if new super chat message, then set your lights to a pre-defined scene"
fPENSUXA,"if any new video by you, then change the color of your hue lights to match the dominant colors found in an image you specify"
fQHhP2dS,"if today's weather report, then change the color of your hue lights"
fQgzdPbt,"if motion detected, then activate the shortcut you specify"
fQnirCdE,"if say a specific phrase, then change the color of your hue lights"
fRiFbavg,"if motion detected, then turn on your hue lights"
fSDstMvL,"if sunset, turns on the selected wemo light"
fSHawUBe,"if motion detected, then turn on your hue lights"
fSLXkRzw,"if sunset, then turn your lights on"
fSX3Kfbp,"if current temperature drops below, then turn a wemo switch on"
fSedikYf,"if say a specific phrase, then turn on your devices that support switching on"
fUWBfpvh,"if job complete, then briefly turn your hue lights off then back on"
fUvucwTk,"if system detects an intrusion, then turn on the selected light(s)"
fVdzmR2C,"if current condition changes to, then change the color of your hue lights"
fVzAC564,"if device is set to cool mode, then turn off your hue lights"
fWUBEDNA,"if every year on, then change the color of your lights"
fWsBQMjE,"if nest set to away, then turn off your hue lights"
fYHBaSjF,"if sunset, then turn on your hue lights"
fYSCGive,"if item completed on your to do list, then dim or brighten your hue lights to a value between 0-100"
fYViwt4F,"if connects to a specific wifi network, then set the current room temperature to a level of your choice"
fYwQ3Tdg,"if geo-circle was entered, then turn on your hue lights"
fZCbUG47,"if connects to any wifi network, then turn your lights off if they are on, and turn them on if they are off"
fZQ97TEW,"if new tweet from search, then briefly turn your hue lights off then back on"
fZXrpWqz,"if temperature drops below, then set a nest thermostat in heat-cool mode to the temperature range you specify"
fZxe53dH,"if your alarm goes off, then turn on a device"
faDmAWY9,"if say a specific phrase, then turn off your hue lights"
fbFwV4ph,"if you exit an area, then turn off your air conditioner"
fbNDFU5p,"if temperature drops below, then turn on the selected light(s)"
fcYpsEdh,"if temperature drops below, then turn your intesishome a/c on"
fckFEZSR,"if current temperature drops below, then turn a wemo switch on"
fdnk3WRb,"if say a specific phrase, then dim or brighten your hue lights to a value between 0-100"
fdvE9iSg,"if say a simple phrase, then turn on your hue lights"
feGCN6Tc,"if every day of the week at, then activate the scene that you choose"
ff4Qa5Gp,"if device disconnects, then set a nest thermostat in heat-cool mode to the temperature range you specify"
ff9Srqvu,"if sunset, then turn on your hue lights"
ffmHiMTp,"if every day at, then turn on your hue lights"
fgYdfLuS,"if manage your carbon footprint - change in carbon intensity, then change the color of your hue lights"
fgna5NEs,"if say a specific phrase, then change the color of your lights"
fgyRs2aW,"if motion sensor event, then toggle a decora smart wi-fi device on/off"
fhJdARHN,"if any scheduled meeting ends, then turn off the device/group of your choosing"
fhgpZHqK,"if you enter an area, then dim or brighten your hue lights to a value between 0-100"
fj4JVKke,"if motion detected by camera, then turn on the selected light(s)"
fjksUhKu,"if sunset, then turn on a device"
fjvFGweA,"if new sms received matches search, then turn on your hue lights"
fkNKxTvp,"if current condition changes to, then briefly turn your hue lights off then back on"
fkm8hD5T,"if button press, then turn your lights off if they are on, and turn them on if they are off"
fkuTGmEH,"if every hour at, then turn off your hue lights"
fmH5Q9ec,"if you exit an area, then turn your lights off"
fmcW6DjQ,"if pusher pressed, then turn off your hue lights"
fn3TyUQr,"if every day of the week at, then change the color of your hue lights to match the dominant colors found in an image you specify"
fnxBh56V,"if presence no longer detected, then set a nest thermostat to the temperature you specify"
fp2u6aUe,"if turned on, then turn off a device"
fpN3FzHa,"if new public video from subscriptions, then set your lights to a specified brightness"
fpk6b8z4,"if preheat temperature reached, then turn on the ambient light of your hood with the selected color"
fqKyjgWS,"if sunset, then turn on a slow color loop effect for your hue lights"
frfcKHDs,"if current temperature drops below, then set the thermostat into a hold with the specified temperature for the specified number of hours"
frwEmGJY,"if every hour at, then turn a wemo light switch off"
fsBAgMTG,"if button press, then change the color of your lights"
fsVCWTtL,"if temperature rises above or drops below, then turn a wemo switch off"
ftDsPnkq,"if every day at, then change the color of your lights"
ftYbkMG6,"if pusher pressed, then turn a wemo switch off"
ftc6N5TQ,"if every day at, then turn on the pivot power genius outlet you specify"
ftnsCkDW,"if receive an event from apilio, then turn your intesishome a/c on"
ftugQ5ha,"if new public video from subscriptions, then change the color of your hue lights"
fuB7mngv,"if connects to a specific wifi network, then turn your aros a/c on and set to a temperature you specify"
funBgceh,"if your timer goes off, then briefly turn your hue lights off then back on"
fvG4aqBT,"if new feed item, then turn a wemo switch on then immediately back off"
fvYDckhj,"if switched on, then turn a wemo light switch on"
fvk36WLw,"if every hour at, then briefly turn your hue lights off then back on"
fwsvpEd7,"if every year on, then turn on a slow color loop effect for your hue lights"
fwuitmqN,"if your timer goes off, then turn on a slow color loop effect for your hue lights"
fxJfzkEM,"if you exit an area, then set a nest thermostat to the temperature you specify"
fxRk9uaw,"if say a specific phrase, then turn your hive light off for a specific duration"
fyHKM7b3,"if new sms received matches search, then toggle a device"
fzD2aXZs,"if new tweet by a specific user, then change the color of your hue lights"
fzmcuUWi,"if say a specific phrase, then turn on a slow color loop effect for your hue lights"
g2LCsHgD,"if you enter an area, then turn a wemo switch on"
g2YyzatD,"if say a specific phrase, then temporarily cool the refrigerator at maximum power"
g3c4gdkW,"if ambient temperature reached, then turn the specified product on"
g3enuFtY,"if event from search starts, then set a specific device on heat mode"
g3gzBp8N,"if new song played, then change the color of a light bulb"
g45dNxzD,"if motion detected, then turn on a device"
g4Jn9jHg,"if say a simple phrase, then set a nest thermostat to the temperature you specify"
g4RzHDbK,"if button press, then set a specific device on cool mode"
g5E9FUy3,"if you enter an area, then activate the shortcut you specify"
g5GeyqHK,"if say a specific phrase, then change the color of your lights"
g5WcTwHg,"if every day at, then turn off your hue lights"
g5kZqC76,"if exiting away mode, then turn on the selected light(s)"
g6dwmMYx,"if leave ifttt any voicemail, then turn on your smartthings devices that support switching on"
g6eKtmL9,"if current temperature drops below, then set a nest thermostat to the temperature you specify"
g6gYLhAU,"if any new photo, then briefly turn your hue lights off then back on"
g7Xxa4Bw,"if button press, then turn your lights off"
g8WgdK2H,"if your timer goes off, then make your lights slowly breathe the color of your choice"
g9EyiXVK,"if a device or network issue, turns on the selected group of wemo lights"
g9mWFGYS,"if switched on, then update a boolean variable in apilio to true"
g9tEmzxy,"if energy price change, then turn a wemo insight switch on"
g9wpdUji,"if sunset, then turn on your hue lights"
gBWdnzhY,"if switched on, then turn a wemo switch on"
gBgRScvz,"if motion detected, then briefly turn your hue lights off then back on"
gC4m6JMH,"if connects to a specific wifi network, then unpause your thermosmart, i"
gCAYcnSp,"if say a specific phrase, then turn off your hue lights"
gCWDHivM,"if receive an event from apilio, then set thermostat to a specific temperature in current mode"
gCzxtgmS,"if peak time savings - savings hours announced, then set your honeywell thermostat to permanently hold the specified temperature until you change it"
gD8Va7uG,"if pusher pressed, then turn a wemo switch off"
gETns5KM,"if any new photo by you, then change the color of your hue lights to match the dominant colors found in an image you specify"
gEtuAVfe,"if every day of the week at, then briefly turn your hue lights off then back on"
gEzFBxHb,"if you exit an area, then turn your lights on"
gFjMVDwL,"if say a simple phrase, then turn a wemo switch off"
gFyD2pQC,"if opened, then update a boolean variable in apilio to true"
gHh7tMAr,"if you enter an area, then briefly turn your hue lights off then back on"
gHxkTAED,"if tomorrow's forecast calls for, then change the color of your hue lights"
gJHD3mLx,"if every day at, then dim or brighten your hue lights to a value between 0-100"
gJKge7qH,"if sunrise, turns off the selected group of wemo lights"
gJLdW6sD,"if iss passes over a specific location, then change the color of your hue lights"
gJmtqnvB,"if say a simple phrase, then turn off the device/group of your choosing"
gKNyMACQ,"if motion detected, then turn a wemo switch on"
gKXdivMp,"if sunset, then turn your lights on"
gLUBaV2q,"if current temperature rises above, then set a nest thermostat to the temperature you specify"
gLySidDq,"if sleep duration above, then turn off your hue lights"
gM8QWALU,"if say a simple phrase, then turn on the device/group of your choosing"
gMfHcv8q,"if say a simple phrase, then turn off your hue lights"
gMi83xfF,"if every day at, then turn on your hue lights"
gQT8egta,"if say a specific phrase, then set your honeywell thermostat to hold a temperature for a specified period of time"
gRMwxbW4,"if system is partially armed, then turn off your daikin ac unit"
gRv6pqwP,"if motion event detected, then turn a wemo switch on"
gSzJsnVq,"if every day at, then turn on your hvac system fan for the amount of time you specify in your nest fan timer setting (default is 15 minutes)"
gTcuVGsY,"if sunrise, then turn off your hue lights"
gTp6S78a,"if temperature rises above, then change the color of your hue lights"
gUEcJAsM,"if sunset, then turn your lights on"
gUZJjEvw,"if sunset, then turn on your hue lights"
gVLFvkXR,"if you enter an area, then set a nest thermostat to the temperature you specify"
gW2Cn4ET,"if every year on, then change the color of your hue lights"
gWHLxXb5,"if new motion event, then toggle a device"
gWRnsPGj,"if every day at, then turn on the ambient light of your hood with the selected color"
gWXMHwzr,"if current condition changes to, then turn on a device"
gWfNtpre,"if new public video from subscriptions, then change your light's brightness to the specified level"
gX2LYugb,"if every day at, then turn off your hue lights"
gXHhMCB3,"if every day at, then turn a wemo switch on"
gYR2nghS,"if item added to your shopping list, then change your hue lights to a randomly selected color"
gYeQspKZ,"if sunset, then turn on your hue lights"
gYmNRyGw,"if current condition changes to, then change your lights to a specified color"
gZLc2GxX,"if motion detected, then turn on your hue lights"
gZLmh6Pn,"if your alarm goes off, then briefly turn your hue lights off then back on"
gafysYEA,"if new ring detected, then toggle a wemo light switch on or off"
gb6DiTBv,"if you enter an area, then set the thermostat into a hold using the settings from the specified comfort profile"
gbpYWMAB,"if new sms received matches search, then change the color of your hue lights"
gcrNYnXG,"if item edited on your to do list, then turn off your dishwasher"
gcvmCgXq,"if say a specific phrase, then change the color of your hue lights to match the dominant colors found in an image you specify"
gdDNmZs8,"if say a simple phrase, then turn a wemo switch off"
gdJusWUS,"if every day at, then turn off your hue lights"
geUgTDYd,"if say a specific phrase, then turn off your hue lights"
geX5WAir,"if you enter an area, then trigger the specified bot to turn on the switch"
gewMzcsf,"if you enter an area, then set the heating mode to schedule"
gfKc2qbT,"if nest set to away, then turn off your hue lights"
gfvW7pxD,"if new super chat message, then set your lights to a pre-defined scene"
gfwztLrY,"if your timer goes off, then briefly turn your hue lights off then back on"
gh7eVAjq,"if new reminder added to list, then turn a wemo switch on"
ghcqtjR6,"if every day at, then change the color of your lights"
ghmRcTLg,"if every day at, then turn off your hue lights"
ghwYyxaz,"if peak time savings - savings hours announced, then set the thermostat into an indefinite hold with the specified temperature"
giLukXAC,"if receive an event from apilio, then change your lights to a specified color"
gifs5xAQ,"if new feed item, then change the color of your hue lights"
giysJhPm,"if long press, then turn on your hue lights"
gkuKmbnQ,"if every day at, then turn off one of your mi|home devices"
gm387NpP,"if item added to your to do list, then change the color of your hue lights"
gm94W3GK,"if new voicemail, then change the color of your hue lights"
gmjt3KPQ,"if sunset, then turn a wemo switch on"
gn5jQmik,"if say a specific phrase, then set a nest thermostat to the temperature you specify"
gnXYdbGq,"if current temperature rises above, then set a nest thermostat to the temperature you specify"
gnY2mfvF,"if rain detected, then briefly turn your hue lights off then back on"
gnmjdZas,"if button press, then turn on your hue lights"
gp69HuU8,"if system is disarmed, then turn on your hue lights"
gpY2uBTc,"if temperature rises above, then update a boolean variable in apilio to true"
gphQ45Yj,"if say a simple phrase, then turn on your hue lights"
gpsbgFRj,"if button press, then turn on your daikin ac unit, or change its settings"
gpuvgGa5,"if device connects, then turn on your smartthings devices that support switching on"
gpwBR6Hv,"if new liked video, turn on/off  power strip"
gqJQsGTZ,"if say a phrase with a text ingredient, this action well set a scene on your hue lights"
grEJ3PS5,"if today's price rises by percentage, then change the color of your hue lights"
gs42gBRm,"if any new photo by you, then change the color of your hue lights to match the dominant colors found in an image you specify"
gs4kPK7y,"if new motion after quiet period, then turn on the selected light(s)"
gsedw6K9,"if connects to a specific wifi network, then turn on your air conditioner and set target temperature, ac operation mode and air volume settings"
gsqHax4d,"if current condition changes to, then make your lights slowly breathe the color of your choice"
gsr4UnDT,"if say a specific phrase, then change the color of your lights"
gt4dXxyk,"if every day at, then turn on your hue lights"
gtWmcw5Q,"if button press, then trigger the specified bot to press the switch"
gtaVndkP,"if you enter an area, then turn a wemo light switch on"
guP2d5Ye,"if every day at, then turn on your hue lights"
gubh5dtF,"if switched off, then turn off your hue lights"
gufzUbW5,"if switched on, then turn on your hue lights"
gugAiMyZ,"if receive an event from apilio, then set the thermostat into an indefinite hold with the specified temperature"
gvA9RW26,"if say a specific phrase, then change the color of your lights"
gwJxQSTr,"if temperature drops below, then order your home to go back to default schedule"
gwa4tRfy,"if button press, then turn off your device"
gwbNckJK,"if say a simple phrase, then turn off your hue lights"
gwbfnMSN,"if new motion detected, then turn your lights on"
gwxySNAE,"if vocs alert, then turn on your hvac system fan for the amount of time you specify in your nest fan timer setting (default is 15 minutes)"
gxQ8wqF6,"if new tweet by a specific user, then turn on your hue lights"
gxd5B8t2,"if sunset, then turn on your hue lights"
gyYSpH64,"if gesture with task matching id occurs, then turn a wemo switch off"
gyb3nTKQ,"if new channel membership, then set your lights to a specified brightness"
gyeSaMQ6,"if every hour at, then change your hue lights to a randomly selected color"
gysf5Vah,"if send ifttt any email, then briefly turn your hue lights off then back on"
gzM4BJR3,"if robolinho® has arrived at the base station, then set a innogy smarthome state to 'no'"
gzun6jNi,"if alarm activated, then toggle your hue lights on or off"
h2qMFZY7,"if new ring detected, then turn a wemo light switch on"
h2y9MtQp,"if you enter an area, then boost heating to the temperature and duration you specify"
h3LqgcD2,"if you enter an area, then turn on your device"
h3ZzQxPb,"if send ifttt any email, then briefly turn your hue lights off then back on"
h3sGnjpu,"if say a specific phrase, then change the color of your hue lights"
h5FAmYbK,"if item added to your to do list, then pause your thermosmart"
h5p2uSKB,"if you enter an area, then set a nest thermostat to the temperature you specify"
h5pzGVDb,"if switched on, then turn a wemo light switch on"
h5sXnkey,"if carbon monoxide emergency, then activate the shortcut you specify"
h62ZiD8V,"if new motion detected, then turn your hive light on for a specific duration"
h6RmTHMy,"if motion detected, then turn on a device"
h6hgDQeR,"if every day at, then turn on one of your mi|home devices"
h76dLxvw,"if new ring detected, then turn on your smartthings devices that support switching on"
h79FLPY4,"if current temperature rises above, then turn a wemo light switch off"
h7EFjTD4,"if sunset, then turn a wemo switch on"
h7c5ZfdT,"if your alarm goes off, then turn a wemo insight switch on"
h7hdaEej,"if sunset, then turn on one of your mi|home devices"
h7vMCyDH,"if when i get out of bed, then turn on your coffee machine"
h8CGEdL4,"if when i get out of bed, then unlock a specific device"
h8fP6bCi,"if current temperature drops below, then set a nest thermostat to the temperature you specify"
h9UAj4XQ,"if motion event detected, then turn on your hue lights"
hAYTc3wH,"if every day at, then turn off your hue lights"
hAuhZpQ9,"if say a specific phrase, then turn on your hue lights"
hAydWwLt,"if say a specific phrase, this action well set a scene on your hue lights"
hBDb32js,"if receive an event from apilio, then switch on your light"
hBKNM845,"if say a specific phrase, then change the color of your hue lights"
hBL8DJc7,"if gesture with task matching id occurs, then change the brightness of a light bulb"
hBdYAtDT,"if you are tagged in a photo, then make your lights slowly breathe the color of your choice"
hCgxHjkN,"if button press, then make your lights quickly blink the color of your choice"
hCqmy5hG,"if new motion event, then turn a wemo switch on"
hD2CA7vy,"if every day of the week at, then turn your lights on"
hDBK3Nms,"if current humidity level rises above, then turn on your daikin ac unit, or change its settings"
hDa8FXUB,"if say a simple phrase, then activate the scene that you choose"
hE3udeLJ,"if new follower on your channel, then change your light's brightness to the specified level"
hE54vZJk,"if temperature drops below, then update a boolean variable in apilio to false"
hFCRLY6P,"if you enter an area, then turn your lights on"
hFYnsAt9,"if say a specific phrase, then set your thermostat to a specified temperature"
hFf3H4Sk,"if say a simple phrase, then change the color of your hue lights"
hGLmCH6g,"if say a specific phrase, then dim or brighten your hue lights to a value between 0-100"
hGQ2zTj8,"if sunset, then turn on your hue lights"
hGpFDhPB,"if say a simple phrase, then turn on your coffee machine"
hGwEsYfx,"if say a specific phrase, then set the mode of the air conditioner unit"
hHCZw6m5,"if new super chat message, then change your lights to specified color temperature"
hHQteFyZ,"if battery drops below 15%, then change the color of your lights"
hHhcCeLz,"if unit turned on, then turn off your daikin ac unit"
hJYqrKcB,"if every day at, then turn on your hue lights"
hJZbAc7X,"if you exit an area, then set the current room temperature to a level of your choice"
hJZeB54v,"if every day of the week at, then turn off the device/group of your choosing"
hK3Bgh9A,"if every day of the week at, then briefly turn your hue lights off then back on"
hKxiHwgQ,"if sunset, then turn on your hue lights"
hL3dUcJ8,"if price rises above, then turn on a slow color loop effect for your hue lights"
hLy8uqfw,"if kettle has finished boiling, then toggle your hue lights on or off"
hLyPtfih,"if every day of the week at, then lock your smartthings devices that support locking"
hME5asP3,"if every hour at, then change the color of your lights"
hMtzrYdx,"if say a simple phrase, then turn on, turn off or toggle your lights"
hPZY32NF,"if every day at, then turn your lights off"
hRD4Xcrf,"if temperature rises above or drops below, then turn your ihome plug on or off"
hRFn7NCH,"if long press, then turn a wemo light switch off"
hRHYaWfs,"if sunset, then change the color of your hue lights"
hRXWnKcb,"if button press, then toggle your hue lights on or off"
hSG28m9t,"if sunset, then turn off your hue lights"
hSMrxtA9,"if sunset, then change the color of your lights"
hTKtsyea,"if notification received from a specific app, then make your lights quickly blink the color of your choice"
hTtJPhzB,"if exchanged power single phase, then turn off your dishwasher"
hUj4QTma,"if every day of the week at, then turn on your hue lights"
hVFBve2X,"if sunset, then turn on your hue lights"
hVfwTLei,"if current condition changes to, then turn a wemo switch off then immediately back on"
hVt5fEku,"if say a specific phrase, then start the selected washer program with your preferred settings"
hVwX43UY,"if say a specific phrase, then turn on your hue lights"
hWNfXsdG,"if notification received from a specific app, then turn off your hue lights"
hXdBhqM3,"if you exit an area, then turn off your hue lights"
hXsNjQ4D,"if you enter an area, then turn a wemo light switch on"
hXvUJAwZ,"if your timer goes off, then set your lights to a pre-defined scene"
hZiSqkuL,"if electricity price changes, then change the color of your lights"
haHmpt4N,"if carbon dioxide drops below, then change the color of your hue lights"
habqC62E,"if say a simple phrase, then turn off your smartthings devices that support switching off"
hbscwxpZ,"if send ifttt an email tagged, then turn on your hue lights"
hdcJV5rN,"if sunset, then turn your lights on"
hdkJktXp,"if audio event detected, then turn on your hue lights"
hdxtCFhn,"if new video by channel, then activate the scene that you choose"
heNkKfRM,"if any new sms received, then make your lights quickly blink the color of your choice"
heWCjdmq,"if you exit an area, then turn your lights off"
heh7MvKU,"if every day of the week at, then turn a wemo light switch on"
hfGX2AVB,"if say a simple phrase, then turn on your hue lights"
hfdwvsrY,"if every day at, then lock a device, preventing use of the physical buttons on the device"
hfqg83h4,"if contact sensor opens, then turn on the device/group of your choosing"
hgVnG3Y8,"if sunset, then turn a wemo switch on"
hhVL28mD,"if the amount of renewable generation in the grid changes, then change the color of your hue lights"
hhVSx3qb,"if temperature drops below, then remove any existing quick action at your location and set your heating system to follow the schedule"
hhYwcRy6,"if turns on, then turn the specified product's night light off"
hhiZk46D,"if every day at, then turn a wemo switch on"
hhwHL6CD,"if current condition changes to, then change the color of your hue lights"
hibeBvLz,"if say a simple phrase, then turn off your hue lights"
hipjAK9n,"if sunrise, then turn your lights on"
hiwBXGZr,"if new motion detected, then toggle a wemo light switch on or off"
hkCVy8xj,"if sunset, then dim or brighten your hue lights to a value between 0-100"
hkZRS2f8,"if leave home, then turn off a specific device"
hm326ixG,"if item added to your to do list, then set a nest thermostat to the temperature you specify"
hmnhfZrX,"if zeno alert for a specific goal, then toggle your hue lights on or off"
hp5SudR3,"if thermostat enters smart home/away, then turn on your hue lights"
hpvELZFf,"if current condition changes to, then activate the specified scene"
hq3K6F7H,"if every day at, then turn off your hue lights"
hq9UtgNv,"if is it christmas?, then turn on a slow color loop effect for your hue lights"
hqQUg3Nn,"if every day of the week at, then turn your hive light on for a specific duration"
hqcLXhws,"if say a simple phrase, then turn on, turn off or toggle your lights"
hrYQT6ey,"if button press, then turn on the device/group of your choosing"
hrt9vc6w,"if sunset, then turn on a slow color loop effect for your hue lights"
htyP4iKv,"if when fetchit button is pressed, then turn on your smartthings devices that support switching on"
htzF4qV3,"if say a simple phrase, then turn a wemo light switch off"
hv6aqsCV,"if say a specific phrase, then temporarily cool the freezer at maximum power"
hvKm5Sft,"if sunrise, then turn your lights on"
hvc8TU9P,"if ask what's on your to do list, then change the color of your hue lights"
hvzxTrJZ,"if you enter or exit an area, then toggle a wemo switch on or off"
hwPAyiBM,"if say a phrase with a text ingredient, then activate the shortcut you specify"
hxAP475Y,"if every day at, then activate eco mode on your appliance"
hxdTZDue,"if event from search starts, then turn your lights off"
hzmp3UtK,"if sunrise, then turn on your hue lights"
hzp3uR4q,"if new message in a spark room, then briefly turn your hue lights off then back on"
hzwmAZ9q,"if every day at, then turn off your hue lights"
i24bhMAS,"if you enter an area, then set the temperature of a thermostat or thermostatic radiator valve (trv)"
i37H92MB,"if sunrise, then turn your lights on"
i3pUs5TJ,"if you enter an area, then turn on, turn off or toggle your lights"
i4RJxHre,"if presence no longer detected, then set the thermostat into a hold using the settings from the specified comfort profile"
i4p7VXE2,"if sunset, then close a relay"
i4pMk6ac,"if sunrise, then turn off your devices that support switching off"
i4shUDbE,"if receive an event from apilio, turn your a/c on with a set temperature, mode and fan level"
i5WGkChs,"if current temperature rises above, then turn a wemo switch on"
i5Z7LW6Y,"if say a specific phrase, then turn on your hue lights"
i5cMsHFR,"if gesture with task matching id occurs, then turn a wemo insight switch on"
i6S7u5jW,"if any new sms received, then make your lights quickly blink the color of your choice"
i6W2BxnV,"if current temperature rises above, then turn off the device/group of your choosing"
i6W83iH2,"if say a simple phrase, then set a nest thermostat to the temperature you specify"
i6fGJqnp,"if button press, then toggle your hue lights on or off"
i6qF8sAQ,"if temperature rises above threshold, then return control of your heating to tado⁠°, using your user-defined settings (e"
i7EFVUzP,"if button press, then turn a wemo switch on"
i7V2K9LG,"if every day at, then turn off your hue lights"
i7W5Yatf,"if say a specific phrase, then briefly turn your hue lights off then back on"
i7pRLqD4,"if sunset, then turn on your hue lights"
i8Sd4MFy,"if new motion event, then turn on your hue lights"
i8VNiML9,"if every day of the week at, then turn your lights off"
i8k7c3ta,"if say a specific phrase, then turn a wemo light switch on"
i96M4Ws3,"if new sms received matches search, then briefly turn your hue lights off then back on"
i9uN4835,"if every day at, then turn off your hue lights"
i9vmjHJA,"if new event from a rule, then change the color of your hue lights"
i9xDcnT2,"if day and night mode, then dim or brighten your hue lights to a value between 0-100"
iAeDcpFL,"if your alarm goes off, then dim or brighten your hue lights to a value between 0-100"
iBDxRgTL,"if say a simple phrase, then dim or brighten your hue lights to a value between 0-100"
iBs5rgth,"if button press, then change your lights to a specified color"
iBuvida7,"if tomorrow's forecast calls for, then change the color of your hue lights"
iCjmthpH,"if any event starts, then briefly turn your hue lights off then back on"
iCm23yke,"if device is plugged in, then turn on, turn off or toggle your lights"
iDF3rP5L,"if litter robot events, then change the color of your hue lights"
iDKbtjBq,"if you enter an area, then turn your intesishome a/c on"
iDNf3cEF,"if sunset, then turn on your hue lights"
iECN4DLz,"if every day at, then turn your lights on"
iFf8vBa7,"if say a simple phrase, this action well set a scene on your hue lights"
iGFTaVSL,"if every day at, then turn on your hue lights"
iGUjZr8W,"if device or group is turned off, then turn off your smartthings devices that support switching off"
iHaLzeAY,"if current condition changes to, then turn on the device/group of your choosing"
iKJDmPYq,"if new sound or motion event, then set a lutron dimmer or switch to the level you specify"
iKVvQXxg,"if device turns on, then turn on the device/group of your choosing"
iKhuXDpc,"if you enter an area, then turn your lights on"
iLMPgnht,"if motion detected, then turn on your hue lights"
iLrZz7QM,"if presence detected, then initiate the evaluation of the specified logicblock in apilio"
iMcXYgdi,"if temperature rises above, then turn on your smartthings devices that support switching on"
iN8QYe36,"if any new photo, then turn off your hue lights"
iPAWTvZH,"if say a phrase with a text ingredient, this action well set a scene on your hue lights"
iPW3uQ6U,"if you enter an area, then turn your lights off"
iPWfxNT7,"if zone turned off, then turn off all devices in a my leviton room"
iPmhjBd6,"if say a simple phrase, then turn off your hue lights"
iR8sQvfV,"if you exit an area, then turn on your hvac system fan for the amount of time you specify in your nest fan timer setting (default is 15 minutes)"
iRr29Fht,"if every day at, then turn on your hue lights"
iS476QgZ,"if a leak was detected, then turn a wemo switch on"
iSxX6Eap,"if every day of the week at, then change the color of your hue lights"
iSy9Us4R,"if today's weather report, then turn on your hue lights"
iUBFRGtu,"if switched on, then dim or brighten your hue lights to a value between 0-100"
iUsYNHV3,"if button press, then set your room temperature to a new set point for a configurable period"
iVkmGusL,"if cookit finished, then change the color of your hue lights"
iWVvxLFN,"if say a specific phrase, then turn on your hue lights"
iWikcf6E,"if say a specific phrase, then boost heating to the temperature and duration you specify"
iX2UCmqK,"if say a specific phrase, then turn on your hue lights"
iXSbGL9i,"if current temperature drops below, then turn on your hvac system fan for the amount of time you specify in your nest fan timer setting (default is 15 minutes)"
iXvbei9E,"if any event starts, then set a innogy smarthome state to 'yes'"
iYyAc3ur,"if low battery alert, then make your lights quickly blink the color of your choice"
iZJsbCVR,"if end of cycle, then turn on the selected light(s)"
iZXDVdMe,"if motion is detected, then make your lights quickly blink the color of your choice"
iZifSzAK,"if new ring detected, then turn on a device attached to your hubitat elevation system"
iZqN2Hcs,"if current temperature drops below, then set the heating mode to schedule"
iaBUdLNQ,"if say a simple phrase, then turn on your hue lights"
iaQML6qw,"if door unlocked, then turn on your hue lights"
iaUwREgG,"if new sleep logged, then change the color of your hue lights"
ibHDJw3Q,"if say a specific phrase, then activate the shortcut you specify"
ibmy6aPH,"if sunrise, then turn off your hue lights"
icNdDrKS,"if sunset, this action well set a scene on your hue lights"
icUF3wqi,"if sunset, then turn on a whole group of mi|home devices simultaneously"
icV7MUzN,"if new ring detected, then turn on the selected light(s)"
idNKyvE4,"if every day at, then turn your lights on"
idQa2v7t,"if sunset, then dim or brighten your hue lights to a value between 0-100"
idhZtgJ5,"if incoming call from unknown number, then briefly turn your hue lights off then back on"
idkUamqR,"if say a specific phrase, then set your honeywell thermostat to hold a temperature for a specified period of time"
idsNGHbE,"if button press, then change the color of your hue lights"
ie5a8JE2,"if every day at, then dim or brighten your hue lights to a value between 0-100"
ieSWrgf5,"if every day of the week at, then set the light to specified color"
igRreXxQ,"if you exit an area, then switch off your light"
ih9LaTFn,"if when i get into bed, then turn on, turn off or toggle your lights"
ii2cZYQT,"if say a simple phrase, then turn on your hue lights"
iiEm3n8U,"if tomorrow's high rises above, then set the heating mode to off"
iiGnYktf,"if routine activated, then turn off your hue lights"
iiK8rECa,"if every day at, then turn off your hue lights"
iiKC4NaU,"if new ring detected, then briefly turn your hue lights off then back on"
iiL7BYpe,"if every day at, then turn off the device/group of your choosing"
ij4PeXZD,"if doorbell button pressed, then briefly turn your hue lights off then back on"
ikXpDeg4,"if you enter an area, then turn on the device/group of your choosing"
im4EsSHK,"if a device or network issue, then adjust multiple lights and shades together by activating a scene created in the lutron app"
imP7ezwd,"if say a specific phrase, then send a command to one of your openhab items"
imakH9fE,"if humidity rises above or drops below, then turn on the device/group of your choosing"
imrd9P6i,"if you exit an area, then turn a wemo light switch off"
inLam7tf,"if sunset, then turn on your hue lights"
inZac9DH,"if every hour at, then change your hue lights to a randomly selected color"
indX3geJ,"if smoke alarm emergency, then turn a wemo insight switch on"
insC9wuz,"if any new motion, then turn a wemo dimmer on"
ipFhkaXc,"if temperature is too low, then turn a wemo switch on"
ipXv5Fbr,"if you exit an area, then turn your hive light off for a specific duration"
iq7Ywe5y,"if every day at, then make your lights slowly breathe the color of your choice"
iqGaTrCR,"if sunset, then turn a wemo insight switch on"
iqkjgvJp,"if door closed, then turn off your smartthings devices that support switching off"
irkyxPLc,"if when i get out of bed, this action well set a scene on your hue lights"
irm3k784,"if sunset, then turn on your hue lights"
iryfcmUu,"if any new sms received, then make your lights quickly blink the color of your choice"
iuFzbMXN,"if say a simple phrase, then turn a device on or off"
iuLASMsF,"if is it christmas?, then activate the scene that you choose"
iuMQ8iXW,"if sunset, this action turns on one of your light switches"
iubgtMJR,"if door locked, then turn off the selected light(s)"
iv7EzFRH,"if cookit turned on, then turn on your hood with the default program"
ivHpDJ7d,"if current temperature rises above, then turn a wemo light switch off"
ivuRTpfW,"if every day at, then dim or brighten your hue lights to a value between 0-100"
iw5uitTN,"if sunset, then activate a scene"
iwNBF7Mu,"if début de plage tarifaire, then briefly turn your hue lights off then back on"
ixVdjyHU,"if new ring detected, then briefly turn your hue lights off then back on"
ixiwk4f3,"if current uv index rises above, then turn a wemo switch on then immediately back off"
ixrqi8Z4,"if every day at, then turn off your hue lights"
izM8irqc,"if every day of the week at, then turn off your hue lights"
izcSDUte,"if say a simple phrase, then turn on your hue lights"
j2eiBpJY,"if new motion detected, then turn on your hue lights"
j3c6PDzV,"if today's weather report, then change the color of your hue lights"
j3hGHqcF,"if long press, then toggle a wemo switch on or off"
j3ixwBVU,"if every day at, then turn a wemo switch on"
j4JCtRsb,"if every day of the week at, then briefly turn your hue lights off then back on"
j4eXW3vB,"if sunset, then turn on your hue lights"
j4udbHYf,"if energy price change, then turn on the device/group of your choosing"
j52e9HUg,"if say a simple phrase, then turn off your hue lights"
j5feWVGZ,"if receive an event from apilio, then turn your lights on"
j5tBaF82,"if your alarm goes off, then turn a wemo switch on"
j658KtFM,"if opened, then change the color of your hue lights"
j6RtfJTk,"if the alarm panel has triggered an alert, then turn on your smartthings devices that support switching on"
j6aBd7Ur,"if switched on, then update a boolean variable in apilio to true"
j6fgQDiZ,"if current temperature drops below, then turn your aros a/c off"
j7FGafDg,"if every day of the week at, then turn your lights on"
j7PaFW9i,"if new ring detected, then turn a wemo switch off then immediately back on"
j7WmSA48,"if flic is clicked, then set a nest thermostat to the temperature you specify"
j7ZebpUq,"if say a specific phrase, then turn a wemo switch on"
j7cUfmGE,"if the alarm panel has been armed, then turn your lights off"
j7ygjZuV,"if new sms sent matches search, then turn a wemo switch off"
j8v3K2rW,"if new channel membership, then set your lights to a pre-defined scene"
j9bpeu67,"if button press, then set a nest thermostat to the temperature you specify"
j9fsbDVq,"if event from search starts, then set a nest thermostat to the temperature you specify"
j9nwypbe,"if wind speed rises above, then cancel all running watering events"
j9ubq3BN,"if any new sms received, then briefly turn your hue lights off then back on"
jAVzB5m8,"if sunset, then change the color of your hue lights to match the dominant colors found in an image you specify"
jCMuaLAn,"if say a specific phrase, then change the color of your lights"
jCbuAdt9,"if button press, then turn off your hue lights"
jDEN23Lx,"if every day at, then briefly turn your hue lights off then back on"
jDHVCti7,"if current temperature drops below, then start your heating"
jE4ACRqz,"if you enter an area, then turn a wemo switch on"
jEMh3Wac,"if new status message by you, then turn a wemo switch on then immediately back off"
jEahSY4C,"if say a specific phrase, then launch a connexoon scenario"
jEnmszRJ,"if any new note, then change the color of your hue lights"
jFMGHP5A,"if temperature drops below, then turn on the pivot power genius outlet you specify"
jFTZtEH7,"if say a simple phrase, then set a lutron dimmer or switch to the level you specify"
jG6VJcUL,"if current temperature rises above, then turn a wemo switch on"
jG7t2M5W,"if receive an event from apilio, then deactivate your smartthings alerting device's siren and/or strobe"
jGaxdFkC,"if room temperature, then turn off your daikin ac unit"
jHPbyVxC,"if every day at, then turn on your daikin ac unit, or change its settings"
jHUzVtBY,"if disconnects from a specific wifi network, then turn off your a/c in the specified room"
jHu9GfSW,"if smoke alarm warning, then adjust multiple lights and shades together by activating a scene created in the lutron app"
jJ3AUS85,"if say a simple phrase, then turn off the device/group of your choosing"
jJ3GaDKA,"if your alarm goes off, then make your lights quickly blink the color of your choice"
jJKtniay,"if you exit an area, then turn off your hue lights"
jKup7FMW,"if every day at, then open the garage door you specify"
jL25sT6u,"if your alarm goes off, then turn on your device"
jLavBEWR,"if you exit an area, then turn on your hue lights"
jNUHtz7V,"if say a simple phrase, then turn off your hue lights"
jPvmFGpK,"if every hour at, then set the heating mode to schedule"
jQf6FzHs,"if say a specific phrase, then turn on your air conditioner and set target temperature, ac operation mode and air volume settings"
jQhRbNpV,"if today's price rises by percentage, then change the color of your hue lights"
jQnWVFYb,"if you exit an area, then turn off your hue lights"
jSXbHUKn,"if lock unlocked, then turn your lights on"
jTHVAxUh,"if motion detected, then turn on your hue lights"
jTR7cd9H,"if sunset, this action turns on your air purifier"
jUDmAYQz,"if say a simple phrase, then turn a wemo switch off"
jUFnZMYS,"if say a simple phrase, then turn your lights off"
jUa4SVQG,"if say a specific phrase, then change the color of your lights"
jUihr4vP,"if motion detected, then turn your lights on"
jV6ZxaXJ,"if say a specific phrase, then change the color of your hue lights"
jVDmNaAw,"if say a phrase with a number, then set your lights to a specified brightness"
jW3R4jaw,"if you enter an area, then turn on the device/group of your choosing"
jWPMeqCD,"if time of day peak rates start/end, then turn on a device"
jWZ9Y4VB,"if relay on, then turn a wemo switch off"
jWfaUBiZ,"if your timer goes off, then briefly turn your hue lights off then back on"
jWrKhbfL,"if say a simple phrase, then turn on the device/group of your choosing"
jXUTAavE,"if switched on, then turn a wemo insight switch on"
jZbiQPSp,"if button - pressed, then toggle your hue lights on or off"
jZhKteMY,"if say a specific phrase, then send a command to one of your openhab items"
jaFzwp7s,"if aqi from my device, then change the color of the nanoleaf light panels or canvas that you select from the device dropdown on this screen"
jaRzux8B,"if sunset, then turn on, turn off or toggle your lights"
jaeNqx4K,"if current temperature rises above, then enable a quick action at one of your locations"
jcFZH4Ke,"if say a specific phrase, then turn off your hue lights"
jcxYmVdk,"if carbon dioxide drops below, then change the color of your hue lights"
jczViTsH,"if your skybell hd‘s button was pressed, then turn a wemo light switch on"
jdM4QEwK,"if temperature is too low, turn your a/c off"
jeF8Gyu7,"if you enter an area, then turn a wemo light switch on"
jeWSF8Uf,"if motion is detected and brightness is below, then turn on/off the light of your choosing"
jes48QGv,"if iot device, zone, and action, then toggle your hue lights on or off"
jfCWPwQG,"if say a simple phrase, then turn off your hue lights"
jfT5iEhN,"if your timer goes off, then turn a wemo light switch on"
jfb7HUFh,"if say a simple phrase, then turn your lights off"
jfuN8Zsz,"if you exit an area, then turn off your daikin ac unit"
jgWtZFAm,"if incoming phone call from a specific number missed, turns on the selected wemo light"
jhQGBdqN,"if new liked video, turn on/off  power strip"
jhYdJt7L,"if temperature rises above, then change the color of your hue lights"
jiEk3Tbd,"if sunset, then turn a wemo light switch on"
jibAGmNK,"if long press, turns off the selected wemo light"
jiqxg3Ge,"if carbon dioxide (co₂) alert, then briefly turn your hue lights off then back on"
jjVbZx2m,"if every day at, then switch off a socket"
jja4CvFS,"if electricity price changes, then change the color of a light bulb"
jjnvZgm5,"if connects to a specific wifi network, then turn off a selected device"
jjydSDUA,"if the alarm panel has been disarmed, then set a nest thermostat to the temperature you specify"
jkG4pTtm,"if say a simple phrase, then turn on a slow color loop effect for your hue lights"
jma7kvVx,"if sunset, then turn on your hue lights"
jnyA6GRT,"if say a specific phrase, then change the color of your lights"
jpKtQkWH,"if say a specific phrase, then send a command to one of your openhab items"
jpswG4WT,"if opened, then change the color of your hue lights"
jqRpUdFM,"if every day at, then turn on a device"
jqfQDTjN,"if power rises above, then turn off a plug for the specified duration"
jqmU9pfu,"if notification received from a specific app, then toggle your hue lights on or off"
jqyRPWdk,"if say a specific phrase, turns off the selected wemo light"
jrYmyibw,"if every day at, then turn off your hue lights"
jrhcA8d9,"if say a simple phrase, then trigger the specified bot to turn on the switch"
jsEHAzVC,"if door or window is closed, then activate standby mode on the selected heatmiser thermostat"
jsmVpQXv,"if switched off, then turn off your hue lights"
jsuV7cXD,"if ihome enhance button is pressed, then turn on all devices in a my leviton room"
jt7JyDRq,"if a flow has been started, then set a specific device on auto mode"
jtHqkQ3L,"if you exit an area, then turn off your hue lights"
jtrxWhMU,"if every year on, then change the color of your hue lights"
juN3tcSH,"if button press, then turn a wemo light switch on"
jvCX4bJc,"if sunset, then turn on the pivot power genius outlet you specify"
jvhjwSUn,"if motion event detected, then turn off your hue lights"
jvpDue5s,"if routine activated, then turn off your daikin ac unit"
jwxB7Eny,"if sunset, then activate the shortcut you specify"
jx3zVSPM,"if presence detected, then update a boolean variable in apilio to true"
jxGPjTDe,"if switched off, then turn on your smartthings devices that support switching on"
jxtCfXkU,"if say a simple phrase, then turn off your a/c in the specified room"
jy69rHkQ,"if send ifttt an email tagged, then set a nest thermostat to the temperature you specify"
jycQhgpb,"if tomorrow's forecast calls for, then change the color of your hue lights"
jyraZsiM,"if say a specific phrase, then change the color of your lights"
k23uLzMi,"if every day at, then turn off your hue lights"
k29evkB8,"if say a specific phrase, then set a nest thermostat to the temperature you specify"
k2Bf3JNE,"if a flow has been started, then set a specific device on eco mode"
k2NHRbmd,"if item added to your to do list, then set a nest thermostat to the temperature you specify"
k2RE7H9C,"if say a simple phrase, then turn on your hue lights"
k2pwCaPE,"if button press, then change your lights to a specified color"
k3dMhKzQ,"if every day of the week at, then open the garage door you specify"
k3dhTiay,"if say a specific phrase, then change the color of your hue lights"
k3kHSpi4,"if sunrise, then turn off your hue lights"
k3y5zDne,"if filtrete smart air filter life (%) dropped below, then change the color of your hue lights"
k4U658fe,"if every day of the week at, then turn a wemo light switch on"
k4hfRXp2,"if every day at, then turn your lights off if they are on, and turn them on if they are off"
k4kV7L9m,"if thermostat enters smart home/away, then set the thermostat into a hold using the settings from the specified comfort profile"
k59iVJdA,"if say a simple phrase, then turn on the selected light(s)"
k68k4HTv,"if connects to a specific wifi network, then turn on your hue lights"
k69v5QZD,"if say a simple phrase, then turn your lights off"
k6SfMdUk,"if temperature drops below, then set home to frost-guard mode"
k6cZxvAz,"if say a specific phrase, then set a nest thermostat to the temperature you specify"
k78EL3gG,"if motion sensor, then turn on a device"
k7YG5Tew,"if sunset, then turn on one of your mi|home devices"
k8EJeLFX,"if motion detected, then turn on your smartthings devices that support switching on"
k8HxgVML,"if smoke alarm emergency, then turn off your hood"
k9Ev3QPj,"if you exit an area, then turn off your hue lights"
k9Yf3a7k,"if your alarm goes off, then turn on your hue lights"
k9d6iZHJ,"if end of cycle, then turn on the selected light(s)"
kAEfCUqG,"if when i get into bed, then set a specific device on cool mode"
kAzMaTj9,"if say a specific phrase, this action well set a scene on your hue lights"
kB6QY2j5,"if every day at, then turn your lights off"
kBVzjDQM,"if noise level drops below, then turn off a plug for the specified duration"
kChEdSBz,"if motion detected, then turn on the selected light(s)"
kCskxePM,"if every day at, then turn on your hue lights"
kDe97Fgy,"if new super chat message, then set a nest thermostat to the temperature you specify"
kEXkntsF,"if send ifttt an sms tagged, then open the garage door you specify"
kF5EVL2c,"if say a phrase with a number, then turn on your smartthings devices that support switching on"
kF84zi2R,"if sunset, then turn on your hue lights"
kFCNZTn8,"if motion sensor detects motion, then turn on a device"
kFYE8yhq,"if current temperature drops below, then change the color of your hue lights"
kFcWKkHQ,"if opened, then update a boolean variable in apilio to true"
kFdRJ5NP,"if item added to your to do list, then set the thermostat into a hold with the specified temperature for the specified number of hours"
kFhk2RvX,"if sunrise, then turn off your hue lights"
kG3waA8Y,"if device is turned off, then start a flow with tags on homey"
kGK94Xyj,"if any event starts, then briefly turn your hue lights off then back on"
kGg8Rh7T,"if say a specific phrase, then turn off your hue lights"
kJe2KhCY,"if new liked tweet by you, then temporarily set your nanoleaf light panels or canvas to a solid or blinking color and then return to its previous state"
kKb4GjHu,"if battery drops below 15%, then change the color of the nanoleaf light panels or canvas that you select from the device dropdown on this screen"
kKmCYZGe,"if switched on, then turn a wemo light switch on"
kLJSakXu,"if smoke alarm warning, then turn a wemo light switch off"
kLjWuEN7,"if scene changed, then turn your lights off"
kLsKGvCD,"if pusher pressed, then set a nest thermostat to the temperature you specify"
kLv5UGgB,"if you exit an area, then turn on the device/group of your choosing"
kMqixRCZ,"if button press, then turn a wemo insight switch on then immediately back off"
kNEqieD4,"if your alarm goes off, then turn on your hue lights"
kNb6z3dZ,"if sunset, then turn on one of your futurehome devices"
kNeHkjGa,"if the alarm panel has been disarmed, then turn your lights on"
kNkqAwdE,"if someone known has been seen, then briefly turn your hue lights off then back on"
kP4DhUiY,"if send ifttt an email tagged, then turn a wemo switch on"
kQAeWxcT,"if new motion detected, then activate the specified scene"
kQe4EfaR,"if new feed item, then make your lights slowly breathe the color of your choice"
kQhb3z4e,"if nest set to away, then turn a wemo light switch off"
kRfr3wSy,"if when i get into bed, then set a specific device on eco mode"
kSzC7beZ,"if say a specific phrase, then turn on a device"
kT4Ge7Wz,"if say a simple phrase, then turn off your hue lights"
kTLAmvxu,"if change in average price, then change the color of your hue lights"
kTycfZij,"if sunset, then turn on your device"
kTzkN4aw,"if say a simple phrase, then turn off your hue lights"
kU9S3r8J,"if temperature drops below, then update a boolean variable in apilio to false"
kUKYjprC,"if carbon monoxide warning, then toggle a wemo insight switch on or off"
kUS34b5Z,"if say a specific phrase, then change the color of your hue lights"
kVQxFaDL,"if say a specific phrase, then turn your lights off"
kVdRQ6Sk,"if sunrise, then turn off the device/group of your choosing"
kW2FGQNv,"if say a phrase with a number, then set your thermostat to a specified temperature"
kWbAG63j,"if sunset, then change the color of your lights"
kXCYwL7c,"if say a simple phrase, then preheat your oven using the hot air program with the fast preheat option"
kXtTSc8Y,"if child lock deactivated, then briefly turn your hue lights off then back on"
kYqbQ9Tm,"if say a simple phrase, then initiate the evaluation of the specified logicblock in apilio"
kZqG9zD7,"if say a specific phrase, then turn off your hue lights"
kaVZs2X8,"if every day at, then close the garage door you specify"
kanEkruv,"if sunset, then turn on your hue lights"
kankKmHh,"if every day at, then turn on your hue lights"
kbD5hCqy,"if connects to a specific wifi network, then turn your lights on"
kbLdjcg9,"if you enter an area, then set a lutron dimmer or switch to the level you specify"
kbUh9aq8,"if new status message by you, then briefly turn your hue lights off then back on"
kbvpg9f8,"if sunrise, then change the color of your hue lights"
kcGvKgk2,"if sunset, then switch on your socket"
kcTENrpY,"if say a simple phrase, then toggle a wemo switch on or off"
kcTsLnZ2,"if you enter an area, then set your lights to a pre-defined scene"
kctxFN6g,"if sunrise, then turn on your smartthings devices that support switching on"
kdC2qkyM,"if gesture with task matching id occurs, then change your light's brightness to the specified level"
kdLWZB7t,"if sunset, then turn on your hue lights"
kdWe93ZQ,"if say a specific phrase, this action well set a scene on your hue lights"
kdvaj4VJ,"if smoke alarm warning, then turn on your hue lights"
ke2fTZvp,"if new sleep logged, then activate the shortcut you specify"
keS4ztTk,"if switched on, then turn a wemo light switch on"
kecKxtZr,"if receive an event from apilio, then turn off a selected device"
kfqGWMes,"if your timer goes off, then make your lights slowly breathe the color of your choice"
kgJpsHny,"if item added to your to do list, then change the color of your hue lights"
kgjH2Jx9,"if say a simple phrase, then turn off your hue lights"
khE8jMyT,"if switched on, then change the color of your hue lights"
khR6wgNM,"if door closed, then set a specific device on auto mode"
khqfyYcX,"if event from search starts, then change the color of your hue lights"
kjbdKx5S,"if you enter an area, then turn a wemo insight switch on"
kkfKJ78m,"if every year on, then briefly turn your hue lights off then back on"
kmFYDbBw,"if before time of day peak rates start, then set your honeywell thermostat to hold a temperature for a specified period of time"
knHMPaes,"if presence detected, then turn on your hue lights"
knQq6WhF,"if button press, this action sends a command to one of your iotty smart switches"
kpQByAzW,"if motion sensor becomes clear, then turn off the selected light(s)"
kpyre5MG,"if current condition changes to, then change the color of your hue lights"
kqLMczyu,"if someone unknown has been seen, then turn on the selected light(s)"
krNkZBnK,"if every day of the week at, then turn on your hue lights"
krhTVkQF,"if say a specific phrase, then change the color of your lights"
ksZMSxj7,"if energy price change, this action sets an override on target temperature of one of your zones"
ksvuTFnK,"if new motion detected, then turn a wemo switch on"
ktX2LeWK,"if connects to a specific wifi network, then set your thermosmart to the temperature you specify"
kufps7Yg,"if any incoming phone call missed, then make your lights quickly blink the color of your choice"
kuy9PCmw,"if sunset, then send a command to one of your openhab items"
kuyYcZeE,"if person is detected, then set the light to specified color"
kvwxmgWG,"if say a specific phrase, then turn on your smartthings devices that support switching on"
kxi2VpRn,"if current set temperature exceeds a threshold, then turn off your hue lights"
kxrqHdYJ,"if when i get into bed, then turn off the selected light(s)"
kxyWNdLG,"if current set temperature changes, then briefly turn your hue lights off then back on"
kyctVMLQ,"if alarm triggered, then turn a wemo light switch on"
kyx9vLk2,"if every day at, then briefly turn your hue lights off then back on"
kzRFdkCS,"if current temperature rises above, then set a nest thermostat to the temperature you specify"
kzVdkUfP,"if door is locked, then turn off your hue lights"
m2DqRzxh,"if door opens, closes or moves, then turn on your smartthings devices that support switching on"
m2p3EQzR,"if say a simple phrase, then turn off your hue lights"
m2tH73BV,"if sunset, then turn on the device/group of your choosing"
m34KN7bX,"if say a specific phrase, then briefly turn your hue lights off then back on"
m39rVayq,"if every day at, then turn your lights off"
m3jsZUKa,"if your alarm goes off, then set the light to specified color"
m5M6Fqpe,"if current condition changes to, then change the color of your lights"
m69HNKpg,"if you enter an area, then turn on your hue lights"
m6z2jwtG,"if button press, then turn off the selected light(s)"
m76VPxNC,"if you enter an area, then turn on your hue lights"
m7HfjDdk,"if tado⁠° switches to home mode, then turn on a device"
m7Q4kyHf,"if motion detected, then briefly turn your hue lights off then back on"
m7ajyeRZ,"if say a simple phrase, then turn a wemo switch off"
m7wkcfN6,"if sunset, then turn a wemo switch on"
m8KpAxhW,"if say a specific phrase, then change the color of your lights"
m8Tig3RX,"if every day at, then turn off your hue lights"
m8ZMraHb,"if you are tagged in a photo, then briefly turn your hue lights off then back on"
m9Ry4B3A,"if peak time savings - savings hours announced, then set the thermostat into an indefinite hold with the specified temperature"
m9jBWKgi,"if say a simple phrase, turns off the selected wemo light"
m9whK3Rv,"if new public video from subscriptions, then set your lights to a specified brightness"
mAQeUPnE,"if every day at, then turn on your hue lights"
mAbPWDtB,"if light switched off, turns on the selected wemo light"
mAfd6YTQ,"if you exit an area, then turn off your air conditioner"
mBHqv46y,"if current temperature drops below, then set a nest thermostat to the temperature you specify"
mBiHksZF,"if receive an event from apilio, then turn on your hue lights"
mBkWfTzX,"if every day of the week at, then turn off your hue lights"
mBuZFPV5,"if tomorrow's low drops below, then set the light to specified color"
mCSYhwbB,"if motion detected, then briefly turn your hue lights off then back on"
mChVD2cp,"if you enter an area, then allow you to switch on the selected neoplug"
mDAEktPv,"if button press, then switch on all your security devices"
mDFVUfRX,"if you enter an area, then set a nest thermostat to the temperature you specify"
mEHrawCs,"if audio event detected, then turn your lights on"
mF6gT3KH,"if button press, then toggle your hue lights on or off"
mFAivwh9,"if presence no longer detected, then start your robot"
mFDJcygd,"if say a specific phrase, then dim or brighten your hue lights to a value between 0-100"
mFH6hqxv,"if say a specific phrase, then turn your hive light on for a specific duration"
mFWLicUe,"if say a simple phrase, this action well set a scene on your hue lights"
mFr4uVtZ,"if you exit an area, then lock your smartthings devices that support locking"
mFsVEnMq,"if every day at, then turn your lights off if they are on, and turn them on if they are off"
mG4CJqsD,"if new sleep logged, then change the color of your hue lights"
mG5wVnZv,"if say a specific phrase, then turn on, turn off or toggle your lights"
mGnzihEW,"if button press, then turn your lights off"
mGrvsPdW,"if sunset, then turn on the pivot power genius outlet you specify"
mHLs36ND,"if device is plugged in, then turn your lights off"
mHdLPpuN,"if incoming call from unknown number, then turn a wemo switch on then immediately back off"
mJMBGftV,"if every day at, then turn off your hue lights"
mJwKjF5E,"if you exit an area, then turn on a device"
mK7SJyXb,"if tado⁠° switches to away mode, then turn off your hue lights"
mKgm4ixQ,"if camera detects motion, then turn on your hue lights"
mL3vkdRJ,"if daily step goal achieved, then turn on your smartthings devices that support switching on"
mL6EDwZd,"if livy protect alarm activation, then turn off your hue lights"
mLCnAYyE,"if contact sensor closes, then close a hubitat device"
mLDuhHXQ,"if every day at, then set a nest thermostat to the temperature you specify"
mM4hQ6bK,"if contact sensor opens, then open a hubitat device"
mM7gyJ4x,"if sunset, then close a relay"
mN87fFic,"if electricity in denmark is cheap, then set the refrigerator temperature"
mNmDFvxK,"if say a simple phrase, then turn on, turn off or toggle your lights"
mQRYGE5k,"if nest set to away, then turn a wemo switch off"
mQVBgxJh,"if every day at, then turn on your hue lights"
mQvV9ZbP,"if say a specific phrase, then set a nest thermostat to the temperature you specify"
mRfYJZtA,"if every day of the week at, then turn on your hue lights"
mRwcsjBD,"if send ifttt any email, then briefly turn your hue lights off then back on"
mSjRbi7t,"if new event published, then briefly turn your hue lights off then back on"
mT5axueL,"if current condition changes to, then turn a wemo switch on"
mTGuhvYX,"if sunset, then set a dim level on your light"
mTmcPA8Q,"if say a specific phrase, turn your a/c on with a set temperature, mode and fan level"
mU7iLVZ3,"if say a specific phrase, then change the color of your hue lights"
mUqBaT86,"if say a specific phrase, then set a nest thermostat to the temperature you specify"
mUyzQkC5,"if sunset, then turn on your hue lights"
mVzfb5FX,"if daily minutes on is longer than, then turn a wemo switch off"
mWpX5dDT,"if every hour at, then switch off a socket"
mX8W4wJ9,"if say a specific phrase, then turn off your hue lights"
mYJmUrqA,"if your timer goes off, then turn a wemo light switch off then immediately back on"
mYnVdwZW,"if say a specific phrase, then toggle a wemo switch on or off"
mYy8FUGR,"if every day at, then turn off your hue lights"
mZiBtWM3,"if receive an event from apilio, then set a dim level on your light"
mZrdNzxQ,"if disconnects from a specific wifi network, then turn a wemo maker on for 300 milliseconds"
maFudVi8,"if new follower on your channel, then change the color of a light bulb"
maGY9xnT,"if new sms sent matches search, then toggle a wemo light switch on or off"
maU2WKE6,"if say a specific phrase, then turn on a slow color loop effect for your hue lights"
maVFkWxi,"if sunrise, then turn off your hue lights"
mb3THex6,"if on button pressed, then toggle your hue lights on or off"
mbRmujcG,"if say a specific phrase, then set a nest thermostat to the temperature you specify"
mcqeiSr5,"if device disconnects, then set a nest thermostat to the temperature you specify"
mcxCSWK2,"if daily distance goal achieved, then briefly turn your hue lights off then back on"
mdEFtiP9,"if alert detected, this action sets an override on target temperature of one of your zones"
mdex2F3Y,"if watering event executed, then change your lights to specified color temperature"
mdhJn7Bi,"if sunset, then turn on, turn off or toggle your lights"
me2m5UZn,"if every day at, then turn on your hvac system fan for the amount of time you specify in your nest fan timer setting (default is 15 minutes)"
me7aHg8T,"if every day of the week at, then dim or brighten your hue lights to a value between 0-100"
mejH2mSi,"if new channel membership, then make your lights quickly blink the color of your choice"
mepdCmN8,"if every day at, then turn a wemo light switch off"
meq2kbPh,"if temperature rises above, then turn a wemo light switch on"
mfF93kZB,"if motion detected, then turn on your hue lights"
mfKkVvTu,"if say a simple phrase, then change the color of your hue lights"
mfRitUT3,"if oven finished, then briefly turn your hue lights off then back on"
mfTYc49P,"if every day of the week at, then turn on your hue lights"
mfxkHMLv,"if every day at, then change the color of your hue lights"
mgQUDV9H,"if you enter an area, then turn on your hue lights"
mgZYbLQa,"if device turns off, then turn off the device/group of your choosing"
mgZy6aUu,"if ihome enhance button is pressed, then turn your lights off"
mgdbmBYt,"if current temperature drops below, then turn on one of your mi|home devices"
mhfj4X3s,"if say a phrase with a text ingredient, then change the color of your lights"
mhyqGZBD,"if say a specific phrase, then change the color of your hue lights"
mhyrLSH7,"if say a simple phrase, then turn a wemo light switch off"
mi23EyfC,"if trigger call received, then turn on your hue lights"
mi2JCFe6,"if event from search starts, then send a command to one of your openhab items"
mih7xBdK,"if any new note, then turn your aros a/c on and set to a temperature you specify"
mirKDuEL,"if you exit an area, then set the thermostat into a hold using the settings from the specified comfort profile"
mjhNs6dT,"if lock locked by specific person, then set a lutron dimmer or switch to the level you specify"
mjuXqvBF,"if a flow has been started, then turn on the device/group of your choosing"
mkKafXrG,"if say a specific phrase, then disarm the security system"
mkeUaRPK,"if item added to your to do list, then turn off your hue lights"
mkuhBfpJ,"if motion event detected, then turn your lights on"
mniFwEyq,"if sunrise, then let you run one of your shortcuts"
mnm3Pia7,"if current temperature rises above, then turn a wemo switch on"
mpH5FTEe,"if ihome enhance button is pressed, then turn off all devices in a my leviton room"
mpHMikrW,"if every day at, then turn on your hue lights"
mpSauH3Y,"if say a specific phrase, changes the brightness level of the selected group of wemo lights"
mpcZCrHh,"if carbon monoxide emergency, then change the color of your hue lights"
mqdJXsxG,"if alarm initiated, then turn on the selected light(s)"
mqs4CUv9,"if lock unlocked by specific person, then turn on your hue lights"
mrvjJZFH,"if any new sms sent, then briefly turn your hue lights off then back on"
msVTLuxH,"if you exit an area, the action will set the temperature on the selected heatmiser thermostat"
mseYL6SC,"if say a phrase with a text ingredient, then set a nest thermostat to the temperature you specify"
mt8PGw63,"if you exit an area, then turn your lights off"
mt8zrA2a,"if person detection, then turn on your smartthings devices that support switching on"
mtMhwDF5,"if say a simple phrase, this action well set a scene on your hue lights"
mtameshZ,"if current condition changes to, then change the color of your hue lights"
mtdKzGZa,"if every day at, then turn a wemo switch on"
muNhpekd,"if electricity in norway is expensive, then set the freezer temperature"
mv86KpGb,"if sunset, then switch on your light"
mvKxesXZ,"if say a specific phrase, then turn on a device"
mw3XuhmC,"if say a simple phrase, then turn off your hue lights"
mwAu5NRq,"if lock unlocked by specific person, then change brightness of a dimmer to a specified level/percentage"
mwNhscFS,"if vocs alert, then set the thermostat into a hold with the specified temperature for the specified number of hours"
mwSR9bmc,"if smoke alarm emergency, then adjust multiple lights and shades together by activating a scene created in the lutron app"
mwTSgc4r,"if you exit an area, then turn off a selected device"
mwavuXjK,"if say a specific phrase, then change the color of your lights"
mx5EumkT,"if receive an event from apilio, then activate standby mode on the selected heatmiser thermostat"
myCg8dqW,"if every day at, then turn off your hue lights"
myUPkDTQ,"if new liked video, then turn on, turn off or toggle your lights"
myhwP8Hq,"if every day of the week at, then turn on your hue lights"
mypR2Ybr,"if new message with key phrase in a group, then set your lights to a pre-defined scene"
myvFRBT6,"if say a simple phrase, this action well set a scene on your hue lights"
mzH3FEks,"if every day at, then turn a wemo switch on"
mzi6kVYK,"if receive an event from apilio, then turn your lights on"
mzkNwYtf,"if sunset, then turn on your hue lights"
mzyEu9Lv,"if your alarm goes off, then turn a wemo light switch off then immediately back on"
n2RdsH8C,"if say a simple phrase, then unlock your smartthings devices that support unlocking"
n2kJDFeY,"if say a specific phrase, then turn on the selected light(s)"
n3ayMzGA,"if new song played, then change your hue lights to a randomly selected color"
n4CDpFKY,"if every day at, then turn a wemo light switch off"
n4TZhCrm,"if carbon monoxide warning, then set the heating mode to off"
n4jp67us,"if every day at, then turn your lights on"
n52uyXNr,"if cookit finished, then turn on the ambient light of your hood with the selected color"
n5eH9Nw7,"if you exit an area, this action sets an override on target temperature of one of your zones"
n5kMsbEt,"if every day at, then turn on the device/group of your choosing"
n67XzjMm,"if alarm triggered, then turn on your smartthings devices that support switching on"
n69NSZFY,"if manage your carbon footprint - change in carbon intensity, then change the color of your hue lights"
n6hsFPCV,"if every day at, then turn off your hue lights"
n7aZUr6s,"if motion has been detected, then briefly turn your hue lights off then back on"
n85DrpQR,"if current condition changes to, then change the color of your hue lights"
n8grjudq,"if say a specific phrase, then change the color of your hue lights"
n8vNtP4H,"if new check-in at category, then turn on your hue lights"
nAMbTf3B,"if every day of the week at, then turn a wemo switch off then immediately back on"
nAT7yUXp,"if nest set to away, then turn on your hue lights"
nAcp4V2n,"if device disconnects, then turn a wemo switch off"
nAgy2kTH,"if new status message by you, then change the color of your hue lights"
nApDqHVf,"if say a specific phrase, then turn a wemo switch on"
nBDNSPgu,"if motion detected, then change the color of your hue lights"
nBtPWpZV,"if event from search starts, then set a nest thermostat to the temperature you specify"
nC34BcRZ,"if current condition changes to, then change the color of your hue lights"
nDiuLKhv,"if preheat temperature reached, then let homey speak"
nDtQLwZG,"if every hour at, then toggle a device"
nDvPknML,"if incoming call from known number, then turn a wemo switch on then immediately back off"
nEGSMpje,"if send ifttt any email, then turn a wemo switch on"
nEhaRKCM,"if door is unlocked, then turn on a device"
nFbzBSmc,"if before time of day peak rates start, then set a nest thermostat to the temperature you specify"
nFyPEARX,"if every day of the week at, then turn on your hue lights"
nGsNE2bi,"if sunrise, then set your lights to a pre-defined scene"
nGtSEVmp,"if any incoming call, then turn a wemo switch on then immediately back off"
nGyzJimM,"if current condition changes to, then activate the specified scene"
nHhsQieG,"if say a simple phrase, then turn off your hue lights"
nJLhie8u,"if any event starts, then change the color of your hue lights"
nJW9RSBe,"if every day at, turns off the selected wemo light"
nJXejSBD,"if receive an event from apilio, then turn on your smartthings devices that support switching on"
nJajyvU4,"if new feed item, then turn on a slow color loop effect for your hue lights"
nKVsxEjy,"if sunrise, then turn on your hvac system fan for the amount of time you specify in your nest fan timer setting (default is 15 minutes)"
nLfigBxe,"if say a specific phrase, turns on the selected wemo light"
nMmjVGnB,"if you exit an area, then turn a wemo switch off"
nNsne9Af,"if you exit an area, then turn your lights off"
nPAbuyNM,"if pusher pressed, then toggle your hue lights on or off"
nQEXAxDi,"if every day at, then switch off a socket"
nQZmSrH4,"if say a simple phrase, then turn on the device/group of your choosing"
nRTrjmYP,"if current condition changes to, then turn a wemo switch on"
nRbrCBGX,"if button press, then set a lutron dimmer or switch to the level you specify"
nRn75pWA,"if button press, then set your ge water heater to vacation mode for the desired number of days"
nRxEv2DC,"if time of day peak rates start/end, then turn off a selected device"
nSDTb9xt,"if carbon monoxide warning, then turn a wemo switch on"
nSKQBqi4,"if you enter an area, then set your thermostat to a specified temperature"
nSXTktMa,"if oven turned on, then briefly turn your hue lights off then back on"
nSbcTgyn,"if every day at, then turn off your hue lights"
nUnNdJmy,"if new ring detected, then make your lights quickly blink the color of your choice"
nV2XbAS7,"if sunset, then turn a wemo switch on"
nVm8a24x,"if you enter an area, then set a nest thermostat to the temperature you specify"
nVqz5fGw,"if every day at, then turn a wemo switch off"
nXR3wdSh,"if button press, then turn on a device"
nXRjkP67,"if say a simple phrase, then toggle your hue lights on or off"
nYK7Lra4,"if say a specific phrase, then turn a wemo switch off"
nYem6z3T,"if début de plage tarifaire, then change the color of your hue lights"
nZurn9GP,"if button press, then change operation settings for heat mode in your device"
naHhptmd,"if every day of the week at, then turn on your hue lights"
naJDhusP,"if uhoo air quality alert, then turn a wemo switch on"
naVhRx67,"if button press, then turn your lights off if they are on, and turn them on if they are off"
nag5LSeR,"if every hour at, then turn your lights off if they are on, and turn them on if they are off"
naxUVvrb,"if closed, then update a boolean variable in apilio to false"
nbBjMNTu,"if say a simple phrase, then change your lights to a specified color"
nbsGKCuU,"if switched off, then update a boolean variable in apilio to false"
nc2V5UgR,"if say a simple phrase, then briefly turn your hue lights off then back on"
ncDFSLTK,"if say a specific phrase, then change the color of your lights"
ncKzdLHA,"if device connects, then turn a wemo switch on"
ncSDQ39T,"if you enter an area, then set a nest thermostat to the temperature you specify"
ndQArVZY,"if button press, then trigger the specified bot to turn on the switch"
nf2avqBQ,"if every day at, then dim or brighten your hue lights to a value between 0-100"
nf3hFcSH,"if your timer goes off, then turn on a slow color loop effect for your hue lights"
nfjp8knw,"if button press, then change your lights to specified color temperature"
ngXizZDc,"if say a simple phrase, then change the color of your hue lights"
ngZxVLyD,"if vehicle detected, then turn your lights off if they are on, and turn them on if they are off"
ngtSGyXY,"if oven finished, this action well set a scene on your hue lights"
ngwtanHk,"if smoke alarm emergency, then activate the shortcut you specify"
nh9CevAK,"if device turns on, then turn on the device/group of your choosing"
ni3TNkRu,"if sunset, then turn a wemo light switch on"
ni8WhGLf,"if you enter an area, then turn on your hue lights"
niLJNGjZ,"if notification received from a specific app, then turn your lights off"
nj6gQqRt,"if every year on, then change the color of your hue lights to match the dominant colors found in an image you specify"
njNXr9Cg,"if sunrise, then turn a wemo light switch off"
njW6Tk8g,"if every day at, then turn on your hue lights"
njvVufti,"if say a specific phrase, then close the garage door you specify"
nkivr9bK,"if temperature rises above, turn your a/c on with a set temperature, mode and fan level"
nnDQiJ2R,"if you enter an area, then turn on your hue lights"
nnFtaPk5,"if opened, then update a boolean variable in apilio to true"
nnJUAte2,"if every day of the week at, then turn your lights on"
nnbMKcU9,"if every year on, then change the color of your hue lights"
npAJFq8t,"if new event published, then set a nest thermostat to the temperature you specify"
npJ7FBAY,"if say a specific phrase, turns off the selected wemo light"
nqbDG8RQ,"if motion detected, then turn on a device"
nqtgk7w4,"if sunrise, then turn off your smartthings devices that support switching off"
nrU2ZnsT,"if every day at, then turn off your hue lights"
nrnvqcfm,"if you enter an area, then turn the specified product on"
nsP2fvXw,"if nest set to home, then briefly turn your hue lights off then back on"
nsaWmpVi,"if send ifttt an email tagged, then turn off your hue lights"
nt5rgsjP,"if every day at, then turn a wemo switch off"
ntfwZv2Q,"if every day at, then turn off your smartthings devices that support switching off"
ntrw5RaM,"if cycle is complete, then briefly turn your hue lights off then back on"
nu48Gktg,"if receive an event from apilio, then switch on your light"
nuK63F4a,"if say a specific phrase, then turn on your hue lights"
nuXsydEB,"if item added to your to do list, then set the thermostat into a hold with the specified temperature and the end date/time will be set to the next climate transition in the program"
nuvZzmfF,"if current temperature rises above, then turn off all devices in a my leviton room"
nv8pqDiA,"if every day at, then turn off your thermostat and place it in frost protect mode until heating is turned back on"
nvhVUDpZ,"if say a specific phrase, then activate the shortcut you specify"
nvyqbAau,"if button press, turns off the selected wemo light"
nwbWCnHc,"if every day at, then turn off your hue lights"
nwuC2DMp,"if button press, then toggle a wemo light switch on or off"
nwxv8Bb3,"if every day at, then turn a wemo switch off"
nxJGzWSE,"if every day at, then turn on your hue lights"
nxPLFeqC,"if say a specific phrase, then make your lights quickly blink the color of your choice"
nxUqzR58,"if any incoming phone call missed, then briefly turn your hue lights off then back on"
nxn648h2,"if motion detected, then turn on the selected light(s)"
nyLCM3Xc,"if say a specific phrase, then turn off your hue lights"
nztPaKRN,"if button press, then adjust multiple lights and shades together by activating a scene created in the lutron app"
p3GDXw4a,"if say a specific phrase, then turn off your hue lights"
p3zJMSeq,"if say a specific phrase, then activate a selected scene from your account"
p4KnSFNu,"if hood turned on, then turn on your hue lights"
p5Ypd2iG,"if your timer goes off, then turn on your smartthings devices that support switching on"
p6YABpfa,"if every day at, changes the brightness level of the selected wemo light"
p6hFaVR2,"if opened, then turn on your smartthings devices that support switching on"
p79gQwCh,"if say a simple phrase, then turn on your hue lights"
p7BaCv9s,"if sunset, then turn on your hue lights"
p7mHSX9T,"if sunrise, then turn a wemo light switch off"
p7qt2nGZ,"if every day of the week at, then turn on a slow color loop effect for your hue lights"
p8EKDqVj,"if say a specific phrase, then turn on your hue lights"
p8x6dwjz,"if switched off, then remove any existing quick action at your location and set your heating system to follow the schedule"
p92wfCej,"if every day at, then turn off your hue lights"
pBsGHJfp,"if button press, then turn on your oven"
pC7XJRh8,"if say a specific phrase, then turn your lights off if they are on, and turn them on if they are off"
pCiX6h9a,"if sunset, then turn on your hue lights"
pCizTu7v,"if sunset, then turn on your hue lights"
pDHLExhR,"if say a phrase with a text ingredient, then set a nest thermostat to the temperature you specify"
pDcz7gVi,"if button press, then turn your heating off"
pEQ74HU5,"if every day at, then turn a wemo switch on"
pEwTvKmG,"if you enter an area, then turn your hive light on for a specific duration"
pFLeZb3s,"if alarm occurs on system, then briefly turn your hue lights off then back on"
pFzkWY6C,"if sunset, then turn on your hue lights"
pG2FfHMW,"if new message with key phrase in a group, then turn off your hue lights"
pG7ba3Pu,"if sunset, then turn on your hue lights"
pGWtXxap,"if receive an event from apilio, then change your lights to a specified color"
pGsmxWdw,"if every day of the week at, then dim or brighten your hue lights to a value between 0-100"
pHELJA4X,"if sunset, then let you run one of your shortcuts"
pHUtk84V,"if you exit an area, then run a my leviton activity"
pJFiBpXP,"if button press, then change the color of your hue lights"
pJq3UEQH,"if device turned on/off, then activate the shortcut you specify"
pJsgREv6,"if event from search starts, then turn off a selected device"
pKgcdjb6,"if every day at, then turn off your hue lights"
pKjM6qRk,"if your timer goes off, this action sends a command to one of your iotty smart switches"
pKnQag8U,"if event from mesh app received, then turn your lights off"
pKv2xEPX,"if door closed, then change the color of your hue lights"
pLXUrE83,"if say a simple phrase, this action well set a scene on your hue lights"
pMaXZn4G,"if lock unlocked, then turn on/off the dehumidifier"
pMtTbkGi,"if say a simple phrase, then change the color of your hue lights"
pNGB6WJD,"if sunset, then turn on your hue lights"
pPWN52EZ,"if say a simple phrase, then turn on your hue lights"
pQCeXahR,"if sunrise, then turn off your hue lights"
pQiuXg3W,"if light switched off, then update a boolean variable in apilio to false"
pRHeCMqg,"if say a simple phrase, then turn on your hue lights"
pRiByzAU,"if button press, then turn on a slow color loop effect for your hue lights"
pRiKAafH,"if every day at, then change the color of your lights"
pSNpReWg,"if every day of the week at, then briefly turn your hue lights off then back on"
pSNrq3at,"if connects to a specific wifi network, then set a nest thermostat to the temperature you specify"
pSxjhcsf,"if you exit an area, then turn off your hue lights"
pT35Ezks,"if say a simple phrase, then change the color of a light bulb"
pUXfHxAg,"if notification received, then set your lights to a pre-defined scene"
pVrCc5ju,"if you enter an area, then turn your aros a/c on and set to a temperature you specify"
pW27fqZj,"if time of day peak rates start/end, then set a nest thermostat to the temperature you specify"
pWpTR4DU,"if every day at, then turn your lights off if they are on, and turn them on if they are off"
pX7peaLh,"if new tweet by a specific user, then make your lights quickly blink the color of your choice"
pXGkKEjV,"if electricity in norway is cheap, then turn on your dishwasher"
pXH7QM9b,"if every hour at, then turn off your hue lights"
pY6FPEQv,"if button press, then turn off your sengled lights"
pYPwac8V,"if event from mesh app received, then turn a wemo switch off"
pYjpWfTF,"if motion detected, then turn on a light"
pZmvPdjb,"if any event starts, then make your lights quickly blink the color of your choice"
pa8N7Mzx,"if sunrise, then turn a wemo light switch off"
paCfHpc9,"if tado⁠° switches to away mode, then return control of your heating to tado⁠°, using your user-defined settings (e"
paJbtPM3,"if sunrise, then turn on, turn off or toggle your lights"
paPN89bd,"if sunset, then turn on the device/group of your choosing"
pahAmFwT,"if every day at, then turn off your hue lights"
pbFsTKpD,"if any event starts, then turn a wemo light switch on"
pbGzNvnL,"if you enter an area, then turn on your hue lights"
pc862zWM,"if sunset, then turn a wemo light switch on"
pcftsagy,"if say a simple phrase, this action well set a scene on your hue lights"
pdADB9UZ,"if sunset, then turn on your hue lights"
pfiCzbrA,"if every day at, then set the percentage of brightness for the specified product"
ph2W7zYb,"if run completion message, then briefly turn your hue lights off then back on"
piLJfXet,"if sunset, then dim or brighten your hue lights to a value between 0-100"
piUapH7w,"if you exit an area, then turn your lights off"
piWEeryU,"if thermostat indoor humidity is greater than, then turn on/off the dehumidifier"
pjpNbSca,"if sunset, then turn on your hue lights"
pjxC4LJw,"if say a specific phrase, then change the color of your lights"
pk35jpAf,"if temperature rises above or drops below, then turn a wemo insight switch on"
pmA3572F,"if parameter rises above, then change the color of your hue lights"
pmR8KPnb,"if say a specific phrase, then turn on your hue lights"
pmngNuPM,"if new channel membership, then set your lights to a specified brightness"
pn3MK4ST,"if current uv index rises above, then change the color of the nanoleaf light panels or canvas that you select from the device dropdown on this screen"
pnWe5qKi,"if sunset, turns on the selected wemo light"
pngfYBDt,"if say a specific phrase, turns on the selected wemo light"
ppNQAErJ,"if say a simple phrase, then turn on a slow color loop effect for your hue lights"
ppt8jXcA,"if device turned on/off, then adjust multiple lights and shades together by activating a scene created in the lutron app"
ppuESkhr,"if sunset, then turn on your hue lights"
prYW3AKd,"if thermostat indoor temperature is greater than, then turn on a device"
ps2qi4ta,"if sunrise, then dim or brighten your hue lights to a value between 0-100"
ps9QSmvM,"if say a specific phrase, this action removes the currently running event on the selected thermostat providing the event is not a mandatory demand response event"
psWF8UrD,"if every year on, then turn on the device/group of your choosing"
psxZB826,"if say a simple phrase, then turn off your hue lights"
pu35Hxq9,"if gesture with task matching id occurs, then turn off your smartthings devices that support switching off"
puxn6igW,"if every day at, then change the color of your hue lights"
pwH3WZBE,"if new track added to a playlist, then change your lights to a specified color"
pwQXns3b,"if sunset, then turn on your smartthings devices that support switching on"
pwU5nxXT,"if every day of the week at, then change the color of your hue lights"
pweUsATX,"if we detect that the home is empty, then turn a wemo switch off"
pxniQaTz,"if item added to your to do list, then set a nest thermostat to the temperature you specify"
pxtTGFYc,"if new public video from subscriptions, then change your light's brightness to the specified level"
pygpcKWb,"if tomorrow's forecast calls for, then set the light to specified color"
pyqE5UWQ,"if long press, then change your hue lights to a randomly selected color"
pzMiwYk4,"if every day of the week at, then briefly turn your hue lights off then back on"
pzgVHBUL,"if every day at, this action well set a scene on your hue lights"
pzhxfnJB,"if current temperature rises above, then turn on a device"
pzw3kP2E,"if sunrise, then turn a wemo switch on"
q2jwaAWy,"if say a phrase with a number, then set the current room temperature to a level of your choice"
q2kHmKhZ,"if motion detected, then turn on a device"
q3VP2Nv8,"if current condition changes to, then change the color of your hue lights"
q3aQGZX2,"if you enter an area, then turn a wemo dimmer on"
q4Ud2ne9,"if motion detected, then turn a wemo switch on"
q5tG2d9F,"if button press, then turn off your hue lights"
q6DtHpVF,"if you started exporting solar, then turn on a device"
q6LHQsRp,"if flash button double pressed, then toggle your hue lights on or off"
q7ajBdy8,"if you exit an area, then turn off your hue lights"
q7sjfMDJ,"if current condition changes to, then activate the specified scene"
q8q3vecg,"if button press, then enable a temperature hold on the selected heatmiser thermostat"
q8ruRCeT,"if temperature or humidity changes, then turn off a specific device"
q9i2fYSu,"if sunset, then toggle a wemo switch on or off"
qA5d4kbc,"if you exit an area, then activate a selected scene from your account"
qB63wcrJ,"if temperature rises above, then turn on your hvac system fan for the amount of time you specify in your nest fan timer setting (default is 15 minutes)"
qBCtbcr7,"if litter robot events, then clean a specific room in your home"
qBGWFzDH,"if event from search starts, then toggle a wemo light switch on or off"
qBQ4brYP,"if every hour at, then turn off your hue lights"
qBW4U5RP,"if laundry cycle is finished, then change the color of your hue lights"
qBa5FTQ2,"if advanced: custom salesforce trigger [package required], then change the color of your hue lights"
qDXgivRw,"if your alarm goes off, then turn on the device/group of your choosing"
qDakYX8B,"if every day of the week at, then turn your lights on"
qDkpysVb,"if motion detected, then change the color of your hue lights"
qDnZkPL4,"if door opened, then turn on your smartthings devices that support switching on"
qE37n96q,"if you enter an area, then turn on your hue lights"
qEApYiHW,"if every day of the week at, then set your ge water heater to vacation mode for the desired number of days"
qEPC4TFU,"if your alarm goes off, then activate the shortcut you specify"
qESnx23N,"if you were killed, then briefly turn your hue lights off then back on"
qEjpMCtV,"if leave a room, then turn off your hue lights"
qF6JnVMs,"if you were killed, then briefly turn your hue lights off then back on"
qFiB5TeA,"if external-ds18b20-temperature-probe-1 rises above or drops below, then turn on the device/group of your choosing"
qFiNRZfj,"if say a simple phrase, then turn your lights off"
qG7cjBdm,"if say a specific phrase, then set a nest thermostat in heat-cool mode to the temperature range you specify"
qGYKetLN,"if any incoming phone call missed, then briefly turn your hue lights off then back on"
qHA7qVDb,"if say a simple phrase, turn your a/c on with a set temperature, mode and fan level"
qHjdJfM3,"if any new photo by you, then toggle your hue lights on or off"
qJvgzRtF,"if your skybell hd detected motion, then make your lights quickly blink the color of your choice"
qKB8MgSV,"if say a simple phrase, then turn off the device/group of your choosing"
qKC7LSaY,"if item added to your to do list, then set a nest thermostat to the temperature you specify"
qLDF2dEC,"if your alarm goes off, then turn your lights on"
qLTzgxRc,"if new status message by you, then briefly turn your hue lights off then back on"
qLfebgPv,"if sunset, then turn on your hue lights"
qLjmvdbz,"if say a simple phrase, then turn on, turn off or toggle your lights"
qM52uxti,"if button press, then trigger the specified bot to turn on the switch"
qM7E9VCx,"if every day of the week at, then briefly turn your hue lights off then back on"
qMDT7W9i,"if any new reminder, then briefly turn your hue lights off then back on"
qMkGz7Cv,"if every year on, then briefly turn your hue lights off then back on"
qNAkyM6F,"if long press, then toggle a wemo insight switch on or off"
qNCBRnrp,"if new voicemail, then turn a wemo switch off then immediately back on"
qNYc82Dt,"if an alarm has been detected, then turn on the selected light(s)"
qPd8YgsC,"if peak time savings - savings hours announced, then set the thermostat into an indefinite hold with the specified temperature"
qPhRymsC,"if long press, then turn off your hue lights"
qPoD9eET,"if you are tagged in a photo, then make your lights quickly blink the color of your choice"
qQXWRNZk,"if temperature drops below, then turn on the device/group of your choosing"
qQtSPkX9,"if button press, turn your a/c on with a set temperature, mode and fan level"
qQtzPVaT,"if current temperature drops below, then set the thermostat into a hold with the specified temperature for the specified number of hours"
qRE5HPjG,"if event from mesh app received, then set a nest thermostat to the temperature you specify"
qRMjc2hX,"if door sensor is open or closed, then turn on your hue lights"
qRyCi2WQ,"if your timer goes off, then make your lights quickly blink the color of your choice"
qSMficTV,"if device disconnects, then set a nest thermostat to the temperature you specify"
qSdQjuFV,"if new channel membership, then set your lights to a specified brightness"
qSiWgtAP,"if every day at, then turn on your hue lights"
qTrMEBSk,"if every day at, then turn on your hue lights"
qTybDuGt,"if sunset, then turn your lights on"
qUFKTcXM,"if every day at, this action turns off your air purifier"
qUMkWuw6,"if uv rises above, then turn off your hue lights"
qUVSrKjv,"if sunrise, then change the color of your hue lights"
qUy23KLv,"if say a simple phrase, then turn on, turn off or toggle your lights"
qW5QCJ6y,"if every day at, then turn on your hue lights"
qWMJPh6q,"if every year on, then turn off your hue lights"
qWqjFfiy,"if rf bridge alarm activated, then activate the specified scene"
qXuEgrns,"if every day at, then change the color of your hue lights"
qYWQPKHh,"if notification received from a specific app, then turn off the device/group of your choosing"
qYc2aUgA,"if new feed item matches, then change the color of your hue lights"
qYpLrheK,"if you enter an area, the action will set the temperature on the selected heatmiser thermostat"
qZW3EYue,"if say a simple phrase, then activate a scene"
qZeAmXtf,"if sunset, then turn on your hue lights"
qaQ56iKf,"if sunset, then turn on a slow color loop effect for your hue lights"
qazHk9gM,"if device is plugged in, then turn off your hue lights"
qazcsLt9,"if every day at, then turn off a device"
qb2sTQpf,"if every day at, then turn on/off my projector"
qbNy3pKr,"if light switched on, then turn on a device"
qbfWRtXV,"if you enter or exit an area, then turn your lights on"
qbtkQEnA,"if you exit an area, then set the heating mode to off"
qd7zwvCn,"if event from mesh app received, then turn a wemo light switch off"
qdcuKxvn,"if every day of the week at, then turn a wemo switch on"
qdpiXjRQ,"if new liked video, turn on/off  power strip"
qduGkAi8,"if your timer goes off, then briefly turn your hue lights off then back on"
qeG3E7LS,"if say a simple phrase, then turn on your hue lights"
qeHsP8cV,"if every day of the week at, then turn a wemo switch off"
qekRDGUX,"if door or window is opened, then turn a wemo insight switch on"
qetgKEFx,"if current temperature drops below, then set a nest thermostat in heat-cool mode to the temperature range you specify"
qf36q8JQ,"if every day at, then turn on, turn off or toggle your lights"
qfHcGUM6,"if say a specific phrase, then change the color of your hue lights"
qftkiaWc,"if say a phrase with a number, then set a nest thermostat to the temperature you specify"
qgEM3zhn,"if you enter an area, then order your home to go back to default schedule"
qgQKVju9,"if send ifttt any email, then briefly turn your hue lights off then back on"
qgeNdvaw,"if you enter an area, then turn a wemo light switch on"
qguFEmjp,"if update received, then update a numeric variable in apilio"
qgvU7iAa,"if iss passes over a specific location, then briefly turn your hue lights off then back on"
qhKWL8yC,"if you enter an area, then turn your aros a/c on and set to a temperature you specify"
qhSut9cr,"if a flic with a tag is clicked, then turn on the nanoleaf product that you select from the device dropdown on this screen"
qhTBWsg9,"if new check-in tagged, then turn a wemo switch on"
qiARtyhZ,"if say a simple phrase, turns off the selected wemo light"
qiXQepAP,"if carbon quality, then set the thermostat into an indefinite hold with the specified temperature"
qjQvTBWJ,"if your alarm goes off, then activate a selected scene from your account"
qju8ZiF5,"if connects to a specific wifi network, then turn on a device"
qk2Au3MP,"if every day at, then turn your lights on"
qmcfdRkC,"if door panel opened, then turn on your hue lights"
qmrzQGhq,"if sunrise, then turn off your smartthings devices that support switching off"
qmwn2cMh,"if every day of the week at, then turn on your hvac system fan for the amount of time you specify in your nest fan timer setting (default is 15 minutes)"
qnHDsmYp,"if sunset, then turn a wemo switch on"
qnfBJMYu,"if new ring detected, then turn on a device"
qnjytvL7,"if say a specific phrase, then set a nest thermostat to the temperature you specify"
qpgFD7xN,"if new liked tweet by you, then change your lights to a specified color"
qpgJkt9H,"if every day at, then briefly turn your hue lights off then back on"
qq2AQ3VY,"if sunset, then turn on the device/group of your choosing"
qqy6kQmJ,"if carbon dioxide rises above, then turn on the selected light(s)"
qr3sQCny,"if litter robot events, then change the color of a light bulb"
qrSAmyLn,"if say a specific phrase, then activate the shortcut you specify"
qs79R4DJ,"if current temperature drops below, then turn on a device"
qsMBqtvJ,"if sunset, then turn a wemo maker on for 300 milliseconds"
qsQxhaJL,"if room finished, then turn off your hue lights"
qt5RkJMp,"if say a specific phrase, then turn on the device/group of your choosing"
qtNGzZMW,"if every day of the week at, then turn your lights on"
qtQE2Nen,"if say a specific phrase, then set a nest thermostat to the temperature you specify"
qtvG7M9b,"if every day at, then turn a wemo light switch off"
quNnirQG,"if send ifttt an email tagged, then turn a wemo switch on"
qvYjWtiM,"if say a specific phrase, then turn a wemo light switch off"
qwHm2Lfp,"if system is disarmed, then briefly turn your hue lights off then back on"
qwTtjxdz,"if any new motion, then turn on the ambient light of your hood with the selected color"
qwksUF2u,"if event from search starts, then set the heating mode of the thermostat"
qwxWiY3j,"if sunset, then turn on your hue lights"
qxsXw6fr,"if every year on, then change the color of your hue lights to match the dominant colors found in an image you specify"
qxvDwuZR,"if every day at, then turn on your a/c in the specified room, and run it in comfort mode"
qyMxbiKQ,"if motion detected, then turn on your hue lights"
qyezCVkg,"if smoke detected, then turn on your hue lights"
qzCAk3St,"if say a specific phrase, then turn a wemo dimmer off"
qzdgYDLc,"if every day of the week at, then turn a wemo light switch on"
qzk5eXsZ,"if disconnects from a specific wifi network, then turn off your hue lights"
r2G9THUc,"if long press, then change your hue lights to a randomly selected color"
r39QeYt8,"if you enter an area, then set your lights to a pre-defined scene"
r3CcUxLw,"if current temperature drops below, then turn on all devices in a my leviton room"
r3dUnzqE,"if item added to your to do list, then set a nest thermostat to the temperature you specify"
r46Zs3Mh,"if every day at, then turn off one of your mi|home devices"
r4AFLzQX,"if nest set to away, then toggle your hue lights on or off"
r4varYQV,"if your timer goes off, then make your lights quickly blink the color of your choice"
r5Aup7UR,"if order in the oven, then change the color of your hue lights"
r6dstqPb,"if any new motion, then turn on your hue lights"
r6gzGKiN,"if sunset, this action well set a scene on your hue lights"
r6iNx7A4,"if you exit an area, then change the color of your hue lights"
r6qx4Qji,"if every day of the week at, then change the color of your hue lights"
r6wyudJi,"if every hour at, then set the honeywell thermostat fan to on where the fan is always on or auto where the fan runs only when the heating or cooling system is on"
r7bQtTZd,"if sunset, then make your lights slowly breathe the color of your choice"
r7vq4Pnz,"if sunset, then dim or brighten your hue lights to a value between 0-100"
r8SpvZsn,"if update received, then update a numeric variable in apilio"
r8s4Sw3Q,"if sunset, then turn on a device"
r98QpqeN,"if sunrise, then turn off your hue lights"
r9CVjbXE,"if say a simple phrase, then dim or brighten your hue lights to a value between 0-100"
r9GzEXwS,"if smoke alarm emergency, turns on the selected wemo light"
r9ReSVK8,"if say a simple phrase, then turn on, turn off or toggle your lights"
rAU6Jnst,"if any new note, this action sets an override on target temperature of one of your zones"
rAn82jQm,"if gesture with task matching id occurs, then activate the specified scene"
rB8LsqN7,"if any new sms received, then make your lights slowly breathe the color of your choice"
rBmJR32s,"if you exit an area, then turn the thermostat back on to the mode that was last set"
rBmyLz4q,"if current temperature rises above, then turn off a selected device"
rC3HW8bg,"if every day at, then activate the shortcut you specify"
rC5WHbSV,"if say a simple phrase, then turn on your hue lights"
rCHje9z3,"if you enter an area, then set your honeywell thermostat to hold a temperature for a specified period of time"
rCWn2LsV,"if say a specific phrase, then activate a scene"
rCYcLmq8,"if every day at, then change the color of your lights"
rCnDAQfx,"if new status message by you, then briefly turn your hue lights off then back on"
rDMwc3nk,"if presence detected, then turn on the selected light(s)"
rDQUFA7E,"if frontpage deals, then briefly turn your hue lights off then back on"
rEHgxCfb,"if low battery alert, then briefly turn your hue lights off then back on"
rEgbdunV,"if temperature rises above, then turn off the device/group of your choosing"
rFRVWTHx,"if sunset, then turn on your hue lights"
rGLfvp4W,"if every day at, then turn off your hue lights"
rGs6jBmr,"if gesture with task matching id occurs, then turn on your hvac system fan for the amount of time you specify in your nest fan timer setting (default is 15 minutes)"
rH9yVWed,"if say a simple phrase, then set the light to specified color"
rHQ86bvW,"if say a specific phrase, then activate a scene"
rHXpi3C6,"if say a specific phrase, then preheat your oven using the hot air program with the fast preheat option"
rHjq6Jxf,"if you are tagged in a photo, then turn a wemo switch off then immediately back on"
rHnMkzhg,"if you enter an area, then turn on your hue lights"
rJAmu5Lh,"if temperature drops below, then turn off the pivot power genius outlet you specify"
rLJvP7fg,"if current temperature drops below, then set a target temperature on your window ac unit"
rLiKG8zc,"if button press, then toggle a device"
rLrYRV3J,"if you enter an area, then set a nest thermostat to the temperature you specify"
rMK8dWjb,"if every year on, then turn on a slow color loop effect for your hue lights"
rMatr4YA,"if sunset, then dim or brighten your hue lights to a value between 0-100"
rMrjXTxB,"if current condition changes to, then change the color of your hue lights"
rN8f4WkE,"if item added to your to do list, then change the color of your hue lights"
rNTYShcf,"if sensor measurement, turn your a/c off"
rPMRXSpm,"if order out for delivery, then change the color of your hue lights"
rPetnzHv,"if sunset, then dim or brighten your hue lights to a value between 0-100"
rQC3gGtm,"if every day at, then turn on the device/group of your choosing"
rQaYfSk4,"if current condition changes to, then change the color of your hue lights"
rQguRwxL,"if temperature rises above, then change the color of your hue lights"
rQtgcZxW,"if oven clock timer elapsed, this action well set a scene on your hue lights"
rRFNTfqa,"if you exit an area, then turn your lights off"
rSZrVX4i,"if new channel membership, then set your lights to a specified brightness"
rTJMcLtf,"if new motion detected, then turn a wemo light switch on"
rTSteJGq,"if every day at, then change your light's brightness to the specified level"
rTXjrecM,"if current condition changes to, then turn on the selected light(s)"
rTj7gue6,"if order ready for pickup, then briefly turn your hue lights off then back on"
rTpAHjYr,"if sunset, then set a lutron dimmer or switch to the level you specify"
rUXWTk2F,"if send ifttt any email, then briefly turn your hue lights off then back on"
rUj5sHPq,"if button press, then turn off your hue lights"
rUqSaFCE,"if button press, then turn your hive light on for a specific duration"
rV4UFBfw,"if you exit an area, then turn off your hue lights"
rVL8B5iC,"if sunset, then turn on your hue lights"
rVfJF8zX,"if send ifttt any email, then briefly turn your hue lights off then back on"
rVmDHijv,"if connects to a specific wifi network, then turn on your smartthings devices that support switching on"
rWfENwk4,"if sunset, then turn on your hue lights"
rWfLFGCN,"if you exit an area, turns off the selected wemo light"
rWjMkqiz,"if smoke detected, then briefly turn your hue lights off then back on"
rWjr93LF,"if leave home, then turn off your hue lights"
rXqBVd7M,"if sunrise, then turn on the device/group of your choosing"
rYBGptHX,"if say a specific phrase, then turn on the selected light(s)"
rYHbepVA,"if new super chat message, then set your lights to a specified brightness"
rYem5S8Z,"if button press, then turn a device on or off"
rYhWwbF7,"if every day at, then turn a wemo switch off"
rZ4tNJAk,"if any new sms received, then make your lights quickly blink the color of your choice"
rZcUWbpJ,"if say a simple phrase, then turn on your hue lights"
ra4vNnRe,"if button press, then activate the shortcut you specify"
ravKh3fi,"if say a specific phrase, then turn off your hue lights"
raxjBhvW,"if every day at, then turn your lights off"
rb2374eY,"if new feed item, then briefly turn your hue lights off then back on"
rb2LBNFg,"if new motion detected, then turn a wemo switch on"
rbJXxvgF,"if current pollen count rises above, then briefly turn your hue lights off then back on"
rdR5WLw2,"if incoming phone call from a specific number ends, then make your lights quickly blink the color of your choice"
rdvS567j,"if say a specific phrase, then turn on a slow color loop effect for your hue lights"
reRidQvz,"if new motion event, then set a nest thermostat to the temperature you specify"
reTja7m2,"if your alarm goes off, then briefly turn your hue lights off then back on"
reYryR6X,"if every day at, then turn a wemo switch off"
rfkgWZtx,"if say a simple phrase, then turn on your hue lights"
rfsy4XtG,"if sunset, then turn a wemo insight switch on"
rgPvRYbw,"if when i get into bed, then turn off your hue lights"
rgicryDV,"if say a simple phrase, then turn off the device/group of your choosing"
rgzsMw2t,"if iss passes over a specific location, then make your lights slowly breathe the color of your choice"
rh5B68tV,"if sunset, then turn a wemo switch on"
rhGqLNHP,"if sunrise, then turn off your hue lights"
rhj7iat4,"if nest set to away, then turn a wemo switch off"
rhkiF2Kx,"if current temperature rises above, then change the setpoint of a device to the desired value"
ri7enMqu,"if motion has been detected, then turn on your hue lights"
riGgKCS3,"if ihome enhance button is pressed, then set a nest thermostat to the temperature you specify"
ria6pxzf,"if order out for delivery, then run a my leviton scene"
rjx78GnU,"if you enter an area, then set your thermostat to manual mode"
rk93AbRJ,"if every day at, then activate the shortcut you specify"
rkSjvT3Z,"if send ifttt an email tagged, then turn off your smartthings devices that support switching off"
rkr8cMhu,"if say a specific phrase, then change your hue lights to a randomly selected color"
rn48C5pw,"if every year on, then turn on a slow color loop effect for your hue lights"
rn6bdGNe,"if task completed, then briefly turn your hue lights off then back on"
rnJfWc4q,"if flic is clicked, then activate the shortcut you specify"
rnk8qfrp,"if you enter or exit an area, then set the temperature on the thermostat"
rnuzpyas,"if say a specific phrase, then toggle your hue lights on or off"
rpn9hPbV,"if every day of the week at, then turn on your hue lights"
rqMxJHB5,"if you exit an area, this action sets an override on target temperature of one of your zones"
rqyYKisR,"if pusher pressed, then toggle your hue lights on or off"
rrCApFu4,"if you exit an area, then turn off your hue lights"
rrTbD4gY,"if the alarm was triggered, then change the color of your hue lights"
rrZuSQyf,"if intrusion detected, then make your lights quickly blink the color of your choice"
rrb2aMUP,"if instrument state change, then change the color of the nanoleaf light panels or canvas that you select from the device dropdown on this screen"
rrk7YtTa,"if contact sensor closes, then turn off a selected device"
rrmzyxKJ,"if say a specific phrase, then start watering a specific zone for a certain period of time"
rsbzNr9w,"if new sms received from phone number, then change the color of your hue lights"
rsnimYDd,"if current temperature drops below, then set your honeywell thermostat to permanently hold the specified temperature until you change it"
rtiapfnz,"if switched on, then turn a wemo switch off"
rtrehM3E,"if you enter an area, then turn on your hue lights"
rturqhkX,"if say a simple phrase, then toggle a wemo switch on or off"
ruHzVpmF,"if say a simple phrase, then turn off your hue lights"
ruJLf7Sg,"if every hour at, then make your lights slowly breathe the color of your choice"
rv7csa2C,"if sunset, then turn on your hue lights"
rvHyPN5M,"if you enter an area, then run a my leviton activity"
rvkhC5a3,"if energy price change, then turn a wemo switch on"
rwYDajSp,"if every year on, then change the color of your hue lights"
rwbq57Nc,"if you enter an area, then turn on your hue lights"
rx8GwRuk,"if button press, then trigger the specified bot to turn on the switch"
rxT8zNgY,"if current condition changes to, then turn on a slow color loop effect for your hue lights"
ryscmXEA,"if roxxter started, then briefly turn your hue lights off then back on"
rzZk8cBL,"if say a simple phrase, then turn your lights on"
rzuAqhCE,"if say a specific phrase, turns off the selected wemo light"
s23CRVpZ,"if say a specific phrase, then set a nest thermostat to the temperature you specify"
s27LjzCR,"if every day of the week at, this action well set a scene on your hue lights"
s2hm3YPp,"if prayer time, then set the light to specified color"
s2jihZQk,"if say a simple phrase, then turn on, turn off or toggle your lights"
s2uhRmVs,"if every year on, then turn off your hue lights"
s3mDAHZg,"if switched on, then toggle a wemo insight switch on or off"
s4XsbmRF,"if lock locked by specific person, then turn off your hue lights"
s4ySQzL3,"if new public video uploaded by you, then dim or brighten your hue lights to a value between 0-100"
s5MDve8z,"if button pressed, then turn on your hvac system fan for the amount of time you specify in your nest fan timer setting (default is 15 minutes)"
s5qhfEDg,"if you enter an area, then turn on a slow color loop effect for your hue lights"
s62mKEWq,"if switched off, then lock your smartthings devices that support locking"
s69Uk5ia,"if gesture with task matching id occurs, then set your lights to a pre-defined scene"
s6XP4Duj,"if every year on, then change the color of your hue lights"
s6yAm2Ht,"if say a simple phrase, then turn on the device/group of your choosing"
s72gpeW4,"if electricity in denmark is expensive, then set the freezer temperature"
s7BAKeqf,"if switched on, then turn on your hue lights"
s8XW6Hru,"if sunset, then dim or brighten your hue lights to a value between 0-100"
s8cJqMx4,"if every day at, then change the color of your hue lights"
s8qXv9Mg,"if every day at, then turn your lights on"
s9UCcBYb,"if send ifttt any email, then dim or brighten your hue lights to a value between 0-100"
s9mZqiwW,"if current condition changes to, then make your lights slowly breathe the color of your choice"
s9zrWLXf,"if motion detected, then turn on the selected light(s)"
sAz4BsMt,"if doorbell ring, then briefly turn your hue lights off then back on"
sBLQUacM,"if button press, then turn the hot water at one of your locations on"
sBkZ86vS,"if button press, this action well set a scene on your hue lights"
sBybFXpc,"if sunrise, then turn on your hue lights"
sC2Udwqb,"if button press, this action sets an override on target temperature of one of your zones"
sChknXTJ,"if motion sensor becomes clear, then turn off your hue lights"
sDvbhJBu,"if sunset, then turn on your hue lights"
sDxkfeMB,"if sunset, then dim or brighten your hue lights to a value between 0-100"
sEi3x72v,"if every day at, then turn off your smartthings devices that support switching off"
sEqfPzjJ,"if new link post by you, then briefly turn your hue lights off then back on"
sF5cCgLw,"if lock unlocked, then turn a wemo light switch on then immediately back off"
sFeVkCRb,"if say a specific phrase, then switch on your light"
sG2Br54t,"if presence no longer detected, then turn a wemo switch off"
sGPivHCK,"if motion detected, then briefly turn your hue lights off then back on"
sH6BUVDe,"if say a simple phrase, then turn on your hue lights"
sJChY7vp,"if new sound or motion event, then turn on a device"
sJaN2dku,"if button press, then turn on a slow color loop effect for your hue lights"
sJkUDiVT,"if button press, then turn on your coffee machine"
sKwUxr2C,"if lock unlocked by specific person, then turn off your smartthings devices that support switching off"
sNR6u5Mz,"if sunset, then turn on your hue lights"
sPRax8FJ,"if every day at, then turn on your hue lights"
sPnVNiqJ,"if switched off, then turn off your hue lights"
sQUAWejT,"if every day at, then turn off your hue lights"
sQcus2Jk,"if say a specific phrase, then activate the shortcut you specify"
sQdqcJYN,"if today's weather report, then change the color of your hue lights to match the dominant colors found in an image you specify"
sQjMiuJw,"if say a specific phrase, then set a nest thermostat to the temperature you specify"
sRfZrbJP,"if carbon monoxide emergency, then turn a wemo switch on"
sRjfuK2F,"if every year on, then change the color of your hue lights"
sSerBLRc,"if litter robot events, then clean a specific room in your home"
sT3fQ7wC,"if button press, then remove any existing quick action at your location and set your heating system to follow the schedule"
sTCQhHNE,"if every hour at, then briefly turn your hue lights off then back on"
sUDvmf3T,"if say a specific phrase, then turn on a device"
sVWyvbRH,"if smoke alarm warning, then turn on your hue lights"
sVsSctLr,"if say a phrase with a text ingredient, then turn your lights off"
sXHpVF5e,"if say a specific phrase, then send your al-ko robolinho® back home to the base station (stop mowing)"
sXTViLQY,"if every day at, then turn on, turn off or toggle your lights"
sXhBgUkq,"if button press, then turn on/off a device"
sXmGs6xr,"if receive an event from apilio, then activate standby mode on the selected heatmiser thermostat"
sXunPt3S,"if every day at, then turn off your hue lights"
sY3NjLt7,"if disconnects from a specific wifi network, then turn off your hue lights"
sYC5zFhJ,"if you are tagged in a photo, then change the color of your hue lights to match the dominant colors found in an image you specify"
sYXK9pGd,"if alarm occurs on system, then change the color of your hue lights"
sYnNKRVS,"if say a specific phrase, then turn off your daikin ac unit"
sZVfdPqW,"if temperature rises above, then turn on the selected light(s)"
sartxEYh,"if door or window is closed, then cancel standby mode on the selected heatmiser thermostat"
sbGg6hBT,"if every day at, then turn your lights on"
sbtQ4ATL,"if audio event detected, then briefly turn your hue lights off then back on"
scAgGRd7,"if carbon monoxide emergency, then turn a wemo switch on"
scbnNUsZ,"if say a specific phrase, then start the selected coffee milk mix program with your preferred settings"
sebQ6pm5,"if say a specific phrase, then change the color of your hue lights"
sevHUcRp,"if new ring detected, then adjust multiple lights and shades together by activating a scene created in the lutron app"
sfLxR94C,"if every day at, then turn a wemo switch on"
sfUrVtd3,"if motion detected, then change the color of your hue lights"
sgZEBDyr,"if your timer goes off, then set your lights to a pre-defined scene"
sgcbSm4G,"if new channel membership, then change your light's brightness to the specified level"
sgviBdpx,"if any new closed issue, then briefly turn your hue lights off then back on"
sh5eV2MC,"if say a specific phrase, then turn on the device/group of your choosing"
sjL7yt3q,"if every day at, then set the operating mode of your ge water heater"
sk45qN76,"if face recognized, then turn your lights off"
skf8aFBA,"if new check-in at category, then turn a wemo switch on"
smB82dQe,"if receive an event from apilio, then cancel standby mode on the selected heatmiser thermostat"
smJ32tGZ,"if you enter an area, then turn on your hue lights"
smX4JGak,"if say a specific phrase, then turn a device on or off"
smny7dCJ,"if alarm, then turn off the device/group of your choosing"
sn37duJN,"if door sensor is open, then turn on the device/group of your choosing"
snFuWg6Z,"if current condition changes to, then change the color of your hue lights"
snKNz3m2,"if cycle is complete, then briefly turn your hue lights off then back on"
spRHmkC5,"if kettle has finished boiling, then change your hue lights to a randomly selected color"
spdFWzxc,"if oge smarthours price changes, then set your aquanta into away mode"
spu2m4PQ,"if you exit an area, then turn a wemo light switch off"
ssK4XrfA,"if change in average price, then turn a wemo switch off"
ssRkju5K,"if any new sms received, then briefly turn your hue lights off then back on"
ssd3p4n2,"if every day at, then turn on your hue lights"
ssqBbtmE,"if energy price change, then turn the hot water at one of your locations on"
stLbHy4x,"if radon level above threshold, then change the color of your hue lights"
su3LtecU,"if say a simple phrase, then turn off your hue lights"
svp2Chiz,"if any new photo, then briefly turn your hue lights off then back on"
svqK9GeU,"if current temperature drops below, then set the heating mode of the thermostat"
sxK8LCTi,"if button press, then turn off your hue lights"
sxfyuncW,"if button press, then set your honeywell thermostat to hold a temperature for a specified period of time"
syFczsTq,"if alarm initiated, then change the color of your hue lights"
syPsZcpa,"if receive an event from apilio, then change the color of your hue lights"
syWGkVLh,"if say a specific phrase, then change your hue lights to a randomly selected color"
syXxDC4Z,"if current temperature rises above, then set the current room temperature to a level of your choice"
syYbu2KE,"if current condition changes to, then change the color of your hue lights"
szaJqVUv,"if sunset, then change the color of your hue lights"
t2bcWix6,"if say a specific phrase, then change the color of your hue lights to match the dominant colors found in an image you specify"
t3T5DHkX,"if sunset, then dim or brighten your hue lights to a value between 0-100"
t3Ze7hrx,"if your water heater has exceeded its energy use threshold, then turn on the selected light(s)"
t4GKRghu,"if receive an event from apilio, then lock your smartthings devices that support locking"
t52SXCDV,"if every hour at, then close the garage door you specify"
t5NSnBEr,"if closed, then turn on your smartthings devices that support switching on"
t5XpCnit,"if every day at, then turn on your smartthings devices that support switching on"
t5gLDAb4,"if say a simple phrase, then turn on the device/group of your choosing"
t5hSiRcd,"if new channel membership, then change the color of a light bulb"
t635GSwP,"if new sound or motion event, then turn on a light"
t6TQeGgf,"if current condition changes to, then activate the shortcut you specify"
t7DSTHM8,"if say a specific phrase, then set the honeywell thermostat fan to on where the fan is always on or auto where the fan runs only when the heating or cooling system is on"
t7ZDSn9g,"if new public video from subscriptions, then turn on, turn off or toggle your lights"
t7pmQtNM,"if current temperature drops below, then set the thermostat into a hold using the settings from the specified comfort profile"
t7ripW4M,"if door sensor is open, then turn on the device/group of your choosing"
t8RPKTW3,"if say a specific phrase, then change the color of your lights"
t9jUYhiy,"if 1-channel switch turned on or off, then turn on your hue lights"
t9tXfaFC,"if every day at, then briefly turn your hue lights off then back on"
t9tjwTvz,"if say a specific phrase, then change the color of your hue lights"
tAcxyZhj,"if you exit an area, then turn off a selected device"
tBdmM3UD,"if you are tagged in a photo, then make your lights quickly blink the color of your choice"
tCvxasJe,"if any new motion, then briefly turn your hue lights off then back on"
tDBVTCzN,"if sunset, then turn a wemo switch on"
tDgamG8w,"if every day at, then activate the shortcut you specify"
tDkncTqz,"if presence detected, then turn on your hue lights"
tFiW46B8,"if every day at, then turn a wemo switch off"
tFnhaz9Y,"if say a simple phrase, then activate a scene on your lights"
tGPyKvBn,"if every day at, then turn on your hvac system fan for the amount of time you specify in your nest fan timer setting (default is 15 minutes)"
tGVnFQ3x,"if human detected, then turn on your hue lights"
tGzTacbS,"if say a specific phrase, then turn off the air conditioner unit"
tHaVzYvn,"if connects to a specific wifi network, then set your lights to a pre-defined scene"
tHakzTbP,"if send ifttt an email tagged, then turn on a slow color loop effect for your hue lights"
tHenRy95,"if say a specific phrase, then set your honeywell thermostat to resume the currently defined thermostat programmed schedule"
tJ7e8VcU,"if send ifttt any email, then turn a wemo switch on"
tJFYNaZr,"if new channel membership, then set your lights to a specified brightness"
tJfbrvkx,"if time of day peak rates start/end, then change the color of your hue lights"
tJwyu7Nn,"if say a specific phrase, then change the color of your lights"
tK4VxzZA,"if every day of the week at, then change the color of your hue lights to match the dominant colors found in an image you specify"
tKHvQb59,"if sunrise, then turn off one of your mi|home devices"
tL7VqQhY,"if say a specific phrase, then turn off your hue lights"
tLENyeAi,"if sunset, then turn a wemo switch on"
tMHUE6mf,"if you exit an area, then turn on/off a device"
tML9K2X6,"if temperature drops below, then change the color of your hue lights"
tMVRaJsn,"if motion detected, then turn on your hue lights"
tMZLt3up,"if new ring detected, then change the color of your hue lights"
tMu6m2ek,"if sunset, then turn on a slow color loop effect for your hue lights"
tN6ASHbu,"if you exit an area, then activate the shortcut you specify"
tNSwybV6,"if sunset, then turn on your hue lights"
tPLvm8xA,"if say a simple phrase, then turn your lights off"
tPvYhDwd,"if say a specific phrase, then turn your hive light on for a specific duration"
tQARLiN2,"if current condition changes to, then play the text to speech in the hearing aid, if the hearing aid is connected to an iphone"
tSBiD5Mp,"if temperature drops below, then turn on your hvac system fan for the amount of time you specify in your nest fan timer setting (default is 15 minutes)"
tSTyjALV,"if you enter an area, then turn on a slow color loop effect for your hue lights"
tTUNfgiH,"if you are tagged in a photo, then briefly turn your hue lights off then back on"
tTWe2mHC,"if event from mesh app received, then turn a wemo insight switch on"
tUDruHZj,"if sunset, then turn on your hue lights"
tULGMf6p,"if every hour at, then briefly turn your hue lights off then back on"
tURfN6z8,"if every day at, then turn your lights on"
tUeZtWiz,"if you enter an area, this action sets an override on target temperature of one of your zones"
tUitdkQg,"if say a specific phrase, then activate a scene on your lights"
tVkfmyD9,"if sunset, then turn your lights on"
tVwFXdGg,"if send ifttt an sms tagged, then briefly turn your hue lights off then back on"
tW459UPv,"if every day at, then turn off your hue lights"
tWNBuzmy,"if every day of the week at, then turn a wemo switch on"
tWnP48uh,"if every day at, then change the color of your lights"
tX4P9srv,"if say a phrase with a text ingredient, then set a nest thermostat to the temperature you specify"
tX4bFp8N,"if current temperature drops below, then toggle your hue lights on or off"
tXVG4PgJ,"if say a specific phrase, then turn off your hue lights"
tY3riRWF,"if new mention of you, then make your lights slowly breathe the color of your choice"
tYG8ASWN,"if say a specific phrase, then turn on your hue lights"
tYrFcdNG,"if say a simple phrase, then change operation settings for heat mode in your device"
tZ3XcjVW,"if your alarm goes off, then turn on, turn off or toggle your lights"
tZ8yRCKY,"if say a specific phrase, then turn on your smartthings devices that support switching on"
tZLaQVh9,"if motion detected, then turn a wemo light switch on"
tZWHMDs5,"if new status message by you, then briefly turn your hue lights off then back on"
tZqipgRs,"if say a specific phrase, then turn your lights on"
taHvmBDe,"if tado⁠° switches to away mode, then turn off your hue lights"
taj6MtNR,"if current temperature rises above, then turn a wemo switch on"
tb3Vh8fv,"if your alarm goes off, then set your lights to a pre-defined scene"
tbAKRxQV,"if door opened, this action well set a scene on your hue lights"
tbCXU9pg,"if uhoo air quality alert, then briefly turn your hue lights off then back on"
tbE8rTjS,"if sunrise, then turn on the selected light(s)"
tbPVARZg,"if every day at, then turn off your hue lights"
tcASX8Bg,"if send ifttt any email, then briefly turn your hue lights off then back on"
tcFTYZkb,"if new motion detected, then change the color of your hue lights"
td9N3GsW,"if your skybell hd‘s button was pressed, then turn on your hue lights"
tdNfhVCU,"if 1-channel switch turned on or off, then turn on your smartthings devices that support switching on"
tdvyGswE,"if say a specific phrase, turns off the selected wemo light"
te9fVxj3,"if say a simple phrase, then briefly turn your hue lights off then back on"
teaKtzBC,"if say a specific phrase, then turn off your hue lights"
tfG2yhAr,"if sunset, then turn on your hue lights"
tfmFtipc,"if device or group is turned on, then turn off the device/group of your choosing"
tftqXyrk,"if say a specific phrase, then unlock a specific device"
tfxEJ3cw,"if new mention of you, then briefly turn your hue lights off then back on"
tfyD9vkw,"if say a simple phrase, this action well set a scene on your hue lights"
thqj8Bnp,"if new follower, then temporarily set your nanoleaf light panels or canvas to a solid or blinking color and then return to its previous state"
thsqQEbP,"if nest set to away, then turn a wemo switch off"
tiTysvpJ,"if nest set to away, then turn off a selected device"
ticL71oa,"if you enter an area, then turn your lights on"
tjEgctyS,"if today's weather report, then change the color of your hue lights"
tjqxFXyB,"if any scheduled meeting starts, then change the color of your lights"
tk6nSCRh,"if say a specific phrase, then change the color of your lights"
tkWsMtx5,"if you enter an area, then turn a wemo switch on"
tkgZfF9h,"if electricity in denmark is cheap, then change the color of your hue lights"
tmQaLE4e,"if every day at, then turn off your smartthings devices that support switching off"
tmZuF2hn,"if your alarm goes off, then briefly turn your hue lights off then back on"
tmchkN8D,"if end of cycle, then briefly turn your hue lights off then back on"
tnRsLavJ,"if you exit an area, then turn a wemo switch off"
tnf4ieTJ,"if current condition changes to, then change the color of your hue lights"
tnqLbTAN,"if your timer goes off, then change the color of your hue lights"
tp286THi,"if every day at, then turn on your hue lights"
tq4ZiVXK,"if an alarm event, then turn on a light"
tq6E8s3n,"if sunset, then turn on one of your mi|home devices"
tqXahU4Q,"if temperature drops below, then turn on the selected light(s)"
tqYnVhX5,"if new motion detected, then turn on your hue lights"
tqxQf4UY,"if new sms received matches search, then turn a wemo switch on"
trXqZJSU,"if sunset, turns on the selected group of wemo lights"
treakcxb,"if every day of the week at, then turn your lights on"
trjnFp9c,"if disconnects from a specific wifi network, then turn off your hue lights"
ts27HLAn,"if current temperature drops below, then change the color of your lights"
tsb4N7XE,"if motion detected, then turn on a device"
tsbXFfgJ,"if every year on, then change the color of your hue lights"
ttd5jKeH,"if tomorrow's forecast calls for, then play the text to speech in the hearing aid, if the hearing aid is connected to an iphone"
tteCW4cv,"if sunset, then turn a wemo switch on"
ttjYZ9sr,"if sound is detected, then activate the scene that you choose"
ttji87N2,"if new event from search, then turn on your hue lights"
tu4dWDk8,"if say a simple phrase, then change the color of your hue lights"
tuFH2tEy,"if say a specific phrase, then launch a connexoon scenario"
tv5FpUsY,"if send ifttt an email tagged, then turn a wemo light switch off"
tvGaDrjp,"if any event starts, then briefly turn your hue lights off then back on"
twd6Bvzh,"if battery drops below 15%, then turn on a device"
twgarJ5p,"if sunset, then turn off the device/group of your choosing"
txHePBTc,"if say a specific phrase, then change the color of your lights"
txZRyv4U,"if say a specific phrase, then set the light to specified color"
tyW2sgw4,"if new public video from subscriptions, then change your light's brightness to the specified level"
tywVhXTZ,"if new channel membership, then set your lights to a specified brightness"
tzH3BpwC,"if gesture with task matching id occurs, then toggle a wemo light switch on or off"
tztSBapb,"if light switched on, turns on the selected group of wemo lights"
u28Ui7c5,"if flic is clicked, then turn off your smartthings devices that support switching off"
u2XcB3aG,"if you enter an area, then turn a wemo light switch on"
u2b6cuzF,"if send ifttt any email, then turn on a slow color loop effect for your hue lights"
u2rRXLWy,"if presence detected, then turn on your smartthings devices that support switching on"
u59GHR2p,"if new motion detected, then turn on your hue lights"
u5NRbPKH,"if new sleep logged, then execute the indicated scene"
u63Ljige,"if say a simple phrase, then turn on your hue lights"
u6FfGbAW,"if every day at, then turn off your hue lights"
u7qrcexb,"if say a simple phrase, then set a nest thermostat to the temperature you specify"
u85PLGph,"if today's weather report, then turn on a slow color loop effect for your hue lights"
u8ZKhqA6,"if every day at, then turn off your hue lights"
u8iPZVzc,"if new tweet by a specific user, then change the color of your hue lights"
u8w4iqgX,"if every hour at, then make your lights quickly blink the color of your choice"
u8xn5BzM,"if every day of the week at, then turn a wemo switch off"
u9vHU4D5,"if leave ifttt any voicemail, then briefly turn your hue lights off then back on"
uANEpQwn,"if you exit an area, this action turns off one of your light switches"
uB8dH9xG,"if you are tagged in a photo, then briefly turn your hue lights off then back on"
uBMXtRrn,"if button press, then turn on a slow color loop effect for your hue lights"
uC9aifqA,"if every day of the week at, then change the color of your hue lights"
uCK3H6wQ,"if door is unlocked, then turn on your hue lights"
uDmwZUY7,"if item completed on your to do list, then dim or brighten your hue lights to a value between 0-100"
uDp4XRwJ,"if sleep duration above, then turn on your hue lights"
uDp5A7tQ,"if every day at, then turn off your hue lights"
uEVeMQwa,"if switched on, then activate the shortcut you specify"
uEziA7Jh,"if every day at, then turn on your hue lights"
uFA2gD4C,"if current temperature rises above, then set a nest thermostat to the temperature you specify"
uFLJKGVN,"if night mode turn on, then turn off your hue lights"
uFdVX9ub,"if current temperature rises above, then set the thermostat into a hold using the settings from the specified comfort profile"
uFeV4Y8i,"if you enter or exit an area, then turn on your coffee machine"
uH6y5Rmw,"if every day at, then switch on sl-bus device"
uHWZNiLb,"if long press, then turn a wemo light switch off"
uJ4MLvdG,"if device connects, then briefly turn your hue lights off then back on"
uJ93iRYd,"if temperature is too high, then turn on your hvac system fan for the amount of time you specify in your nest fan timer setting (default is 15 minutes)"
uJgWhsnc,"if new photo post by you, then change the color of your hue lights to match the dominant colors found in an image you specify"
uJjfgXQP,"if every day of the week at, then turn a wemo switch on"
uJwpnekP,"if disconnects from a specific wifi network, then set the current room temperature to a level of your choice"
uK8sUz6R,"if send ifttt an email tagged, then turn a wemo switch off"
uKFzkhcV,"if sunset, then turn a wemo switch on"
uKSZAezb,"if current temperature drops below, then turn on your smartthings devices that support switching on"
uKiLvgzs,"if daily cost rises above, then change the color of your hue lights"
uLSFbvdR,"if you exit an area, then turn off a device"
uMXjGAnU,"if when fetchit button is pressed, then deactivate your smartthings alerting device's siren and/or strobe"
uMhKgTU2,"if turns off, then set the percentage of brightness for the specified product"
uN2suh9Y,"if new tweet from search, then briefly turn your hue lights off then back on"
uNG9yFv8,"if say a specific phrase, then arm your security system"
uNHrh63M,"if say a simple phrase, then set your lights to a pre-defined scene"
uNVZSphB,"if humidity rises above, then turn on a plug for the specified duration"
uNe67Jps,"if audio event detected, then dim or brighten your hue lights to a value between 0-100"
uNybaXPe,"if say a simple phrase, then change the color of your hue lights"
uP4wJkYg,"if button press, then change operation settings for heat mode in your device"
uPJHhUup,"if you are tagged in a photo, then make your lights quickly blink the color of your choice"
uQUmyJ4C,"if noise level rises above, then briefly turn your hue lights off then back on"
uR8YMxBQ,"if item added to your to do list, then set a nest thermostat to the temperature you specify"
uRAbB5vU,"if every day of the week at, then turn a wemo switch off"
uRYKVJTm,"if sunrise, this action turns off one of your light switches"
uRj3um7y,"if new ring detected, then turn on the device/group of your choosing"
uS8VGUEr,"if you are tagged in a photo, then briefly turn your hue lights off then back on"
uSRENsKY,"if say a specific phrase, then turn on your smartthings devices that support switching on"
uSkJqUFm,"if say a phrase with a text ingredient, then set a nest thermostat to the temperature you specify"
uT6b3ECr,"if the alarm was armed, then set thermostat to manual at a specific temperature indefinitely"
uT9GV3pk,"if any outgoing phone call ends, then briefly turn your hue lights off then back on"
uTMCXdtN,"if say a specific phrase, this action removes the currently running event on the selected thermostat providing the event is not a mandatory demand response event"
uTeBfthE,"if every day at, then turn off the functional light of your hood"
uU8cxK9M,"if carbon monoxide emergency, then turn your lights on"
uUf5J9bz,"if temperature is too low, then set your honeywell thermostat to hold a temperature for a specified period of time"
uW5he3Sj,"if today's price rises by percentage, then turn on the selected light(s)"
uWESzaZd,"if say a specific phrase, then toggle the pivot power genius outlet you specific on or off"
uWQBgGA2,"if flash button double pressed, then toggle your hue lights on or off"
uX97mhq2,"if sunrise, then set your lights to a pre-defined scene"
uXpkN9gq,"if sunset, then turn a wemo switch on"
uYRKwBit,"if new message with key phrase to @ifttt, then turn off a selected device"
uYSifhPy,"if flic is clicked, turns off the selected group of wemo lights"
uYwxybsh,"if freezer door opened, then deactivate fresh mode on your appliance"
uZtaPeLH,"if button press, then toggle a wemo light switch on or off"
ubK7Lvf4,"if any new reminder, then briefly turn your hue lights off then back on"
ubTFpa5m,"if smoke alarm warning, then briefly turn your hue lights off then back on"
uc7KmMGg,"if every day at, then turn your lights on"
ucujNsVp,"if you enter an area, then turn your lights on"
uczk5CKX,"if item added to your to do list, then set a nest thermostat to the temperature you specify"
udfBrL2n,"if smoke alarm emergency, then turn on your smartthings devices that support switching on"
uewZjbTm,"if oven finished, then briefly turn your hue lights off then back on"
ufANTaPC,"if cooktop clock timer elapsed, then briefly turn your hue lights off then back on"
ufXjcdhZ,"if sunset, then adjust multiple lights and shades together by activating a scene created in the lutron app"
ufaF9KSr,"if presence detected, then turn on/off a device"
ugZ9PhQd,"if say a phrase with a text ingredient, then set a nest thermostat to the temperature you specify"
ugkvXJS6,"if send ifttt an email tagged, then change the color of your hue lights to match the dominant colors found in an image you specify"
uhPRTZX4,"if any new photo by you, then change the color of your hue lights to match the dominant colors found in an image you specify"
uhfavDW7,"if say a simple phrase, then lock your smartthings devices that support locking"
uhkqupmw,"if sunrise, turns off the selected wemo light"
uih92RTq,"if current temperature rises above, then start watering a specific zone for a certain period of time"
uirBhQak,"if carbon monoxide emergency, then turn on your hue lights"
ujbi9QkT,"if iss passes over a specific location, then turn on a slow color loop effect for your hue lights"
ujcdqMkR,"if sunset, then turn on a slow color loop effect for your hue lights"
ukUb7PnV,"if new sms received from phone number, then change the color of your hue lights"
ukixTm3R,"if new check-in tagged, then unlock your smartthings devices that support unlocking"
uknZhUKS,"if every day at, then turn off your hue lights"
ukvszbNV,"if sunrise, then turn a wemo switch on"
umBbUqDW,"if temperature rises above, then change the color of your hue lights"
umHt7feX,"if new feed item, then turn a wemo switch off then immediately back on"
umfL4XaW,"if door opened, then turn on your smartthings devices that support switching on"
umhX6Qvx,"if say a specific phrase, then change the color of your lights"
unatAEXR,"if button press, then dim or brighten your hue lights to a value between 0-100"
unhCAidt,"if change in average price, then change the color of your hue lights"
upHPNmCQ,"if sunrise, then turn on a slow color loop effect for your hue lights"
upjhVUKn,"if carbon monoxide warning, then enable a quick action at one of your locations"
uqTXD7y9,"if every year on, then change the color of your hue lights to match the dominant colors found in an image you specify"
uqYAfEwV,"if sunrise, then activate the shortcut you specify"
uqgmGP4F,"if you enter an area, then turn a wemo light switch on"
uqnBQZEW,"if motion has been detected, then turn on your hue lights"
uqvzULdT,"if gesture with task matching id occurs, then turn off the device/group of your choosing"
urGCAisQ,"if sleep duration above, then turn on your hue lights"
uraFVuU2,"if new follower on your channel, then turn on, turn off or toggle your lights"
urvkhPCg,"if receive an event from apilio, then start your heating"
us6Td4Jg,"if button press, then turn on your hue lights"
usCEVWfD,"if caavo search, then dim or brighten your hue lights to a value between 0-100"
usv8iXrc,"if your alarm goes off, then turn on the selected light(s)"
uu9ExgeV,"if temperature is too high, then set your honeywell thermostat to hold a temperature for a specified period of time"
uu9sryiL,"if current temperature drops below, then set the temperature on the thermostat"
uuLKZAvB,"if every day at, then turn a wemo switch off"
uuLjbTa3,"if temperature or humidity changes, then turn on the device/group of your choosing"
uuQZ3bcf,"if pusher pressed, then set a nest thermostat to the temperature you specify"
uufSWK3A,"if you enter an area, then briefly turn your hue lights off then back on"
uv7t3UFn,"if flic is clicked, then toggle your hive light on or off"
uvFwjqR8,"if motion detected, then turn on your hue lights"
uvJUThkd,"if new tweet by you, then turn on a slow color loop effect for your hue lights"
uve28gyQ,"if door opened, then set a nest thermostat to the temperature you specify"
uvwyxW8D,"if switched on, then turn your lights on"
uw4McXHF,"if any new motion, then turn on your smartthings devices that support switching on"
uwbq6rW8,"if say a specific phrase, then dock your robot"
uwe8GbaA,"if every day of the week at, this action turns on one of your light switches"
uxAbSBcs,"if any new note, then change the color of your hue lights"
uxBApR2P,"if say a specific phrase, then set a nest thermostat to the temperature you specify"
uxtiH2Xg,"if device is unplugged, then turn on the device/group of your choosing"
uyL28bna,"if stream going live for a channel you follow, then activate the scene that you choose"
uyUCahRG,"if sunrise, then turn a wemo light switch off"
uypR4tiu,"if a flow has been started, then turn off a specific device"
uyxqPZN9,"if sunset, then turn on your hue lights"
uzFT5XVc,"if say a specific phrase, then change the color of your hue lights"
uzbgh497,"if nest set to away, then set a lutron shade to the position you specify"
uziQdbkm,"if event from search starts, then change the color of your hue lights"
uzqsgMkh,"if any incoming call, then turn a wemo insight switch on then immediately back off"
uzsWUejX,"if current condition changes to, then turn a wemo switch off"
uzseBijE,"if every day of the week at, then set the temperature of your ge water heater"
v26rnC4c,"if smoke alarm warning, then change the color of your hue lights"
v2Fp8dKb,"if every day at, then turn off your hue lights"
v2JgmQB8,"if your timer goes off, then set the light to specified color"
v2MTyVhA,"if you exit an area, then turn off your hue lights"
v2Z9TGqv,"if send ifttt any email, then turn on your hue lights"
v2ZJmdMi,"if system armed, then turn off your hue lights"
v2dPwGc6,"if say a specific phrase, then change the color of your hue lights"
v358tjyK,"if noise level rises above, then turn on a slow color loop effect for your hue lights"
v3NvJfjL,"if every year on, then turn on a slow color loop effect for your hue lights"
v4SjwyZH,"if you enter an area, then set a nest thermostat to the temperature you specify"
v4yZGj9A,"if you enter an area, this action sets an override on target temperature of one of your zones"
v4zdU82j,"if sunset, then change the setpoint of a device to the desired value"
v56ChjRN,"if say a specific phrase, then run a scene"
v5Ex8LMt,"if sunset, then turn on your hue lights"
v5abE9nX,"if xtactor command, then toggle your hue lights on or off"
v6wyCFcv,"if you enter an area, then set your lights to a pre-defined scene"
v73TyAjZ,"if flic is clicked, then turn your lights off if they are on, and turn them on if they are off"
v8AwjkKz,"if say a simple phrase, then turn on your hue lights"
v8unk9vp,"if tomorrow's forecast calls for, then change the color of a light bulb"
v8w9Wjkt,"if electricity becomes expensive, then turn off a selected device"
v8wHsXrT,"if any new motion, then turn your lights on"
v92ZNFcs,"if every day at, then turn a wemo switch on"
v9Eyx2fk,"if send ifttt an email tagged, then turn on a slow color loop effect for your hue lights"
v9WhRPj7,"if every day at, then set your thermostat to a specified temperature"
v9e4Fkxm,"if sunrise, then turn off your hue lights"
v9ebW3cj,"if say a specific phrase, then turn on the functional light of your hood with the selected brightness"
v9sweauS,"if motion detected, then send a command to one of your openhab items"
vAP3bwSE,"if ask what's on your to do list, then toggle your hue lights on or off"
vAPHnzR7,"if the button, then turn on your coffee machine"
vAYmQXeM,"if notification received from a specific app, then turn on your hue lights"
vAjFnspN,"if lock unlocked, then turn a wemo switch on"
vBSJ3tKd,"if temperature rises above, then set a nest thermostat to the temperature you specify"
vCLnprEA,"if your timer goes off, then briefly turn your hue lights off then back on"
vCsUYTLH,"if humidity drops below, then turn on your hue lights"
vCvELVUa,"if motion detected, then turn on a device"
vE6uxwML,"if motion detected, then briefly turn your hue lights off then back on"
vE8kFuzq,"if current temperature drops below, then turn a wemo switch off"
vEbr9mYJ,"if button press, this action well set a scene on your hue lights"
vEbyPNjG,"if every day at, then dim or brighten your hue lights to a value between 0-100"
vFezR6bP,"if new song played, then turn on your hue lights"
vG6Jdsmh,"if say a simple phrase, then turn off the device/group of your choosing"
vG7thLSp,"if temperature drops below, then turn on the pivot power genius outlet you specify"
vGQVLki9,"if say a specific phrase, then toggle your hue lights on or off"
vHSUjGm8,"if doorbell button pressed, then turn on your hue lights"
vHUj4uxg,"if new weight logged, then briefly turn your hue lights off then back on"
vJNVytWY,"if every year on, then turn on a slow color loop effect for your hue lights"
vJWYqMcm,"if button press, then turn on, turn off or toggle your lights"
vJvinSYX,"if button press, then toggle a wemo switch on or off"
vK5xBykF,"if say a specific phrase, then turn your intesishome a/c on"
vKfz42PA,"if say a specific phrase, then turn off a selected device"
vKtkjh68,"if door unlocked, then set a innogy smarthome state to 'yes'"
vKynsgrE,"if any new motion, then toggle your hue lights on or off"
vL8YuzMy,"if you enter an area, then turn on your coffee machine"
vLN5SHTe,"if sunrise, turns off the selected wemo light"
vMe3zpEf,"if every hour at, then set the heating mode to schedule"
vMrRbvZT,"if temperature drops below, then turn a wemo switch off"
vNUbe2k5,"if sunset, then turn on your hue lights"
vNpudxYW,"if new saved track, then change the color of your hue lights to match the dominant colors found in an image you specify"
vPCfHhLq,"if say a specific phrase, then set your honeywell thermostat to resume the currently defined thermostat programmed schedule"
vQ7EbLGw,"if every day at, then turn a wemo switch on"
vQV8uHvf,"if carbon quality, then turn a wemo switch off"
vQc3xzar,"if every year on, then briefly turn your hue lights off then back on"
vQkYegp6,"if say a simple phrase, then turn a wemo light switch off"
vRLCy6PY,"if say a specific phrase, then set a nest thermostat to the temperature you specify"
vRSjkyt3,"if say a simple phrase, this action well set a scene on your hue lights"
vS6ZRPpw,"if you exit an area, then turn a wemo switch off"
vSJHUFRr,"if you exit an area, then turn a wemo light switch off"
vSamvyVe,"if flic is clicked, this action well set a scene on your hue lights"
vSuwYiXn,"if sunset, then turn on your hue lights"
vT4Ct9jV,"if presence detected, then turn on your hue lights"
vTCGgh3i,"if current pollen count rises above, then turn on your smartthings devices that support switching on"
vTCbxgS2,"if say a simple phrase, this action well set a scene on your hue lights"
vTcWUEtr,"if say a specific phrase, then send a command to one of your openhab items"
vU2FQeWx,"if caavo search, then dim or brighten your hue lights to a value between 0-100"
vU9MFPKn,"if item added to your to do list, then set a nest thermostat to the temperature you specify"
vUG63r7F,"if say a simple phrase, then turn off your hue lights"
vUX9i8YJ,"if prayer time, then turn on the selected light(s)"
vVGvxRSh,"if bart delayed, then briefly turn your hue lights off then back on"
vVPrj28v,"if say a simple phrase, then activate the specified scene"
vWLx2iqT,"if contact sensor opens, then open a hubitat device"
vWkrDTH7,"if incoming phone call from a specific number missed, then briefly turn your hue lights off then back on"
vXLj2UA9,"if battery drops below 15%, then turn on the device/group of your choosing"
vXufVYgs,"if every day at, then turn on your hue lights"
vZ93bBN2,"if time of day peak rates start/end, then turn a wemo switch on"
vZK2Wmci,"if event from search starts, then turn a wemo switch off"
vZLf7J5M,"if your alarm goes off, then turn on your smartthings devices that support switching on"
vZYMwkte,"if carbon monoxide warning, then turn on your hvac system fan for the amount of time you specify in your nest fan timer setting (default is 15 minutes)"
vZe3DmHF,"if you enter an area, then turn off a selected device"
vanLSuqN,"if notification received, then briefly turn your hue lights off then back on"
vawg7uNh,"if say a phrase with a text ingredient, then toggle your hue lights on or off"
vbBQS8kN,"if new status message by you, then change the color of your hue lights"
vbR4kiK9,"if say a simple phrase, this action well set a scene on your hue lights"
vcXve2zY,"if say a specific phrase, then close the garage door you specify"
vcihSHNQ,"if sunset, then turn on your hue lights"
vcx3rjDM,"if temperature drops below, then turn a wemo insight switch on"
vdKULRv4,"if say a simple phrase, then dim or brighten your hue lights to a value between 0-100"
ve34BbYQ,"if you exit an area, then set the heating mode to schedule"
veGJc9bs,"if every year on, then briefly turn your hue lights off then back on"
vek3QCP4,"if say a simple phrase, then set a nest thermostat to the temperature you specify"
vemyTj2Y,"if gesture with task matching id occurs, then turn on, turn off or toggle your lights"
vfQzJMiH,"if your skybell hd detected motion, then turn on your hue lights"
vfrje246,"if sunrise, then turn on one of your mi|home devices"
vhYSw4Mj,"if say a simple phrase, then activate the scene that you choose"
vhr6aMDv,"if say a specific phrase, then turn on your hue lights"
vi6B7uZ5,"if say a specific phrase, then turn off your hue lights"
viAWrcqs,"if new live event, this action well set a scene on your hue lights"
viLkH7Cq,"if temperature rises above, then turn on your hvac system fan for the amount of time you specify in your nest fan timer setting (default is 15 minutes)"
vjD5mCra,"if your alarm goes off, then briefly turn your hue lights off then back on"
vkjp5z3b,"if battery drops below 15%, then make your lights quickly blink the color of your choice"
vkzsMZQH,"if switched off, then set your blink system to disarmed"
vmKHNDTu,"if notification received from a specific app, then activate the specified scene"
vmfy4PzQ,"if sunset, then switch on your socket"
vnEwqbMa,"if current temperature rises above, then set a target temperature on your window ac unit"
vndWq2R9,"if new tweet from search, then change the color of your hue lights"
vnwBTfD3,"if door opens, closes or moves, then turn a wemo switch on"
vpyP947H,"if send ifttt an email tagged, then change the color of your hue lights to match the dominant colors found in an image you specify"
vqTnWUrf,"if motion detected, then turn a wemo switch on"
vrZSmEJF,"if today's weather report, then turn on your hue lights"
vsNwmaQM,"if new photo with the front camera, then turn on your hue lights"
vsRbj4Df,"if everyone left, then turn your lights off"
vt73QUHG,"if say a specific phrase, then change the color of your lights"
vtFUpLCg,"if your alarm goes off, then briefly turn your hue lights off then back on"
vtKCy5pA,"if say a simple phrase, then turn on your hvac system fan for the amount of time you specify in your nest fan timer setting (default is 15 minutes)"
vtbqjeRu,"if every year on, then turn off your hue lights"
vtg59e3B,"if button press, then set your thermostat to manual mode"
vu9RK8Qy,"if sunset, then change the color of your lights"
vuZVy8fS,"if incoming phone call from a specific number missed, then change the color of your hue lights"
vumyx7wT,"if your skybell hd‘s button was pressed, then briefly turn your hue lights off then back on"
vuxkz4RZ,"if say a simple phrase, then turn your lights on"
vuyZxqMb,"if livy protect alarm goes off, then make your lights quickly blink the color of your choice"
vvLnGuzF,"if sunset, then turn on your smartthings devices that support switching on"
vvbRVXpe,"if electricity in denmark is expensive, then set the freezer temperature"
vwzxT6QJ,"if when i get out of bed, then turn off your hue lights"
vyz2haSb,"if say a specific phrase, then send a command to one of your openhab items"
vz3GEtXA,"if new motion event, then turn on your hue lights"
vz5sHBhD,"if new screenshot, then turn on the device/group of your choosing"
vzCmkBeR,"if say a specific phrase, then set a nest thermostat to the temperature you specify"
vzFtZNPR,"if every day of the week at, then turn on your hue lights"
vzqQ4TrS,"if motion sensor detects motion, then turn on your hue lights"
vzsqHpR2,"if prayer time, then briefly turn your hue lights off then back on"
w2CGWiRs,"if sunset, then turn on your hue lights"
w3G5K7uk,"if button press, then set your lights to a pre-defined scene"
w3n2ZXdr,"if tomorrow's forecast calls for, then change the color of your hue lights"
w4T9RQhJ,"if every day of the week at, then turn on a slow color loop effect for your hue lights"
w4hAQye9,"if ask for a sports team's score, then turn off your smartthings devices that support switching off"
w4rySPtw,"if current temperature rises above, then turn off your smartthings devices that support switching off"
w53exzy8,"if say a specific phrase, then set a nest thermostat to the temperature you specify"
w59JrBPY,"if you enter or exit an area, then toggle a wemo insight switch on or off"
w5WvByiJ,"if device disconnects, then turn your lights off"
w6EbnWfJ,"if every hour at, then briefly turn your hue lights off then back on"
w6PGaQy4,"if current temperature rises above, then turn a wemo switch on"
w6f9d2pN,"if current temperature rises above, then enable a quick action at one of your locations"
w85QrvDx,"if your timer goes off, then turn a wemo maker off"
w8ezbuij,"if new ring detected, then briefly turn your hue lights off then back on"
w8gKcYfn,"if every day at, then turn your lights off"
w9CJRZux,"if notification received, then identify your device"
w9hjybwr,"if say a specific phrase, then tell your dryer to utilize extended tumble for the current running cycle"
wACqJtQ8,"if say a specific phrase, then change the color of your lights"
wAJ9BSLv,"if say a specific phrase, then open the garage door you specify"
wB3wWdZa,"if event from search starts, then activate the shortcut you specify"
wB9e7R5Q,"if button press, then set the heating mode of the thermostat"
wBM9UW5Z,"if temperature rises above, then turn on the pivot power genius outlet you specify"
wBMXAb3q,"if sunset, then adjust multiple lights and shades together by activating a scene created in the lutron app"
wBjy7Kh3,"if say a specific phrase, then lock your smartthings devices that support locking"
wCFeSQup,"if every day of the week at, then turn on your hue lights"
wCuHprhY,"if the alarm was triggered, then activate your smartthings alerting device's siren and/or strobe"
wDKSHgNz,"if temperature drops below, then set a nest thermostat to the temperature you specify"
wDLJASW2,"if turns off, then turn the specified product's night light on"
wEUYQzeC,"if home when scheduled to be in sleep mode, then turn off your hue lights"
wFRnMTJZ,"if say a specific phrase, then dim or brighten your hue lights to a value between 0-100"
wFUYwdDf,"if new sleep logged, then turn your lights off"
wFkJGUtD,"if smoke detected, then change the color of your hue lights"
wG5zH2if,"if you enter an area, then set the thermostat into a hold using the settings from the specified comfort profile"
wGAT6FBs,"if today's weather report, then change the color of your hue lights to match the dominant colors found in an image you specify"
wGgFyQsC,"if new feed item, then briefly turn your hue lights off then back on"
wH6XjDRV,"if new sound or motion event, then change the color of your hue lights"
wHMfqwXK,"if long press, then dim or brighten your hue lights to a value between 0-100"
wJ5sCkwV,"if sunset, then turn a wemo light switch on"
wJFXKhDe,"if every day of the week at, then set the thermostat into a hold with the specified temperature for the specified number of hours"
wJVdhifZ,"if current temperature drops below, then turn a wemo switch on then immediately back off"
wJdRBXvE,"if your alarm goes off, then dim or brighten your hue lights to a value between 0-100"
wJx5KzWu,"if a user arrived, then turn your lights on"
wK6BAF3s,"if switched on, then turn a wemo light switch off"
wKGvNhVP,"if every day of the week at, then make your lights slowly breathe the color of your choice"
wKhayYPG,"if you enter an area, then run a my leviton scene"
wLT3pNqw,"if button press, then activate the scene that you choose"
wLVarwqk,"if say a simple phrase, then turn on a slow color loop effect for your hue lights"
wLhMuGy3,"if say a simple phrase, then turn on the device/group of your choosing"
wLidztrK,"if cycle is complete, then briefly turn your hue lights off then back on"
wM8RUjqf,"if every day of the week at, then change the color of your hue lights"
wMByVsap,"if every day at, then change the color of your lights"
wMLPVcpQ,"if say a simple phrase, then turn on your smartthings devices that support switching on"
wMmxyB5L,"if gesture with task matching id occurs, then change the color of a light bulb"
wMy9Z32m,"if every day at, then turn off your hue lights"
wMyJnFdt,"if every day at, then return control of your heating to tado⁠°, using your user-defined settings (e"
wN5VKbzi,"if new ring detected, then turn your lights on"
wPJXBCTi,"if sunset, then change your hue lights to a randomly selected color"
wPZiV6Q7,"if door is locked, then turn off a selected device"
wPavhgFy,"if every year on, then change the color of your hue lights to match the dominant colors found in an image you specify"
wQdApWmt,"if every hour at, then turn on your hue lights"
wRHiCN6X,"if opened, then update a boolean variable in apilio to true"
wS3UDLqG,"if sunrise, then turn a wemo dimmer on"
wSAsGwRm,"if new sleep logged, then turn your lights on"
wSHkVuLM,"if motion is detected, then turn on the selected light(s)"
wSUCKbZc,"if current condition changes to, then change the color of your hue lights"
wT6R4XyD,"if sunset, then turn a device on or off"
wT8Pmb4R,"if you enter an area, then turn your lights on"
wTKRA3ey,"if every day of the week at, then turn on your hue lights"
wTZcYd3D,"if any new motion, then turn a wemo switch on"
wU2jqBSZ,"if you enter an area, this action sets an override on target temperature of one of your zones"
wU3FnJeQ,"if current measured temperature changes, then change the color of your hue lights"
wULb7kjN,"if button press, then activate the shortcut you specify"
wUu2EjY9,"if say a simple phrase, then turn off your hue lights"
wVezqmcb,"if you are tagged in a photo, then dim or brighten your hue lights to a value between 0-100"
wVp3jR6n,"if smoke alarm emergency, turns on the selected wemo light"
wVsyekEB,"if current condition changes to, then change the color of your hue lights"
wWRnL3DZ,"if sunset, then change brightness of a dimmer to a specified level/percentage"
wWbe9d23,"if humidity or moisture is too high, then turn on your hvac system fan for the amount of time you specify in your nest fan timer setting (default is 15 minutes)"
wWvmUTVG,"if motion detected, then turn a wemo switch on"
wXLrsWjv,"if say a specific phrase, then adjust your slow cooker to your specified cooking mode (high, low, keep warm, off)"
wXzYe4nG,"if sunrise, then turn off your hue lights"
wYf8ceZQ,"if button press, then toggle your hue lights on or off"
wYig85ca,"if connects to a specific wifi network, then turn on the selected light(s)"
wYrqc5d6,"if an alarm event occurred, then briefly turn your hue lights off then back on"
wZNjBDWm,"if current temperature drops below, then turn on a device"
wZrCnLzT,"if switched on, then turn on your coffee machine"
wZvPrMhj,"if say a specific phrase, then change the color of your hue lights"
wa7LUnVt,"if device connects, then turn a wemo insight switch on"
waWeXBzZ,"if any incoming call, then turn a wemo switch on then immediately back off"
waeXVf2B,"if current condition changes to, then change the color of a light bulb"
wbikvKdf,"if every day at, then turn a wemo switch on"
wbsBfduc,"if say a specific phrase, then turn off your smartthings devices that support switching off"
wdJ852Sr,"if every day of the week at, then change the color of your lights"
wdQxXe6H,"if say a specific phrase, then change the color of your hue lights"
wdfRt5xp,"if you exit an area, then turn off your hue lights"
wfmGy7xp,"if say a specific phrase, then set a nest thermostat to the temperature you specify"
wgdjQs8p,"if new motion detected, then turn on your hue lights"
wgmnfSyd,"if current condition changes to, then turn a wemo light switch on"
wiDHYzjb,"if moisture detected, then turn on your smartthings devices that support switching on"
wiiTAA5w,"if motion event detected, then turn your lights off"
wirMEGtW,"if button press, then set the thermostat temperature"
wjXurn7x,"if any new motion, then turn a wemo switch off"
wjnEpYaf,"if new status message on page, then briefly turn your hue lights off then back on"
wjt9zKds,"if you exit an area, then switch the electric switch off"
wkA4LdKV,"if motion is detected, then turn your lights on"
wmZNQPgT,"if sunset, then turn on your hue lights"
wnR2jqkb,"if sunset, then turn your lights on"
wp4nKFms,"if any incoming phone call missed, then change the color of your hue lights"
wpHcvxi9,"if every hour at, then turn off your hue lights"
wptgqfKj,"if lowest electricity price, then change the color of your hue lights"
wqVbyZAP,"if you exit an area, this action turns off your air purifier"
wqZgTVBt,"if every year on, then turn a wemo light switch on then immediately back off"
wqtKTHGM,"if every day at, then turn off a selected device"
wrXjB9J7,"if motion detected, then turn your hive light on for a specific duration"
wsxHBRFA,"if every day at, then close the garage door you specify"
wt63sVwP,"if button press, then turn on your hue lights"
wu6QDt2E,"if every day at, then turn on your hue lights"
wuFHDqdy,"if device is plugged in, then turn a wemo switch off"
wuPMe9bW,"if button press, then turn on a slow color loop effect for your hue lights"
wv8K3jsF,"if say a simple phrase, then initiate the evaluation of the specified logicblock in apilio"
wvZ46HAD,"if say a simple phrase, then boost heating to the temperature and duration you specify"
wwqWjMTL,"if say a phrase with a text ingredient, then set a nest thermostat to the temperature you specify"
wxLrgZDH,"if cycle is complete, then turn on the ambient light of your hood with the selected color"
wyqzjE4g,"if flic is clicked, then turn off your hue lights"
wzLGDXwT,"if switched off, turns off the selected wemo light"
wzeadjy7,"if say a phrase with a text ingredient, then turn your lights off"
wzguVxUQ,"if door is locked, then turn off the selected light(s)"
x2Eza5kj,"if sunset, then set your lights to a pre-defined scene"
x2QcmYfC,"if say a simple phrase, this action well set a scene on your hue lights"
x2cDSiEs,"if run completion message, then temporarily set your nanoleaf light panels or canvas to a solid or blinking color and then return to its previous state"
x2qEU3nJ,"if send ifttt an email tagged, then turn on, turn off or toggle your lights"
x3Z2zwHT,"if turns on, then turn the specified product off"
x3wjLbz7,"if any incoming call, then make your lights quickly blink the color of your choice"
x45Gc2CF,"if sunrise, then turn off the device/group of your choosing"
x4Agj8mv,"if temperature drops below, then update a boolean variable in apilio to false"
x4PAHweT,"if temperature rises above, then change the color of your hue lights"
x4gSQKHh,"if smoke alarm warning, then make your lights quickly blink the color of your choice"
x4rkNjDn,"if you enter an area, then set the operating mode of your ge water heater"
x65hrDNq,"if carbon dioxide drops below, then change the color of your hue lights"
x6QuC8pK,"if notification received from a specific app, then turn a wemo switch off"
x6Rwq97J,"if motion detected, then turn on your smartthings devices that support switching on"
x6wn2ZE7,"if new tweet by a specific user, then briefly turn your hue lights off then back on"
x72uMjSn,"if high temperature alert, turn your a/c on with a set temperature, mode and fan level"
x7LfEvN5,"if flic is clicked, then turn on the selected light(s)"
x8B9qhFS,"if current temperature drops below, then turn a wemo insight switch on"
xAD2k84Q,"if alarm triggered, then activate your smartthings alerting device's siren and/or strobe"
xAc7YBFt,"if your alarm goes off, then turn on, turn off or toggle your lights"
xBy9mdp2,"if every day of the week at, then turn on your hue lights"
xCRFdHbm,"if button press, then toggle your hue lights on or off"
xCtuR2Q6,"if button press, then turn off your coffee machine"
xCuQFX53,"if current condition changes to, then change the color of your lights"
xD6Qd3js,"if receive an event from apilio, the action will activate home mode on your neohub"
xE7BcyJA,"if presence detected, then deactivate your smartthings alerting device's siren and/or strobe"
xE9Vmqcg,"if today's weather report, then change the color of your hue lights"
xEPJh5r7,"if button press, then change the color of your hue lights"
xF9UzauB,"if thinga was clicked, then turn on your hue lights"
xFDNMvWQ,"if flic is clicked, then make your lights quickly blink the color of your choice"
xFpy3H7g,"if you enter an area, then change the setpoint of a device to the desired value"
xHQKZmDA,"if every day at, then turn off one of your mi|home devices"
xHjwE4xQ,"if ask what's on your shopping list, then turn a wemo switch off"
xJKLdWZi,"if you enter an area, then set a nest thermostat to the temperature you specify"
xLqS3Ccz,"if say a simple phrase, turns on the selected wemo light"
xM6kTtUH,"if current condition changes to, then change the color of your hue lights"
xMBGZrht,"if every day at, then turn your lights off"
xMZaBifR,"if new motion detected, then turn on your smartthings devices that support switching on"
xNAXzUr4,"if every day at, then turn a wemo switch off"
xNKtLrU7,"if co₂ above a specified value, then change the color of your hue lights"
xNe8vgj9,"if when i have a new weight, then turn off your hue lights"
xNjR8tWA,"if item added to your to do list, then set a nest thermostat to the temperature you specify"
xPLj2mGD,"if opened, then turn on your hue lights"
xPa6iB3s,"if new public video from subscriptions, then set your lights to a specified brightness"
xPaphgyN,"if sunrise, then turn off your hue lights"
xPfCRcbq,"if gust speed rises above, then change the color of your hue lights"
xQLeKMCk,"if every year on, then change the color of your hue lights to match the dominant colors found in an image you specify"
xQfCrJVx,"if every day at, then turn off your hue lights"
xR6efxdH,"if any new motion, then briefly turn your hue lights off then back on"
xREDduGb,"if say a phrase with a text ingredient, then set a nest thermostat to the temperature you specify"
xRvNsu6e,"if current temperature rises above, then turn a wemo switch off"
xSKMdzCJ,"if say a specific phrase, then turn on your hue lights"
xSQnDqpM,"if sunrise, then turn off your hue lights"
xSW4ZN5f,"if say a specific phrase, then set your honeywell thermostat to hold a temperature for a specified period of time"
xTXnpzwe,"if every day at, then turn a wemo switch off"
xTpP9eCg,"if every day at, then turn on your hue lights"
xUBb2J5h,"if every day at, then return control of your heating to tado⁠°, using your user-defined settings (e"
xUKW2naZ,"if you enter an area, then make your lights slowly breathe the color of your choice"
xUSWXBvc,"if you enter an area, then turn on your hue lights"
xUTVta9w,"if button press, then change the color of a light bulb"
xUsSHTQ4,"if sunrise, then turn on your coffee machine"
xV9KQEmz,"if receive an event from apilio, then start your heating"
xVA9sqR6,"if say a specific phrase, then set a nest thermostat to the temperature you specify"
xWDCahNb,"if every day of the week at, then turn on your hue lights"
xWJ27vja,"if you exit an area, then set your honeywell thermostat to permanently hold the specified temperature until you change it"
xWYvai67,"if motion sensor detects motion, then turn on the selected light(s)"
xWbp48Su,"if temperature drops below, then turn off your smartthings devices that support switching off"
xWvayxKu,"if say a specific phrase, then change the color of your hue lights"
xX94jzKB,"if say a specific phrase, then change the color of your hue lights"
xY74RJMk,"if say a specific phrase, then turn on a slow color loop effect for your hue lights"
xYAm9fxC,"if every day at, then turn a wemo switch off"
xZ7Vmih2,"if hood turned off, then turn off your hue lights"
xZJ6pb34,"if say a simple phrase, turns off the selected wemo light"
xZKT8tAc,"if long press, then turn a wemo light switch off"
xa2rXD7E,"if current condition changes to, then unpause your thermosmart, i"
xa3Y2XGb,"if button press, then activate the specified scene"
xaCNvDzY,"if motion has been detected, then briefly turn your hue lights off then back on"
xaMWLTsk,"if current condition changes to, then change the color of your hue lights"
xaVpcS7C,"if every day at, then turn off your hue lights"
xacWq9zp,"if electricity becomes expensive, turn your a/c off"
xayA7uXR,"if sunset, then turn on your hue lights"
xbMyBTa9,"if you enter or exit an area, then toggle a wemo switch on or off"
xbxXnSwY,"if smoke alarm warning, then briefly turn your hue lights off then back on"
xc3StrQD,"if every day at, then activate the specified scene"
xcKkLeq7,"if say a specific phrase, then set a nest thermostat to the temperature you specify"
xcRnuyXD,"if say a simple phrase, then turn off your hue lights"
xceanYBy,"if you enter an area, then set the target temperature of your thermostat"
xd6nh3CT,"if receive an event from apilio, then activate standby mode on the selected heatmiser thermostat"
xdD7ZPEq,"if sunset, then activate the shortcut you specify"
xeARjmZh,"if your alarm goes off, then briefly turn your hue lights off then back on"
xedAbNc6,"if say a phrase with a text ingredient, then turn on your hue lights"
xevy6YTr,"if receive an event from apilio, then switch off your light"
xg7Jm4Sh,"if every day of the week at, then set the temperature of your ge water heater"
xgvRKBdF,"if button press, then turn your lights on"
xgyGN2CV,"if sunrise, then set a lutron dimmer or switch to the level you specify"
xhKtMa7Z,"if any new reminder, then briefly turn your hue lights off then back on"
xhw2f5yi,"if sunset, then turn a wemo switch on"
xifJnHpG,"if say a specific phrase, switch wattio air off"
xjyw4Wku,"if device connects, then set your honeywell thermostat to permanently hold the specified temperature until you change it"
xkUxT2u7,"if every day at, then close the garage door you specify"
xm7Ctr5J,"if new incident assigned to me, then briefly turn your hue lights off then back on"
xm83WEbN,"if say a phrase with a text ingredient, then turn a wemo switch on"
xmtkqs6r,"if every day of the week at, then briefly turn your hue lights off then back on"
xnyStbu3,"if say a simple phrase, then open the garage door you specify"
xpBGxyn8,"if lock unlocked by specific person, then turn your lights on"
xpu3Nxmk,"if gesture with task matching id occurs, then lock your smartthings devices that support locking"
xqhASMcR,"if say a specific phrase, then turn on your smartthings devices that support switching on"
xqvRznJ8,"if every hour at, then turn off your hue lights"
xr5D7Bu3,"if filtrete smart air filter life (%) dropped below, then turn a wemo switch on"
xrBJ8QhL,"if event from mesh app received, then turn a wemo switch off"
xrWjbeBc,"if new public video from subscriptions, then set your lights to a specified brightness"
xs6KXVub,"if alarm, then briefly turn your hue lights off then back on"
xsByfYF7,"if every day of the week at, then switch on your light"
xtT62Gjc,"if light switch is turned off, this action turns off one of your light switches"
xtVzedmY,"if say a specific phrase, then launch a connexoon scenario"
xutHnEUT,"if say a specific phrase, then change the color of your hue lights"
xwhKY4Bd,"if sunset, then turn on your hue lights"
xwsqpLHU,"if you enter an area, then set the thermostat into an indefinite hold with the specified temperature"
xxGwWSsU,"if long press, then toggle a wemo insight switch on or off"
xxPyceGU,"if new track added to a playlist, then turn on a slow color loop effect for your hue lights"
xxSy6GDs,"if every day at, then change the color of your hue lights"
xxVSCKNR,"if alarm, then turn off the device/group of your choosing"
xxYPthjy,"if temperature or humidity changes, then set a specific device on heat mode"
xxhCMyGF,"if say a specific phrase, then dim or brighten your hue lights to a value between 0-100"
xydEXLi4,"if your alarm goes off, then make your lights slowly breathe the color of your choice"
xzQU2wnM,"if say a simple phrase, then turn on, turn off or toggle your lights"
xzcDYfa5,"if send ifttt an email tagged, then turn your lights off"
y2CWYQMP,"if end of cycle alarm, then change the color of your hue lights"
y2fiFhKL,"if new track added to a playlist, then change the color of your hue lights"
y32VRGSj,"if smoke alarm warning, then turn on a device attached to your hubitat elevation system"
y3JMDFuf,"if motion detected, turns on the selected group of wemo lights"
y3YQNUzC,"if you enter an area, then turn a wemo light switch on"
y59Q2gvT,"if nest set to home, then turn a wemo insight switch on"
y5YSnxXc,"if every day at, then turn off your hue lights"
y5bid98J,"if sunset, then turn on your hue lights"
y5tUvAGx,"if current condition changes to, then make your lights slowly breathe the color of your choice"
y63qa8Sy,"if every day at, then turn off your hue lights"
y65ePBMy,"if you enter an area, then turn on the nanoleaf product that you select from the device dropdown on this screen"
y69sXfkn,"if presence detected, then change the setpoint of a device to the desired value"
y6sXqp2m,"if the alarm panel has been armed, then turn off your smartthings devices that support switching off"
y7dJksbc,"if say a simple phrase, then turn on your hue lights"
y7pkUVnE,"if event from search starts, then set a nest thermostat to the temperature you specify"
y7qGtP95,"if sunset, then turn on your hue lights"
y8AQmREU,"if say a simple phrase, then turn your lights on"
y8hCBH3G,"if every day at, then turn off your hue lights"
y8hcEtpq,"if presence no longer detected, then update a boolean variable in apilio to false"
y97yH2TA,"if prayer time, then change your lights to a specified color"
y9JmFQXg,"if motion detected, then briefly turn your hue lights off then back on"
y9LFu4BA,"if you enter an area, then turn on a device"
y9UPVKJb,"if temperature drops below, then set your thermosmart to the temperature you specify"
y9ZrPVD6,"if door opens, closes or moves, then adjust multiple lights and shades together by activating a scene created in the lutron app"
yA7UQd9h,"if say a simple phrase, then change the color of your hue lights"
yASQGtqD,"if sunrise, then turn off the device/group of your choosing"
yAct5wFQ,"if say a specific phrase, then change the color of your hue lights"
yBrVs56G,"if every day at, then set a dim level on your light"
yCJ28taf,"if sunset, then turn on your smartthings devices that support switching on"
yDiVjaYR,"if new tweet by you with hashtag, then turn your aros a/c on and set to a temperature you specify"
yE4xkupS,"if current condition changes to, then change the color of your hue lights"
yEUZ8Sq2,"if sunset, then turn on your hue lights"
yEsh27dr,"if robolinho® has started mowing, then set a innogy smarthome state to 'yes'"
yFLHJCbB,"if new check-in at category, then turn on your hue lights"
yFchY3QA,"if say a simple phrase, then turn off your hue lights"
yFqJCGjx,"if item completed on your to do list, then briefly turn your hue lights off then back on"
yFqSYf4i,"if door opened, then set a specific device on manual mode"
yFsvBLRx,"if pusher pressed, then set a nest thermostat to the temperature you specify"
yFtUx4pH,"if event from search starts, then turn your heating off"
yHLhKScj,"if every day of the week at, then briefly turn your hue lights off then back on"
yHNCQVg3,"if alarm triggered, then turn on a device attached to your hubitat elevation system"
yHnwkzYt,"if say a simple phrase, then turn on your hue lights"
yJBFEU7A,"if button press, then turn off your hue lights"
yJYXu3xq,"if new check-in tagged, then turn a wemo light switch on"
yK7Ge5NP,"if say a simple phrase, then turn on your hue lights"
yKesiDTS,"if open door alarm, then briefly turn your hue lights off then back on"
yLFkuxc4,"if receive an event from apilio, then unlock your smartthings devices that support unlocking"
yLMV6Ahg,"if button press, then set the current room temperature to a level of your choice"
yLzDdPbN,"if current temperature rises above, then change the color of your lights"
yMNdj2rV,"if iss passes over a specific location, then briefly turn your hue lights off then back on"
yMgtE7Nb,"if thermostat indoor humidity is greater than, then turn a wemo switch off"
yMmzibjg,"if every day at, then turn off your hue lights"
yMnbLQh5,"if new motion event, then turn on your smartthings devices that support switching on"
yMsHDQvV,"if say a specific phrase, then launch a connexoon scenario"
yNjpJaiR,"if say a simple phrase, then turn your lights off"
yP4BgwuS,"if say a specific phrase, then turn on a slow color loop effect for your hue lights"
yPbR3MXN,"if say a simple phrase, then turn on a device"
yQLpWjv6,"if new status message by you, then change the color of your hue lights"
ySEMiQUv,"if current condition changes to, then turn on your hue lights"
ySY4FEwJ,"if say a specific phrase, then turn off your devices that support switching off"
yTBYf94G,"if update received, then update a numeric variable in apilio"
yUM6CQve,"if sunrise, then turn off a whole group of mi|home devices simultaneously"
yUdNP7tY,"if every day of the week at, then change the color of your hue lights"
yUiAh39w,"if astronaut enters space, then briefly turn your hue lights off then back on"
yVxSkL7s,"if new channel membership, then change your light's brightness to the specified level"
yVy6QNPj,"if motion detected, then turn a wemo insight switch on"
yWEXejF7,"if mode switched, then turn on your hue lights"
yWeuYJ9k,"if you enter an area, then open the garage door you specify"
yWpNRXgJ,"if send ifttt any email, then briefly turn your hue lights off then back on"
yXCnHsdJ,"if alarm activated, then activate the shortcut you specify"
yXEwNMVi,"if new motion detected, then briefly turn your hue lights off then back on"
yXUfCg6s,"if temperature rises above, then set a lutron shade to the position you specify"
yXhu85gi,"if today's weather report, then change the color of your hue lights to match the dominant colors found in an image you specify"
yXqZzQ6U,"if say a specific phrase, then set a nest thermostat to the temperature you specify"
yYMi9U6C,"if you exit an area, then set the temperature on the thermostat"
yYkVxeUL,"if you exit an area, then turn a wemo switch off"
yYv6FUCM,"if say a specific phrase, then change the color of your hue lights"
yYz56pQn,"if sunset, then turn on your hue lights"
yZXptYMQ,"if you enter an area, then turn on the selected light(s)"
yZb5MVqz,"if motion detected, then briefly turn your hue lights off then back on"
yZdf2LkA,"if say a specific phrase, then turn off your hue lights"
yaTcu7QF,"if send ifttt an email tagged, then turn a wemo insight switch on"
yas4cX6y,"if every day at, then turn on your hue lights"
yb76TwiM,"if every day at, then activate the shortcut you specify"
ybWqgrAu,"if sunset, then allow you to switch on the selected neoplug"
ybkj6x53,"if humidity drops below, then turn off the device/group of your choosing"
ybqFzWv8,"if button press, then set a target temperature on your window ac unit"
ycJsbnRu,"if you enter an area, then toggle your hive light on or off"
ycRA36kv,"if every day of the week at, then turn off your hue lights"
ycVHb28K,"if every day at, then open the garage door you specify"
yeJj3kv6,"if say a specific phrase, then turn on your hue lights"
yfMy3DiH,"if new motion detected, then turn your lights on"
yfYxUWEQ,"if every day of the week at, then turn your lights on"
ygjHUKAB,"if energy price threshold change for duration, then set the thermostat into a hold with the specified temperature for the specified number of hours"
yhH6EkZC,"if say a specific phrase, then set your home to away mode"
yhN6KmgG,"if button press, then turn off the functional light of your hood"
yjFYdXEv,"if say a simple phrase, then turn on your a/c in the specified room, and run it in comfort mode"
yjnVvt9U,"if is it christmas?, then change the color of your hue lights"
yjwqfGbz,"if sunset, then dim or brighten your hue lights to a value between 0-100"
ymKFUxN9,"if new motion detected, then turn on your hue lights"
ymYdgc4X,"if sunset, then change the color of your lights"
ymzjrPvu,"if say a specific phrase, then turn your lights off if they are on, and turn them on if they are off"
ynKYHTdx,"if every day of the week at, then turn your lights on"
ypE3z9fX,"if tomorrow's high rises above, then open a relay"
ypQVqfaz,"if say a specific phrase, turns off the selected wemo light"
ypifPBjh,"if new motion event, then turn on your device"
yqMbCGeP,"if is it christmas?, then turn on a slow color loop effect for your hue lights"
yrStJMR3,"if say a specific phrase, then turn a wemo switch off"
yrewV8Nq,"if every hour at, then turn off your hue lights"
yrpqMHsR,"if every day at, then change the color of your hue lights"
yrzyAbnp,"if switched off, then turn your lights off if they are on, and turn them on if they are off"
ysrx3Czf,"if new group decision or direct action taken, then turn off a selected device"
yswGHjS6,"if button press, then order your home to go back to default schedule"
ytTu9yd6,"if co₂ below a specified value, then turn off your hue lights"
yuiVyFTS,"if every day of the week at, then turn off your hue lights"
yurpy75a,"if you exit an area, then turn off your hue lights"
ywRGjhBF,"if every day of the week at, then turn a wemo switch off"
ywdDvXmp,"if laundry cycle is finished, then briefly turn your hue lights off then back on"
ywpAJ5VD,"if current condition changes to, then briefly turn your hue lights off then back on"
yxkZH89M,"if new mention of you, then make your lights quickly blink the color of your choice"
yyHtEuAU,"if carbon monoxide warning, then turn a wemo switch off"
yygndmph,"if button press, this action sets an override on target temperature of one of your zones"
yyhkXpMS,"if smoke alarm emergency, then change the color of your hue lights"
yyrDzePv,"if new channel membership, then set your lights to a pre-defined scene"
yzJ4Sune,"if you exit an area, then turn a wemo switch off"
yzLJNvpP,"if button press, then activate a beolink gateway scene"
yzeJ6Sxi,"if temperature drops below, then turn a wemo switch off"
yzkJTpAW,"if device is switched off, then turn off your smartthings devices that support switching off"
yzsHZ8V4,"if disconnects from a specific wifi network, then turn off your hue lights"
z34YPBdx,"if carbon monoxide warning, then turn a wemo light switch on"
z3QiMWKN,"if pusher pressed, then toggle your hue lights on or off"
z3gm4vDj,"if every day at, then turn a wemo light switch on"
z3qaUgy5,"if temperature rises above, then turn on your hvac system fan for the amount of time you specify in your nest fan timer setting (default is 15 minutes)"
z3wdtFvc,"if switched on, then turn on your hue lights"
z4Tn7WMd,"if say a specific phrase, then change the color of your hue lights"
z5vFrXuq,"if say a simple phrase, then set a nest thermostat in heat-cool mode to the temperature range you specify"
z6RLwvPX,"if sunset, then turn a wemo switch on"
z7Qq9Cup,"if lock is unlocked, then turn on your hue lights"
z7UfheEu,"if current heating mode changes, then turn off your hue lights"
z7zYGHbW,"if tomorrow's weather report, then change the color of your hue lights"
z8CwKB9d,"if every day at, then dim or brighten your hue lights to a value between 0-100"
z8jBaPnx,"if humidity rises above, then turn on a device"
z8nxDfKy,"if new ring detected, then turn on your hue lights"
z9DNbZPu,"if flic is clicked, then set thermostat to manual at a specific temperature indefinitely"
z9Y3CV6D,"if say a simple phrase, then turn your lights on"
zARqfxBt,"if sunset, then turn on/off a device"
zAiZhnUx,"if every day at, then turn on your hue lights"
zBpHNeD6,"if your alarm goes off, this action well set a scene on your hue lights"
zBqPMa8C,"if say a specific phrase, then change the color of your hue lights"
zCuri9gL,"if smoke alarm emergency, then turn on your hue lights"
zD6wkJNy,"if event from search starts, then activate the specified scene"
zDGYfTNr,"if say a simple phrase, this action well set a scene on your hue lights"
zDsr4nzi,"if closed, then update a boolean variable in apilio to false"
zETn5sRk,"if room started, then turn your lights on"
zErCgD8s,"if every day at, then turn off your hue lights"
zFsYUKRi,"if current temperature drops below, then change the color of your hue lights"
zG7fhxBz,"if today's weather report, then turn on your hue lights"
zGusLFRA,"if you enter an area, then make your lights quickly blink the color of your choice"
zHE5FJ3N,"if you enter an area, then turn on your smartthings devices that support switching on"
zHRcei8F,"if motion sensor detects motion, then open a hubitat device"
zHXuAkyg,"if ask what's on your to do list, turns on the selected wemo light"
zHZvJMkj,"if gesture with task matching id occurs, this action well set a scene on your hue lights"
zJcvzwLY,"if say a specific phrase, then change the color of your lights"
zK4BuJDb,"if new ring detected, then make your lights quickly blink the color of your choice"
zKYSDZRc,"if say a simple phrase, then turn off your hue lights"
zKrd2hbc,"if you enter an area, then turn on your smartthings devices that support switching on"
zKwtz2Th,"if say a specific phrase, then turn your aros a/c off"
zLHSJApX,"if notification received from a specific app, then set your lights to a pre-defined scene"
zLvC2zG3,"if new sleep logged, then turn on your hue lights"
zMCaFbfp,"if say a simple phrase, then turn off your hue lights"
zMmXfg25,"if say a simple phrase, then turn off a selected device"
zNZ4hdxg,"if sunset, turns on the selected wemo light"
zNhaecH9,"if smoke alarm emergency, then set the thermostat into a hold using the settings from the specified comfort profile"
zQUezgHX,"if gesture with task matching id occurs, then turn a wemo light switch off"
zQX9m7GW,"if oven finished, then briefly turn your hue lights off then back on"
zQfRsG5r,"if gust speed rises above, then turn a wemo switch off"
zRXUx86r,"if current condition changes to, then change the color of your hue lights"
zRdwc2Em,"if say a simple phrase, then turn your lights on"
zRxu6Qhi,"if say a specific phrase, then change the color of your hue lights to match the dominant colors found in an image you specify"
zS5zKdte,"if current temperature rises above, then change the color of your hue lights"
zSecRBa3,"if item deleted on your to do list, then unpause your thermosmart, i"
zSfD86rw,"if alarm, then change the color of your hue lights"
zTGJewKz,"if switched on, turns on the selected wemo light"
zTHs73yx,"if sunset, then switch on your light"
zTJWiwjU,"if connects to a specific wifi network, then turn on your hue lights"
zTu7pyXE,"if nest set to away, then start your robot"
zUY7Sqwd,"if sensor activated, then turn a wemo insight switch on"
zUrEa9AP,"if every day of the week at, then turn your aros a/c on and set to a temperature you specify"
zV5WPnwt,"if outdoor air quality level changed, then change the color of your hue lights"
zViFtmYn,"if you exit an area, then turn off your hue lights"
zWLSKb3z,"if event from search starts, then change the color of your lights"
zX8dhGVU,"if every day at, then turn a wemo switch on"
zXdcxTYS,"if every day at, then change the color of your hue lights"
zXkJ74Td,"if door opened, then turn on/off the dehumidifier"
zXqUnGtc,"if tomorrow's forecast calls for, then send a command to one of your openhab items"
zYHZePpy,"if current condition changes to, then turn a wemo switch off"
zZYQHURf,"if say a simple phrase, then turn off your hue lights"
zZbSt7QK,"if sunset, this action well set a scene on your hue lights"
zZeTrjF6,"if you exit an area, then turn a wemo switch off"
zaA8NKrn,"if send ifttt an email tagged, then turn a wemo switch on"
zaEz6NAM,"if say a specific phrase, this action well set a scene on your hue lights"
zaM652kj,"if current humidity level rises above, then turn a wemo switch off"
zaWURXEM,"if sunset, then set your lights to a pre-defined scene"
zb2t8UJM,"if event from search starts, then set a nest thermostat to the temperature you specify"
zbFTaVsK,"if standby mode entered, then turn a wemo switch off"
zbzsPnLx,"if current temperature rises above, then set a nest thermostat to the temperature you specify"
zckZKh2X,"if new motion detected, then turn a wemo light switch on"
zdzn7WjB,"if say a specific phrase, then change the color of your lights"
ze3LQurX,"if sunrise, then turn on, turn off or toggle your lights"
zemPbdvh,"if say a specific phrase, then turn off your smartthings devices that support switching off"
zf2pQhJB,"if say a specific phrase, then set the current room temperature to a level of your choice"
zfFuCR43,"if every hour at, then turn on your smartthings devices that support switching on"
zfRF7wrh,"if you exit an area, then enable a quick action at one of your locations"
zfSmwezq,"if button press, then turn on your hue lights"
zfpMgmLq,"if is it christmas?, then change the color of your hue lights"
zfzNercM,"if say a simple phrase, then switch on all your security devices"
zgdLzbFx,"if say a specific phrase, then dim or brighten your hue lights to a value between 0-100"
zgkqTJX8,"if sunset, then turn a wemo switch on"
zhnqA9Kd,"if motion detected, then turn your lights on"
ziACtQBp,"if every day of the week at, then set a lutron dimmer or switch to the level you specify"
ziBPfWAd,"if say a specific phrase, then turn your hive light off for a specific duration"
ziV6MHEA,"if current temperature rises above, then set the thermostat into a hold with the specified temperature and the end date/time will be set to the next climate transition in the program"
zj5yiBcM,"if say a specific phrase, then set a nest thermostat to the temperature you specify"
zjrkCen8,"if switched on, then turn a wemo light switch off"
zjuziG5Z,"if co2 level above threshold, then turn on your hvac system fan for the amount of time you specify in your nest fan timer setting (default is 15 minutes)"
zjzaYsqA,"if event from search starts, then turn a wemo switch off"
zkDbgmc4,"if button press, then turn on a device"
zkcgtbrJ,"if every day at, then turn a wemo switch on"
zkqxeUvr,"if event from search starts, then set the thermostat into a hold using the settings from the specified comfort profile"
zmPsu4p7,"if current condition changes to, then activate the specified scene"
zmTNGkJP,"if astronaut enters space, then make your lights quickly blink the color of your choice"
znAaYJWb,"if send ifttt any email, then turn on your hue lights"
znGBPNC5,"if robot started, then turn on your smartthings devices that support switching on"
zndSqLXZ,"if sunset, then turn on your hue lights"
zpMt9j4w,"if sunset, then turn on your hue lights"
zpi2KskB,"if cycle is complete, then change the color of your hue lights"
zpkvARns,"if when fetchit button is pressed, then turn off your smartthings devices that support switching off"
zpwf7KcL,"if current temperature drops below, then remove any existing quick action at your location and set your heating system to follow the schedule"
zq5PC3s4,"if button press, then turn off your hue lights"
zqST6FQn,"if every day of the week at, then turn your lights on"
zqeY54XJ,"if current temperature rises above, then change the color of your hue lights"
zqzgUmJh,"if send ifttt any email, then turn off your hue lights"
zr5HiefS,"if switched on, then turn on the device/group of your choosing"
zrVbXT5G,"if button press, then briefly turn your hue lights off then back on"
zsGCBJmF,"if you exit an area, then enable a quick action at one of your locations"
zsVQZC3U,"if you enter an area, then briefly turn your hue lights off then back on"
zsuxPCaK,"if nest set to away, then turn on the pivot power genius outlet you specify"
zuTmd3kF,"if new motion detected, then turn on your hue lights"
zuaczjyq,"if every day of the week at, then turn your lights on"
zumvLD9b,"if you are tagged in a photo, then briefly turn your hue lights off then back on"
zv9FLjun,"if motion detected, then turn a wemo light switch on"
zvC5tkS9,"if say a simple phrase, this action well set a scene on your hue lights"
zvhbHy5m,"if sunset, then turn on your hue lights"
zwXpZSWj,"if sunset, then turn a wemo light switch on"
zxL6Aa8G,"if button press, then turn on the device/group of your choosing"
zxYKGEaH,"if a device is turned on, then turn a wemo switch on"
zxbmEMQp,"if say a phrase with a text ingredient, then turn your lights off"
zyNc9k7R,"if début de plage tarifaire, then turn on the selected light(s)"
zyTtbMcj,"if you exit an area, then turn off your hue lights"
zyvqWQmf,"if say a simple phrase, then trigger the specified bot to turn on the switch"
zzpUytAk,"if you enter an area, then turn on a device"
