triggerDesc,actionDesc,freeOrLocked,isTriggerEco,isActionEco,isRuleEco
IF a smart device is switched off,", THEN disable the indicated timer.",FREE,NEUTRAL,ECO,ECO
IF a smart device is switched off,", THEN disable the indicated timer.",FREE,NEUTRAL,ECO,ECO
IF a smart device is switched off,", THEN disable the indicated timer.",FREE,NEUTRAL,ECO,ECO
IF a smart device is switched off,", THEN disable the indicated timer.",FREE,NEUTRAL,ECO,ECO
IF a smart device is switched off,", THEN disable the indicated timer.",FREE,NEUTRAL,ECO,ECO
IF a smart device is switched off,", THEN disable the indicated timer.",FREE,NEUTRAL,ECO,ECO
IF a smart device is switched off,", THEN disable the indicated timer.",FREE,NEUTRAL,ECO,ECO
IF a smart device is switched off,", THEN disable the indicated timer.",FREE,NEUTRAL,ECO,ECO
IF a smart device is switched off,", THEN disable the indicated timer.",FREE,NEUTRAL,ECO,ECO
IF a smart device is switched off,", THEN disable the indicated timer.",FREE,NEUTRAL,ECO,ECO
IF a smart device is switched off,", THEN deactivate the air conditioner in a specified room.",FREE,NEUTRAL,ECO,ECO
IF a smart device is switched off,", THEN deactivate the air conditioner in a specified room.",FREE,NEUTRAL,ECO,ECO
IF a smart device is switched off,", THEN deactivate the air conditioner in a specified room.",FREE,NEUTRAL,ECO,ECO
IF a smart device is switched off,", THEN deactivate the air conditioner in a specified room.",FREE,NEUTRAL,ECO,ECO
IF a smart device is switched off,", THEN deactivate the air conditioner in a specified room.",FREE,NEUTRAL,ECO,ECO
IF a smart device is switched off,", THEN deactivate the air conditioner in a specified room.",FREE,NEUTRAL,ECO,ECO
IF a smart device is switched off,", THEN deactivate the air conditioner in a specified room.",FREE,NEUTRAL,ECO,ECO
IF a smart device is switched off,", THEN deactivate the air conditioner in a specified room.",FREE,NEUTRAL,ECO,ECO
IF a smart device is switched off,", THEN deactivate the air conditioner in a specified room.",FREE,NEUTRAL,ECO,ECO
IF a smart device is switched off,", THEN deactivate the air conditioner in a specified room.",FREE,NEUTRAL,ECO,ECO
IF a smart device is switched off,", THEN turn on the indicated timer.",FREE,NEUTRAL,ECO,ECO
IF a smart device is switched off,", THEN turn on the indicated timer.",FREE,NEUTRAL,ECO,ECO
IF a smart device is switched off,", THEN turn on the indicated timer.",FREE,NEUTRAL,ECO,ECO
IF a smart device is switched off,", THEN turn on the indicated timer.",FREE,NEUTRAL,ECO,ECO
IF a smart device is switched off,", THEN turn on the indicated timer.",FREE,NEUTRAL,ECO,ECO
IF a smart device is switched off,", THEN turn on the indicated timer.",FREE,NEUTRAL,ECO,ECO
IF a smart device is switched off,", THEN turn on the indicated timer.",FREE,NEUTRAL,ECO,ECO
IF a smart device is switched off,", THEN turn on the indicated timer.",FREE,NEUTRAL,ECO,ECO
IF a smart device is switched off,", THEN turn on the indicated timer.",FREE,NEUTRAL,ECO,ECO
IF a smart device is switched off,", THEN turn on the indicated timer.",FREE,NEUTRAL,ECO,ECO
IF a smart device is switched off,", THEN enable the indicated timer.",FREE,NEUTRAL,ECO,ECO
IF a smart device is switched off,", THEN enable the indicated timer.",FREE,NEUTRAL,ECO,ECO
IF a smart device is switched off,", THEN enable the indicated timer.",FREE,NEUTRAL,ECO,ECO
IF a smart device is switched off,", THEN enable the indicated timer.",FREE,NEUTRAL,ECO,ECO
IF a smart device is switched off,", THEN enable the indicated timer.",FREE,NEUTRAL,ECO,ECO
IF a smart device is switched off,", THEN enable the indicated timer.",FREE,NEUTRAL,ECO,ECO
IF a smart device is switched off,", THEN enable the indicated timer.",FREE,NEUTRAL,ECO,ECO
IF a smart device is switched off,", THEN enable the indicated timer.",FREE,NEUTRAL,ECO,ECO
IF a smart device is switched off,", THEN enable the indicated timer.",FREE,NEUTRAL,ECO,ECO
IF a smart device is switched off,", THEN enable the indicated timer.",FREE,NEUTRAL,ECO,ECO
IF a smart device is switched off,", THEN start the air conditioner in a specific room in comfort mode.",FREE,NEUTRAL,ECO,ECO
IF a smart device is switched off,", THEN start the air conditioner in a specific room in comfort mode.",FREE,NEUTRAL,ECO,ECO
IF a smart device is switched off,", THEN start the air conditioner in a specific room in comfort mode.",FREE,NEUTRAL,ECO,ECO
IF a smart device is switched off,", THEN start the air conditioner in a specific room in comfort mode.",FREE,NEUTRAL,ECO,ECO
IF a smart device is switched off,", THEN start the air conditioner in a specific room in comfort mode.",FREE,NEUTRAL,ECO,ECO
IF a smart device is switched off,", THEN start the air conditioner in a specific room in comfort mode.",FREE,NEUTRAL,ECO,ECO
IF a smart device is switched off,", THEN start the air conditioner in a specific room in comfort mode.",FREE,NEUTRAL,ECO,ECO
IF a smart device is switched off,", THEN start the air conditioner in a specific room in comfort mode.",FREE,NEUTRAL,ECO,ECO
IF a smart device is switched off,", THEN start the air conditioner in a specific room in comfort mode.",FREE,NEUTRAL,ECO,ECO
IF a smart device is switched off,", THEN start the air conditioner in a specific room in comfort mode.",FREE,NEUTRAL,ECO,ECO
IF a smart device is switched off,", THEN turn off eco mode on the AC unit.",FREE,NEUTRAL,ECO,ECO
IF a smart device is switched off,", THEN turn off eco mode on the AC unit.",FREE,NEUTRAL,ECO,ECO
IF a smart device is switched off,", THEN turn off eco mode on the AC unit.",FREE,NEUTRAL,ECO,ECO
IF a smart device is switched off,", THEN turn off eco mode on the AC unit.",FREE,NEUTRAL,ECO,ECO
IF a smart device is switched off,", THEN turn off eco mode on the AC unit.",FREE,NEUTRAL,ECO,ECO
IF a smart device is switched off,", THEN turn off eco mode on the AC unit.",FREE,NEUTRAL,ECO,ECO
IF a smart device is switched off,", THEN turn off eco mode on the AC unit.",FREE,NEUTRAL,ECO,ECO
IF a smart device is switched off,", THEN turn off eco mode on the AC unit.",FREE,NEUTRAL,ECO,ECO
IF a smart device is switched off,", THEN turn off eco mode on the AC unit.",FREE,NEUTRAL,ECO,ECO
IF a smart device is switched off,", THEN turn off eco mode on the AC unit.",FREE,NEUTRAL,ECO,ECO
IF a smart device is switched off,", THEN set the mode of the air conditioner to eco.",FREE,NEUTRAL,ECO,ECO
IF a smart device is switched off,", THEN set the mode of the air conditioner to eco.",FREE,NEUTRAL,ECO,ECO
IF a smart device is switched off,", THEN set the mode of the air conditioner to eco.",FREE,NEUTRAL,ECO,ECO
IF a smart device is switched off,", THEN set the mode of the air conditioner to eco.",FREE,NEUTRAL,ECO,ECO
IF a smart device is switched off,", THEN set the mode of the air conditioner to eco.",FREE,NEUTRAL,ECO,ECO
IF a smart device is switched off,", THEN set the mode of the air conditioner to eco.",FREE,NEUTRAL,ECO,ECO
IF a smart device is switched off,", THEN set the mode of the air conditioner to eco.",FREE,NEUTRAL,ECO,ECO
IF a smart device is switched off,", THEN set the mode of the air conditioner to eco.",FREE,NEUTRAL,ECO,ECO
IF a smart device is switched off,", THEN set the mode of the air conditioner to eco.",FREE,NEUTRAL,ECO,ECO
IF a smart device is switched off,", THEN set the mode of the air conditioner to eco.",FREE,NEUTRAL,ECO,ECO
IF a smart device is switched off,", THEN turn off the air conditioner in a specified room.",FREE,NEUTRAL,ECO,ECO
IF a smart device is switched off,", THEN turn off the air conditioner in a specified room.",FREE,NEUTRAL,ECO,ECO
IF a smart device is switched off,", THEN turn off the air conditioner in a specified room.",FREE,NEUTRAL,ECO,ECO
IF a smart device is switched off,", THEN turn off the air conditioner in a specified room.",FREE,NEUTRAL,ECO,ECO
IF a smart device is switched off,", THEN turn off the air conditioner in a specified room.",FREE,NEUTRAL,ECO,ECO
IF a smart device is switched off,", THEN turn off the air conditioner in a specified room.",FREE,NEUTRAL,ECO,ECO
IF a smart device is switched off,", THEN turn off the air conditioner in a specified room.",FREE,NEUTRAL,ECO,ECO
IF a smart device is switched off,", THEN turn off the air conditioner in a specified room.",FREE,NEUTRAL,ECO,ECO
IF a smart device is switched off,", THEN turn off the air conditioner in a specified room.",FREE,NEUTRAL,ECO,ECO
IF a smart device is switched off,", THEN turn off the air conditioner in a specified room.",FREE,NEUTRAL,ECO,ECO
IF a smart device is switched off,", THEN change the AC unit mode to sleep.",FREE,NEUTRAL,ECO,ECO
IF a smart device is switched off,", THEN change the AC unit mode to sleep.",FREE,NEUTRAL,ECO,ECO
IF a smart device is switched off,", THEN change the AC unit mode to sleep.",FREE,NEUTRAL,ECO,ECO
IF a smart device is switched off,", THEN change the AC unit mode to sleep.",FREE,NEUTRAL,ECO,ECO
IF a smart device is switched off,", THEN change the AC unit mode to sleep.",FREE,NEUTRAL,ECO,ECO
IF a smart device is switched off,", THEN change the AC unit mode to sleep.",FREE,NEUTRAL,ECO,ECO
IF a smart device is switched off,", THEN change the AC unit mode to sleep.",FREE,NEUTRAL,ECO,ECO
IF a smart device is switched off,", THEN change the AC unit mode to sleep.",FREE,NEUTRAL,ECO,ECO
IF a smart device is switched off,", THEN change the AC unit mode to sleep.",FREE,NEUTRAL,ECO,ECO
IF a smart device is switched off,", THEN change the AC unit mode to sleep.",FREE,NEUTRAL,ECO,ECO
IF a smart device is switched off,", THEN stop the air conditioner in a chosen room.",FREE,NEUTRAL,ECO,ECO
IF a smart device is switched off,", THEN stop the air conditioner in a chosen room.",FREE,NEUTRAL,ECO,ECO
IF a smart device is switched off,", THEN stop the air conditioner in a chosen room.",FREE,NEUTRAL,ECO,ECO
IF a smart device is switched off,", THEN stop the air conditioner in a chosen room.",FREE,NEUTRAL,ECO,ECO
IF a smart device is switched off,", THEN stop the air conditioner in a chosen room.",FREE,NEUTRAL,ECO,ECO
IF a smart device is switched off,", THEN stop the air conditioner in a chosen room.",FREE,NEUTRAL,ECO,ECO
IF a smart device is switched off,", THEN stop the air conditioner in a chosen room.",FREE,NEUTRAL,ECO,ECO
IF a smart device is switched off,", THEN stop the air conditioner in a chosen room.",FREE,NEUTRAL,ECO,ECO
IF a smart device is switched off,", THEN stop the air conditioner in a chosen room.",FREE,NEUTRAL,ECO,ECO
IF a smart device is switched off,", THEN stop the air conditioner in a chosen room.",FREE,NEUTRAL,ECO,ECO
IF a smart device is switched off,", THEN turn on the air conditioner in a specified room in comfort mode.",FREE,NEUTRAL,ECO,ECO
IF a smart device is switched off,", THEN turn on the air conditioner in a specified room in comfort mode.",FREE,NEUTRAL,ECO,ECO
IF a smart device is switched off,", THEN turn on the air conditioner in a specified room in comfort mode.",FREE,NEUTRAL,ECO,ECO
IF a smart device is switched off,", THEN turn on the air conditioner in a specified room in comfort mode.",FREE,NEUTRAL,ECO,ECO
IF a smart device is switched off,", THEN turn on the air conditioner in a specified room in comfort mode.",FREE,NEUTRAL,ECO,ECO
IF a smart device is switched off,", THEN turn on the air conditioner in a specified room in comfort mode.",FREE,NEUTRAL,ECO,ECO
IF a smart device is switched off,", THEN turn on the air conditioner in a specified room in comfort mode.",FREE,NEUTRAL,ECO,ECO
IF a smart device is switched off,", THEN turn on the air conditioner in a specified room in comfort mode.",FREE,NEUTRAL,ECO,ECO
IF a smart device is switched off,", THEN turn on the air conditioner in a specified room in comfort mode.",FREE,NEUTRAL,ECO,ECO
IF a smart device is switched off,", THEN turn on the air conditioner in a specified room in comfort mode.",FREE,NEUTRAL,ECO,ECO
IF a smart device is switched off,", THEN deactivate the indicated timer.",FREE,NEUTRAL,ECO,ECO
IF a smart device is switched off,", THEN deactivate the indicated timer.",FREE,NEUTRAL,ECO,ECO
IF a smart device is switched off,", THEN deactivate the indicated timer.",FREE,NEUTRAL,ECO,ECO
IF a smart device is switched off,", THEN deactivate the indicated timer.",FREE,NEUTRAL,ECO,ECO
IF a smart device is switched off,", THEN deactivate the indicated timer.",FREE,NEUTRAL,ECO,ECO
IF a smart device is switched off,", THEN deactivate the indicated timer.",FREE,NEUTRAL,ECO,ECO
IF a smart device is switched off,", THEN deactivate the indicated timer.",FREE,NEUTRAL,ECO,ECO
IF a smart device is switched off,", THEN deactivate the indicated timer.",FREE,NEUTRAL,ECO,ECO
IF a smart device is switched off,", THEN deactivate the indicated timer.",FREE,NEUTRAL,ECO,ECO
IF a smart device is switched off,", THEN deactivate the indicated timer.",FREE,NEUTRAL,ECO,ECO
IF a smart device is switched off,", THEN start the air conditioner in a specified room in comfort mode.",FREE,NEUTRAL,ECO,ECO
IF a smart device is switched off,", THEN start the air conditioner in a specified room in comfort mode.",FREE,NEUTRAL,ECO,ECO
IF a smart device is switched off,", THEN start the air conditioner in a specified room in comfort mode.",FREE,NEUTRAL,ECO,ECO
IF a smart device is switched off,", THEN start the air conditioner in a specified room in comfort mode.",FREE,NEUTRAL,ECO,ECO
IF a smart device is switched off,", THEN start the air conditioner in a specified room in comfort mode.",FREE,NEUTRAL,ECO,ECO
IF a smart device is switched off,", THEN start the air conditioner in a specified room in comfort mode.",FREE,NEUTRAL,ECO,ECO
IF a smart device is switched off,", THEN start the air conditioner in a specified room in comfort mode.",FREE,NEUTRAL,ECO,ECO
IF a smart device is switched off,", THEN start the air conditioner in a specified room in comfort mode.",FREE,NEUTRAL,ECO,ECO
IF a smart device is switched off,", THEN start the air conditioner in a specified room in comfort mode.",FREE,NEUTRAL,ECO,ECO
IF a smart device is switched off,", THEN start the air conditioner in a specified room in comfort mode.",FREE,NEUTRAL,ECO,ECO
IF a smart device is switched off,", THEN disable eco mode on the AC unit.",FREE,NEUTRAL,ECO,ECO
IF a smart device is switched off,", THEN disable eco mode on the AC unit.",FREE,NEUTRAL,ECO,ECO
IF a smart device is switched off,", THEN disable eco mode on the AC unit.",FREE,NEUTRAL,ECO,ECO
IF a smart device is switched off,", THEN disable eco mode on the AC unit.",FREE,NEUTRAL,ECO,ECO
IF a smart device is switched off,", THEN disable eco mode on the AC unit.",FREE,NEUTRAL,ECO,ECO
IF a smart device is switched off,", THEN disable eco mode on the AC unit.",FREE,NEUTRAL,ECO,ECO
IF a smart device is switched off,", THEN disable eco mode on the AC unit.",FREE,NEUTRAL,ECO,ECO
IF a smart device is switched off,", THEN disable eco mode on the AC unit.",FREE,NEUTRAL,ECO,ECO
IF a smart device is switched off,", THEN disable eco mode on the AC unit.",FREE,NEUTRAL,ECO,ECO
IF a smart device is switched off,", THEN disable eco mode on the AC unit.",FREE,NEUTRAL,ECO,ECO
IF a smart device is switched off,", THEN stop the air conditioner in a specified room.",FREE,NEUTRAL,ECO,ECO
IF a smart device is switched off,", THEN stop the air conditioner in a specified room.",FREE,NEUTRAL,ECO,ECO
IF a smart device is switched off,", THEN stop the air conditioner in a specified room.",FREE,NEUTRAL,ECO,ECO
IF a smart device is switched off,", THEN stop the air conditioner in a specified room.",FREE,NEUTRAL,ECO,ECO
IF a smart device is switched off,", THEN stop the air conditioner in a specified room.",FREE,NEUTRAL,ECO,ECO
IF a smart device is switched off,", THEN stop the air conditioner in a specified room.",FREE,NEUTRAL,ECO,ECO
IF a smart device is switched off,", THEN stop the air conditioner in a specified room.",FREE,NEUTRAL,ECO,ECO
IF a smart device is switched off,", THEN stop the air conditioner in a specified room.",FREE,NEUTRAL,ECO,ECO
IF a smart device is switched off,", THEN stop the air conditioner in a specified room.",FREE,NEUTRAL,ECO,ECO
IF a smart device is switched off,", THEN stop the air conditioner in a specified room.",FREE,NEUTRAL,ECO,ECO
IF a routine is activated,", THEN disable the indicated timer.",FREE,NEUTRAL,ECO,ECO
IF a routine is activated,", THEN disable the indicated timer.",FREE,NEUTRAL,ECO,ECO
IF a routine is activated,", THEN disable the indicated timer.",FREE,NEUTRAL,ECO,ECO
IF a routine is activated,", THEN disable the indicated timer.",FREE,NEUTRAL,ECO,ECO
IF a routine is activated,", THEN disable the indicated timer.",FREE,NEUTRAL,ECO,ECO
IF a routine is activated,", THEN disable the indicated timer.",FREE,NEUTRAL,ECO,ECO
IF a routine is activated,", THEN disable the indicated timer.",FREE,NEUTRAL,ECO,ECO
IF a routine is activated,", THEN disable the indicated timer.",FREE,NEUTRAL,ECO,ECO
IF a routine is activated,", THEN disable the indicated timer.",FREE,NEUTRAL,ECO,ECO
IF a routine is activated,", THEN disable the indicated timer.",FREE,NEUTRAL,ECO,ECO
IF a routine is activated,", THEN deactivate the air conditioner in a specified room.",FREE,NEUTRAL,ECO,ECO
IF a routine is activated,", THEN deactivate the air conditioner in a specified room.",FREE,NEUTRAL,ECO,ECO
IF a routine is activated,", THEN deactivate the air conditioner in a specified room.",FREE,NEUTRAL,ECO,ECO
IF a routine is activated,", THEN deactivate the air conditioner in a specified room.",FREE,NEUTRAL,ECO,ECO
IF a routine is activated,", THEN deactivate the air conditioner in a specified room.",FREE,NEUTRAL,ECO,ECO
IF a routine is activated,", THEN deactivate the air conditioner in a specified room.",FREE,NEUTRAL,ECO,ECO
IF a routine is activated,", THEN deactivate the air conditioner in a specified room.",FREE,NEUTRAL,ECO,ECO
IF a routine is activated,", THEN deactivate the air conditioner in a specified room.",FREE,NEUTRAL,ECO,ECO
IF a routine is activated,", THEN deactivate the air conditioner in a specified room.",FREE,NEUTRAL,ECO,ECO
IF a routine is activated,", THEN deactivate the air conditioner in a specified room.",FREE,NEUTRAL,ECO,ECO
IF a routine is activated,", THEN turn on the indicated timer.",FREE,NEUTRAL,ECO,ECO
IF a routine is activated,", THEN turn on the indicated timer.",FREE,NEUTRAL,ECO,ECO
IF a routine is activated,", THEN turn on the indicated timer.",FREE,NEUTRAL,ECO,ECO
IF a routine is activated,", THEN turn on the indicated timer.",FREE,NEUTRAL,ECO,ECO
IF a routine is activated,", THEN turn on the indicated timer.",FREE,NEUTRAL,ECO,ECO
IF a routine is activated,", THEN turn on the indicated timer.",FREE,NEUTRAL,ECO,ECO
IF a routine is activated,", THEN turn on the indicated timer.",FREE,NEUTRAL,ECO,ECO
IF a routine is activated,", THEN turn on the indicated timer.",FREE,NEUTRAL,ECO,ECO
IF a routine is activated,", THEN turn on the indicated timer.",FREE,NEUTRAL,ECO,ECO
IF a routine is activated,", THEN turn on the indicated timer.",FREE,NEUTRAL,ECO,ECO
IF a routine is activated,", THEN enable the indicated timer.",FREE,NEUTRAL,ECO,ECO
IF a routine is activated,", THEN enable the indicated timer.",FREE,NEUTRAL,ECO,ECO
IF a routine is activated,", THEN enable the indicated timer.",FREE,NEUTRAL,ECO,ECO
IF a routine is activated,", THEN enable the indicated timer.",FREE,NEUTRAL,ECO,ECO
IF a routine is activated,", THEN enable the indicated timer.",FREE,NEUTRAL,ECO,ECO
IF a routine is activated,", THEN enable the indicated timer.",FREE,NEUTRAL,ECO,ECO
IF a routine is activated,", THEN enable the indicated timer.",FREE,NEUTRAL,ECO,ECO
IF a routine is activated,", THEN enable the indicated timer.",FREE,NEUTRAL,ECO,ECO
IF a routine is activated,", THEN enable the indicated timer.",FREE,NEUTRAL,ECO,ECO
IF a routine is activated,", THEN enable the indicated timer.",FREE,NEUTRAL,ECO,ECO
IF a routine is activated,", THEN start the air conditioner in a specific room in comfort mode.",FREE,NEUTRAL,ECO,ECO
IF a routine is activated,", THEN start the air conditioner in a specific room in comfort mode.",FREE,NEUTRAL,ECO,ECO
IF a routine is activated,", THEN start the air conditioner in a specific room in comfort mode.",FREE,NEUTRAL,ECO,ECO
IF a routine is activated,", THEN start the air conditioner in a specific room in comfort mode.",FREE,NEUTRAL,ECO,ECO
IF a routine is activated,", THEN start the air conditioner in a specific room in comfort mode.",FREE,NEUTRAL,ECO,ECO
IF a routine is activated,", THEN start the air conditioner in a specific room in comfort mode.",FREE,NEUTRAL,ECO,ECO
IF a routine is activated,", THEN start the air conditioner in a specific room in comfort mode.",FREE,NEUTRAL,ECO,ECO
IF a routine is activated,", THEN start the air conditioner in a specific room in comfort mode.",FREE,NEUTRAL,ECO,ECO
IF a routine is activated,", THEN start the air conditioner in a specific room in comfort mode.",FREE,NEUTRAL,ECO,ECO
IF a routine is activated,", THEN start the air conditioner in a specific room in comfort mode.",FREE,NEUTRAL,ECO,ECO
IF a routine is activated,", THEN turn off eco mode on the AC unit.",FREE,NEUTRAL,ECO,ECO
IF a routine is activated,", THEN turn off eco mode on the AC unit.",FREE,NEUTRAL,ECO,ECO
IF a routine is activated,", THEN turn off eco mode on the AC unit.",FREE,NEUTRAL,ECO,ECO
IF a routine is activated,", THEN turn off eco mode on the AC unit.",FREE,NEUTRAL,ECO,ECO
IF a routine is activated,", THEN turn off eco mode on the AC unit.",FREE,NEUTRAL,ECO,ECO
IF a routine is activated,", THEN turn off eco mode on the AC unit.",FREE,NEUTRAL,ECO,ECO
IF a routine is activated,", THEN turn off eco mode on the AC unit.",FREE,NEUTRAL,ECO,ECO
IF a routine is activated,", THEN turn off eco mode on the AC unit.",FREE,NEUTRAL,ECO,ECO
IF a routine is activated,", THEN turn off eco mode on the AC unit.",FREE,NEUTRAL,ECO,ECO
IF a routine is activated,", THEN turn off eco mode on the AC unit.",FREE,NEUTRAL,ECO,ECO
IF a routine is activated,", THEN set the mode of the air conditioner to eco.",FREE,NEUTRAL,ECO,ECO
IF a routine is activated,", THEN set the mode of the air conditioner to eco.",FREE,NEUTRAL,ECO,ECO
IF a routine is activated,", THEN set the mode of the air conditioner to eco.",FREE,NEUTRAL,ECO,ECO
IF a routine is activated,", THEN set the mode of the air conditioner to eco.",FREE,NEUTRAL,ECO,ECO
IF a routine is activated,", THEN set the mode of the air conditioner to eco.",FREE,NEUTRAL,ECO,ECO
IF a routine is activated,", THEN set the mode of the air conditioner to eco.",FREE,NEUTRAL,ECO,ECO
IF a routine is activated,", THEN set the mode of the air conditioner to eco.",FREE,NEUTRAL,ECO,ECO
IF a routine is activated,", THEN set the mode of the air conditioner to eco.",FREE,NEUTRAL,ECO,ECO
IF a routine is activated,", THEN set the mode of the air conditioner to eco.",FREE,NEUTRAL,ECO,ECO
IF a routine is activated,", THEN set the mode of the air conditioner to eco.",FREE,NEUTRAL,ECO,ECO
IF a routine is activated,", THEN turn off the air conditioner in a specified room.",FREE,NEUTRAL,ECO,ECO
IF a routine is activated,", THEN turn off the air conditioner in a specified room.",FREE,NEUTRAL,ECO,ECO
IF a routine is activated,", THEN turn off the air conditioner in a specified room.",FREE,NEUTRAL,ECO,ECO
IF a routine is activated,", THEN turn off the air conditioner in a specified room.",FREE,NEUTRAL,ECO,ECO
IF a routine is activated,", THEN turn off the air conditioner in a specified room.",FREE,NEUTRAL,ECO,ECO
IF a routine is activated,", THEN turn off the air conditioner in a specified room.",FREE,NEUTRAL,ECO,ECO
IF a routine is activated,", THEN turn off the air conditioner in a specified room.",FREE,NEUTRAL,ECO,ECO
IF a routine is activated,", THEN turn off the air conditioner in a specified room.",FREE,NEUTRAL,ECO,ECO
IF a routine is activated,", THEN turn off the air conditioner in a specified room.",FREE,NEUTRAL,ECO,ECO
IF a routine is activated,", THEN turn off the air conditioner in a specified room.",FREE,NEUTRAL,ECO,ECO
IF a routine is activated,", THEN change the AC unit mode to sleep.",FREE,NEUTRAL,ECO,ECO
IF a routine is activated,", THEN change the AC unit mode to sleep.",FREE,NEUTRAL,ECO,ECO
IF a routine is activated,", THEN change the AC unit mode to sleep.",FREE,NEUTRAL,ECO,ECO
IF a routine is activated,", THEN change the AC unit mode to sleep.",FREE,NEUTRAL,ECO,ECO
IF a routine is activated,", THEN change the AC unit mode to sleep.",FREE,NEUTRAL,ECO,ECO
IF a routine is activated,", THEN change the AC unit mode to sleep.",FREE,NEUTRAL,ECO,ECO
IF a routine is activated,", THEN change the AC unit mode to sleep.",FREE,NEUTRAL,ECO,ECO
IF a routine is activated,", THEN change the AC unit mode to sleep.",FREE,NEUTRAL,ECO,ECO
IF a routine is activated,", THEN change the AC unit mode to sleep.",FREE,NEUTRAL,ECO,ECO
IF a routine is activated,", THEN change the AC unit mode to sleep.",FREE,NEUTRAL,ECO,ECO
IF a routine is activated,", THEN stop the air conditioner in a chosen room.",FREE,NEUTRAL,ECO,ECO
IF a routine is activated,", THEN stop the air conditioner in a chosen room.",FREE,NEUTRAL,ECO,ECO
IF a routine is activated,", THEN stop the air conditioner in a chosen room.",FREE,NEUTRAL,ECO,ECO
IF a routine is activated,", THEN stop the air conditioner in a chosen room.",FREE,NEUTRAL,ECO,ECO
IF a routine is activated,", THEN stop the air conditioner in a chosen room.",FREE,NEUTRAL,ECO,ECO
IF a routine is activated,", THEN stop the air conditioner in a chosen room.",FREE,NEUTRAL,ECO,ECO
IF a routine is activated,", THEN stop the air conditioner in a chosen room.",FREE,NEUTRAL,ECO,ECO
IF a routine is activated,", THEN stop the air conditioner in a chosen room.",FREE,NEUTRAL,ECO,ECO
IF a routine is activated,", THEN stop the air conditioner in a chosen room.",FREE,NEUTRAL,ECO,ECO
IF a routine is activated,", THEN stop the air conditioner in a chosen room.",FREE,NEUTRAL,ECO,ECO
IF a routine is activated,", THEN turn on the air conditioner in a specified room in comfort mode.",FREE,NEUTRAL,ECO,ECO
IF a routine is activated,", THEN turn on the air conditioner in a specified room in comfort mode.",FREE,NEUTRAL,ECO,ECO
IF a routine is activated,", THEN turn on the air conditioner in a specified room in comfort mode.",FREE,NEUTRAL,ECO,ECO
IF a routine is activated,", THEN turn on the air conditioner in a specified room in comfort mode.",FREE,NEUTRAL,ECO,ECO
IF a routine is activated,", THEN turn on the air conditioner in a specified room in comfort mode.",FREE,NEUTRAL,ECO,ECO
IF a routine is activated,", THEN turn on the air conditioner in a specified room in comfort mode.",FREE,NEUTRAL,ECO,ECO
IF a routine is activated,", THEN turn on the air conditioner in a specified room in comfort mode.",FREE,NEUTRAL,ECO,ECO
IF a routine is activated,", THEN turn on the air conditioner in a specified room in comfort mode.",FREE,NEUTRAL,ECO,ECO
IF a routine is activated,", THEN turn on the air conditioner in a specified room in comfort mode.",FREE,NEUTRAL,ECO,ECO
IF a routine is activated,", THEN turn on the air conditioner in a specified room in comfort mode.",FREE,NEUTRAL,ECO,ECO
IF a routine is activated,", THEN deactivate the indicated timer.",FREE,NEUTRAL,ECO,ECO
IF a routine is activated,", THEN deactivate the indicated timer.",FREE,NEUTRAL,ECO,ECO
IF a routine is activated,", THEN deactivate the indicated timer.",FREE,NEUTRAL,ECO,ECO
IF a routine is activated,", THEN deactivate the indicated timer.",FREE,NEUTRAL,ECO,ECO
IF a routine is activated,", THEN deactivate the indicated timer.",FREE,NEUTRAL,ECO,ECO
IF a routine is activated,", THEN deactivate the indicated timer.",FREE,NEUTRAL,ECO,ECO
IF a routine is activated,", THEN deactivate the indicated timer.",FREE,NEUTRAL,ECO,ECO
IF a routine is activated,", THEN deactivate the indicated timer.",FREE,NEUTRAL,ECO,ECO
IF a routine is activated,", THEN deactivate the indicated timer.",FREE,NEUTRAL,ECO,ECO
IF a routine is activated,", THEN deactivate the indicated timer.",FREE,NEUTRAL,ECO,ECO
IF a routine is activated,", THEN start the air conditioner in a specified room in comfort mode.",FREE,NEUTRAL,ECO,ECO
IF a routine is activated,", THEN start the air conditioner in a specified room in comfort mode.",FREE,NEUTRAL,ECO,ECO
IF a routine is activated,", THEN start the air conditioner in a specified room in comfort mode.",FREE,NEUTRAL,ECO,ECO
IF a routine is activated,", THEN start the air conditioner in a specified room in comfort mode.",FREE,NEUTRAL,ECO,ECO
IF a routine is activated,", THEN start the air conditioner in a specified room in comfort mode.",FREE,NEUTRAL,ECO,ECO
IF a routine is activated,", THEN start the air conditioner in a specified room in comfort mode.",FREE,NEUTRAL,ECO,ECO
IF a routine is activated,", THEN start the air conditioner in a specified room in comfort mode.",FREE,NEUTRAL,ECO,ECO
IF a routine is activated,", THEN start the air conditioner in a specified room in comfort mode.",FREE,NEUTRAL,ECO,ECO
IF a routine is activated,", THEN start the air conditioner in a specified room in comfort mode.",FREE,NEUTRAL,ECO,ECO
IF a routine is activated,", THEN start the air conditioner in a specified room in comfort mode.",FREE,NEUTRAL,ECO,ECO
IF a routine is activated,", THEN disable eco mode on the AC unit.",FREE,NEUTRAL,ECO,ECO
IF a routine is activated,", THEN disable eco mode on the AC unit.",FREE,NEUTRAL,ECO,ECO
IF a routine is activated,", THEN disable eco mode on the AC unit.",FREE,NEUTRAL,ECO,ECO
IF a routine is activated,", THEN disable eco mode on the AC unit.",FREE,NEUTRAL,ECO,ECO
IF a routine is activated,", THEN disable eco mode on the AC unit.",FREE,NEUTRAL,ECO,ECO
IF a routine is activated,", THEN disable eco mode on the AC unit.",FREE,NEUTRAL,ECO,ECO
IF a routine is activated,", THEN disable eco mode on the AC unit.",FREE,NEUTRAL,ECO,ECO
IF a routine is activated,", THEN disable eco mode on the AC unit.",FREE,NEUTRAL,ECO,ECO
IF a routine is activated,", THEN disable eco mode on the AC unit.",FREE,NEUTRAL,ECO,ECO
IF a routine is activated,", THEN disable eco mode on the AC unit.",FREE,NEUTRAL,ECO,ECO
IF a routine is activated,", THEN stop the air conditioner in a specified room.",FREE,NEUTRAL,ECO,ECO
IF a routine is activated,", THEN stop the air conditioner in a specified room.",FREE,NEUTRAL,ECO,ECO
IF a routine is activated,", THEN stop the air conditioner in a specified room.",FREE,NEUTRAL,ECO,ECO
IF a routine is activated,", THEN stop the air conditioner in a specified room.",FREE,NEUTRAL,ECO,ECO
IF a routine is activated,", THEN stop the air conditioner in a specified room.",FREE,NEUTRAL,ECO,ECO
IF a routine is activated,", THEN stop the air conditioner in a specified room.",FREE,NEUTRAL,ECO,ECO
IF a routine is activated,", THEN stop the air conditioner in a specified room.",FREE,NEUTRAL,ECO,ECO
IF a routine is activated,", THEN stop the air conditioner in a specified room.",FREE,NEUTRAL,ECO,ECO
IF a routine is activated,", THEN stop the air conditioner in a specified room.",FREE,NEUTRAL,ECO,ECO
IF a routine is activated,", THEN stop the air conditioner in a specified room.",FREE,NEUTRAL,ECO,ECO
IF every day at a specified time,", THEN sets the fan to low speed.",FREE,ECO,NEUTRAL,ECO
IF every day at a specified time,", THEN sets the fan to low speed.",FREE,ECO,NEUTRAL,ECO
IF every day at a specified time,", THEN sets the fan to low speed.",FREE,ECO,NEUTRAL,ECO
IF every day at a specified time,", THEN sets the fan to low speed.",FREE,ECO,NEUTRAL,ECO
IF every day at a specified time,", THEN sets the fan to low speed.",FREE,ECO,NEUTRAL,ECO
IF every day at a specified time,", THEN sets the fan to low speed.",FREE,ECO,NEUTRAL,ECO
IF every day at a specified time,", THEN sets the fan to low speed.",FREE,ECO,NEUTRAL,ECO
IF every day at a specified time,", THEN sets the fan to low speed.",FREE,ECO,NEUTRAL,ECO
IF every day at a specified time,", THEN sets the fan to low speed.",FREE,ECO,NEUTRAL,ECO
IF every day at a specified time,", THEN sets the fan to low speed.",FREE,ECO,NEUTRAL,ECO
IF every day at a specified time,", THEN disable the indicated timer.",FREE,ECO,ECO,ECO
IF every day at a specified time,", THEN disable the indicated timer.",FREE,ECO,ECO,ECO
IF every day at a specified time,", THEN disable the indicated timer.",FREE,ECO,ECO,ECO
IF every day at a specified time,", THEN disable the indicated timer.",FREE,ECO,ECO,ECO
IF every day at a specified time,", THEN disable the indicated timer.",FREE,ECO,ECO,ECO
IF every day at a specified time,", THEN disable the indicated timer.",FREE,ECO,ECO,ECO
IF every day at a specified time,", THEN disable the indicated timer.",FREE,ECO,ECO,ECO
IF every day at a specified time,", THEN disable the indicated timer.",FREE,ECO,ECO,ECO
IF every day at a specified time,", THEN disable the indicated timer.",FREE,ECO,ECO,ECO
IF every day at a specified time,", THEN disable the indicated timer.",FREE,ECO,ECO,ECO
IF every day at a specified time,", THEN stop the AC unit.",FREE,ECO,NEUTRAL,ECO
IF every day at a specified time,", THEN stop the AC unit.",FREE,ECO,NEUTRAL,ECO
IF every day at a specified time,", THEN stop the AC unit.",FREE,ECO,NEUTRAL,ECO
IF every day at a specified time,", THEN stop the AC unit.",FREE,ECO,NEUTRAL,ECO
IF every day at a specified time,", THEN stop the AC unit.",FREE,ECO,NEUTRAL,ECO
IF every day at a specified time,", THEN stop the AC unit.",FREE,ECO,NEUTRAL,ECO
IF every day at a specified time,", THEN stop the AC unit.",FREE,ECO,NEUTRAL,ECO
IF every day at a specified time,", THEN stop the AC unit.",FREE,ECO,NEUTRAL,ECO
IF every day at a specified time,", THEN stop the AC unit.",FREE,ECO,NEUTRAL,ECO
IF every day at a specified time,", THEN stop the AC unit.",FREE,ECO,NEUTRAL,ECO
IF every day at a specified time,", THEN deactivate the air conditioner in a specified room.",FREE,ECO,ECO,ECO
IF every day at a specified time,", THEN deactivate the air conditioner in a specified room.",FREE,ECO,ECO,ECO
IF every day at a specified time,", THEN deactivate the air conditioner in a specified room.",FREE,ECO,ECO,ECO
IF every day at a specified time,", THEN deactivate the air conditioner in a specified room.",FREE,ECO,ECO,ECO
IF every day at a specified time,", THEN deactivate the air conditioner in a specified room.",FREE,ECO,ECO,ECO
IF every day at a specified time,", THEN deactivate the air conditioner in a specified room.",FREE,ECO,ECO,ECO
IF every day at a specified time,", THEN deactivate the air conditioner in a specified room.",FREE,ECO,ECO,ECO
IF every day at a specified time,", THEN deactivate the air conditioner in a specified room.",FREE,ECO,ECO,ECO
IF every day at a specified time,", THEN deactivate the air conditioner in a specified room.",FREE,ECO,ECO,ECO
IF every day at a specified time,", THEN deactivate the air conditioner in a specified room.",FREE,ECO,ECO,ECO
IF every day at a specified time,", THEN turn on the indicated timer.",FREE,ECO,ECO,ECO
IF every day at a specified time,", THEN turn on the indicated timer.",FREE,ECO,ECO,ECO
IF every day at a specified time,", THEN turn on the indicated timer.",FREE,ECO,ECO,ECO
IF every day at a specified time,", THEN turn on the indicated timer.",FREE,ECO,ECO,ECO
IF every day at a specified time,", THEN turn on the indicated timer.",FREE,ECO,ECO,ECO
IF every day at a specified time,", THEN turn on the indicated timer.",FREE,ECO,ECO,ECO
IF every day at a specified time,", THEN turn on the indicated timer.",FREE,ECO,ECO,ECO
IF every day at a specified time,", THEN turn on the indicated timer.",FREE,ECO,ECO,ECO
IF every day at a specified time,", THEN turn on the indicated timer.",FREE,ECO,ECO,ECO
IF every day at a specified time,", THEN turn on the indicated timer.",FREE,ECO,ECO,ECO
IF every day at a specified time,", THEN enable the indicated timer.",FREE,ECO,ECO,ECO
IF every day at a specified time,", THEN enable the indicated timer.",FREE,ECO,ECO,ECO
IF every day at a specified time,", THEN enable the indicated timer.",FREE,ECO,ECO,ECO
IF every day at a specified time,", THEN enable the indicated timer.",FREE,ECO,ECO,ECO
IF every day at a specified time,", THEN enable the indicated timer.",FREE,ECO,ECO,ECO
IF every day at a specified time,", THEN enable the indicated timer.",FREE,ECO,ECO,ECO
IF every day at a specified time,", THEN enable the indicated timer.",FREE,ECO,ECO,ECO
IF every day at a specified time,", THEN enable the indicated timer.",FREE,ECO,ECO,ECO
IF every day at a specified time,", THEN enable the indicated timer.",FREE,ECO,ECO,ECO
IF every day at a specified time,", THEN enable the indicated timer.",FREE,ECO,ECO,ECO
IF every day at a specified time,", THEN turn off the AC unit.",FREE,ECO,NEUTRAL,ECO
IF every day at a specified time,", THEN turn off the AC unit.",FREE,ECO,NEUTRAL,ECO
IF every day at a specified time,", THEN turn off the AC unit.",FREE,ECO,NEUTRAL,ECO
IF every day at a specified time,", THEN turn off the AC unit.",FREE,ECO,NEUTRAL,ECO
IF every day at a specified time,", THEN turn off the AC unit.",FREE,ECO,NEUTRAL,ECO
IF every day at a specified time,", THEN turn off the AC unit.",FREE,ECO,NEUTRAL,ECO
IF every day at a specified time,", THEN turn off the AC unit.",FREE,ECO,NEUTRAL,ECO
IF every day at a specified time,", THEN turn off the AC unit.",FREE,ECO,NEUTRAL,ECO
IF every day at a specified time,", THEN turn off the AC unit.",FREE,ECO,NEUTRAL,ECO
IF every day at a specified time,", THEN turn off the AC unit.",FREE,ECO,NEUTRAL,ECO
IF every day at a specified time,", THEN start the air conditioner in a specific room in comfort mode.",FREE,ECO,ECO,ECO
IF every day at a specified time,", THEN start the air conditioner in a specific room in comfort mode.",FREE,ECO,ECO,ECO
IF every day at a specified time,", THEN start the air conditioner in a specific room in comfort mode.",FREE,ECO,ECO,ECO
IF every day at a specified time,", THEN start the air conditioner in a specific room in comfort mode.",FREE,ECO,ECO,ECO
IF every day at a specified time,", THEN start the air conditioner in a specific room in comfort mode.",FREE,ECO,ECO,ECO
IF every day at a specified time,", THEN start the air conditioner in a specific room in comfort mode.",FREE,ECO,ECO,ECO
IF every day at a specified time,", THEN start the air conditioner in a specific room in comfort mode.",FREE,ECO,ECO,ECO
IF every day at a specified time,", THEN start the air conditioner in a specific room in comfort mode.",FREE,ECO,ECO,ECO
IF every day at a specified time,", THEN start the air conditioner in a specific room in comfort mode.",FREE,ECO,ECO,ECO
IF every day at a specified time,", THEN start the air conditioner in a specific room in comfort mode.",FREE,ECO,ECO,ECO
IF every day at a specified time,", THEN turn off eco mode on the AC unit.",FREE,ECO,ECO,ECO
IF every day at a specified time,", THEN turn off eco mode on the AC unit.",FREE,ECO,ECO,ECO
IF every day at a specified time,", THEN turn off eco mode on the AC unit.",FREE,ECO,ECO,ECO
IF every day at a specified time,", THEN turn off eco mode on the AC unit.",FREE,ECO,ECO,ECO
IF every day at a specified time,", THEN turn off eco mode on the AC unit.",FREE,ECO,ECO,ECO
IF every day at a specified time,", THEN turn off eco mode on the AC unit.",FREE,ECO,ECO,ECO
IF every day at a specified time,", THEN turn off eco mode on the AC unit.",FREE,ECO,ECO,ECO
IF every day at a specified time,", THEN turn off eco mode on the AC unit.",FREE,ECO,ECO,ECO
IF every day at a specified time,", THEN turn off eco mode on the AC unit.",FREE,ECO,ECO,ECO
IF every day at a specified time,", THEN turn off eco mode on the AC unit.",FREE,ECO,ECO,ECO
IF every day at a specified time,", THEN turn off the air conditioner.",FREE,ECO,NEUTRAL,ECO
IF every day at a specified time,", THEN turn off the air conditioner.",FREE,ECO,NEUTRAL,ECO
IF every day at a specified time,", THEN turn off the air conditioner.",FREE,ECO,NEUTRAL,ECO
IF every day at a specified time,", THEN turn off the air conditioner.",FREE,ECO,NEUTRAL,ECO
IF every day at a specified time,", THEN turn off the air conditioner.",FREE,ECO,NEUTRAL,ECO
IF every day at a specified time,", THEN turn off the air conditioner.",FREE,ECO,NEUTRAL,ECO
IF every day at a specified time,", THEN turn off the air conditioner.",FREE,ECO,NEUTRAL,ECO
IF every day at a specified time,", THEN turn off the air conditioner.",FREE,ECO,NEUTRAL,ECO
IF every day at a specified time,", THEN turn off the air conditioner.",FREE,ECO,NEUTRAL,ECO
IF every day at a specified time,", THEN turn off the air conditioner.",FREE,ECO,NEUTRAL,ECO
IF every day at a specified time,", THEN turns the AC unit display on.",FREE,ECO,NEUTRAL,ECO
IF every day at a specified time,", THEN turns the AC unit display on.",FREE,ECO,NEUTRAL,ECO
IF every day at a specified time,", THEN turns the AC unit display on.",FREE,ECO,NEUTRAL,ECO
IF every day at a specified time,", THEN turns the AC unit display on.",FREE,ECO,NEUTRAL,ECO
IF every day at a specified time,", THEN turns the AC unit display on.",FREE,ECO,NEUTRAL,ECO
IF every day at a specified time,", THEN turns the AC unit display on.",FREE,ECO,NEUTRAL,ECO
IF every day at a specified time,", THEN turns the AC unit display on.",FREE,ECO,NEUTRAL,ECO
IF every day at a specified time,", THEN turns the AC unit display on.",FREE,ECO,NEUTRAL,ECO
IF every day at a specified time,", THEN turns the AC unit display on.",FREE,ECO,NEUTRAL,ECO
IF every day at a specified time,", THEN turns the AC unit display on.",FREE,ECO,NEUTRAL,ECO
IF every day at a specified time,", THEN set the mode of the air conditioner to eco.",FREE,ECO,ECO,ECO
IF every day at a specified time,", THEN set the mode of the air conditioner to eco.",FREE,ECO,ECO,ECO
IF every day at a specified time,", THEN set the mode of the air conditioner to eco.",FREE,ECO,ECO,ECO
IF every day at a specified time,", THEN set the mode of the air conditioner to eco.",FREE,ECO,ECO,ECO
IF every day at a specified time,", THEN set the mode of the air conditioner to eco.",FREE,ECO,ECO,ECO
IF every day at a specified time,", THEN set the mode of the air conditioner to eco.",FREE,ECO,ECO,ECO
IF every day at a specified time,", THEN set the mode of the air conditioner to eco.",FREE,ECO,ECO,ECO
IF every day at a specified time,", THEN set the mode of the air conditioner to eco.",FREE,ECO,ECO,ECO
IF every day at a specified time,", THEN set the mode of the air conditioner to eco.",FREE,ECO,ECO,ECO
IF every day at a specified time,", THEN set the mode of the air conditioner to eco.",FREE,ECO,ECO,ECO
IF every day at a specified time,", THEN turns on the air purifier.",FREE,ECO,NEUTRAL,ECO
IF every day at a specified time,", THEN turns on the air purifier.",FREE,ECO,NEUTRAL,ECO
IF every day at a specified time,", THEN turns on the air purifier.",FREE,ECO,NEUTRAL,ECO
IF every day at a specified time,", THEN turns on the air purifier.",FREE,ECO,NEUTRAL,ECO
IF every day at a specified time,", THEN turns on the air purifier.",FREE,ECO,NEUTRAL,ECO
IF every day at a specified time,", THEN turns on the air purifier.",FREE,ECO,NEUTRAL,ECO
IF every day at a specified time,", THEN turns on the air purifier.",FREE,ECO,NEUTRAL,ECO
IF every day at a specified time,", THEN turns on the air purifier.",FREE,ECO,NEUTRAL,ECO
IF every day at a specified time,", THEN turns on the air purifier.",FREE,ECO,NEUTRAL,ECO
IF every day at a specified time,", THEN turns on the air purifier.",FREE,ECO,NEUTRAL,ECO
IF every day at a specified time,", THEN turn off the air conditioner in a specified room.",FREE,ECO,ECO,ECO
IF every day at a specified time,", THEN turn off the air conditioner in a specified room.",FREE,ECO,ECO,ECO
IF every day at a specified time,", THEN turn off the air conditioner in a specified room.",FREE,ECO,ECO,ECO
IF every day at a specified time,", THEN turn off the air conditioner in a specified room.",FREE,ECO,ECO,ECO
IF every day at a specified time,", THEN turn off the air conditioner in a specified room.",FREE,ECO,ECO,ECO
IF every day at a specified time,", THEN turn off the air conditioner in a specified room.",FREE,ECO,ECO,ECO
IF every day at a specified time,", THEN turn off the air conditioner in a specified room.",FREE,ECO,ECO,ECO
IF every day at a specified time,", THEN turn off the air conditioner in a specified room.",FREE,ECO,ECO,ECO
IF every day at a specified time,", THEN turn off the air conditioner in a specified room.",FREE,ECO,ECO,ECO
IF every day at a specified time,", THEN turn off the air conditioner in a specified room.",FREE,ECO,ECO,ECO
IF every day at a specified time,", THEN turns off the air purifier.",FREE,ECO,NEUTRAL,ECO
IF every day at a specified time,", THEN turns off the air purifier.",FREE,ECO,NEUTRAL,ECO
IF every day at a specified time,", THEN turns off the air purifier.",FREE,ECO,NEUTRAL,ECO
IF every day at a specified time,", THEN turns off the air purifier.",FREE,ECO,NEUTRAL,ECO
IF every day at a specified time,", THEN turns off the air purifier.",FREE,ECO,NEUTRAL,ECO
IF every day at a specified time,", THEN turns off the air purifier.",FREE,ECO,NEUTRAL,ECO
IF every day at a specified time,", THEN turns off the air purifier.",FREE,ECO,NEUTRAL,ECO
IF every day at a specified time,", THEN turns off the air purifier.",FREE,ECO,NEUTRAL,ECO
IF every day at a specified time,", THEN turns off the air purifier.",FREE,ECO,NEUTRAL,ECO
IF every day at a specified time,", THEN turns off the air purifier.",FREE,ECO,NEUTRAL,ECO
IF every day at a specified time,", THEN change the AC unit mode to sleep.",FREE,ECO,ECO,ECO
IF every day at a specified time,", THEN change the AC unit mode to sleep.",FREE,ECO,ECO,ECO
IF every day at a specified time,", THEN change the AC unit mode to sleep.",FREE,ECO,ECO,ECO
IF every day at a specified time,", THEN change the AC unit mode to sleep.",FREE,ECO,ECO,ECO
IF every day at a specified time,", THEN change the AC unit mode to sleep.",FREE,ECO,ECO,ECO
IF every day at a specified time,", THEN change the AC unit mode to sleep.",FREE,ECO,ECO,ECO
IF every day at a specified time,", THEN change the AC unit mode to sleep.",FREE,ECO,ECO,ECO
IF every day at a specified time,", THEN change the AC unit mode to sleep.",FREE,ECO,ECO,ECO
IF every day at a specified time,", THEN change the AC unit mode to sleep.",FREE,ECO,ECO,ECO
IF every day at a specified time,", THEN change the AC unit mode to sleep.",FREE,ECO,ECO,ECO
IF every day at a specified time,", THEN stop the air conditioner in a chosen room.",FREE,ECO,ECO,ECO
IF every day at a specified time,", THEN stop the air conditioner in a chosen room.",FREE,ECO,ECO,ECO
IF every day at a specified time,", THEN stop the air conditioner in a chosen room.",FREE,ECO,ECO,ECO
IF every day at a specified time,", THEN stop the air conditioner in a chosen room.",FREE,ECO,ECO,ECO
IF every day at a specified time,", THEN stop the air conditioner in a chosen room.",FREE,ECO,ECO,ECO
IF every day at a specified time,", THEN stop the air conditioner in a chosen room.",FREE,ECO,ECO,ECO
IF every day at a specified time,", THEN stop the air conditioner in a chosen room.",FREE,ECO,ECO,ECO
IF every day at a specified time,", THEN stop the air conditioner in a chosen room.",FREE,ECO,ECO,ECO
IF every day at a specified time,", THEN stop the air conditioner in a chosen room.",FREE,ECO,ECO,ECO
IF every day at a specified time,", THEN stop the air conditioner in a chosen room.",FREE,ECO,ECO,ECO
IF every day at a specified time,", THEN turn on the air conditioner in a specified room in comfort mode.",FREE,ECO,ECO,ECO
IF every day at a specified time,", THEN turn on the air conditioner in a specified room in comfort mode.",FREE,ECO,ECO,ECO
IF every day at a specified time,", THEN turn on the air conditioner in a specified room in comfort mode.",FREE,ECO,ECO,ECO
IF every day at a specified time,", THEN turn on the air conditioner in a specified room in comfort mode.",FREE,ECO,ECO,ECO
IF every day at a specified time,", THEN turn on the air conditioner in a specified room in comfort mode.",FREE,ECO,ECO,ECO
IF every day at a specified time,", THEN turn on the air conditioner in a specified room in comfort mode.",FREE,ECO,ECO,ECO
IF every day at a specified time,", THEN turn on the air conditioner in a specified room in comfort mode.",FREE,ECO,ECO,ECO
IF every day at a specified time,", THEN turn on the air conditioner in a specified room in comfort mode.",FREE,ECO,ECO,ECO
IF every day at a specified time,", THEN turn on the air conditioner in a specified room in comfort mode.",FREE,ECO,ECO,ECO
IF every day at a specified time,", THEN turn on the air conditioner in a specified room in comfort mode.",FREE,ECO,ECO,ECO
IF every day at a specified time,", THEN deactivate the indicated timer.",FREE,ECO,ECO,ECO
IF every day at a specified time,", THEN deactivate the indicated timer.",FREE,ECO,ECO,ECO
IF every day at a specified time,", THEN deactivate the indicated timer.",FREE,ECO,ECO,ECO
IF every day at a specified time,", THEN deactivate the indicated timer.",FREE,ECO,ECO,ECO
IF every day at a specified time,", THEN deactivate the indicated timer.",FREE,ECO,ECO,ECO
IF every day at a specified time,", THEN deactivate the indicated timer.",FREE,ECO,ECO,ECO
IF every day at a specified time,", THEN deactivate the indicated timer.",FREE,ECO,ECO,ECO
IF every day at a specified time,", THEN deactivate the indicated timer.",FREE,ECO,ECO,ECO
IF every day at a specified time,", THEN deactivate the indicated timer.",FREE,ECO,ECO,ECO
IF every day at a specified time,", THEN deactivate the indicated timer.",FREE,ECO,ECO,ECO
IF every day at a specified time,", THEN start the air conditioner in a specified room in comfort mode.",FREE,ECO,ECO,ECO
IF every day at a specified time,", THEN start the air conditioner in a specified room in comfort mode.",FREE,ECO,ECO,ECO
IF every day at a specified time,", THEN start the air conditioner in a specified room in comfort mode.",FREE,ECO,ECO,ECO
IF every day at a specified time,", THEN start the air conditioner in a specified room in comfort mode.",FREE,ECO,ECO,ECO
IF every day at a specified time,", THEN start the air conditioner in a specified room in comfort mode.",FREE,ECO,ECO,ECO
IF every day at a specified time,", THEN start the air conditioner in a specified room in comfort mode.",FREE,ECO,ECO,ECO
IF every day at a specified time,", THEN start the air conditioner in a specified room in comfort mode.",FREE,ECO,ECO,ECO
IF every day at a specified time,", THEN start the air conditioner in a specified room in comfort mode.",FREE,ECO,ECO,ECO
IF every day at a specified time,", THEN start the air conditioner in a specified room in comfort mode.",FREE,ECO,ECO,ECO
IF every day at a specified time,", THEN start the air conditioner in a specified room in comfort mode.",FREE,ECO,ECO,ECO
IF every day at a specified time,", THEN disable eco mode on the AC unit.",FREE,ECO,ECO,ECO
IF every day at a specified time,", THEN disable eco mode on the AC unit.",FREE,ECO,ECO,ECO
IF every day at a specified time,", THEN disable eco mode on the AC unit.",FREE,ECO,ECO,ECO
IF every day at a specified time,", THEN disable eco mode on the AC unit.",FREE,ECO,ECO,ECO
IF every day at a specified time,", THEN disable eco mode on the AC unit.",FREE,ECO,ECO,ECO
IF every day at a specified time,", THEN disable eco mode on the AC unit.",FREE,ECO,ECO,ECO
IF every day at a specified time,", THEN disable eco mode on the AC unit.",FREE,ECO,ECO,ECO
IF every day at a specified time,", THEN disable eco mode on the AC unit.",FREE,ECO,ECO,ECO
IF every day at a specified time,", THEN disable eco mode on the AC unit.",FREE,ECO,ECO,ECO
IF every day at a specified time,", THEN disable eco mode on the AC unit.",FREE,ECO,ECO,ECO
IF every day at a specified time,", THEN turn on the AC unit.",FREE,ECO,NEUTRAL,ECO
IF every day at a specified time,", THEN turn on the AC unit.",FREE,ECO,NEUTRAL,ECO
IF every day at a specified time,", THEN turn on the AC unit.",FREE,ECO,NEUTRAL,ECO
IF every day at a specified time,", THEN turn on the AC unit.",FREE,ECO,NEUTRAL,ECO
IF every day at a specified time,", THEN turn on the AC unit.",FREE,ECO,NEUTRAL,ECO
IF every day at a specified time,", THEN turn on the AC unit.",FREE,ECO,NEUTRAL,ECO
IF every day at a specified time,", THEN turn on the AC unit.",FREE,ECO,NEUTRAL,ECO
IF every day at a specified time,", THEN turn on the AC unit.",FREE,ECO,NEUTRAL,ECO
IF every day at a specified time,", THEN turn on the AC unit.",FREE,ECO,NEUTRAL,ECO
IF every day at a specified time,", THEN turn on the AC unit.",FREE,ECO,NEUTRAL,ECO
IF every day at a specified time,", THEN enable the air conditioner.",FREE,ECO,NEUTRAL,ECO
IF every day at a specified time,", THEN enable the air conditioner.",FREE,ECO,NEUTRAL,ECO
IF every day at a specified time,", THEN enable the air conditioner.",FREE,ECO,NEUTRAL,ECO
IF every day at a specified time,", THEN enable the air conditioner.",FREE,ECO,NEUTRAL,ECO
IF every day at a specified time,", THEN enable the air conditioner.",FREE,ECO,NEUTRAL,ECO
IF every day at a specified time,", THEN enable the air conditioner.",FREE,ECO,NEUTRAL,ECO
IF every day at a specified time,", THEN enable the air conditioner.",FREE,ECO,NEUTRAL,ECO
IF every day at a specified time,", THEN enable the air conditioner.",FREE,ECO,NEUTRAL,ECO
IF every day at a specified time,", THEN enable the air conditioner.",FREE,ECO,NEUTRAL,ECO
IF every day at a specified time,", THEN enable the air conditioner.",FREE,ECO,NEUTRAL,ECO
IF every day at a specified time,", THEN turn on the air conditioner.",FREE,ECO,NEUTRAL,ECO
IF every day at a specified time,", THEN turn on the air conditioner.",FREE,ECO,NEUTRAL,ECO
IF every day at a specified time,", THEN turn on the air conditioner.",FREE,ECO,NEUTRAL,ECO
IF every day at a specified time,", THEN turn on the air conditioner.",FREE,ECO,NEUTRAL,ECO
IF every day at a specified time,", THEN turn on the air conditioner.",FREE,ECO,NEUTRAL,ECO
IF every day at a specified time,", THEN turn on the air conditioner.",FREE,ECO,NEUTRAL,ECO
IF every day at a specified time,", THEN turn on the air conditioner.",FREE,ECO,NEUTRAL,ECO
IF every day at a specified time,", THEN turn on the air conditioner.",FREE,ECO,NEUTRAL,ECO
IF every day at a specified time,", THEN turn on the air conditioner.",FREE,ECO,NEUTRAL,ECO
IF every day at a specified time,", THEN turn on the air conditioner.",FREE,ECO,NEUTRAL,ECO
IF every day at a specified time,", THEN start the AC unit.",FREE,ECO,NEUTRAL,ECO
IF every day at a specified time,", THEN start the AC unit.",FREE,ECO,NEUTRAL,ECO
IF every day at a specified time,", THEN start the AC unit.",FREE,ECO,NEUTRAL,ECO
IF every day at a specified time,", THEN start the AC unit.",FREE,ECO,NEUTRAL,ECO
IF every day at a specified time,", THEN start the AC unit.",FREE,ECO,NEUTRAL,ECO
IF every day at a specified time,", THEN start the AC unit.",FREE,ECO,NEUTRAL,ECO
IF every day at a specified time,", THEN start the AC unit.",FREE,ECO,NEUTRAL,ECO
IF every day at a specified time,", THEN start the AC unit.",FREE,ECO,NEUTRAL,ECO
IF every day at a specified time,", THEN start the AC unit.",FREE,ECO,NEUTRAL,ECO
IF every day at a specified time,", THEN start the AC unit.",FREE,ECO,NEUTRAL,ECO
IF every day at a specified time,", THEN stop the air conditioner in a specified room.",FREE,ECO,ECO,ECO
IF every day at a specified time,", THEN stop the air conditioner in a specified room.",FREE,ECO,ECO,ECO
IF every day at a specified time,", THEN stop the air conditioner in a specified room.",FREE,ECO,ECO,ECO
IF every day at a specified time,", THEN stop the air conditioner in a specified room.",FREE,ECO,ECO,ECO
IF every day at a specified time,", THEN stop the air conditioner in a specified room.",FREE,ECO,ECO,ECO
IF every day at a specified time,", THEN stop the air conditioner in a specified room.",FREE,ECO,ECO,ECO
IF every day at a specified time,", THEN stop the air conditioner in a specified room.",FREE,ECO,ECO,ECO
IF every day at a specified time,", THEN stop the air conditioner in a specified room.",FREE,ECO,ECO,ECO
IF every day at a specified time,", THEN stop the air conditioner in a specified room.",FREE,ECO,ECO,ECO
IF every day at a specified time,", THEN stop the air conditioner in a specified room.",FREE,ECO,ECO,ECO
IF every day at a specified time,", THEN deactivate the air conditioner.",FREE,ECO,NEUTRAL,ECO
IF every day at a specified time,", THEN deactivate the air conditioner.",FREE,ECO,NEUTRAL,ECO
IF every day at a specified time,", THEN deactivate the air conditioner.",FREE,ECO,NEUTRAL,ECO
IF every day at a specified time,", THEN deactivate the air conditioner.",FREE,ECO,NEUTRAL,ECO
IF every day at a specified time,", THEN deactivate the air conditioner.",FREE,ECO,NEUTRAL,ECO
IF every day at a specified time,", THEN deactivate the air conditioner.",FREE,ECO,NEUTRAL,ECO
IF every day at a specified time,", THEN deactivate the air conditioner.",FREE,ECO,NEUTRAL,ECO
IF every day at a specified time,", THEN deactivate the air conditioner.",FREE,ECO,NEUTRAL,ECO
IF every day at a specified time,", THEN deactivate the air conditioner.",FREE,ECO,NEUTRAL,ECO
IF every day at a specified time,", THEN deactivate the air conditioner.",FREE,ECO,NEUTRAL,ECO
IF a specific button is pressed,", THEN disable the indicated timer.",FREE,NEUTRAL,ECO,ECO
IF a specific button is pressed,", THEN disable the indicated timer.",FREE,NEUTRAL,ECO,ECO
IF a specific button is pressed,", THEN disable the indicated timer.",FREE,NEUTRAL,ECO,ECO
IF a specific button is pressed,", THEN disable the indicated timer.",FREE,NEUTRAL,ECO,ECO
IF a specific button is pressed,", THEN disable the indicated timer.",FREE,NEUTRAL,ECO,ECO
IF a specific button is pressed,", THEN disable the indicated timer.",FREE,NEUTRAL,ECO,ECO
IF a specific button is pressed,", THEN disable the indicated timer.",FREE,NEUTRAL,ECO,ECO
IF a specific button is pressed,", THEN disable the indicated timer.",FREE,NEUTRAL,ECO,ECO
IF a specific button is pressed,", THEN disable the indicated timer.",FREE,NEUTRAL,ECO,ECO
IF a specific button is pressed,", THEN disable the indicated timer.",FREE,NEUTRAL,ECO,ECO
IF a specific button is pressed,", THEN deactivate the air conditioner in a specified room.",FREE,NEUTRAL,ECO,ECO
IF a specific button is pressed,", THEN deactivate the air conditioner in a specified room.",FREE,NEUTRAL,ECO,ECO
IF a specific button is pressed,", THEN deactivate the air conditioner in a specified room.",FREE,NEUTRAL,ECO,ECO
IF a specific button is pressed,", THEN deactivate the air conditioner in a specified room.",FREE,NEUTRAL,ECO,ECO
IF a specific button is pressed,", THEN deactivate the air conditioner in a specified room.",FREE,NEUTRAL,ECO,ECO
IF a specific button is pressed,", THEN deactivate the air conditioner in a specified room.",FREE,NEUTRAL,ECO,ECO
IF a specific button is pressed,", THEN deactivate the air conditioner in a specified room.",FREE,NEUTRAL,ECO,ECO
IF a specific button is pressed,", THEN deactivate the air conditioner in a specified room.",FREE,NEUTRAL,ECO,ECO
IF a specific button is pressed,", THEN deactivate the air conditioner in a specified room.",FREE,NEUTRAL,ECO,ECO
IF a specific button is pressed,", THEN deactivate the air conditioner in a specified room.",FREE,NEUTRAL,ECO,ECO
IF a specific button is pressed,", THEN turn on the indicated timer.",FREE,NEUTRAL,ECO,ECO
IF a specific button is pressed,", THEN turn on the indicated timer.",FREE,NEUTRAL,ECO,ECO
IF a specific button is pressed,", THEN turn on the indicated timer.",FREE,NEUTRAL,ECO,ECO
IF a specific button is pressed,", THEN turn on the indicated timer.",FREE,NEUTRAL,ECO,ECO
IF a specific button is pressed,", THEN turn on the indicated timer.",FREE,NEUTRAL,ECO,ECO
IF a specific button is pressed,", THEN turn on the indicated timer.",FREE,NEUTRAL,ECO,ECO
IF a specific button is pressed,", THEN turn on the indicated timer.",FREE,NEUTRAL,ECO,ECO
IF a specific button is pressed,", THEN turn on the indicated timer.",FREE,NEUTRAL,ECO,ECO
IF a specific button is pressed,", THEN turn on the indicated timer.",FREE,NEUTRAL,ECO,ECO
IF a specific button is pressed,", THEN turn on the indicated timer.",FREE,NEUTRAL,ECO,ECO
IF a specific button is pressed,", THEN enable the indicated timer.",FREE,NEUTRAL,ECO,ECO
IF a specific button is pressed,", THEN enable the indicated timer.",FREE,NEUTRAL,ECO,ECO
IF a specific button is pressed,", THEN enable the indicated timer.",FREE,NEUTRAL,ECO,ECO
IF a specific button is pressed,", THEN enable the indicated timer.",FREE,NEUTRAL,ECO,ECO
IF a specific button is pressed,", THEN enable the indicated timer.",FREE,NEUTRAL,ECO,ECO
IF a specific button is pressed,", THEN enable the indicated timer.",FREE,NEUTRAL,ECO,ECO
IF a specific button is pressed,", THEN enable the indicated timer.",FREE,NEUTRAL,ECO,ECO
IF a specific button is pressed,", THEN enable the indicated timer.",FREE,NEUTRAL,ECO,ECO
IF a specific button is pressed,", THEN enable the indicated timer.",FREE,NEUTRAL,ECO,ECO
IF a specific button is pressed,", THEN enable the indicated timer.",FREE,NEUTRAL,ECO,ECO
IF a specific button is pressed,", THEN start the air conditioner in a specific room in comfort mode.",FREE,NEUTRAL,ECO,ECO
IF a specific button is pressed,", THEN start the air conditioner in a specific room in comfort mode.",FREE,NEUTRAL,ECO,ECO
IF a specific button is pressed,", THEN start the air conditioner in a specific room in comfort mode.",FREE,NEUTRAL,ECO,ECO
IF a specific button is pressed,", THEN start the air conditioner in a specific room in comfort mode.",FREE,NEUTRAL,ECO,ECO
IF a specific button is pressed,", THEN start the air conditioner in a specific room in comfort mode.",FREE,NEUTRAL,ECO,ECO
IF a specific button is pressed,", THEN start the air conditioner in a specific room in comfort mode.",FREE,NEUTRAL,ECO,ECO
IF a specific button is pressed,", THEN start the air conditioner in a specific room in comfort mode.",FREE,NEUTRAL,ECO,ECO
IF a specific button is pressed,", THEN start the air conditioner in a specific room in comfort mode.",FREE,NEUTRAL,ECO,ECO
IF a specific button is pressed,", THEN start the air conditioner in a specific room in comfort mode.",FREE,NEUTRAL,ECO,ECO
IF a specific button is pressed,", THEN start the air conditioner in a specific room in comfort mode.",FREE,NEUTRAL,ECO,ECO
IF a specific button is pressed,", THEN turn off eco mode on the AC unit.",FREE,NEUTRAL,ECO,ECO
IF a specific button is pressed,", THEN turn off eco mode on the AC unit.",FREE,NEUTRAL,ECO,ECO
IF a specific button is pressed,", THEN turn off eco mode on the AC unit.",FREE,NEUTRAL,ECO,ECO
IF a specific button is pressed,", THEN turn off eco mode on the AC unit.",FREE,NEUTRAL,ECO,ECO
IF a specific button is pressed,", THEN turn off eco mode on the AC unit.",FREE,NEUTRAL,ECO,ECO
IF a specific button is pressed,", THEN turn off eco mode on the AC unit.",FREE,NEUTRAL,ECO,ECO
IF a specific button is pressed,", THEN turn off eco mode on the AC unit.",FREE,NEUTRAL,ECO,ECO
IF a specific button is pressed,", THEN turn off eco mode on the AC unit.",FREE,NEUTRAL,ECO,ECO
IF a specific button is pressed,", THEN turn off eco mode on the AC unit.",FREE,NEUTRAL,ECO,ECO
IF a specific button is pressed,", THEN turn off eco mode on the AC unit.",FREE,NEUTRAL,ECO,ECO
IF a specific button is pressed,", THEN set the mode of the air conditioner to eco.",FREE,NEUTRAL,ECO,ECO
IF a specific button is pressed,", THEN set the mode of the air conditioner to eco.",FREE,NEUTRAL,ECO,ECO
IF a specific button is pressed,", THEN set the mode of the air conditioner to eco.",FREE,NEUTRAL,ECO,ECO
IF a specific button is pressed,", THEN set the mode of the air conditioner to eco.",FREE,NEUTRAL,ECO,ECO
IF a specific button is pressed,", THEN set the mode of the air conditioner to eco.",FREE,NEUTRAL,ECO,ECO
IF a specific button is pressed,", THEN set the mode of the air conditioner to eco.",FREE,NEUTRAL,ECO,ECO
IF a specific button is pressed,", THEN set the mode of the air conditioner to eco.",FREE,NEUTRAL,ECO,ECO
IF a specific button is pressed,", THEN set the mode of the air conditioner to eco.",FREE,NEUTRAL,ECO,ECO
IF a specific button is pressed,", THEN set the mode of the air conditioner to eco.",FREE,NEUTRAL,ECO,ECO
IF a specific button is pressed,", THEN set the mode of the air conditioner to eco.",FREE,NEUTRAL,ECO,ECO
IF a specific button is pressed,", THEN turn off the air conditioner in a specified room.",FREE,NEUTRAL,ECO,ECO
IF a specific button is pressed,", THEN turn off the air conditioner in a specified room.",FREE,NEUTRAL,ECO,ECO
IF a specific button is pressed,", THEN turn off the air conditioner in a specified room.",FREE,NEUTRAL,ECO,ECO
IF a specific button is pressed,", THEN turn off the air conditioner in a specified room.",FREE,NEUTRAL,ECO,ECO
IF a specific button is pressed,", THEN turn off the air conditioner in a specified room.",FREE,NEUTRAL,ECO,ECO
IF a specific button is pressed,", THEN turn off the air conditioner in a specified room.",FREE,NEUTRAL,ECO,ECO
IF a specific button is pressed,", THEN turn off the air conditioner in a specified room.",FREE,NEUTRAL,ECO,ECO
IF a specific button is pressed,", THEN turn off the air conditioner in a specified room.",FREE,NEUTRAL,ECO,ECO
IF a specific button is pressed,", THEN turn off the air conditioner in a specified room.",FREE,NEUTRAL,ECO,ECO
IF a specific button is pressed,", THEN turn off the air conditioner in a specified room.",FREE,NEUTRAL,ECO,ECO
IF a specific button is pressed,", THEN change the AC unit mode to sleep.",FREE,NEUTRAL,ECO,ECO
IF a specific button is pressed,", THEN change the AC unit mode to sleep.",FREE,NEUTRAL,ECO,ECO
IF a specific button is pressed,", THEN change the AC unit mode to sleep.",FREE,NEUTRAL,ECO,ECO
IF a specific button is pressed,", THEN change the AC unit mode to sleep.",FREE,NEUTRAL,ECO,ECO
IF a specific button is pressed,", THEN change the AC unit mode to sleep.",FREE,NEUTRAL,ECO,ECO
IF a specific button is pressed,", THEN change the AC unit mode to sleep.",FREE,NEUTRAL,ECO,ECO
IF a specific button is pressed,", THEN change the AC unit mode to sleep.",FREE,NEUTRAL,ECO,ECO
IF a specific button is pressed,", THEN change the AC unit mode to sleep.",FREE,NEUTRAL,ECO,ECO
IF a specific button is pressed,", THEN change the AC unit mode to sleep.",FREE,NEUTRAL,ECO,ECO
IF a specific button is pressed,", THEN change the AC unit mode to sleep.",FREE,NEUTRAL,ECO,ECO
IF a specific button is pressed,", THEN stop the air conditioner in a chosen room.",FREE,NEUTRAL,ECO,ECO
IF a specific button is pressed,", THEN stop the air conditioner in a chosen room.",FREE,NEUTRAL,ECO,ECO
IF a specific button is pressed,", THEN stop the air conditioner in a chosen room.",FREE,NEUTRAL,ECO,ECO
IF a specific button is pressed,", THEN stop the air conditioner in a chosen room.",FREE,NEUTRAL,ECO,ECO
IF a specific button is pressed,", THEN stop the air conditioner in a chosen room.",FREE,NEUTRAL,ECO,ECO
IF a specific button is pressed,", THEN stop the air conditioner in a chosen room.",FREE,NEUTRAL,ECO,ECO
IF a specific button is pressed,", THEN stop the air conditioner in a chosen room.",FREE,NEUTRAL,ECO,ECO
IF a specific button is pressed,", THEN stop the air conditioner in a chosen room.",FREE,NEUTRAL,ECO,ECO
IF a specific button is pressed,", THEN stop the air conditioner in a chosen room.",FREE,NEUTRAL,ECO,ECO
IF a specific button is pressed,", THEN stop the air conditioner in a chosen room.",FREE,NEUTRAL,ECO,ECO
IF a specific button is pressed,", THEN turn on the air conditioner in a specified room in comfort mode.",FREE,NEUTRAL,ECO,ECO
IF a specific button is pressed,", THEN turn on the air conditioner in a specified room in comfort mode.",FREE,NEUTRAL,ECO,ECO
IF a specific button is pressed,", THEN turn on the air conditioner in a specified room in comfort mode.",FREE,NEUTRAL,ECO,ECO
IF a specific button is pressed,", THEN turn on the air conditioner in a specified room in comfort mode.",FREE,NEUTRAL,ECO,ECO
IF a specific button is pressed,", THEN turn on the air conditioner in a specified room in comfort mode.",FREE,NEUTRAL,ECO,ECO
IF a specific button is pressed,", THEN turn on the air conditioner in a specified room in comfort mode.",FREE,NEUTRAL,ECO,ECO
IF a specific button is pressed,", THEN turn on the air conditioner in a specified room in comfort mode.",FREE,NEUTRAL,ECO,ECO
IF a specific button is pressed,", THEN turn on the air conditioner in a specified room in comfort mode.",FREE,NEUTRAL,ECO,ECO
IF a specific button is pressed,", THEN turn on the air conditioner in a specified room in comfort mode.",FREE,NEUTRAL,ECO,ECO
IF a specific button is pressed,", THEN turn on the air conditioner in a specified room in comfort mode.",FREE,NEUTRAL,ECO,ECO
IF a specific button is pressed,", THEN deactivate the indicated timer.",FREE,NEUTRAL,ECO,ECO
IF a specific button is pressed,", THEN deactivate the indicated timer.",FREE,NEUTRAL,ECO,ECO
IF a specific button is pressed,", THEN deactivate the indicated timer.",FREE,NEUTRAL,ECO,ECO
IF a specific button is pressed,", THEN deactivate the indicated timer.",FREE,NEUTRAL,ECO,ECO
IF a specific button is pressed,", THEN deactivate the indicated timer.",FREE,NEUTRAL,ECO,ECO
IF a specific button is pressed,", THEN deactivate the indicated timer.",FREE,NEUTRAL,ECO,ECO
IF a specific button is pressed,", THEN deactivate the indicated timer.",FREE,NEUTRAL,ECO,ECO
IF a specific button is pressed,", THEN deactivate the indicated timer.",FREE,NEUTRAL,ECO,ECO
IF a specific button is pressed,", THEN deactivate the indicated timer.",FREE,NEUTRAL,ECO,ECO
IF a specific button is pressed,", THEN deactivate the indicated timer.",FREE,NEUTRAL,ECO,ECO
IF a specific button is pressed,", THEN start the air conditioner in a specified room in comfort mode.",FREE,NEUTRAL,ECO,ECO
IF a specific button is pressed,", THEN start the air conditioner in a specified room in comfort mode.",FREE,NEUTRAL,ECO,ECO
IF a specific button is pressed,", THEN start the air conditioner in a specified room in comfort mode.",FREE,NEUTRAL,ECO,ECO
IF a specific button is pressed,", THEN start the air conditioner in a specified room in comfort mode.",FREE,NEUTRAL,ECO,ECO
IF a specific button is pressed,", THEN start the air conditioner in a specified room in comfort mode.",FREE,NEUTRAL,ECO,ECO
IF a specific button is pressed,", THEN start the air conditioner in a specified room in comfort mode.",FREE,NEUTRAL,ECO,ECO
IF a specific button is pressed,", THEN start the air conditioner in a specified room in comfort mode.",FREE,NEUTRAL,ECO,ECO
IF a specific button is pressed,", THEN start the air conditioner in a specified room in comfort mode.",FREE,NEUTRAL,ECO,ECO
IF a specific button is pressed,", THEN start the air conditioner in a specified room in comfort mode.",FREE,NEUTRAL,ECO,ECO
IF a specific button is pressed,", THEN start the air conditioner in a specified room in comfort mode.",FREE,NEUTRAL,ECO,ECO
IF a specific button is pressed,", THEN disable eco mode on the AC unit.",FREE,NEUTRAL,ECO,ECO
IF a specific button is pressed,", THEN disable eco mode on the AC unit.",FREE,NEUTRAL,ECO,ECO
IF a specific button is pressed,", THEN disable eco mode on the AC unit.",FREE,NEUTRAL,ECO,ECO
IF a specific button is pressed,", THEN disable eco mode on the AC unit.",FREE,NEUTRAL,ECO,ECO
IF a specific button is pressed,", THEN disable eco mode on the AC unit.",FREE,NEUTRAL,ECO,ECO
IF a specific button is pressed,", THEN disable eco mode on the AC unit.",FREE,NEUTRAL,ECO,ECO
IF a specific button is pressed,", THEN disable eco mode on the AC unit.",FREE,NEUTRAL,ECO,ECO
IF a specific button is pressed,", THEN disable eco mode on the AC unit.",FREE,NEUTRAL,ECO,ECO
IF a specific button is pressed,", THEN disable eco mode on the AC unit.",FREE,NEUTRAL,ECO,ECO
IF a specific button is pressed,", THEN disable eco mode on the AC unit.",FREE,NEUTRAL,ECO,ECO
IF a specific button is pressed,", THEN stop the air conditioner in a specified room.",FREE,NEUTRAL,ECO,ECO
IF a specific button is pressed,", THEN stop the air conditioner in a specified room.",FREE,NEUTRAL,ECO,ECO
IF a specific button is pressed,", THEN stop the air conditioner in a specified room.",FREE,NEUTRAL,ECO,ECO
IF a specific button is pressed,", THEN stop the air conditioner in a specified room.",FREE,NEUTRAL,ECO,ECO
IF a specific button is pressed,", THEN stop the air conditioner in a specified room.",FREE,NEUTRAL,ECO,ECO
IF a specific button is pressed,", THEN stop the air conditioner in a specified room.",FREE,NEUTRAL,ECO,ECO
IF a specific button is pressed,", THEN stop the air conditioner in a specified room.",FREE,NEUTRAL,ECO,ECO
IF a specific button is pressed,", THEN stop the air conditioner in a specified room.",FREE,NEUTRAL,ECO,ECO
IF a specific button is pressed,", THEN stop the air conditioner in a specified room.",FREE,NEUTRAL,ECO,ECO
IF a specific button is pressed,", THEN stop the air conditioner in a specified room.",FREE,NEUTRAL,ECO,ECO
IF every day at a specific time,", THEN sets the fan to low speed.",FREE,ECO,NEUTRAL,ECO
IF every day at a specific time,", THEN sets the fan to low speed.",FREE,ECO,NEUTRAL,ECO
IF every day at a specific time,", THEN sets the fan to low speed.",FREE,ECO,NEUTRAL,ECO
IF every day at a specific time,", THEN sets the fan to low speed.",FREE,ECO,NEUTRAL,ECO
IF every day at a specific time,", THEN sets the fan to low speed.",FREE,ECO,NEUTRAL,ECO
IF every day at a specific time,", THEN sets the fan to low speed.",FREE,ECO,NEUTRAL,ECO
IF every day at a specific time,", THEN sets the fan to low speed.",FREE,ECO,NEUTRAL,ECO
IF every day at a specific time,", THEN sets the fan to low speed.",FREE,ECO,NEUTRAL,ECO
IF every day at a specific time,", THEN sets the fan to low speed.",FREE,ECO,NEUTRAL,ECO
IF every day at a specific time,", THEN sets the fan to low speed.",FREE,ECO,NEUTRAL,ECO
IF every day at a specific time,", THEN disable the indicated timer.",FREE,ECO,ECO,ECO
IF every day at a specific time,", THEN disable the indicated timer.",FREE,ECO,ECO,ECO
IF every day at a specific time,", THEN disable the indicated timer.",FREE,ECO,ECO,ECO
IF every day at a specific time,", THEN disable the indicated timer.",FREE,ECO,ECO,ECO
IF every day at a specific time,", THEN disable the indicated timer.",FREE,ECO,ECO,ECO
IF every day at a specific time,", THEN disable the indicated timer.",FREE,ECO,ECO,ECO
IF every day at a specific time,", THEN disable the indicated timer.",FREE,ECO,ECO,ECO
IF every day at a specific time,", THEN disable the indicated timer.",FREE,ECO,ECO,ECO
IF every day at a specific time,", THEN disable the indicated timer.",FREE,ECO,ECO,ECO
IF every day at a specific time,", THEN disable the indicated timer.",FREE,ECO,ECO,ECO
IF every day at a specific time,", THEN stop the AC unit.",FREE,ECO,NEUTRAL,ECO
IF every day at a specific time,", THEN stop the AC unit.",FREE,ECO,NEUTRAL,ECO
IF every day at a specific time,", THEN stop the AC unit.",FREE,ECO,NEUTRAL,ECO
IF every day at a specific time,", THEN stop the AC unit.",FREE,ECO,NEUTRAL,ECO
IF every day at a specific time,", THEN stop the AC unit.",FREE,ECO,NEUTRAL,ECO
IF every day at a specific time,", THEN stop the AC unit.",FREE,ECO,NEUTRAL,ECO
IF every day at a specific time,", THEN stop the AC unit.",FREE,ECO,NEUTRAL,ECO
IF every day at a specific time,", THEN stop the AC unit.",FREE,ECO,NEUTRAL,ECO
IF every day at a specific time,", THEN stop the AC unit.",FREE,ECO,NEUTRAL,ECO
IF every day at a specific time,", THEN stop the AC unit.",FREE,ECO,NEUTRAL,ECO
IF every day at a specific time,", THEN deactivate the air conditioner in a specified room.",FREE,ECO,ECO,ECO
IF every day at a specific time,", THEN deactivate the air conditioner in a specified room.",FREE,ECO,ECO,ECO
IF every day at a specific time,", THEN deactivate the air conditioner in a specified room.",FREE,ECO,ECO,ECO
IF every day at a specific time,", THEN deactivate the air conditioner in a specified room.",FREE,ECO,ECO,ECO
IF every day at a specific time,", THEN deactivate the air conditioner in a specified room.",FREE,ECO,ECO,ECO
IF every day at a specific time,", THEN deactivate the air conditioner in a specified room.",FREE,ECO,ECO,ECO
IF every day at a specific time,", THEN deactivate the air conditioner in a specified room.",FREE,ECO,ECO,ECO
IF every day at a specific time,", THEN deactivate the air conditioner in a specified room.",FREE,ECO,ECO,ECO
IF every day at a specific time,", THEN deactivate the air conditioner in a specified room.",FREE,ECO,ECO,ECO
IF every day at a specific time,", THEN deactivate the air conditioner in a specified room.",FREE,ECO,ECO,ECO
IF every day at a specific time,", THEN turn on the indicated timer.",FREE,ECO,ECO,ECO
IF every day at a specific time,", THEN turn on the indicated timer.",FREE,ECO,ECO,ECO
IF every day at a specific time,", THEN turn on the indicated timer.",FREE,ECO,ECO,ECO
IF every day at a specific time,", THEN turn on the indicated timer.",FREE,ECO,ECO,ECO
IF every day at a specific time,", THEN turn on the indicated timer.",FREE,ECO,ECO,ECO
IF every day at a specific time,", THEN turn on the indicated timer.",FREE,ECO,ECO,ECO
IF every day at a specific time,", THEN turn on the indicated timer.",FREE,ECO,ECO,ECO
IF every day at a specific time,", THEN turn on the indicated timer.",FREE,ECO,ECO,ECO
IF every day at a specific time,", THEN turn on the indicated timer.",FREE,ECO,ECO,ECO
IF every day at a specific time,", THEN turn on the indicated timer.",FREE,ECO,ECO,ECO
IF every day at a specific time,", THEN enable the indicated timer.",FREE,ECO,ECO,ECO
IF every day at a specific time,", THEN enable the indicated timer.",FREE,ECO,ECO,ECO
IF every day at a specific time,", THEN enable the indicated timer.",FREE,ECO,ECO,ECO
IF every day at a specific time,", THEN enable the indicated timer.",FREE,ECO,ECO,ECO
IF every day at a specific time,", THEN enable the indicated timer.",FREE,ECO,ECO,ECO
IF every day at a specific time,", THEN enable the indicated timer.",FREE,ECO,ECO,ECO
IF every day at a specific time,", THEN enable the indicated timer.",FREE,ECO,ECO,ECO
IF every day at a specific time,", THEN enable the indicated timer.",FREE,ECO,ECO,ECO
IF every day at a specific time,", THEN enable the indicated timer.",FREE,ECO,ECO,ECO
IF every day at a specific time,", THEN enable the indicated timer.",FREE,ECO,ECO,ECO
IF every day at a specific time,", THEN turn off the AC unit.",FREE,ECO,NEUTRAL,ECO
IF every day at a specific time,", THEN turn off the AC unit.",FREE,ECO,NEUTRAL,ECO
IF every day at a specific time,", THEN turn off the AC unit.",FREE,ECO,NEUTRAL,ECO
IF every day at a specific time,", THEN turn off the AC unit.",FREE,ECO,NEUTRAL,ECO
IF every day at a specific time,", THEN turn off the AC unit.",FREE,ECO,NEUTRAL,ECO
IF every day at a specific time,", THEN turn off the AC unit.",FREE,ECO,NEUTRAL,ECO
IF every day at a specific time,", THEN turn off the AC unit.",FREE,ECO,NEUTRAL,ECO
IF every day at a specific time,", THEN turn off the AC unit.",FREE,ECO,NEUTRAL,ECO
IF every day at a specific time,", THEN turn off the AC unit.",FREE,ECO,NEUTRAL,ECO
IF every day at a specific time,", THEN turn off the AC unit.",FREE,ECO,NEUTRAL,ECO
IF every day at a specific time,", THEN start the air conditioner in a specific room in comfort mode.",FREE,ECO,ECO,ECO
IF every day at a specific time,", THEN start the air conditioner in a specific room in comfort mode.",FREE,ECO,ECO,ECO
IF every day at a specific time,", THEN start the air conditioner in a specific room in comfort mode.",FREE,ECO,ECO,ECO
IF every day at a specific time,", THEN start the air conditioner in a specific room in comfort mode.",FREE,ECO,ECO,ECO
IF every day at a specific time,", THEN start the air conditioner in a specific room in comfort mode.",FREE,ECO,ECO,ECO
IF every day at a specific time,", THEN start the air conditioner in a specific room in comfort mode.",FREE,ECO,ECO,ECO
IF every day at a specific time,", THEN start the air conditioner in a specific room in comfort mode.",FREE,ECO,ECO,ECO
IF every day at a specific time,", THEN start the air conditioner in a specific room in comfort mode.",FREE,ECO,ECO,ECO
IF every day at a specific time,", THEN start the air conditioner in a specific room in comfort mode.",FREE,ECO,ECO,ECO
IF every day at a specific time,", THEN start the air conditioner in a specific room in comfort mode.",FREE,ECO,ECO,ECO
IF every day at a specific time,", THEN turn off eco mode on the AC unit.",FREE,ECO,ECO,ECO
IF every day at a specific time,", THEN turn off eco mode on the AC unit.",FREE,ECO,ECO,ECO
IF every day at a specific time,", THEN turn off eco mode on the AC unit.",FREE,ECO,ECO,ECO
IF every day at a specific time,", THEN turn off eco mode on the AC unit.",FREE,ECO,ECO,ECO
IF every day at a specific time,", THEN turn off eco mode on the AC unit.",FREE,ECO,ECO,ECO
IF every day at a specific time,", THEN turn off eco mode on the AC unit.",FREE,ECO,ECO,ECO
IF every day at a specific time,", THEN turn off eco mode on the AC unit.",FREE,ECO,ECO,ECO
IF every day at a specific time,", THEN turn off eco mode on the AC unit.",FREE,ECO,ECO,ECO
IF every day at a specific time,", THEN turn off eco mode on the AC unit.",FREE,ECO,ECO,ECO
IF every day at a specific time,", THEN turn off eco mode on the AC unit.",FREE,ECO,ECO,ECO
IF every day at a specific time,", THEN turn off the air conditioner.",FREE,ECO,NEUTRAL,ECO
IF every day at a specific time,", THEN turn off the air conditioner.",FREE,ECO,NEUTRAL,ECO
IF every day at a specific time,", THEN turn off the air conditioner.",FREE,ECO,NEUTRAL,ECO
IF every day at a specific time,", THEN turn off the air conditioner.",FREE,ECO,NEUTRAL,ECO
IF every day at a specific time,", THEN turn off the air conditioner.",FREE,ECO,NEUTRAL,ECO
IF every day at a specific time,", THEN turn off the air conditioner.",FREE,ECO,NEUTRAL,ECO
IF every day at a specific time,", THEN turn off the air conditioner.",FREE,ECO,NEUTRAL,ECO
IF every day at a specific time,", THEN turn off the air conditioner.",FREE,ECO,NEUTRAL,ECO
IF every day at a specific time,", THEN turn off the air conditioner.",FREE,ECO,NEUTRAL,ECO
IF every day at a specific time,", THEN turn off the air conditioner.",FREE,ECO,NEUTRAL,ECO
IF every day at a specific time,", THEN turns the AC unit display on.",FREE,ECO,NEUTRAL,ECO
IF every day at a specific time,", THEN turns the AC unit display on.",FREE,ECO,NEUTRAL,ECO
IF every day at a specific time,", THEN turns the AC unit display on.",FREE,ECO,NEUTRAL,ECO
IF every day at a specific time,", THEN turns the AC unit display on.",FREE,ECO,NEUTRAL,ECO
IF every day at a specific time,", THEN turns the AC unit display on.",FREE,ECO,NEUTRAL,ECO
IF every day at a specific time,", THEN turns the AC unit display on.",FREE,ECO,NEUTRAL,ECO
IF every day at a specific time,", THEN turns the AC unit display on.",FREE,ECO,NEUTRAL,ECO
IF every day at a specific time,", THEN turns the AC unit display on.",FREE,ECO,NEUTRAL,ECO
IF every day at a specific time,", THEN turns the AC unit display on.",FREE,ECO,NEUTRAL,ECO
IF every day at a specific time,", THEN turns the AC unit display on.",FREE,ECO,NEUTRAL,ECO
IF every day at a specific time,", THEN set the mode of the air conditioner to eco.",FREE,ECO,ECO,ECO
IF every day at a specific time,", THEN set the mode of the air conditioner to eco.",FREE,ECO,ECO,ECO
IF every day at a specific time,", THEN set the mode of the air conditioner to eco.",FREE,ECO,ECO,ECO
IF every day at a specific time,", THEN set the mode of the air conditioner to eco.",FREE,ECO,ECO,ECO
IF every day at a specific time,", THEN set the mode of the air conditioner to eco.",FREE,ECO,ECO,ECO
IF every day at a specific time,", THEN set the mode of the air conditioner to eco.",FREE,ECO,ECO,ECO
IF every day at a specific time,", THEN set the mode of the air conditioner to eco.",FREE,ECO,ECO,ECO
IF every day at a specific time,", THEN set the mode of the air conditioner to eco.",FREE,ECO,ECO,ECO
IF every day at a specific time,", THEN set the mode of the air conditioner to eco.",FREE,ECO,ECO,ECO
IF every day at a specific time,", THEN set the mode of the air conditioner to eco.",FREE,ECO,ECO,ECO
IF every day at a specific time,", THEN turns on the air purifier.",FREE,ECO,NEUTRAL,ECO
IF every day at a specific time,", THEN turns on the air purifier.",FREE,ECO,NEUTRAL,ECO
IF every day at a specific time,", THEN turns on the air purifier.",FREE,ECO,NEUTRAL,ECO
IF every day at a specific time,", THEN turns on the air purifier.",FREE,ECO,NEUTRAL,ECO
IF every day at a specific time,", THEN turns on the air purifier.",FREE,ECO,NEUTRAL,ECO
IF every day at a specific time,", THEN turns on the air purifier.",FREE,ECO,NEUTRAL,ECO
IF every day at a specific time,", THEN turns on the air purifier.",FREE,ECO,NEUTRAL,ECO
IF every day at a specific time,", THEN turns on the air purifier.",FREE,ECO,NEUTRAL,ECO
IF every day at a specific time,", THEN turns on the air purifier.",FREE,ECO,NEUTRAL,ECO
IF every day at a specific time,", THEN turns on the air purifier.",FREE,ECO,NEUTRAL,ECO
IF every day at a specific time,", THEN turn off the air conditioner in a specified room.",FREE,ECO,ECO,ECO
IF every day at a specific time,", THEN turn off the air conditioner in a specified room.",FREE,ECO,ECO,ECO
IF every day at a specific time,", THEN turn off the air conditioner in a specified room.",FREE,ECO,ECO,ECO
IF every day at a specific time,", THEN turn off the air conditioner in a specified room.",FREE,ECO,ECO,ECO
IF every day at a specific time,", THEN turn off the air conditioner in a specified room.",FREE,ECO,ECO,ECO
IF every day at a specific time,", THEN turn off the air conditioner in a specified room.",FREE,ECO,ECO,ECO
IF every day at a specific time,", THEN turn off the air conditioner in a specified room.",FREE,ECO,ECO,ECO
IF every day at a specific time,", THEN turn off the air conditioner in a specified room.",FREE,ECO,ECO,ECO
IF every day at a specific time,", THEN turn off the air conditioner in a specified room.",FREE,ECO,ECO,ECO
IF every day at a specific time,", THEN turn off the air conditioner in a specified room.",FREE,ECO,ECO,ECO
IF every day at a specific time,", THEN turns off the air purifier.",FREE,ECO,NEUTRAL,ECO
IF every day at a specific time,", THEN turns off the air purifier.",FREE,ECO,NEUTRAL,ECO
IF every day at a specific time,", THEN turns off the air purifier.",FREE,ECO,NEUTRAL,ECO
IF every day at a specific time,", THEN turns off the air purifier.",FREE,ECO,NEUTRAL,ECO
IF every day at a specific time,", THEN turns off the air purifier.",FREE,ECO,NEUTRAL,ECO
IF every day at a specific time,", THEN turns off the air purifier.",FREE,ECO,NEUTRAL,ECO
IF every day at a specific time,", THEN turns off the air purifier.",FREE,ECO,NEUTRAL,ECO
IF every day at a specific time,", THEN turns off the air purifier.",FREE,ECO,NEUTRAL,ECO
IF every day at a specific time,", THEN turns off the air purifier.",FREE,ECO,NEUTRAL,ECO
IF every day at a specific time,", THEN turns off the air purifier.",FREE,ECO,NEUTRAL,ECO
IF every day at a specific time,", THEN change the AC unit mode to sleep.",FREE,ECO,ECO,ECO
IF every day at a specific time,", THEN change the AC unit mode to sleep.",FREE,ECO,ECO,ECO
IF every day at a specific time,", THEN change the AC unit mode to sleep.",FREE,ECO,ECO,ECO
IF every day at a specific time,", THEN change the AC unit mode to sleep.",FREE,ECO,ECO,ECO
IF every day at a specific time,", THEN change the AC unit mode to sleep.",FREE,ECO,ECO,ECO
IF every day at a specific time,", THEN change the AC unit mode to sleep.",FREE,ECO,ECO,ECO
IF every day at a specific time,", THEN change the AC unit mode to sleep.",FREE,ECO,ECO,ECO
IF every day at a specific time,", THEN change the AC unit mode to sleep.",FREE,ECO,ECO,ECO
IF every day at a specific time,", THEN change the AC unit mode to sleep.",FREE,ECO,ECO,ECO
IF every day at a specific time,", THEN change the AC unit mode to sleep.",FREE,ECO,ECO,ECO
IF every day at a specific time,", THEN stop the air conditioner in a chosen room.",FREE,ECO,ECO,ECO
IF every day at a specific time,", THEN stop the air conditioner in a chosen room.",FREE,ECO,ECO,ECO
IF every day at a specific time,", THEN stop the air conditioner in a chosen room.",FREE,ECO,ECO,ECO
IF every day at a specific time,", THEN stop the air conditioner in a chosen room.",FREE,ECO,ECO,ECO
IF every day at a specific time,", THEN stop the air conditioner in a chosen room.",FREE,ECO,ECO,ECO
IF every day at a specific time,", THEN stop the air conditioner in a chosen room.",FREE,ECO,ECO,ECO
IF every day at a specific time,", THEN stop the air conditioner in a chosen room.",FREE,ECO,ECO,ECO
IF every day at a specific time,", THEN stop the air conditioner in a chosen room.",FREE,ECO,ECO,ECO
IF every day at a specific time,", THEN stop the air conditioner in a chosen room.",FREE,ECO,ECO,ECO
IF every day at a specific time,", THEN stop the air conditioner in a chosen room.",FREE,ECO,ECO,ECO
IF every day at a specific time,", THEN turn on the air conditioner in a specified room in comfort mode.",FREE,ECO,ECO,ECO
IF every day at a specific time,", THEN turn on the air conditioner in a specified room in comfort mode.",FREE,ECO,ECO,ECO
IF every day at a specific time,", THEN turn on the air conditioner in a specified room in comfort mode.",FREE,ECO,ECO,ECO
IF every day at a specific time,", THEN turn on the air conditioner in a specified room in comfort mode.",FREE,ECO,ECO,ECO
IF every day at a specific time,", THEN turn on the air conditioner in a specified room in comfort mode.",FREE,ECO,ECO,ECO
IF every day at a specific time,", THEN turn on the air conditioner in a specified room in comfort mode.",FREE,ECO,ECO,ECO
IF every day at a specific time,", THEN turn on the air conditioner in a specified room in comfort mode.",FREE,ECO,ECO,ECO
IF every day at a specific time,", THEN turn on the air conditioner in a specified room in comfort mode.",FREE,ECO,ECO,ECO
IF every day at a specific time,", THEN turn on the air conditioner in a specified room in comfort mode.",FREE,ECO,ECO,ECO
IF every day at a specific time,", THEN turn on the air conditioner in a specified room in comfort mode.",FREE,ECO,ECO,ECO
IF every day at a specific time,", THEN deactivate the indicated timer.",FREE,ECO,ECO,ECO
IF every day at a specific time,", THEN deactivate the indicated timer.",FREE,ECO,ECO,ECO
IF every day at a specific time,", THEN deactivate the indicated timer.",FREE,ECO,ECO,ECO
IF every day at a specific time,", THEN deactivate the indicated timer.",FREE,ECO,ECO,ECO
IF every day at a specific time,", THEN deactivate the indicated timer.",FREE,ECO,ECO,ECO
IF every day at a specific time,", THEN deactivate the indicated timer.",FREE,ECO,ECO,ECO
IF every day at a specific time,", THEN deactivate the indicated timer.",FREE,ECO,ECO,ECO
IF every day at a specific time,", THEN deactivate the indicated timer.",FREE,ECO,ECO,ECO
IF every day at a specific time,", THEN deactivate the indicated timer.",FREE,ECO,ECO,ECO
IF every day at a specific time,", THEN deactivate the indicated timer.",FREE,ECO,ECO,ECO
IF every day at a specific time,", THEN start the air conditioner in a specified room in comfort mode.",FREE,ECO,ECO,ECO
IF every day at a specific time,", THEN start the air conditioner in a specified room in comfort mode.",FREE,ECO,ECO,ECO
IF every day at a specific time,", THEN start the air conditioner in a specified room in comfort mode.",FREE,ECO,ECO,ECO
IF every day at a specific time,", THEN start the air conditioner in a specified room in comfort mode.",FREE,ECO,ECO,ECO
IF every day at a specific time,", THEN start the air conditioner in a specified room in comfort mode.",FREE,ECO,ECO,ECO
IF every day at a specific time,", THEN start the air conditioner in a specified room in comfort mode.",FREE,ECO,ECO,ECO
IF every day at a specific time,", THEN start the air conditioner in a specified room in comfort mode.",FREE,ECO,ECO,ECO
IF every day at a specific time,", THEN start the air conditioner in a specified room in comfort mode.",FREE,ECO,ECO,ECO
IF every day at a specific time,", THEN start the air conditioner in a specified room in comfort mode.",FREE,ECO,ECO,ECO
IF every day at a specific time,", THEN start the air conditioner in a specified room in comfort mode.",FREE,ECO,ECO,ECO
IF every day at a specific time,", THEN disable eco mode on the AC unit.",FREE,ECO,ECO,ECO
IF every day at a specific time,", THEN disable eco mode on the AC unit.",FREE,ECO,ECO,ECO
IF every day at a specific time,", THEN disable eco mode on the AC unit.",FREE,ECO,ECO,ECO
IF every day at a specific time,", THEN disable eco mode on the AC unit.",FREE,ECO,ECO,ECO
IF every day at a specific time,", THEN disable eco mode on the AC unit.",FREE,ECO,ECO,ECO
IF every day at a specific time,", THEN disable eco mode on the AC unit.",FREE,ECO,ECO,ECO
IF every day at a specific time,", THEN disable eco mode on the AC unit.",FREE,ECO,ECO,ECO
IF every day at a specific time,", THEN disable eco mode on the AC unit.",FREE,ECO,ECO,ECO
IF every day at a specific time,", THEN disable eco mode on the AC unit.",FREE,ECO,ECO,ECO
IF every day at a specific time,", THEN disable eco mode on the AC unit.",FREE,ECO,ECO,ECO
IF every day at a specific time,", THEN turn on the AC unit.",FREE,ECO,NEUTRAL,ECO
IF every day at a specific time,", THEN turn on the AC unit.",FREE,ECO,NEUTRAL,ECO
IF every day at a specific time,", THEN turn on the AC unit.",FREE,ECO,NEUTRAL,ECO
IF every day at a specific time,", THEN turn on the AC unit.",FREE,ECO,NEUTRAL,ECO
IF every day at a specific time,", THEN turn on the AC unit.",FREE,ECO,NEUTRAL,ECO
IF every day at a specific time,", THEN turn on the AC unit.",FREE,ECO,NEUTRAL,ECO
IF every day at a specific time,", THEN turn on the AC unit.",FREE,ECO,NEUTRAL,ECO
IF every day at a specific time,", THEN turn on the AC unit.",FREE,ECO,NEUTRAL,ECO
IF every day at a specific time,", THEN turn on the AC unit.",FREE,ECO,NEUTRAL,ECO
IF every day at a specific time,", THEN turn on the AC unit.",FREE,ECO,NEUTRAL,ECO
IF every day at a specific time,", THEN enable the air conditioner.",FREE,ECO,NEUTRAL,ECO
IF every day at a specific time,", THEN enable the air conditioner.",FREE,ECO,NEUTRAL,ECO
IF every day at a specific time,", THEN enable the air conditioner.",FREE,ECO,NEUTRAL,ECO
IF every day at a specific time,", THEN enable the air conditioner.",FREE,ECO,NEUTRAL,ECO
IF every day at a specific time,", THEN enable the air conditioner.",FREE,ECO,NEUTRAL,ECO
IF every day at a specific time,", THEN enable the air conditioner.",FREE,ECO,NEUTRAL,ECO
IF every day at a specific time,", THEN enable the air conditioner.",FREE,ECO,NEUTRAL,ECO
IF every day at a specific time,", THEN enable the air conditioner.",FREE,ECO,NEUTRAL,ECO
IF every day at a specific time,", THEN enable the air conditioner.",FREE,ECO,NEUTRAL,ECO
IF every day at a specific time,", THEN enable the air conditioner.",FREE,ECO,NEUTRAL,ECO
IF every day at a specific time,", THEN turn on the air conditioner.",FREE,ECO,NEUTRAL,ECO
IF every day at a specific time,", THEN turn on the air conditioner.",FREE,ECO,NEUTRAL,ECO
IF every day at a specific time,", THEN turn on the air conditioner.",FREE,ECO,NEUTRAL,ECO
IF every day at a specific time,", THEN turn on the air conditioner.",FREE,ECO,NEUTRAL,ECO
IF every day at a specific time,", THEN turn on the air conditioner.",FREE,ECO,NEUTRAL,ECO
IF every day at a specific time,", THEN turn on the air conditioner.",FREE,ECO,NEUTRAL,ECO
IF every day at a specific time,", THEN turn on the air conditioner.",FREE,ECO,NEUTRAL,ECO
IF every day at a specific time,", THEN turn on the air conditioner.",FREE,ECO,NEUTRAL,ECO
IF every day at a specific time,", THEN turn on the air conditioner.",FREE,ECO,NEUTRAL,ECO
IF every day at a specific time,", THEN turn on the air conditioner.",FREE,ECO,NEUTRAL,ECO
IF every day at a specific time,", THEN start the AC unit.",FREE,ECO,NEUTRAL,ECO
IF every day at a specific time,", THEN start the AC unit.",FREE,ECO,NEUTRAL,ECO
IF every day at a specific time,", THEN start the AC unit.",FREE,ECO,NEUTRAL,ECO
IF every day at a specific time,", THEN start the AC unit.",FREE,ECO,NEUTRAL,ECO
IF every day at a specific time,", THEN start the AC unit.",FREE,ECO,NEUTRAL,ECO
IF every day at a specific time,", THEN start the AC unit.",FREE,ECO,NEUTRAL,ECO
IF every day at a specific time,", THEN start the AC unit.",FREE,ECO,NEUTRAL,ECO
IF every day at a specific time,", THEN start the AC unit.",FREE,ECO,NEUTRAL,ECO
IF every day at a specific time,", THEN start the AC unit.",FREE,ECO,NEUTRAL,ECO
IF every day at a specific time,", THEN start the AC unit.",FREE,ECO,NEUTRAL,ECO
IF every day at a specific time,", THEN stop the air conditioner in a specified room.",FREE,ECO,ECO,ECO
IF every day at a specific time,", THEN stop the air conditioner in a specified room.",FREE,ECO,ECO,ECO
IF every day at a specific time,", THEN stop the air conditioner in a specified room.",FREE,ECO,ECO,ECO
IF every day at a specific time,", THEN stop the air conditioner in a specified room.",FREE,ECO,ECO,ECO
IF every day at a specific time,", THEN stop the air conditioner in a specified room.",FREE,ECO,ECO,ECO
IF every day at a specific time,", THEN stop the air conditioner in a specified room.",FREE,ECO,ECO,ECO
IF every day at a specific time,", THEN stop the air conditioner in a specified room.",FREE,ECO,ECO,ECO
IF every day at a specific time,", THEN stop the air conditioner in a specified room.",FREE,ECO,ECO,ECO
IF every day at a specific time,", THEN stop the air conditioner in a specified room.",FREE,ECO,ECO,ECO
IF every day at a specific time,", THEN stop the air conditioner in a specified room.",FREE,ECO,ECO,ECO
IF every day at a specific time,", THEN deactivate the air conditioner.",FREE,ECO,NEUTRAL,ECO
IF every day at a specific time,", THEN deactivate the air conditioner.",FREE,ECO,NEUTRAL,ECO
IF every day at a specific time,", THEN deactivate the air conditioner.",FREE,ECO,NEUTRAL,ECO
IF every day at a specific time,", THEN deactivate the air conditioner.",FREE,ECO,NEUTRAL,ECO
IF every day at a specific time,", THEN deactivate the air conditioner.",FREE,ECO,NEUTRAL,ECO
IF every day at a specific time,", THEN deactivate the air conditioner.",FREE,ECO,NEUTRAL,ECO
IF every day at a specific time,", THEN deactivate the air conditioner.",FREE,ECO,NEUTRAL,ECO
IF every day at a specific time,", THEN deactivate the air conditioner.",FREE,ECO,NEUTRAL,ECO
IF every day at a specific time,", THEN deactivate the air conditioner.",FREE,ECO,NEUTRAL,ECO
IF every day at a specific time,", THEN deactivate the air conditioner.",FREE,ECO,NEUTRAL,ECO
IF a smart device is switched on,", THEN disable the indicated timer.",FREE,NEUTRAL,ECO,ECO
IF a smart device is switched on,", THEN disable the indicated timer.",FREE,NEUTRAL,ECO,ECO
IF a smart device is switched on,", THEN disable the indicated timer.",FREE,NEUTRAL,ECO,ECO
IF a smart device is switched on,", THEN disable the indicated timer.",FREE,NEUTRAL,ECO,ECO
IF a smart device is switched on,", THEN disable the indicated timer.",FREE,NEUTRAL,ECO,ECO
IF a smart device is switched on,", THEN disable the indicated timer.",FREE,NEUTRAL,ECO,ECO
IF a smart device is switched on,", THEN disable the indicated timer.",FREE,NEUTRAL,ECO,ECO
IF a smart device is switched on,", THEN disable the indicated timer.",FREE,NEUTRAL,ECO,ECO
IF a smart device is switched on,", THEN disable the indicated timer.",FREE,NEUTRAL,ECO,ECO
IF a smart device is switched on,", THEN disable the indicated timer.",FREE,NEUTRAL,ECO,ECO
IF a smart device is switched on,", THEN deactivate the air conditioner in a specified room.",FREE,NEUTRAL,ECO,ECO
IF a smart device is switched on,", THEN deactivate the air conditioner in a specified room.",FREE,NEUTRAL,ECO,ECO
IF a smart device is switched on,", THEN deactivate the air conditioner in a specified room.",FREE,NEUTRAL,ECO,ECO
IF a smart device is switched on,", THEN deactivate the air conditioner in a specified room.",FREE,NEUTRAL,ECO,ECO
IF a smart device is switched on,", THEN deactivate the air conditioner in a specified room.",FREE,NEUTRAL,ECO,ECO
IF a smart device is switched on,", THEN deactivate the air conditioner in a specified room.",FREE,NEUTRAL,ECO,ECO
IF a smart device is switched on,", THEN deactivate the air conditioner in a specified room.",FREE,NEUTRAL,ECO,ECO
IF a smart device is switched on,", THEN deactivate the air conditioner in a specified room.",FREE,NEUTRAL,ECO,ECO
IF a smart device is switched on,", THEN deactivate the air conditioner in a specified room.",FREE,NEUTRAL,ECO,ECO
IF a smart device is switched on,", THEN deactivate the air conditioner in a specified room.",FREE,NEUTRAL,ECO,ECO
IF a smart device is switched on,", THEN turn on the indicated timer.",FREE,NEUTRAL,ECO,ECO
IF a smart device is switched on,", THEN turn on the indicated timer.",FREE,NEUTRAL,ECO,ECO
IF a smart device is switched on,", THEN turn on the indicated timer.",FREE,NEUTRAL,ECO,ECO
IF a smart device is switched on,", THEN turn on the indicated timer.",FREE,NEUTRAL,ECO,ECO
IF a smart device is switched on,", THEN turn on the indicated timer.",FREE,NEUTRAL,ECO,ECO
IF a smart device is switched on,", THEN turn on the indicated timer.",FREE,NEUTRAL,ECO,ECO
IF a smart device is switched on,", THEN turn on the indicated timer.",FREE,NEUTRAL,ECO,ECO
IF a smart device is switched on,", THEN turn on the indicated timer.",FREE,NEUTRAL,ECO,ECO
IF a smart device is switched on,", THEN turn on the indicated timer.",FREE,NEUTRAL,ECO,ECO
IF a smart device is switched on,", THEN turn on the indicated timer.",FREE,NEUTRAL,ECO,ECO
IF a smart device is switched on,", THEN enable the indicated timer.",FREE,NEUTRAL,ECO,ECO
IF a smart device is switched on,", THEN enable the indicated timer.",FREE,NEUTRAL,ECO,ECO
IF a smart device is switched on,", THEN enable the indicated timer.",FREE,NEUTRAL,ECO,ECO
IF a smart device is switched on,", THEN enable the indicated timer.",FREE,NEUTRAL,ECO,ECO
IF a smart device is switched on,", THEN enable the indicated timer.",FREE,NEUTRAL,ECO,ECO
IF a smart device is switched on,", THEN enable the indicated timer.",FREE,NEUTRAL,ECO,ECO
IF a smart device is switched on,", THEN enable the indicated timer.",FREE,NEUTRAL,ECO,ECO
IF a smart device is switched on,", THEN enable the indicated timer.",FREE,NEUTRAL,ECO,ECO
IF a smart device is switched on,", THEN enable the indicated timer.",FREE,NEUTRAL,ECO,ECO
IF a smart device is switched on,", THEN enable the indicated timer.",FREE,NEUTRAL,ECO,ECO
IF a smart device is switched on,", THEN start the air conditioner in a specific room in comfort mode.",FREE,NEUTRAL,ECO,ECO
IF a smart device is switched on,", THEN start the air conditioner in a specific room in comfort mode.",FREE,NEUTRAL,ECO,ECO
IF a smart device is switched on,", THEN start the air conditioner in a specific room in comfort mode.",FREE,NEUTRAL,ECO,ECO
IF a smart device is switched on,", THEN start the air conditioner in a specific room in comfort mode.",FREE,NEUTRAL,ECO,ECO
IF a smart device is switched on,", THEN start the air conditioner in a specific room in comfort mode.",FREE,NEUTRAL,ECO,ECO
IF a smart device is switched on,", THEN start the air conditioner in a specific room in comfort mode.",FREE,NEUTRAL,ECO,ECO
IF a smart device is switched on,", THEN start the air conditioner in a specific room in comfort mode.",FREE,NEUTRAL,ECO,ECO
IF a smart device is switched on,", THEN start the air conditioner in a specific room in comfort mode.",FREE,NEUTRAL,ECO,ECO
IF a smart device is switched on,", THEN start the air conditioner in a specific room in comfort mode.",FREE,NEUTRAL,ECO,ECO
IF a smart device is switched on,", THEN start the air conditioner in a specific room in comfort mode.",FREE,NEUTRAL,ECO,ECO
IF a smart device is switched on,", THEN turn off eco mode on the AC unit.",FREE,NEUTRAL,ECO,ECO
IF a smart device is switched on,", THEN turn off eco mode on the AC unit.",FREE,NEUTRAL,ECO,ECO
IF a smart device is switched on,", THEN turn off eco mode on the AC unit.",FREE,NEUTRAL,ECO,ECO
IF a smart device is switched on,", THEN turn off eco mode on the AC unit.",FREE,NEUTRAL,ECO,ECO
IF a smart device is switched on,", THEN turn off eco mode on the AC unit.",FREE,NEUTRAL,ECO,ECO
IF a smart device is switched on,", THEN turn off eco mode on the AC unit.",FREE,NEUTRAL,ECO,ECO
IF a smart device is switched on,", THEN turn off eco mode on the AC unit.",FREE,NEUTRAL,ECO,ECO
IF a smart device is switched on,", THEN turn off eco mode on the AC unit.",FREE,NEUTRAL,ECO,ECO
IF a smart device is switched on,", THEN turn off eco mode on the AC unit.",FREE,NEUTRAL,ECO,ECO
IF a smart device is switched on,", THEN turn off eco mode on the AC unit.",FREE,NEUTRAL,ECO,ECO
IF a smart device is switched on,", THEN set the mode of the air conditioner to eco.",FREE,NEUTRAL,ECO,ECO
IF a smart device is switched on,", THEN set the mode of the air conditioner to eco.",FREE,NEUTRAL,ECO,ECO
IF a smart device is switched on,", THEN set the mode of the air conditioner to eco.",FREE,NEUTRAL,ECO,ECO
IF a smart device is switched on,", THEN set the mode of the air conditioner to eco.",FREE,NEUTRAL,ECO,ECO
IF a smart device is switched on,", THEN set the mode of the air conditioner to eco.",FREE,NEUTRAL,ECO,ECO
IF a smart device is switched on,", THEN set the mode of the air conditioner to eco.",FREE,NEUTRAL,ECO,ECO
IF a smart device is switched on,", THEN set the mode of the air conditioner to eco.",FREE,NEUTRAL,ECO,ECO
IF a smart device is switched on,", THEN set the mode of the air conditioner to eco.",FREE,NEUTRAL,ECO,ECO
IF a smart device is switched on,", THEN set the mode of the air conditioner to eco.",FREE,NEUTRAL,ECO,ECO
IF a smart device is switched on,", THEN set the mode of the air conditioner to eco.",FREE,NEUTRAL,ECO,ECO
IF a smart device is switched on,", THEN turn off the air conditioner in a specified room.",FREE,NEUTRAL,ECO,ECO
IF a smart device is switched on,", THEN turn off the air conditioner in a specified room.",FREE,NEUTRAL,ECO,ECO
IF a smart device is switched on,", THEN turn off the air conditioner in a specified room.",FREE,NEUTRAL,ECO,ECO
IF a smart device is switched on,", THEN turn off the air conditioner in a specified room.",FREE,NEUTRAL,ECO,ECO
IF a smart device is switched on,", THEN turn off the air conditioner in a specified room.",FREE,NEUTRAL,ECO,ECO
IF a smart device is switched on,", THEN turn off the air conditioner in a specified room.",FREE,NEUTRAL,ECO,ECO
IF a smart device is switched on,", THEN turn off the air conditioner in a specified room.",FREE,NEUTRAL,ECO,ECO
IF a smart device is switched on,", THEN turn off the air conditioner in a specified room.",FREE,NEUTRAL,ECO,ECO
IF a smart device is switched on,", THEN turn off the air conditioner in a specified room.",FREE,NEUTRAL,ECO,ECO
IF a smart device is switched on,", THEN turn off the air conditioner in a specified room.",FREE,NEUTRAL,ECO,ECO
IF a smart device is switched on,", THEN change the AC unit mode to sleep.",FREE,NEUTRAL,ECO,ECO
IF a smart device is switched on,", THEN change the AC unit mode to sleep.",FREE,NEUTRAL,ECO,ECO
IF a smart device is switched on,", THEN change the AC unit mode to sleep.",FREE,NEUTRAL,ECO,ECO
IF a smart device is switched on,", THEN change the AC unit mode to sleep.",FREE,NEUTRAL,ECO,ECO
IF a smart device is switched on,", THEN change the AC unit mode to sleep.",FREE,NEUTRAL,ECO,ECO
IF a smart device is switched on,", THEN change the AC unit mode to sleep.",FREE,NEUTRAL,ECO,ECO
IF a smart device is switched on,", THEN change the AC unit mode to sleep.",FREE,NEUTRAL,ECO,ECO
IF a smart device is switched on,", THEN change the AC unit mode to sleep.",FREE,NEUTRAL,ECO,ECO
IF a smart device is switched on,", THEN change the AC unit mode to sleep.",FREE,NEUTRAL,ECO,ECO
IF a smart device is switched on,", THEN change the AC unit mode to sleep.",FREE,NEUTRAL,ECO,ECO
IF a smart device is switched on,", THEN stop the air conditioner in a chosen room.",FREE,NEUTRAL,ECO,ECO
IF a smart device is switched on,", THEN stop the air conditioner in a chosen room.",FREE,NEUTRAL,ECO,ECO
IF a smart device is switched on,", THEN stop the air conditioner in a chosen room.",FREE,NEUTRAL,ECO,ECO
IF a smart device is switched on,", THEN stop the air conditioner in a chosen room.",FREE,NEUTRAL,ECO,ECO
IF a smart device is switched on,", THEN stop the air conditioner in a chosen room.",FREE,NEUTRAL,ECO,ECO
IF a smart device is switched on,", THEN stop the air conditioner in a chosen room.",FREE,NEUTRAL,ECO,ECO
IF a smart device is switched on,", THEN stop the air conditioner in a chosen room.",FREE,NEUTRAL,ECO,ECO
IF a smart device is switched on,", THEN stop the air conditioner in a chosen room.",FREE,NEUTRAL,ECO,ECO
IF a smart device is switched on,", THEN stop the air conditioner in a chosen room.",FREE,NEUTRAL,ECO,ECO
IF a smart device is switched on,", THEN stop the air conditioner in a chosen room.",FREE,NEUTRAL,ECO,ECO
IF a smart device is switched on,", THEN turn on the air conditioner in a specified room in comfort mode.",FREE,NEUTRAL,ECO,ECO
IF a smart device is switched on,", THEN turn on the air conditioner in a specified room in comfort mode.",FREE,NEUTRAL,ECO,ECO
IF a smart device is switched on,", THEN turn on the air conditioner in a specified room in comfort mode.",FREE,NEUTRAL,ECO,ECO
IF a smart device is switched on,", THEN turn on the air conditioner in a specified room in comfort mode.",FREE,NEUTRAL,ECO,ECO
IF a smart device is switched on,", THEN turn on the air conditioner in a specified room in comfort mode.",FREE,NEUTRAL,ECO,ECO
IF a smart device is switched on,", THEN turn on the air conditioner in a specified room in comfort mode.",FREE,NEUTRAL,ECO,ECO
IF a smart device is switched on,", THEN turn on the air conditioner in a specified room in comfort mode.",FREE,NEUTRAL,ECO,ECO
IF a smart device is switched on,", THEN turn on the air conditioner in a specified room in comfort mode.",FREE,NEUTRAL,ECO,ECO
IF a smart device is switched on,", THEN turn on the air conditioner in a specified room in comfort mode.",FREE,NEUTRAL,ECO,ECO
IF a smart device is switched on,", THEN turn on the air conditioner in a specified room in comfort mode.",FREE,NEUTRAL,ECO,ECO
IF a smart device is switched on,", THEN deactivate the indicated timer.",FREE,NEUTRAL,ECO,ECO
IF a smart device is switched on,", THEN deactivate the indicated timer.",FREE,NEUTRAL,ECO,ECO
IF a smart device is switched on,", THEN deactivate the indicated timer.",FREE,NEUTRAL,ECO,ECO
IF a smart device is switched on,", THEN deactivate the indicated timer.",FREE,NEUTRAL,ECO,ECO
IF a smart device is switched on,", THEN deactivate the indicated timer.",FREE,NEUTRAL,ECO,ECO
IF a smart device is switched on,", THEN deactivate the indicated timer.",FREE,NEUTRAL,ECO,ECO
IF a smart device is switched on,", THEN deactivate the indicated timer.",FREE,NEUTRAL,ECO,ECO
IF a smart device is switched on,", THEN deactivate the indicated timer.",FREE,NEUTRAL,ECO,ECO
IF a smart device is switched on,", THEN deactivate the indicated timer.",FREE,NEUTRAL,ECO,ECO
IF a smart device is switched on,", THEN deactivate the indicated timer.",FREE,NEUTRAL,ECO,ECO
IF a smart device is switched on,", THEN start the air conditioner in a specified room in comfort mode.",FREE,NEUTRAL,ECO,ECO
IF a smart device is switched on,", THEN start the air conditioner in a specified room in comfort mode.",FREE,NEUTRAL,ECO,ECO
IF a smart device is switched on,", THEN start the air conditioner in a specified room in comfort mode.",FREE,NEUTRAL,ECO,ECO
IF a smart device is switched on,", THEN start the air conditioner in a specified room in comfort mode.",FREE,NEUTRAL,ECO,ECO
IF a smart device is switched on,", THEN start the air conditioner in a specified room in comfort mode.",FREE,NEUTRAL,ECO,ECO
IF a smart device is switched on,", THEN start the air conditioner in a specified room in comfort mode.",FREE,NEUTRAL,ECO,ECO
IF a smart device is switched on,", THEN start the air conditioner in a specified room in comfort mode.",FREE,NEUTRAL,ECO,ECO
IF a smart device is switched on,", THEN start the air conditioner in a specified room in comfort mode.",FREE,NEUTRAL,ECO,ECO
IF a smart device is switched on,", THEN start the air conditioner in a specified room in comfort mode.",FREE,NEUTRAL,ECO,ECO
IF a smart device is switched on,", THEN start the air conditioner in a specified room in comfort mode.",FREE,NEUTRAL,ECO,ECO
IF a smart device is switched on,", THEN disable eco mode on the AC unit.",FREE,NEUTRAL,ECO,ECO
IF a smart device is switched on,", THEN disable eco mode on the AC unit.",FREE,NEUTRAL,ECO,ECO
IF a smart device is switched on,", THEN disable eco mode on the AC unit.",FREE,NEUTRAL,ECO,ECO
IF a smart device is switched on,", THEN disable eco mode on the AC unit.",FREE,NEUTRAL,ECO,ECO
IF a smart device is switched on,", THEN disable eco mode on the AC unit.",FREE,NEUTRAL,ECO,ECO
IF a smart device is switched on,", THEN disable eco mode on the AC unit.",FREE,NEUTRAL,ECO,ECO
IF a smart device is switched on,", THEN disable eco mode on the AC unit.",FREE,NEUTRAL,ECO,ECO
IF a smart device is switched on,", THEN disable eco mode on the AC unit.",FREE,NEUTRAL,ECO,ECO
IF a smart device is switched on,", THEN disable eco mode on the AC unit.",FREE,NEUTRAL,ECO,ECO
IF a smart device is switched on,", THEN disable eco mode on the AC unit.",FREE,NEUTRAL,ECO,ECO
IF a smart device is switched on,", THEN stop the air conditioner in a specified room.",FREE,NEUTRAL,ECO,ECO
IF a smart device is switched on,", THEN stop the air conditioner in a specified room.",FREE,NEUTRAL,ECO,ECO
IF a smart device is switched on,", THEN stop the air conditioner in a specified room.",FREE,NEUTRAL,ECO,ECO
IF a smart device is switched on,", THEN stop the air conditioner in a specified room.",FREE,NEUTRAL,ECO,ECO
IF a smart device is switched on,", THEN stop the air conditioner in a specified room.",FREE,NEUTRAL,ECO,ECO
IF a smart device is switched on,", THEN stop the air conditioner in a specified room.",FREE,NEUTRAL,ECO,ECO
IF a smart device is switched on,", THEN stop the air conditioner in a specified room.",FREE,NEUTRAL,ECO,ECO
IF a smart device is switched on,", THEN stop the air conditioner in a specified room.",FREE,NEUTRAL,ECO,ECO
IF a smart device is switched on,", THEN stop the air conditioner in a specified room.",FREE,NEUTRAL,ECO,ECO
IF a smart device is switched on,", THEN stop the air conditioner in a specified room.",FREE,NEUTRAL,ECO,ECO
IF a voice assistant is activated with a specific phrase,", THEN disable the indicated timer.",FREE,NEUTRAL,ECO,ECO
IF a voice assistant is activated with a specific phrase,", THEN disable the indicated timer.",FREE,NEUTRAL,ECO,ECO
IF a voice assistant is activated with a specific phrase,", THEN disable the indicated timer.",FREE,NEUTRAL,ECO,ECO
IF a voice assistant is activated with a specific phrase,", THEN disable the indicated timer.",FREE,NEUTRAL,ECO,ECO
IF a voice assistant is activated with a specific phrase,", THEN disable the indicated timer.",FREE,NEUTRAL,ECO,ECO
IF a voice assistant is activated with a specific phrase,", THEN disable the indicated timer.",FREE,NEUTRAL,ECO,ECO
IF a voice assistant is activated with a specific phrase,", THEN disable the indicated timer.",FREE,NEUTRAL,ECO,ECO
IF a voice assistant is activated with a specific phrase,", THEN disable the indicated timer.",FREE,NEUTRAL,ECO,ECO
IF a voice assistant is activated with a specific phrase,", THEN disable the indicated timer.",FREE,NEUTRAL,ECO,ECO
IF a voice assistant is activated with a specific phrase,", THEN disable the indicated timer.",FREE,NEUTRAL,ECO,ECO
IF a voice assistant is activated with a specific phrase,", THEN deactivate the air conditioner in a specified room.",FREE,NEUTRAL,ECO,ECO
IF a voice assistant is activated with a specific phrase,", THEN deactivate the air conditioner in a specified room.",FREE,NEUTRAL,ECO,ECO
IF a voice assistant is activated with a specific phrase,", THEN deactivate the air conditioner in a specified room.",FREE,NEUTRAL,ECO,ECO
IF a voice assistant is activated with a specific phrase,", THEN deactivate the air conditioner in a specified room.",FREE,NEUTRAL,ECO,ECO
IF a voice assistant is activated with a specific phrase,", THEN deactivate the air conditioner in a specified room.",FREE,NEUTRAL,ECO,ECO
IF a voice assistant is activated with a specific phrase,", THEN deactivate the air conditioner in a specified room.",FREE,NEUTRAL,ECO,ECO
IF a voice assistant is activated with a specific phrase,", THEN deactivate the air conditioner in a specified room.",FREE,NEUTRAL,ECO,ECO
IF a voice assistant is activated with a specific phrase,", THEN deactivate the air conditioner in a specified room.",FREE,NEUTRAL,ECO,ECO
IF a voice assistant is activated with a specific phrase,", THEN deactivate the air conditioner in a specified room.",FREE,NEUTRAL,ECO,ECO
IF a voice assistant is activated with a specific phrase,", THEN deactivate the air conditioner in a specified room.",FREE,NEUTRAL,ECO,ECO
IF a voice assistant is activated with a specific phrase,", THEN turn on the indicated timer.",FREE,NEUTRAL,ECO,ECO
IF a voice assistant is activated with a specific phrase,", THEN turn on the indicated timer.",FREE,NEUTRAL,ECO,ECO
IF a voice assistant is activated with a specific phrase,", THEN turn on the indicated timer.",FREE,NEUTRAL,ECO,ECO
IF a voice assistant is activated with a specific phrase,", THEN turn on the indicated timer.",FREE,NEUTRAL,ECO,ECO
IF a voice assistant is activated with a specific phrase,", THEN turn on the indicated timer.",FREE,NEUTRAL,ECO,ECO
IF a voice assistant is activated with a specific phrase,", THEN turn on the indicated timer.",FREE,NEUTRAL,ECO,ECO
IF a voice assistant is activated with a specific phrase,", THEN turn on the indicated timer.",FREE,NEUTRAL,ECO,ECO
IF a voice assistant is activated with a specific phrase,", THEN turn on the indicated timer.",FREE,NEUTRAL,ECO,ECO
IF a voice assistant is activated with a specific phrase,", THEN turn on the indicated timer.",FREE,NEUTRAL,ECO,ECO
IF a voice assistant is activated with a specific phrase,", THEN turn on the indicated timer.",FREE,NEUTRAL,ECO,ECO
IF a voice assistant is activated with a specific phrase,", THEN enable the indicated timer.",FREE,NEUTRAL,ECO,ECO
IF a voice assistant is activated with a specific phrase,", THEN enable the indicated timer.",FREE,NEUTRAL,ECO,ECO
IF a voice assistant is activated with a specific phrase,", THEN enable the indicated timer.",FREE,NEUTRAL,ECO,ECO
IF a voice assistant is activated with a specific phrase,", THEN enable the indicated timer.",FREE,NEUTRAL,ECO,ECO
IF a voice assistant is activated with a specific phrase,", THEN enable the indicated timer.",FREE,NEUTRAL,ECO,ECO
IF a voice assistant is activated with a specific phrase,", THEN enable the indicated timer.",FREE,NEUTRAL,ECO,ECO
IF a voice assistant is activated with a specific phrase,", THEN enable the indicated timer.",FREE,NEUTRAL,ECO,ECO
IF a voice assistant is activated with a specific phrase,", THEN enable the indicated timer.",FREE,NEUTRAL,ECO,ECO
IF a voice assistant is activated with a specific phrase,", THEN enable the indicated timer.",FREE,NEUTRAL,ECO,ECO
IF a voice assistant is activated with a specific phrase,", THEN enable the indicated timer.",FREE,NEUTRAL,ECO,ECO
IF a voice assistant is activated with a specific phrase,", THEN start the air conditioner in a specific room in comfort mode.",FREE,NEUTRAL,ECO,ECO
IF a voice assistant is activated with a specific phrase,", THEN start the air conditioner in a specific room in comfort mode.",FREE,NEUTRAL,ECO,ECO
IF a voice assistant is activated with a specific phrase,", THEN start the air conditioner in a specific room in comfort mode.",FREE,NEUTRAL,ECO,ECO
IF a voice assistant is activated with a specific phrase,", THEN start the air conditioner in a specific room in comfort mode.",FREE,NEUTRAL,ECO,ECO
IF a voice assistant is activated with a specific phrase,", THEN start the air conditioner in a specific room in comfort mode.",FREE,NEUTRAL,ECO,ECO
IF a voice assistant is activated with a specific phrase,", THEN start the air conditioner in a specific room in comfort mode.",FREE,NEUTRAL,ECO,ECO
IF a voice assistant is activated with a specific phrase,", THEN start the air conditioner in a specific room in comfort mode.",FREE,NEUTRAL,ECO,ECO
IF a voice assistant is activated with a specific phrase,", THEN start the air conditioner in a specific room in comfort mode.",FREE,NEUTRAL,ECO,ECO
IF a voice assistant is activated with a specific phrase,", THEN start the air conditioner in a specific room in comfort mode.",FREE,NEUTRAL,ECO,ECO
IF a voice assistant is activated with a specific phrase,", THEN start the air conditioner in a specific room in comfort mode.",FREE,NEUTRAL,ECO,ECO
IF a voice assistant is activated with a specific phrase,", THEN turn off eco mode on the AC unit.",FREE,NEUTRAL,ECO,ECO
IF a voice assistant is activated with a specific phrase,", THEN turn off eco mode on the AC unit.",FREE,NEUTRAL,ECO,ECO
IF a voice assistant is activated with a specific phrase,", THEN turn off eco mode on the AC unit.",FREE,NEUTRAL,ECO,ECO
IF a voice assistant is activated with a specific phrase,", THEN turn off eco mode on the AC unit.",FREE,NEUTRAL,ECO,ECO
IF a voice assistant is activated with a specific phrase,", THEN turn off eco mode on the AC unit.",FREE,NEUTRAL,ECO,ECO
IF a voice assistant is activated with a specific phrase,", THEN turn off eco mode on the AC unit.",FREE,NEUTRAL,ECO,ECO
IF a voice assistant is activated with a specific phrase,", THEN turn off eco mode on the AC unit.",FREE,NEUTRAL,ECO,ECO
IF a voice assistant is activated with a specific phrase,", THEN turn off eco mode on the AC unit.",FREE,NEUTRAL,ECO,ECO
IF a voice assistant is activated with a specific phrase,", THEN turn off eco mode on the AC unit.",FREE,NEUTRAL,ECO,ECO
IF a voice assistant is activated with a specific phrase,", THEN turn off eco mode on the AC unit.",FREE,NEUTRAL,ECO,ECO
IF a voice assistant is activated with a specific phrase,", THEN set the mode of the air conditioner to eco.",FREE,NEUTRAL,ECO,ECO
IF a voice assistant is activated with a specific phrase,", THEN set the mode of the air conditioner to eco.",FREE,NEUTRAL,ECO,ECO
IF a voice assistant is activated with a specific phrase,", THEN set the mode of the air conditioner to eco.",FREE,NEUTRAL,ECO,ECO
IF a voice assistant is activated with a specific phrase,", THEN set the mode of the air conditioner to eco.",FREE,NEUTRAL,ECO,ECO
IF a voice assistant is activated with a specific phrase,", THEN set the mode of the air conditioner to eco.",FREE,NEUTRAL,ECO,ECO
IF a voice assistant is activated with a specific phrase,", THEN set the mode of the air conditioner to eco.",FREE,NEUTRAL,ECO,ECO
IF a voice assistant is activated with a specific phrase,", THEN set the mode of the air conditioner to eco.",FREE,NEUTRAL,ECO,ECO
IF a voice assistant is activated with a specific phrase,", THEN set the mode of the air conditioner to eco.",FREE,NEUTRAL,ECO,ECO
IF a voice assistant is activated with a specific phrase,", THEN set the mode of the air conditioner to eco.",FREE,NEUTRAL,ECO,ECO
IF a voice assistant is activated with a specific phrase,", THEN set the mode of the air conditioner to eco.",FREE,NEUTRAL,ECO,ECO
IF a voice assistant is activated with a specific phrase,", THEN turn off the air conditioner in a specified room.",FREE,NEUTRAL,ECO,ECO
IF a voice assistant is activated with a specific phrase,", THEN turn off the air conditioner in a specified room.",FREE,NEUTRAL,ECO,ECO
IF a voice assistant is activated with a specific phrase,", THEN turn off the air conditioner in a specified room.",FREE,NEUTRAL,ECO,ECO
IF a voice assistant is activated with a specific phrase,", THEN turn off the air conditioner in a specified room.",FREE,NEUTRAL,ECO,ECO
IF a voice assistant is activated with a specific phrase,", THEN turn off the air conditioner in a specified room.",FREE,NEUTRAL,ECO,ECO
IF a voice assistant is activated with a specific phrase,", THEN turn off the air conditioner in a specified room.",FREE,NEUTRAL,ECO,ECO
IF a voice assistant is activated with a specific phrase,", THEN turn off the air conditioner in a specified room.",FREE,NEUTRAL,ECO,ECO
IF a voice assistant is activated with a specific phrase,", THEN turn off the air conditioner in a specified room.",FREE,NEUTRAL,ECO,ECO
IF a voice assistant is activated with a specific phrase,", THEN turn off the air conditioner in a specified room.",FREE,NEUTRAL,ECO,ECO
IF a voice assistant is activated with a specific phrase,", THEN turn off the air conditioner in a specified room.",FREE,NEUTRAL,ECO,ECO
IF a voice assistant is activated with a specific phrase,", THEN change the AC unit mode to sleep.",FREE,NEUTRAL,ECO,ECO
IF a voice assistant is activated with a specific phrase,", THEN change the AC unit mode to sleep.",FREE,NEUTRAL,ECO,ECO
IF a voice assistant is activated with a specific phrase,", THEN change the AC unit mode to sleep.",FREE,NEUTRAL,ECO,ECO
IF a voice assistant is activated with a specific phrase,", THEN change the AC unit mode to sleep.",FREE,NEUTRAL,ECO,ECO
IF a voice assistant is activated with a specific phrase,", THEN change the AC unit mode to sleep.",FREE,NEUTRAL,ECO,ECO
IF a voice assistant is activated with a specific phrase,", THEN change the AC unit mode to sleep.",FREE,NEUTRAL,ECO,ECO
IF a voice assistant is activated with a specific phrase,", THEN change the AC unit mode to sleep.",FREE,NEUTRAL,ECO,ECO
IF a voice assistant is activated with a specific phrase,", THEN change the AC unit mode to sleep.",FREE,NEUTRAL,ECO,ECO
IF a voice assistant is activated with a specific phrase,", THEN change the AC unit mode to sleep.",FREE,NEUTRAL,ECO,ECO
IF a voice assistant is activated with a specific phrase,", THEN change the AC unit mode to sleep.",FREE,NEUTRAL,ECO,ECO
IF a voice assistant is activated with a specific phrase,", THEN stop the air conditioner in a chosen room.",FREE,NEUTRAL,ECO,ECO
IF a voice assistant is activated with a specific phrase,", THEN stop the air conditioner in a chosen room.",FREE,NEUTRAL,ECO,ECO
IF a voice assistant is activated with a specific phrase,", THEN stop the air conditioner in a chosen room.",FREE,NEUTRAL,ECO,ECO
IF a voice assistant is activated with a specific phrase,", THEN stop the air conditioner in a chosen room.",FREE,NEUTRAL,ECO,ECO
IF a voice assistant is activated with a specific phrase,", THEN stop the air conditioner in a chosen room.",FREE,NEUTRAL,ECO,ECO
IF a voice assistant is activated with a specific phrase,", THEN stop the air conditioner in a chosen room.",FREE,NEUTRAL,ECO,ECO
IF a voice assistant is activated with a specific phrase,", THEN stop the air conditioner in a chosen room.",FREE,NEUTRAL,ECO,ECO
IF a voice assistant is activated with a specific phrase,", THEN stop the air conditioner in a chosen room.",FREE,NEUTRAL,ECO,ECO
IF a voice assistant is activated with a specific phrase,", THEN stop the air conditioner in a chosen room.",FREE,NEUTRAL,ECO,ECO
IF a voice assistant is activated with a specific phrase,", THEN stop the air conditioner in a chosen room.",FREE,NEUTRAL,ECO,ECO
IF a voice assistant is activated with a specific phrase,", THEN turn on the air conditioner in a specified room in comfort mode.",FREE,NEUTRAL,ECO,ECO
IF a voice assistant is activated with a specific phrase,", THEN turn on the air conditioner in a specified room in comfort mode.",FREE,NEUTRAL,ECO,ECO
IF a voice assistant is activated with a specific phrase,", THEN turn on the air conditioner in a specified room in comfort mode.",FREE,NEUTRAL,ECO,ECO
IF a voice assistant is activated with a specific phrase,", THEN turn on the air conditioner in a specified room in comfort mode.",FREE,NEUTRAL,ECO,ECO
IF a voice assistant is activated with a specific phrase,", THEN turn on the air conditioner in a specified room in comfort mode.",FREE,NEUTRAL,ECO,ECO
IF a voice assistant is activated with a specific phrase,", THEN turn on the air conditioner in a specified room in comfort mode.",FREE,NEUTRAL,ECO,ECO
IF a voice assistant is activated with a specific phrase,", THEN turn on the air conditioner in a specified room in comfort mode.",FREE,NEUTRAL,ECO,ECO
IF a voice assistant is activated with a specific phrase,", THEN turn on the air conditioner in a specified room in comfort mode.",FREE,NEUTRAL,ECO,ECO
IF a voice assistant is activated with a specific phrase,", THEN turn on the air conditioner in a specified room in comfort mode.",FREE,NEUTRAL,ECO,ECO
IF a voice assistant is activated with a specific phrase,", THEN turn on the air conditioner in a specified room in comfort mode.",FREE,NEUTRAL,ECO,ECO
IF a voice assistant is activated with a specific phrase,", THEN deactivate the indicated timer.",FREE,NEUTRAL,ECO,ECO
IF a voice assistant is activated with a specific phrase,", THEN deactivate the indicated timer.",FREE,NEUTRAL,ECO,ECO
IF a voice assistant is activated with a specific phrase,", THEN deactivate the indicated timer.",FREE,NEUTRAL,ECO,ECO
IF a voice assistant is activated with a specific phrase,", THEN deactivate the indicated timer.",FREE,NEUTRAL,ECO,ECO
IF a voice assistant is activated with a specific phrase,", THEN deactivate the indicated timer.",FREE,NEUTRAL,ECO,ECO
IF a voice assistant is activated with a specific phrase,", THEN deactivate the indicated timer.",FREE,NEUTRAL,ECO,ECO
IF a voice assistant is activated with a specific phrase,", THEN deactivate the indicated timer.",FREE,NEUTRAL,ECO,ECO
IF a voice assistant is activated with a specific phrase,", THEN deactivate the indicated timer.",FREE,NEUTRAL,ECO,ECO
IF a voice assistant is activated with a specific phrase,", THEN deactivate the indicated timer.",FREE,NEUTRAL,ECO,ECO
IF a voice assistant is activated with a specific phrase,", THEN deactivate the indicated timer.",FREE,NEUTRAL,ECO,ECO
IF a voice assistant is activated with a specific phrase,", THEN start the air conditioner in a specified room in comfort mode.",FREE,NEUTRAL,ECO,ECO
IF a voice assistant is activated with a specific phrase,", THEN start the air conditioner in a specified room in comfort mode.",FREE,NEUTRAL,ECO,ECO
IF a voice assistant is activated with a specific phrase,", THEN start the air conditioner in a specified room in comfort mode.",FREE,NEUTRAL,ECO,ECO
IF a voice assistant is activated with a specific phrase,", THEN start the air conditioner in a specified room in comfort mode.",FREE,NEUTRAL,ECO,ECO
IF a voice assistant is activated with a specific phrase,", THEN start the air conditioner in a specified room in comfort mode.",FREE,NEUTRAL,ECO,ECO
IF a voice assistant is activated with a specific phrase,", THEN start the air conditioner in a specified room in comfort mode.",FREE,NEUTRAL,ECO,ECO
IF a voice assistant is activated with a specific phrase,", THEN start the air conditioner in a specified room in comfort mode.",FREE,NEUTRAL,ECO,ECO
IF a voice assistant is activated with a specific phrase,", THEN start the air conditioner in a specified room in comfort mode.",FREE,NEUTRAL,ECO,ECO
IF a voice assistant is activated with a specific phrase,", THEN start the air conditioner in a specified room in comfort mode.",FREE,NEUTRAL,ECO,ECO
IF a voice assistant is activated with a specific phrase,", THEN start the air conditioner in a specified room in comfort mode.",FREE,NEUTRAL,ECO,ECO
IF a voice assistant is activated with a specific phrase,", THEN disable eco mode on the AC unit.",FREE,NEUTRAL,ECO,ECO
IF a voice assistant is activated with a specific phrase,", THEN disable eco mode on the AC unit.",FREE,NEUTRAL,ECO,ECO
IF a voice assistant is activated with a specific phrase,", THEN disable eco mode on the AC unit.",FREE,NEUTRAL,ECO,ECO
IF a voice assistant is activated with a specific phrase,", THEN disable eco mode on the AC unit.",FREE,NEUTRAL,ECO,ECO
IF a voice assistant is activated with a specific phrase,", THEN disable eco mode on the AC unit.",FREE,NEUTRAL,ECO,ECO
IF a voice assistant is activated with a specific phrase,", THEN disable eco mode on the AC unit.",FREE,NEUTRAL,ECO,ECO
IF a voice assistant is activated with a specific phrase,", THEN disable eco mode on the AC unit.",FREE,NEUTRAL,ECO,ECO
IF a voice assistant is activated with a specific phrase,", THEN disable eco mode on the AC unit.",FREE,NEUTRAL,ECO,ECO
IF a voice assistant is activated with a specific phrase,", THEN disable eco mode on the AC unit.",FREE,NEUTRAL,ECO,ECO
IF a voice assistant is activated with a specific phrase,", THEN disable eco mode on the AC unit.",FREE,NEUTRAL,ECO,ECO
IF a voice assistant is activated with a specific phrase,", THEN stop the air conditioner in a specified room.",FREE,NEUTRAL,ECO,ECO
IF a voice assistant is activated with a specific phrase,", THEN stop the air conditioner in a specified room.",FREE,NEUTRAL,ECO,ECO
IF a voice assistant is activated with a specific phrase,", THEN stop the air conditioner in a specified room.",FREE,NEUTRAL,ECO,ECO
IF a voice assistant is activated with a specific phrase,", THEN stop the air conditioner in a specified room.",FREE,NEUTRAL,ECO,ECO
IF a voice assistant is activated with a specific phrase,", THEN stop the air conditioner in a specified room.",FREE,NEUTRAL,ECO,ECO
IF a voice assistant is activated with a specific phrase,", THEN stop the air conditioner in a specified room.",FREE,NEUTRAL,ECO,ECO
IF a voice assistant is activated with a specific phrase,", THEN stop the air conditioner in a specified room.",FREE,NEUTRAL,ECO,ECO
IF a voice assistant is activated with a specific phrase,", THEN stop the air conditioner in a specified room.",FREE,NEUTRAL,ECO,ECO
IF a voice assistant is activated with a specific phrase,", THEN stop the air conditioner in a specified room.",FREE,NEUTRAL,ECO,ECO
IF a voice assistant is activated with a specific phrase,", THEN stop the air conditioner in a specified room.",FREE,NEUTRAL,ECO,ECO
IF a chosen button is pressed,", THEN disable the indicated timer.",FREE,NEUTRAL,ECO,ECO
IF a chosen button is pressed,", THEN disable the indicated timer.",FREE,NEUTRAL,ECO,ECO
IF a chosen button is pressed,", THEN disable the indicated timer.",FREE,NEUTRAL,ECO,ECO
IF a chosen button is pressed,", THEN disable the indicated timer.",FREE,NEUTRAL,ECO,ECO
IF a chosen button is pressed,", THEN disable the indicated timer.",FREE,NEUTRAL,ECO,ECO
IF a chosen button is pressed,", THEN disable the indicated timer.",FREE,NEUTRAL,ECO,ECO
IF a chosen button is pressed,", THEN disable the indicated timer.",FREE,NEUTRAL,ECO,ECO
IF a chosen button is pressed,", THEN disable the indicated timer.",FREE,NEUTRAL,ECO,ECO
IF a chosen button is pressed,", THEN disable the indicated timer.",FREE,NEUTRAL,ECO,ECO
IF a chosen button is pressed,", THEN disable the indicated timer.",FREE,NEUTRAL,ECO,ECO
IF a chosen button is pressed,", THEN deactivate the air conditioner in a specified room.",FREE,NEUTRAL,ECO,ECO
IF a chosen button is pressed,", THEN deactivate the air conditioner in a specified room.",FREE,NEUTRAL,ECO,ECO
IF a chosen button is pressed,", THEN deactivate the air conditioner in a specified room.",FREE,NEUTRAL,ECO,ECO
IF a chosen button is pressed,", THEN deactivate the air conditioner in a specified room.",FREE,NEUTRAL,ECO,ECO
IF a chosen button is pressed,", THEN deactivate the air conditioner in a specified room.",FREE,NEUTRAL,ECO,ECO
IF a chosen button is pressed,", THEN deactivate the air conditioner in a specified room.",FREE,NEUTRAL,ECO,ECO
IF a chosen button is pressed,", THEN deactivate the air conditioner in a specified room.",FREE,NEUTRAL,ECO,ECO
IF a chosen button is pressed,", THEN deactivate the air conditioner in a specified room.",FREE,NEUTRAL,ECO,ECO
IF a chosen button is pressed,", THEN deactivate the air conditioner in a specified room.",FREE,NEUTRAL,ECO,ECO
IF a chosen button is pressed,", THEN deactivate the air conditioner in a specified room.",FREE,NEUTRAL,ECO,ECO
IF a chosen button is pressed,", THEN turn on the indicated timer.",FREE,NEUTRAL,ECO,ECO
IF a chosen button is pressed,", THEN turn on the indicated timer.",FREE,NEUTRAL,ECO,ECO
IF a chosen button is pressed,", THEN turn on the indicated timer.",FREE,NEUTRAL,ECO,ECO
IF a chosen button is pressed,", THEN turn on the indicated timer.",FREE,NEUTRAL,ECO,ECO
IF a chosen button is pressed,", THEN turn on the indicated timer.",FREE,NEUTRAL,ECO,ECO
IF a chosen button is pressed,", THEN turn on the indicated timer.",FREE,NEUTRAL,ECO,ECO
IF a chosen button is pressed,", THEN turn on the indicated timer.",FREE,NEUTRAL,ECO,ECO
IF a chosen button is pressed,", THEN turn on the indicated timer.",FREE,NEUTRAL,ECO,ECO
IF a chosen button is pressed,", THEN turn on the indicated timer.",FREE,NEUTRAL,ECO,ECO
IF a chosen button is pressed,", THEN turn on the indicated timer.",FREE,NEUTRAL,ECO,ECO
IF a chosen button is pressed,", THEN enable the indicated timer.",FREE,NEUTRAL,ECO,ECO
IF a chosen button is pressed,", THEN enable the indicated timer.",FREE,NEUTRAL,ECO,ECO
IF a chosen button is pressed,", THEN enable the indicated timer.",FREE,NEUTRAL,ECO,ECO
IF a chosen button is pressed,", THEN enable the indicated timer.",FREE,NEUTRAL,ECO,ECO
IF a chosen button is pressed,", THEN enable the indicated timer.",FREE,NEUTRAL,ECO,ECO
IF a chosen button is pressed,", THEN enable the indicated timer.",FREE,NEUTRAL,ECO,ECO
IF a chosen button is pressed,", THEN enable the indicated timer.",FREE,NEUTRAL,ECO,ECO
IF a chosen button is pressed,", THEN enable the indicated timer.",FREE,NEUTRAL,ECO,ECO
IF a chosen button is pressed,", THEN enable the indicated timer.",FREE,NEUTRAL,ECO,ECO
IF a chosen button is pressed,", THEN enable the indicated timer.",FREE,NEUTRAL,ECO,ECO
IF a chosen button is pressed,", THEN start the air conditioner in a specific room in comfort mode.",FREE,NEUTRAL,ECO,ECO
IF a chosen button is pressed,", THEN start the air conditioner in a specific room in comfort mode.",FREE,NEUTRAL,ECO,ECO
IF a chosen button is pressed,", THEN start the air conditioner in a specific room in comfort mode.",FREE,NEUTRAL,ECO,ECO
IF a chosen button is pressed,", THEN start the air conditioner in a specific room in comfort mode.",FREE,NEUTRAL,ECO,ECO
IF a chosen button is pressed,", THEN start the air conditioner in a specific room in comfort mode.",FREE,NEUTRAL,ECO,ECO
IF a chosen button is pressed,", THEN start the air conditioner in a specific room in comfort mode.",FREE,NEUTRAL,ECO,ECO
IF a chosen button is pressed,", THEN start the air conditioner in a specific room in comfort mode.",FREE,NEUTRAL,ECO,ECO
IF a chosen button is pressed,", THEN start the air conditioner in a specific room in comfort mode.",FREE,NEUTRAL,ECO,ECO
IF a chosen button is pressed,", THEN start the air conditioner in a specific room in comfort mode.",FREE,NEUTRAL,ECO,ECO
IF a chosen button is pressed,", THEN start the air conditioner in a specific room in comfort mode.",FREE,NEUTRAL,ECO,ECO
IF a chosen button is pressed,", THEN turn off eco mode on the AC unit.",FREE,NEUTRAL,ECO,ECO
IF a chosen button is pressed,", THEN turn off eco mode on the AC unit.",FREE,NEUTRAL,ECO,ECO
IF a chosen button is pressed,", THEN turn off eco mode on the AC unit.",FREE,NEUTRAL,ECO,ECO
IF a chosen button is pressed,", THEN turn off eco mode on the AC unit.",FREE,NEUTRAL,ECO,ECO
IF a chosen button is pressed,", THEN turn off eco mode on the AC unit.",FREE,NEUTRAL,ECO,ECO
IF a chosen button is pressed,", THEN turn off eco mode on the AC unit.",FREE,NEUTRAL,ECO,ECO
IF a chosen button is pressed,", THEN turn off eco mode on the AC unit.",FREE,NEUTRAL,ECO,ECO
IF a chosen button is pressed,", THEN turn off eco mode on the AC unit.",FREE,NEUTRAL,ECO,ECO
IF a chosen button is pressed,", THEN turn off eco mode on the AC unit.",FREE,NEUTRAL,ECO,ECO
IF a chosen button is pressed,", THEN turn off eco mode on the AC unit.",FREE,NEUTRAL,ECO,ECO
IF a chosen button is pressed,", THEN set the mode of the air conditioner to eco.",FREE,NEUTRAL,ECO,ECO
IF a chosen button is pressed,", THEN set the mode of the air conditioner to eco.",FREE,NEUTRAL,ECO,ECO
IF a chosen button is pressed,", THEN set the mode of the air conditioner to eco.",FREE,NEUTRAL,ECO,ECO
IF a chosen button is pressed,", THEN set the mode of the air conditioner to eco.",FREE,NEUTRAL,ECO,ECO
IF a chosen button is pressed,", THEN set the mode of the air conditioner to eco.",FREE,NEUTRAL,ECO,ECO
IF a chosen button is pressed,", THEN set the mode of the air conditioner to eco.",FREE,NEUTRAL,ECO,ECO
IF a chosen button is pressed,", THEN set the mode of the air conditioner to eco.",FREE,NEUTRAL,ECO,ECO
IF a chosen button is pressed,", THEN set the mode of the air conditioner to eco.",FREE,NEUTRAL,ECO,ECO
IF a chosen button is pressed,", THEN set the mode of the air conditioner to eco.",FREE,NEUTRAL,ECO,ECO
IF a chosen button is pressed,", THEN set the mode of the air conditioner to eco.",FREE,NEUTRAL,ECO,ECO
IF a chosen button is pressed,", THEN turn off the air conditioner in a specified room.",FREE,NEUTRAL,ECO,ECO
IF a chosen button is pressed,", THEN turn off the air conditioner in a specified room.",FREE,NEUTRAL,ECO,ECO
IF a chosen button is pressed,", THEN turn off the air conditioner in a specified room.",FREE,NEUTRAL,ECO,ECO
IF a chosen button is pressed,", THEN turn off the air conditioner in a specified room.",FREE,NEUTRAL,ECO,ECO
IF a chosen button is pressed,", THEN turn off the air conditioner in a specified room.",FREE,NEUTRAL,ECO,ECO
IF a chosen button is pressed,", THEN turn off the air conditioner in a specified room.",FREE,NEUTRAL,ECO,ECO
IF a chosen button is pressed,", THEN turn off the air conditioner in a specified room.",FREE,NEUTRAL,ECO,ECO
IF a chosen button is pressed,", THEN turn off the air conditioner in a specified room.",FREE,NEUTRAL,ECO,ECO
IF a chosen button is pressed,", THEN turn off the air conditioner in a specified room.",FREE,NEUTRAL,ECO,ECO
IF a chosen button is pressed,", THEN turn off the air conditioner in a specified room.",FREE,NEUTRAL,ECO,ECO
IF a chosen button is pressed,", THEN change the AC unit mode to sleep.",FREE,NEUTRAL,ECO,ECO
IF a chosen button is pressed,", THEN change the AC unit mode to sleep.",FREE,NEUTRAL,ECO,ECO
IF a chosen button is pressed,", THEN change the AC unit mode to sleep.",FREE,NEUTRAL,ECO,ECO
IF a chosen button is pressed,", THEN change the AC unit mode to sleep.",FREE,NEUTRAL,ECO,ECO
IF a chosen button is pressed,", THEN change the AC unit mode to sleep.",FREE,NEUTRAL,ECO,ECO
IF a chosen button is pressed,", THEN change the AC unit mode to sleep.",FREE,NEUTRAL,ECO,ECO
IF a chosen button is pressed,", THEN change the AC unit mode to sleep.",FREE,NEUTRAL,ECO,ECO
IF a chosen button is pressed,", THEN change the AC unit mode to sleep.",FREE,NEUTRAL,ECO,ECO
IF a chosen button is pressed,", THEN change the AC unit mode to sleep.",FREE,NEUTRAL,ECO,ECO
IF a chosen button is pressed,", THEN change the AC unit mode to sleep.",FREE,NEUTRAL,ECO,ECO
IF a chosen button is pressed,", THEN stop the air conditioner in a chosen room.",FREE,NEUTRAL,ECO,ECO
IF a chosen button is pressed,", THEN stop the air conditioner in a chosen room.",FREE,NEUTRAL,ECO,ECO
IF a chosen button is pressed,", THEN stop the air conditioner in a chosen room.",FREE,NEUTRAL,ECO,ECO
IF a chosen button is pressed,", THEN stop the air conditioner in a chosen room.",FREE,NEUTRAL,ECO,ECO
IF a chosen button is pressed,", THEN stop the air conditioner in a chosen room.",FREE,NEUTRAL,ECO,ECO
IF a chosen button is pressed,", THEN stop the air conditioner in a chosen room.",FREE,NEUTRAL,ECO,ECO
IF a chosen button is pressed,", THEN stop the air conditioner in a chosen room.",FREE,NEUTRAL,ECO,ECO
IF a chosen button is pressed,", THEN stop the air conditioner in a chosen room.",FREE,NEUTRAL,ECO,ECO
IF a chosen button is pressed,", THEN stop the air conditioner in a chosen room.",FREE,NEUTRAL,ECO,ECO
IF a chosen button is pressed,", THEN stop the air conditioner in a chosen room.",FREE,NEUTRAL,ECO,ECO
IF a chosen button is pressed,", THEN turn on the air conditioner in a specified room in comfort mode.",FREE,NEUTRAL,ECO,ECO
IF a chosen button is pressed,", THEN turn on the air conditioner in a specified room in comfort mode.",FREE,NEUTRAL,ECO,ECO
IF a chosen button is pressed,", THEN turn on the air conditioner in a specified room in comfort mode.",FREE,NEUTRAL,ECO,ECO
IF a chosen button is pressed,", THEN turn on the air conditioner in a specified room in comfort mode.",FREE,NEUTRAL,ECO,ECO
IF a chosen button is pressed,", THEN turn on the air conditioner in a specified room in comfort mode.",FREE,NEUTRAL,ECO,ECO
IF a chosen button is pressed,", THEN turn on the air conditioner in a specified room in comfort mode.",FREE,NEUTRAL,ECO,ECO
IF a chosen button is pressed,", THEN turn on the air conditioner in a specified room in comfort mode.",FREE,NEUTRAL,ECO,ECO
IF a chosen button is pressed,", THEN turn on the air conditioner in a specified room in comfort mode.",FREE,NEUTRAL,ECO,ECO
IF a chosen button is pressed,", THEN turn on the air conditioner in a specified room in comfort mode.",FREE,NEUTRAL,ECO,ECO
IF a chosen button is pressed,", THEN turn on the air conditioner in a specified room in comfort mode.",FREE,NEUTRAL,ECO,ECO
IF a chosen button is pressed,", THEN deactivate the indicated timer.",FREE,NEUTRAL,ECO,ECO
IF a chosen button is pressed,", THEN deactivate the indicated timer.",FREE,NEUTRAL,ECO,ECO
IF a chosen button is pressed,", THEN deactivate the indicated timer.",FREE,NEUTRAL,ECO,ECO
IF a chosen button is pressed,", THEN deactivate the indicated timer.",FREE,NEUTRAL,ECO,ECO
IF a chosen button is pressed,", THEN deactivate the indicated timer.",FREE,NEUTRAL,ECO,ECO
IF a chosen button is pressed,", THEN deactivate the indicated timer.",FREE,NEUTRAL,ECO,ECO
IF a chosen button is pressed,", THEN deactivate the indicated timer.",FREE,NEUTRAL,ECO,ECO
IF a chosen button is pressed,", THEN deactivate the indicated timer.",FREE,NEUTRAL,ECO,ECO
IF a chosen button is pressed,", THEN deactivate the indicated timer.",FREE,NEUTRAL,ECO,ECO
IF a chosen button is pressed,", THEN deactivate the indicated timer.",FREE,NEUTRAL,ECO,ECO
IF a chosen button is pressed,", THEN start the air conditioner in a specified room in comfort mode.",FREE,NEUTRAL,ECO,ECO
IF a chosen button is pressed,", THEN start the air conditioner in a specified room in comfort mode.",FREE,NEUTRAL,ECO,ECO
IF a chosen button is pressed,", THEN start the air conditioner in a specified room in comfort mode.",FREE,NEUTRAL,ECO,ECO
IF a chosen button is pressed,", THEN start the air conditioner in a specified room in comfort mode.",FREE,NEUTRAL,ECO,ECO
IF a chosen button is pressed,", THEN start the air conditioner in a specified room in comfort mode.",FREE,NEUTRAL,ECO,ECO
IF a chosen button is pressed,", THEN start the air conditioner in a specified room in comfort mode.",FREE,NEUTRAL,ECO,ECO
IF a chosen button is pressed,", THEN start the air conditioner in a specified room in comfort mode.",FREE,NEUTRAL,ECO,ECO
IF a chosen button is pressed,", THEN start the air conditioner in a specified room in comfort mode.",FREE,NEUTRAL,ECO,ECO
IF a chosen button is pressed,", THEN start the air conditioner in a specified room in comfort mode.",FREE,NEUTRAL,ECO,ECO
IF a chosen button is pressed,", THEN start the air conditioner in a specified room in comfort mode.",FREE,NEUTRAL,ECO,ECO
IF a chosen button is pressed,", THEN disable eco mode on the AC unit.",FREE,NEUTRAL,ECO,ECO
IF a chosen button is pressed,", THEN disable eco mode on the AC unit.",FREE,NEUTRAL,ECO,ECO
IF a chosen button is pressed,", THEN disable eco mode on the AC unit.",FREE,NEUTRAL,ECO,ECO
IF a chosen button is pressed,", THEN disable eco mode on the AC unit.",FREE,NEUTRAL,ECO,ECO
IF a chosen button is pressed,", THEN disable eco mode on the AC unit.",FREE,NEUTRAL,ECO,ECO
IF a chosen button is pressed,", THEN disable eco mode on the AC unit.",FREE,NEUTRAL,ECO,ECO
IF a chosen button is pressed,", THEN disable eco mode on the AC unit.",FREE,NEUTRAL,ECO,ECO
IF a chosen button is pressed,", THEN disable eco mode on the AC unit.",FREE,NEUTRAL,ECO,ECO
IF a chosen button is pressed,", THEN disable eco mode on the AC unit.",FREE,NEUTRAL,ECO,ECO
IF a chosen button is pressed,", THEN disable eco mode on the AC unit.",FREE,NEUTRAL,ECO,ECO
IF a chosen button is pressed,", THEN stop the air conditioner in a specified room.",FREE,NEUTRAL,ECO,ECO
IF a chosen button is pressed,", THEN stop the air conditioner in a specified room.",FREE,NEUTRAL,ECO,ECO
IF a chosen button is pressed,", THEN stop the air conditioner in a specified room.",FREE,NEUTRAL,ECO,ECO
IF a chosen button is pressed,", THEN stop the air conditioner in a specified room.",FREE,NEUTRAL,ECO,ECO
IF a chosen button is pressed,", THEN stop the air conditioner in a specified room.",FREE,NEUTRAL,ECO,ECO
IF a chosen button is pressed,", THEN stop the air conditioner in a specified room.",FREE,NEUTRAL,ECO,ECO
IF a chosen button is pressed,", THEN stop the air conditioner in a specified room.",FREE,NEUTRAL,ECO,ECO
IF a chosen button is pressed,", THEN stop the air conditioner in a specified room.",FREE,NEUTRAL,ECO,ECO
IF a chosen button is pressed,", THEN stop the air conditioner in a specified room.",FREE,NEUTRAL,ECO,ECO
IF a chosen button is pressed,", THEN stop the air conditioner in a specified room.",FREE,NEUTRAL,ECO,ECO
IF a specified button is pressed,", THEN disable the indicated timer.",FREE,NEUTRAL,ECO,ECO
IF a specified button is pressed,", THEN disable the indicated timer.",FREE,NEUTRAL,ECO,ECO
IF a specified button is pressed,", THEN disable the indicated timer.",FREE,NEUTRAL,ECO,ECO
IF a specified button is pressed,", THEN disable the indicated timer.",FREE,NEUTRAL,ECO,ECO
IF a specified button is pressed,", THEN disable the indicated timer.",FREE,NEUTRAL,ECO,ECO
IF a specified button is pressed,", THEN disable the indicated timer.",FREE,NEUTRAL,ECO,ECO
IF a specified button is pressed,", THEN disable the indicated timer.",FREE,NEUTRAL,ECO,ECO
IF a specified button is pressed,", THEN disable the indicated timer.",FREE,NEUTRAL,ECO,ECO
IF a specified button is pressed,", THEN disable the indicated timer.",FREE,NEUTRAL,ECO,ECO
IF a specified button is pressed,", THEN disable the indicated timer.",FREE,NEUTRAL,ECO,ECO
IF a specified button is pressed,", THEN deactivate the air conditioner in a specified room.",FREE,NEUTRAL,ECO,ECO
IF a specified button is pressed,", THEN deactivate the air conditioner in a specified room.",FREE,NEUTRAL,ECO,ECO
IF a specified button is pressed,", THEN deactivate the air conditioner in a specified room.",FREE,NEUTRAL,ECO,ECO
IF a specified button is pressed,", THEN deactivate the air conditioner in a specified room.",FREE,NEUTRAL,ECO,ECO
IF a specified button is pressed,", THEN deactivate the air conditioner in a specified room.",FREE,NEUTRAL,ECO,ECO
IF a specified button is pressed,", THEN deactivate the air conditioner in a specified room.",FREE,NEUTRAL,ECO,ECO
IF a specified button is pressed,", THEN deactivate the air conditioner in a specified room.",FREE,NEUTRAL,ECO,ECO
IF a specified button is pressed,", THEN deactivate the air conditioner in a specified room.",FREE,NEUTRAL,ECO,ECO
IF a specified button is pressed,", THEN deactivate the air conditioner in a specified room.",FREE,NEUTRAL,ECO,ECO
IF a specified button is pressed,", THEN deactivate the air conditioner in a specified room.",FREE,NEUTRAL,ECO,ECO
IF a specified button is pressed,", THEN turn on the indicated timer.",FREE,NEUTRAL,ECO,ECO
IF a specified button is pressed,", THEN turn on the indicated timer.",FREE,NEUTRAL,ECO,ECO
IF a specified button is pressed,", THEN turn on the indicated timer.",FREE,NEUTRAL,ECO,ECO
IF a specified button is pressed,", THEN turn on the indicated timer.",FREE,NEUTRAL,ECO,ECO
IF a specified button is pressed,", THEN turn on the indicated timer.",FREE,NEUTRAL,ECO,ECO
IF a specified button is pressed,", THEN turn on the indicated timer.",FREE,NEUTRAL,ECO,ECO
IF a specified button is pressed,", THEN turn on the indicated timer.",FREE,NEUTRAL,ECO,ECO
IF a specified button is pressed,", THEN turn on the indicated timer.",FREE,NEUTRAL,ECO,ECO
IF a specified button is pressed,", THEN turn on the indicated timer.",FREE,NEUTRAL,ECO,ECO
IF a specified button is pressed,", THEN turn on the indicated timer.",FREE,NEUTRAL,ECO,ECO
IF a specified button is pressed,", THEN enable the indicated timer.",FREE,NEUTRAL,ECO,ECO
IF a specified button is pressed,", THEN enable the indicated timer.",FREE,NEUTRAL,ECO,ECO
IF a specified button is pressed,", THEN enable the indicated timer.",FREE,NEUTRAL,ECO,ECO
IF a specified button is pressed,", THEN enable the indicated timer.",FREE,NEUTRAL,ECO,ECO
IF a specified button is pressed,", THEN enable the indicated timer.",FREE,NEUTRAL,ECO,ECO
IF a specified button is pressed,", THEN enable the indicated timer.",FREE,NEUTRAL,ECO,ECO
IF a specified button is pressed,", THEN enable the indicated timer.",FREE,NEUTRAL,ECO,ECO
IF a specified button is pressed,", THEN enable the indicated timer.",FREE,NEUTRAL,ECO,ECO
IF a specified button is pressed,", THEN enable the indicated timer.",FREE,NEUTRAL,ECO,ECO
IF a specified button is pressed,", THEN enable the indicated timer.",FREE,NEUTRAL,ECO,ECO
IF a specified button is pressed,", THEN start the air conditioner in a specific room in comfort mode.",FREE,NEUTRAL,ECO,ECO
IF a specified button is pressed,", THEN start the air conditioner in a specific room in comfort mode.",FREE,NEUTRAL,ECO,ECO
IF a specified button is pressed,", THEN start the air conditioner in a specific room in comfort mode.",FREE,NEUTRAL,ECO,ECO
IF a specified button is pressed,", THEN start the air conditioner in a specific room in comfort mode.",FREE,NEUTRAL,ECO,ECO
IF a specified button is pressed,", THEN start the air conditioner in a specific room in comfort mode.",FREE,NEUTRAL,ECO,ECO
IF a specified button is pressed,", THEN start the air conditioner in a specific room in comfort mode.",FREE,NEUTRAL,ECO,ECO
IF a specified button is pressed,", THEN start the air conditioner in a specific room in comfort mode.",FREE,NEUTRAL,ECO,ECO
IF a specified button is pressed,", THEN start the air conditioner in a specific room in comfort mode.",FREE,NEUTRAL,ECO,ECO
IF a specified button is pressed,", THEN start the air conditioner in a specific room in comfort mode.",FREE,NEUTRAL,ECO,ECO
IF a specified button is pressed,", THEN start the air conditioner in a specific room in comfort mode.",FREE,NEUTRAL,ECO,ECO
IF a specified button is pressed,", THEN turn off eco mode on the AC unit.",FREE,NEUTRAL,ECO,ECO
IF a specified button is pressed,", THEN turn off eco mode on the AC unit.",FREE,NEUTRAL,ECO,ECO
IF a specified button is pressed,", THEN turn off eco mode on the AC unit.",FREE,NEUTRAL,ECO,ECO
IF a specified button is pressed,", THEN turn off eco mode on the AC unit.",FREE,NEUTRAL,ECO,ECO
IF a specified button is pressed,", THEN turn off eco mode on the AC unit.",FREE,NEUTRAL,ECO,ECO
IF a specified button is pressed,", THEN turn off eco mode on the AC unit.",FREE,NEUTRAL,ECO,ECO
IF a specified button is pressed,", THEN turn off eco mode on the AC unit.",FREE,NEUTRAL,ECO,ECO
IF a specified button is pressed,", THEN turn off eco mode on the AC unit.",FREE,NEUTRAL,ECO,ECO
IF a specified button is pressed,", THEN turn off eco mode on the AC unit.",FREE,NEUTRAL,ECO,ECO
IF a specified button is pressed,", THEN turn off eco mode on the AC unit.",FREE,NEUTRAL,ECO,ECO
IF a specified button is pressed,", THEN set the mode of the air conditioner to eco.",FREE,NEUTRAL,ECO,ECO
IF a specified button is pressed,", THEN set the mode of the air conditioner to eco.",FREE,NEUTRAL,ECO,ECO
IF a specified button is pressed,", THEN set the mode of the air conditioner to eco.",FREE,NEUTRAL,ECO,ECO
IF a specified button is pressed,", THEN set the mode of the air conditioner to eco.",FREE,NEUTRAL,ECO,ECO
IF a specified button is pressed,", THEN set the mode of the air conditioner to eco.",FREE,NEUTRAL,ECO,ECO
IF a specified button is pressed,", THEN set the mode of the air conditioner to eco.",FREE,NEUTRAL,ECO,ECO
IF a specified button is pressed,", THEN set the mode of the air conditioner to eco.",FREE,NEUTRAL,ECO,ECO
IF a specified button is pressed,", THEN set the mode of the air conditioner to eco.",FREE,NEUTRAL,ECO,ECO
IF a specified button is pressed,", THEN set the mode of the air conditioner to eco.",FREE,NEUTRAL,ECO,ECO
IF a specified button is pressed,", THEN set the mode of the air conditioner to eco.",FREE,NEUTRAL,ECO,ECO
IF a specified button is pressed,", THEN turn off the air conditioner in a specified room.",FREE,NEUTRAL,ECO,ECO
IF a specified button is pressed,", THEN turn off the air conditioner in a specified room.",FREE,NEUTRAL,ECO,ECO
IF a specified button is pressed,", THEN turn off the air conditioner in a specified room.",FREE,NEUTRAL,ECO,ECO
IF a specified button is pressed,", THEN turn off the air conditioner in a specified room.",FREE,NEUTRAL,ECO,ECO
IF a specified button is pressed,", THEN turn off the air conditioner in a specified room.",FREE,NEUTRAL,ECO,ECO
IF a specified button is pressed,", THEN turn off the air conditioner in a specified room.",FREE,NEUTRAL,ECO,ECO
IF a specified button is pressed,", THEN turn off the air conditioner in a specified room.",FREE,NEUTRAL,ECO,ECO
IF a specified button is pressed,", THEN turn off the air conditioner in a specified room.",FREE,NEUTRAL,ECO,ECO
IF a specified button is pressed,", THEN turn off the air conditioner in a specified room.",FREE,NEUTRAL,ECO,ECO
IF a specified button is pressed,", THEN turn off the air conditioner in a specified room.",FREE,NEUTRAL,ECO,ECO
IF a specified button is pressed,", THEN change the AC unit mode to sleep.",FREE,NEUTRAL,ECO,ECO
IF a specified button is pressed,", THEN change the AC unit mode to sleep.",FREE,NEUTRAL,ECO,ECO
IF a specified button is pressed,", THEN change the AC unit mode to sleep.",FREE,NEUTRAL,ECO,ECO
IF a specified button is pressed,", THEN change the AC unit mode to sleep.",FREE,NEUTRAL,ECO,ECO
IF a specified button is pressed,", THEN change the AC unit mode to sleep.",FREE,NEUTRAL,ECO,ECO
IF a specified button is pressed,", THEN change the AC unit mode to sleep.",FREE,NEUTRAL,ECO,ECO
IF a specified button is pressed,", THEN change the AC unit mode to sleep.",FREE,NEUTRAL,ECO,ECO
IF a specified button is pressed,", THEN change the AC unit mode to sleep.",FREE,NEUTRAL,ECO,ECO
IF a specified button is pressed,", THEN change the AC unit mode to sleep.",FREE,NEUTRAL,ECO,ECO
IF a specified button is pressed,", THEN change the AC unit mode to sleep.",FREE,NEUTRAL,ECO,ECO
IF a specified button is pressed,", THEN stop the air conditioner in a chosen room.",FREE,NEUTRAL,ECO,ECO
IF a specified button is pressed,", THEN stop the air conditioner in a chosen room.",FREE,NEUTRAL,ECO,ECO
IF a specified button is pressed,", THEN stop the air conditioner in a chosen room.",FREE,NEUTRAL,ECO,ECO
IF a specified button is pressed,", THEN stop the air conditioner in a chosen room.",FREE,NEUTRAL,ECO,ECO
IF a specified button is pressed,", THEN stop the air conditioner in a chosen room.",FREE,NEUTRAL,ECO,ECO
IF a specified button is pressed,", THEN stop the air conditioner in a chosen room.",FREE,NEUTRAL,ECO,ECO
IF a specified button is pressed,", THEN stop the air conditioner in a chosen room.",FREE,NEUTRAL,ECO,ECO
IF a specified button is pressed,", THEN stop the air conditioner in a chosen room.",FREE,NEUTRAL,ECO,ECO
IF a specified button is pressed,", THEN stop the air conditioner in a chosen room.",FREE,NEUTRAL,ECO,ECO
IF a specified button is pressed,", THEN stop the air conditioner in a chosen room.",FREE,NEUTRAL,ECO,ECO
IF a specified button is pressed,", THEN turn on the air conditioner in a specified room in comfort mode.",FREE,NEUTRAL,ECO,ECO
IF a specified button is pressed,", THEN turn on the air conditioner in a specified room in comfort mode.",FREE,NEUTRAL,ECO,ECO
IF a specified button is pressed,", THEN turn on the air conditioner in a specified room in comfort mode.",FREE,NEUTRAL,ECO,ECO
IF a specified button is pressed,", THEN turn on the air conditioner in a specified room in comfort mode.",FREE,NEUTRAL,ECO,ECO
IF a specified button is pressed,", THEN turn on the air conditioner in a specified room in comfort mode.",FREE,NEUTRAL,ECO,ECO
IF a specified button is pressed,", THEN turn on the air conditioner in a specified room in comfort mode.",FREE,NEUTRAL,ECO,ECO
IF a specified button is pressed,", THEN turn on the air conditioner in a specified room in comfort mode.",FREE,NEUTRAL,ECO,ECO
IF a specified button is pressed,", THEN turn on the air conditioner in a specified room in comfort mode.",FREE,NEUTRAL,ECO,ECO
IF a specified button is pressed,", THEN turn on the air conditioner in a specified room in comfort mode.",FREE,NEUTRAL,ECO,ECO
IF a specified button is pressed,", THEN turn on the air conditioner in a specified room in comfort mode.",FREE,NEUTRAL,ECO,ECO
IF a specified button is pressed,", THEN deactivate the indicated timer.",FREE,NEUTRAL,ECO,ECO
IF a specified button is pressed,", THEN deactivate the indicated timer.",FREE,NEUTRAL,ECO,ECO
IF a specified button is pressed,", THEN deactivate the indicated timer.",FREE,NEUTRAL,ECO,ECO
IF a specified button is pressed,", THEN deactivate the indicated timer.",FREE,NEUTRAL,ECO,ECO
IF a specified button is pressed,", THEN deactivate the indicated timer.",FREE,NEUTRAL,ECO,ECO
IF a specified button is pressed,", THEN deactivate the indicated timer.",FREE,NEUTRAL,ECO,ECO
IF a specified button is pressed,", THEN deactivate the indicated timer.",FREE,NEUTRAL,ECO,ECO
IF a specified button is pressed,", THEN deactivate the indicated timer.",FREE,NEUTRAL,ECO,ECO
IF a specified button is pressed,", THEN deactivate the indicated timer.",FREE,NEUTRAL,ECO,ECO
IF a specified button is pressed,", THEN deactivate the indicated timer.",FREE,NEUTRAL,ECO,ECO
IF a specified button is pressed,", THEN start the air conditioner in a specified room in comfort mode.",FREE,NEUTRAL,ECO,ECO
IF a specified button is pressed,", THEN start the air conditioner in a specified room in comfort mode.",FREE,NEUTRAL,ECO,ECO
IF a specified button is pressed,", THEN start the air conditioner in a specified room in comfort mode.",FREE,NEUTRAL,ECO,ECO
IF a specified button is pressed,", THEN start the air conditioner in a specified room in comfort mode.",FREE,NEUTRAL,ECO,ECO
IF a specified button is pressed,", THEN start the air conditioner in a specified room in comfort mode.",FREE,NEUTRAL,ECO,ECO
IF a specified button is pressed,", THEN start the air conditioner in a specified room in comfort mode.",FREE,NEUTRAL,ECO,ECO
IF a specified button is pressed,", THEN start the air conditioner in a specified room in comfort mode.",FREE,NEUTRAL,ECO,ECO
IF a specified button is pressed,", THEN start the air conditioner in a specified room in comfort mode.",FREE,NEUTRAL,ECO,ECO
IF a specified button is pressed,", THEN start the air conditioner in a specified room in comfort mode.",FREE,NEUTRAL,ECO,ECO
IF a specified button is pressed,", THEN start the air conditioner in a specified room in comfort mode.",FREE,NEUTRAL,ECO,ECO
IF a specified button is pressed,", THEN disable eco mode on the AC unit.",FREE,NEUTRAL,ECO,ECO
IF a specified button is pressed,", THEN disable eco mode on the AC unit.",FREE,NEUTRAL,ECO,ECO
IF a specified button is pressed,", THEN disable eco mode on the AC unit.",FREE,NEUTRAL,ECO,ECO
IF a specified button is pressed,", THEN disable eco mode on the AC unit.",FREE,NEUTRAL,ECO,ECO
IF a specified button is pressed,", THEN disable eco mode on the AC unit.",FREE,NEUTRAL,ECO,ECO
IF a specified button is pressed,", THEN disable eco mode on the AC unit.",FREE,NEUTRAL,ECO,ECO
IF a specified button is pressed,", THEN disable eco mode on the AC unit.",FREE,NEUTRAL,ECO,ECO
IF a specified button is pressed,", THEN disable eco mode on the AC unit.",FREE,NEUTRAL,ECO,ECO
IF a specified button is pressed,", THEN disable eco mode on the AC unit.",FREE,NEUTRAL,ECO,ECO
IF a specified button is pressed,", THEN disable eco mode on the AC unit.",FREE,NEUTRAL,ECO,ECO
IF a specified button is pressed,", THEN stop the air conditioner in a specified room.",FREE,NEUTRAL,ECO,ECO
IF a specified button is pressed,", THEN stop the air conditioner in a specified room.",FREE,NEUTRAL,ECO,ECO
IF a specified button is pressed,", THEN stop the air conditioner in a specified room.",FREE,NEUTRAL,ECO,ECO
IF a specified button is pressed,", THEN stop the air conditioner in a specified room.",FREE,NEUTRAL,ECO,ECO
IF a specified button is pressed,", THEN stop the air conditioner in a specified room.",FREE,NEUTRAL,ECO,ECO
IF a specified button is pressed,", THEN stop the air conditioner in a specified room.",FREE,NEUTRAL,ECO,ECO
IF a specified button is pressed,", THEN stop the air conditioner in a specified room.",FREE,NEUTRAL,ECO,ECO
IF a specified button is pressed,", THEN stop the air conditioner in a specified room.",FREE,NEUTRAL,ECO,ECO
IF a specified button is pressed,", THEN stop the air conditioner in a specified room.",FREE,NEUTRAL,ECO,ECO
IF a specified button is pressed,", THEN stop the air conditioner in a specified room.",FREE,NEUTRAL,ECO,ECO
IF ifttt receives a specified event from an external service,", THEN disable the indicated timer.",FREE,NEUTRAL,ECO,ECO
IF ifttt receives a specified event from an external service,", THEN disable the indicated timer.",FREE,NEUTRAL,ECO,ECO
IF ifttt receives a specified event from an external service,", THEN disable the indicated timer.",FREE,NEUTRAL,ECO,ECO
IF ifttt receives a specified event from an external service,", THEN disable the indicated timer.",FREE,NEUTRAL,ECO,ECO
IF ifttt receives a specified event from an external service,", THEN disable the indicated timer.",FREE,NEUTRAL,ECO,ECO
IF ifttt receives a specified event from an external service,", THEN disable the indicated timer.",FREE,NEUTRAL,ECO,ECO
IF ifttt receives a specified event from an external service,", THEN disable the indicated timer.",FREE,NEUTRAL,ECO,ECO
IF ifttt receives a specified event from an external service,", THEN disable the indicated timer.",FREE,NEUTRAL,ECO,ECO
IF ifttt receives a specified event from an external service,", THEN disable the indicated timer.",FREE,NEUTRAL,ECO,ECO
IF ifttt receives a specified event from an external service,", THEN disable the indicated timer.",FREE,NEUTRAL,ECO,ECO
IF ifttt receives a specified event from an external service,", THEN deactivate the air conditioner in a specified room.",FREE,NEUTRAL,ECO,ECO
IF ifttt receives a specified event from an external service,", THEN deactivate the air conditioner in a specified room.",FREE,NEUTRAL,ECO,ECO
IF ifttt receives a specified event from an external service,", THEN deactivate the air conditioner in a specified room.",FREE,NEUTRAL,ECO,ECO
IF ifttt receives a specified event from an external service,", THEN deactivate the air conditioner in a specified room.",FREE,NEUTRAL,ECO,ECO
IF ifttt receives a specified event from an external service,", THEN deactivate the air conditioner in a specified room.",FREE,NEUTRAL,ECO,ECO
IF ifttt receives a specified event from an external service,", THEN deactivate the air conditioner in a specified room.",FREE,NEUTRAL,ECO,ECO
IF ifttt receives a specified event from an external service,", THEN deactivate the air conditioner in a specified room.",FREE,NEUTRAL,ECO,ECO
IF ifttt receives a specified event from an external service,", THEN deactivate the air conditioner in a specified room.",FREE,NEUTRAL,ECO,ECO
IF ifttt receives a specified event from an external service,", THEN deactivate the air conditioner in a specified room.",FREE,NEUTRAL,ECO,ECO
IF ifttt receives a specified event from an external service,", THEN deactivate the air conditioner in a specified room.",FREE,NEUTRAL,ECO,ECO
IF ifttt receives a specified event from an external service,", THEN turn on the indicated timer.",FREE,NEUTRAL,ECO,ECO
IF ifttt receives a specified event from an external service,", THEN turn on the indicated timer.",FREE,NEUTRAL,ECO,ECO
IF ifttt receives a specified event from an external service,", THEN turn on the indicated timer.",FREE,NEUTRAL,ECO,ECO
IF ifttt receives a specified event from an external service,", THEN turn on the indicated timer.",FREE,NEUTRAL,ECO,ECO
IF ifttt receives a specified event from an external service,", THEN turn on the indicated timer.",FREE,NEUTRAL,ECO,ECO
IF ifttt receives a specified event from an external service,", THEN turn on the indicated timer.",FREE,NEUTRAL,ECO,ECO
IF ifttt receives a specified event from an external service,", THEN turn on the indicated timer.",FREE,NEUTRAL,ECO,ECO
IF ifttt receives a specified event from an external service,", THEN turn on the indicated timer.",FREE,NEUTRAL,ECO,ECO
IF ifttt receives a specified event from an external service,", THEN turn on the indicated timer.",FREE,NEUTRAL,ECO,ECO
IF ifttt receives a specified event from an external service,", THEN turn on the indicated timer.",FREE,NEUTRAL,ECO,ECO
IF ifttt receives a specified event from an external service,", THEN enable the indicated timer.",FREE,NEUTRAL,ECO,ECO
IF ifttt receives a specified event from an external service,", THEN enable the indicated timer.",FREE,NEUTRAL,ECO,ECO
IF ifttt receives a specified event from an external service,", THEN enable the indicated timer.",FREE,NEUTRAL,ECO,ECO
IF ifttt receives a specified event from an external service,", THEN enable the indicated timer.",FREE,NEUTRAL,ECO,ECO
IF ifttt receives a specified event from an external service,", THEN enable the indicated timer.",FREE,NEUTRAL,ECO,ECO
IF ifttt receives a specified event from an external service,", THEN enable the indicated timer.",FREE,NEUTRAL,ECO,ECO
IF ifttt receives a specified event from an external service,", THEN enable the indicated timer.",FREE,NEUTRAL,ECO,ECO
IF ifttt receives a specified event from an external service,", THEN enable the indicated timer.",FREE,NEUTRAL,ECO,ECO
IF ifttt receives a specified event from an external service,", THEN enable the indicated timer.",FREE,NEUTRAL,ECO,ECO
IF ifttt receives a specified event from an external service,", THEN enable the indicated timer.",FREE,NEUTRAL,ECO,ECO
IF ifttt receives a specified event from an external service,", THEN start the air conditioner in a specific room in comfort mode.",FREE,NEUTRAL,ECO,ECO
IF ifttt receives a specified event from an external service,", THEN start the air conditioner in a specific room in comfort mode.",FREE,NEUTRAL,ECO,ECO
IF ifttt receives a specified event from an external service,", THEN start the air conditioner in a specific room in comfort mode.",FREE,NEUTRAL,ECO,ECO
IF ifttt receives a specified event from an external service,", THEN start the air conditioner in a specific room in comfort mode.",FREE,NEUTRAL,ECO,ECO
IF ifttt receives a specified event from an external service,", THEN start the air conditioner in a specific room in comfort mode.",FREE,NEUTRAL,ECO,ECO
IF ifttt receives a specified event from an external service,", THEN start the air conditioner in a specific room in comfort mode.",FREE,NEUTRAL,ECO,ECO
IF ifttt receives a specified event from an external service,", THEN start the air conditioner in a specific room in comfort mode.",FREE,NEUTRAL,ECO,ECO
IF ifttt receives a specified event from an external service,", THEN start the air conditioner in a specific room in comfort mode.",FREE,NEUTRAL,ECO,ECO
IF ifttt receives a specified event from an external service,", THEN start the air conditioner in a specific room in comfort mode.",FREE,NEUTRAL,ECO,ECO
IF ifttt receives a specified event from an external service,", THEN start the air conditioner in a specific room in comfort mode.",FREE,NEUTRAL,ECO,ECO
IF ifttt receives a specified event from an external service,", THEN turn off eco mode on the AC unit.",FREE,NEUTRAL,ECO,ECO
IF ifttt receives a specified event from an external service,", THEN turn off eco mode on the AC unit.",FREE,NEUTRAL,ECO,ECO
IF ifttt receives a specified event from an external service,", THEN turn off eco mode on the AC unit.",FREE,NEUTRAL,ECO,ECO
IF ifttt receives a specified event from an external service,", THEN turn off eco mode on the AC unit.",FREE,NEUTRAL,ECO,ECO
IF ifttt receives a specified event from an external service,", THEN turn off eco mode on the AC unit.",FREE,NEUTRAL,ECO,ECO
IF ifttt receives a specified event from an external service,", THEN turn off eco mode on the AC unit.",FREE,NEUTRAL,ECO,ECO
IF ifttt receives a specified event from an external service,", THEN turn off eco mode on the AC unit.",FREE,NEUTRAL,ECO,ECO
IF ifttt receives a specified event from an external service,", THEN turn off eco mode on the AC unit.",FREE,NEUTRAL,ECO,ECO
IF ifttt receives a specified event from an external service,", THEN turn off eco mode on the AC unit.",FREE,NEUTRAL,ECO,ECO
IF ifttt receives a specified event from an external service,", THEN turn off eco mode on the AC unit.",FREE,NEUTRAL,ECO,ECO
IF ifttt receives a specified event from an external service,", THEN set the mode of the air conditioner to eco.",FREE,NEUTRAL,ECO,ECO
IF ifttt receives a specified event from an external service,", THEN set the mode of the air conditioner to eco.",FREE,NEUTRAL,ECO,ECO
IF ifttt receives a specified event from an external service,", THEN set the mode of the air conditioner to eco.",FREE,NEUTRAL,ECO,ECO
IF ifttt receives a specified event from an external service,", THEN set the mode of the air conditioner to eco.",FREE,NEUTRAL,ECO,ECO
IF ifttt receives a specified event from an external service,", THEN set the mode of the air conditioner to eco.",FREE,NEUTRAL,ECO,ECO
IF ifttt receives a specified event from an external service,", THEN set the mode of the air conditioner to eco.",FREE,NEUTRAL,ECO,ECO
IF ifttt receives a specified event from an external service,", THEN set the mode of the air conditioner to eco.",FREE,NEUTRAL,ECO,ECO
IF ifttt receives a specified event from an external service,", THEN set the mode of the air conditioner to eco.",FREE,NEUTRAL,ECO,ECO
IF ifttt receives a specified event from an external service,", THEN set the mode of the air conditioner to eco.",FREE,NEUTRAL,ECO,ECO
IF ifttt receives a specified event from an external service,", THEN set the mode of the air conditioner to eco.",FREE,NEUTRAL,ECO,ECO
IF ifttt receives a specified event from an external service,", THEN turn off the air conditioner in a specified room.",FREE,NEUTRAL,ECO,ECO
IF ifttt receives a specified event from an external service,", THEN turn off the air conditioner in a specified room.",FREE,NEUTRAL,ECO,ECO
IF ifttt receives a specified event from an external service,", THEN turn off the air conditioner in a specified room.",FREE,NEUTRAL,ECO,ECO
IF ifttt receives a specified event from an external service,", THEN turn off the air conditioner in a specified room.",FREE,NEUTRAL,ECO,ECO
IF ifttt receives a specified event from an external service,", THEN turn off the air conditioner in a specified room.",FREE,NEUTRAL,ECO,ECO
IF ifttt receives a specified event from an external service,", THEN turn off the air conditioner in a specified room.",FREE,NEUTRAL,ECO,ECO
IF ifttt receives a specified event from an external service,", THEN turn off the air conditioner in a specified room.",FREE,NEUTRAL,ECO,ECO
IF ifttt receives a specified event from an external service,", THEN turn off the air conditioner in a specified room.",FREE,NEUTRAL,ECO,ECO
IF ifttt receives a specified event from an external service,", THEN turn off the air conditioner in a specified room.",FREE,NEUTRAL,ECO,ECO
IF ifttt receives a specified event from an external service,", THEN turn off the air conditioner in a specified room.",FREE,NEUTRAL,ECO,ECO
IF ifttt receives a specified event from an external service,", THEN change the AC unit mode to sleep.",FREE,NEUTRAL,ECO,ECO
IF ifttt receives a specified event from an external service,", THEN change the AC unit mode to sleep.",FREE,NEUTRAL,ECO,ECO
IF ifttt receives a specified event from an external service,", THEN change the AC unit mode to sleep.",FREE,NEUTRAL,ECO,ECO
IF ifttt receives a specified event from an external service,", THEN change the AC unit mode to sleep.",FREE,NEUTRAL,ECO,ECO
IF ifttt receives a specified event from an external service,", THEN change the AC unit mode to sleep.",FREE,NEUTRAL,ECO,ECO
IF ifttt receives a specified event from an external service,", THEN change the AC unit mode to sleep.",FREE,NEUTRAL,ECO,ECO
IF ifttt receives a specified event from an external service,", THEN change the AC unit mode to sleep.",FREE,NEUTRAL,ECO,ECO
IF ifttt receives a specified event from an external service,", THEN change the AC unit mode to sleep.",FREE,NEUTRAL,ECO,ECO
IF ifttt receives a specified event from an external service,", THEN change the AC unit mode to sleep.",FREE,NEUTRAL,ECO,ECO
IF ifttt receives a specified event from an external service,", THEN change the AC unit mode to sleep.",FREE,NEUTRAL,ECO,ECO
IF ifttt receives a specified event from an external service,", THEN stop the air conditioner in a chosen room.",FREE,NEUTRAL,ECO,ECO
IF ifttt receives a specified event from an external service,", THEN stop the air conditioner in a chosen room.",FREE,NEUTRAL,ECO,ECO
IF ifttt receives a specified event from an external service,", THEN stop the air conditioner in a chosen room.",FREE,NEUTRAL,ECO,ECO
IF ifttt receives a specified event from an external service,", THEN stop the air conditioner in a chosen room.",FREE,NEUTRAL,ECO,ECO
IF ifttt receives a specified event from an external service,", THEN stop the air conditioner in a chosen room.",FREE,NEUTRAL,ECO,ECO
IF ifttt receives a specified event from an external service,", THEN stop the air conditioner in a chosen room.",FREE,NEUTRAL,ECO,ECO
IF ifttt receives a specified event from an external service,", THEN stop the air conditioner in a chosen room.",FREE,NEUTRAL,ECO,ECO
IF ifttt receives a specified event from an external service,", THEN stop the air conditioner in a chosen room.",FREE,NEUTRAL,ECO,ECO
IF ifttt receives a specified event from an external service,", THEN stop the air conditioner in a chosen room.",FREE,NEUTRAL,ECO,ECO
IF ifttt receives a specified event from an external service,", THEN stop the air conditioner in a chosen room.",FREE,NEUTRAL,ECO,ECO
IF ifttt receives a specified event from an external service,", THEN turn on the air conditioner in a specified room in comfort mode.",FREE,NEUTRAL,ECO,ECO
IF ifttt receives a specified event from an external service,", THEN turn on the air conditioner in a specified room in comfort mode.",FREE,NEUTRAL,ECO,ECO
IF ifttt receives a specified event from an external service,", THEN turn on the air conditioner in a specified room in comfort mode.",FREE,NEUTRAL,ECO,ECO
IF ifttt receives a specified event from an external service,", THEN turn on the air conditioner in a specified room in comfort mode.",FREE,NEUTRAL,ECO,ECO
IF ifttt receives a specified event from an external service,", THEN turn on the air conditioner in a specified room in comfort mode.",FREE,NEUTRAL,ECO,ECO
IF ifttt receives a specified event from an external service,", THEN turn on the air conditioner in a specified room in comfort mode.",FREE,NEUTRAL,ECO,ECO
IF ifttt receives a specified event from an external service,", THEN turn on the air conditioner in a specified room in comfort mode.",FREE,NEUTRAL,ECO,ECO
IF ifttt receives a specified event from an external service,", THEN turn on the air conditioner in a specified room in comfort mode.",FREE,NEUTRAL,ECO,ECO
IF ifttt receives a specified event from an external service,", THEN turn on the air conditioner in a specified room in comfort mode.",FREE,NEUTRAL,ECO,ECO
IF ifttt receives a specified event from an external service,", THEN turn on the air conditioner in a specified room in comfort mode.",FREE,NEUTRAL,ECO,ECO
IF ifttt receives a specified event from an external service,", THEN deactivate the indicated timer.",FREE,NEUTRAL,ECO,ECO
IF ifttt receives a specified event from an external service,", THEN deactivate the indicated timer.",FREE,NEUTRAL,ECO,ECO
IF ifttt receives a specified event from an external service,", THEN deactivate the indicated timer.",FREE,NEUTRAL,ECO,ECO
IF ifttt receives a specified event from an external service,", THEN deactivate the indicated timer.",FREE,NEUTRAL,ECO,ECO
IF ifttt receives a specified event from an external service,", THEN deactivate the indicated timer.",FREE,NEUTRAL,ECO,ECO
IF ifttt receives a specified event from an external service,", THEN deactivate the indicated timer.",FREE,NEUTRAL,ECO,ECO
IF ifttt receives a specified event from an external service,", THEN deactivate the indicated timer.",FREE,NEUTRAL,ECO,ECO
IF ifttt receives a specified event from an external service,", THEN deactivate the indicated timer.",FREE,NEUTRAL,ECO,ECO
IF ifttt receives a specified event from an external service,", THEN deactivate the indicated timer.",FREE,NEUTRAL,ECO,ECO
IF ifttt receives a specified event from an external service,", THEN deactivate the indicated timer.",FREE,NEUTRAL,ECO,ECO
IF ifttt receives a specified event from an external service,", THEN start the air conditioner in a specified room in comfort mode.",FREE,NEUTRAL,ECO,ECO
IF ifttt receives a specified event from an external service,", THEN start the air conditioner in a specified room in comfort mode.",FREE,NEUTRAL,ECO,ECO
IF ifttt receives a specified event from an external service,", THEN start the air conditioner in a specified room in comfort mode.",FREE,NEUTRAL,ECO,ECO
IF ifttt receives a specified event from an external service,", THEN start the air conditioner in a specified room in comfort mode.",FREE,NEUTRAL,ECO,ECO
IF ifttt receives a specified event from an external service,", THEN start the air conditioner in a specified room in comfort mode.",FREE,NEUTRAL,ECO,ECO
IF ifttt receives a specified event from an external service,", THEN start the air conditioner in a specified room in comfort mode.",FREE,NEUTRAL,ECO,ECO
IF ifttt receives a specified event from an external service,", THEN start the air conditioner in a specified room in comfort mode.",FREE,NEUTRAL,ECO,ECO
IF ifttt receives a specified event from an external service,", THEN start the air conditioner in a specified room in comfort mode.",FREE,NEUTRAL,ECO,ECO
IF ifttt receives a specified event from an external service,", THEN start the air conditioner in a specified room in comfort mode.",FREE,NEUTRAL,ECO,ECO
IF ifttt receives a specified event from an external service,", THEN start the air conditioner in a specified room in comfort mode.",FREE,NEUTRAL,ECO,ECO
IF ifttt receives a specified event from an external service,", THEN disable eco mode on the AC unit.",FREE,NEUTRAL,ECO,ECO
IF ifttt receives a specified event from an external service,", THEN disable eco mode on the AC unit.",FREE,NEUTRAL,ECO,ECO
IF ifttt receives a specified event from an external service,", THEN disable eco mode on the AC unit.",FREE,NEUTRAL,ECO,ECO
IF ifttt receives a specified event from an external service,", THEN disable eco mode on the AC unit.",FREE,NEUTRAL,ECO,ECO
IF ifttt receives a specified event from an external service,", THEN disable eco mode on the AC unit.",FREE,NEUTRAL,ECO,ECO
IF ifttt receives a specified event from an external service,", THEN disable eco mode on the AC unit.",FREE,NEUTRAL,ECO,ECO
IF ifttt receives a specified event from an external service,", THEN disable eco mode on the AC unit.",FREE,NEUTRAL,ECO,ECO
IF ifttt receives a specified event from an external service,", THEN disable eco mode on the AC unit.",FREE,NEUTRAL,ECO,ECO
IF ifttt receives a specified event from an external service,", THEN disable eco mode on the AC unit.",FREE,NEUTRAL,ECO,ECO
IF ifttt receives a specified event from an external service,", THEN disable eco mode on the AC unit.",FREE,NEUTRAL,ECO,ECO
IF ifttt receives a specified event from an external service,", THEN stop the air conditioner in a specified room.",FREE,NEUTRAL,ECO,ECO
IF ifttt receives a specified event from an external service,", THEN stop the air conditioner in a specified room.",FREE,NEUTRAL,ECO,ECO
IF ifttt receives a specified event from an external service,", THEN stop the air conditioner in a specified room.",FREE,NEUTRAL,ECO,ECO
IF ifttt receives a specified event from an external service,", THEN stop the air conditioner in a specified room.",FREE,NEUTRAL,ECO,ECO
IF ifttt receives a specified event from an external service,", THEN stop the air conditioner in a specified room.",FREE,NEUTRAL,ECO,ECO
IF ifttt receives a specified event from an external service,", THEN stop the air conditioner in a specified room.",FREE,NEUTRAL,ECO,ECO
IF ifttt receives a specified event from an external service,", THEN stop the air conditioner in a specified room.",FREE,NEUTRAL,ECO,ECO
IF ifttt receives a specified event from an external service,", THEN stop the air conditioner in a specified room.",FREE,NEUTRAL,ECO,ECO
IF ifttt receives a specified event from an external service,", THEN stop the air conditioner in a specified room.",FREE,NEUTRAL,ECO,ECO
IF ifttt receives a specified event from an external service,", THEN stop the air conditioner in a specified room.",FREE,NEUTRAL,ECO,ECO
IF ifttt receives a chosen event from an external service,", THEN disable the indicated timer.",FREE,NEUTRAL,ECO,ECO
IF ifttt receives a chosen event from an external service,", THEN disable the indicated timer.",FREE,NEUTRAL,ECO,ECO
IF ifttt receives a chosen event from an external service,", THEN disable the indicated timer.",FREE,NEUTRAL,ECO,ECO
IF ifttt receives a chosen event from an external service,", THEN disable the indicated timer.",FREE,NEUTRAL,ECO,ECO
IF ifttt receives a chosen event from an external service,", THEN disable the indicated timer.",FREE,NEUTRAL,ECO,ECO
IF ifttt receives a chosen event from an external service,", THEN disable the indicated timer.",FREE,NEUTRAL,ECO,ECO
IF ifttt receives a chosen event from an external service,", THEN disable the indicated timer.",FREE,NEUTRAL,ECO,ECO
IF ifttt receives a chosen event from an external service,", THEN disable the indicated timer.",FREE,NEUTRAL,ECO,ECO
IF ifttt receives a chosen event from an external service,", THEN disable the indicated timer.",FREE,NEUTRAL,ECO,ECO
IF ifttt receives a chosen event from an external service,", THEN disable the indicated timer.",FREE,NEUTRAL,ECO,ECO
IF ifttt receives a chosen event from an external service,", THEN deactivate the air conditioner in a specified room.",FREE,NEUTRAL,ECO,ECO
IF ifttt receives a chosen event from an external service,", THEN deactivate the air conditioner in a specified room.",FREE,NEUTRAL,ECO,ECO
IF ifttt receives a chosen event from an external service,", THEN deactivate the air conditioner in a specified room.",FREE,NEUTRAL,ECO,ECO
IF ifttt receives a chosen event from an external service,", THEN deactivate the air conditioner in a specified room.",FREE,NEUTRAL,ECO,ECO
IF ifttt receives a chosen event from an external service,", THEN deactivate the air conditioner in a specified room.",FREE,NEUTRAL,ECO,ECO
IF ifttt receives a chosen event from an external service,", THEN deactivate the air conditioner in a specified room.",FREE,NEUTRAL,ECO,ECO
IF ifttt receives a chosen event from an external service,", THEN deactivate the air conditioner in a specified room.",FREE,NEUTRAL,ECO,ECO
IF ifttt receives a chosen event from an external service,", THEN deactivate the air conditioner in a specified room.",FREE,NEUTRAL,ECO,ECO
IF ifttt receives a chosen event from an external service,", THEN deactivate the air conditioner in a specified room.",FREE,NEUTRAL,ECO,ECO
IF ifttt receives a chosen event from an external service,", THEN deactivate the air conditioner in a specified room.",FREE,NEUTRAL,ECO,ECO
IF ifttt receives a chosen event from an external service,", THEN turn on the indicated timer.",FREE,NEUTRAL,ECO,ECO
IF ifttt receives a chosen event from an external service,", THEN turn on the indicated timer.",FREE,NEUTRAL,ECO,ECO
IF ifttt receives a chosen event from an external service,", THEN turn on the indicated timer.",FREE,NEUTRAL,ECO,ECO
IF ifttt receives a chosen event from an external service,", THEN turn on the indicated timer.",FREE,NEUTRAL,ECO,ECO
IF ifttt receives a chosen event from an external service,", THEN turn on the indicated timer.",FREE,NEUTRAL,ECO,ECO
IF ifttt receives a chosen event from an external service,", THEN turn on the indicated timer.",FREE,NEUTRAL,ECO,ECO
IF ifttt receives a chosen event from an external service,", THEN turn on the indicated timer.",FREE,NEUTRAL,ECO,ECO
IF ifttt receives a chosen event from an external service,", THEN turn on the indicated timer.",FREE,NEUTRAL,ECO,ECO
IF ifttt receives a chosen event from an external service,", THEN turn on the indicated timer.",FREE,NEUTRAL,ECO,ECO
IF ifttt receives a chosen event from an external service,", THEN turn on the indicated timer.",FREE,NEUTRAL,ECO,ECO
IF ifttt receives a chosen event from an external service,", THEN enable the indicated timer.",FREE,NEUTRAL,ECO,ECO
IF ifttt receives a chosen event from an external service,", THEN enable the indicated timer.",FREE,NEUTRAL,ECO,ECO
IF ifttt receives a chosen event from an external service,", THEN enable the indicated timer.",FREE,NEUTRAL,ECO,ECO
IF ifttt receives a chosen event from an external service,", THEN enable the indicated timer.",FREE,NEUTRAL,ECO,ECO
IF ifttt receives a chosen event from an external service,", THEN enable the indicated timer.",FREE,NEUTRAL,ECO,ECO
IF ifttt receives a chosen event from an external service,", THEN enable the indicated timer.",FREE,NEUTRAL,ECO,ECO
IF ifttt receives a chosen event from an external service,", THEN enable the indicated timer.",FREE,NEUTRAL,ECO,ECO
IF ifttt receives a chosen event from an external service,", THEN enable the indicated timer.",FREE,NEUTRAL,ECO,ECO
IF ifttt receives a chosen event from an external service,", THEN enable the indicated timer.",FREE,NEUTRAL,ECO,ECO
IF ifttt receives a chosen event from an external service,", THEN enable the indicated timer.",FREE,NEUTRAL,ECO,ECO
IF ifttt receives a chosen event from an external service,", THEN start the air conditioner in a specific room in comfort mode.",FREE,NEUTRAL,ECO,ECO
IF ifttt receives a chosen event from an external service,", THEN start the air conditioner in a specific room in comfort mode.",FREE,NEUTRAL,ECO,ECO
IF ifttt receives a chosen event from an external service,", THEN start the air conditioner in a specific room in comfort mode.",FREE,NEUTRAL,ECO,ECO
IF ifttt receives a chosen event from an external service,", THEN start the air conditioner in a specific room in comfort mode.",FREE,NEUTRAL,ECO,ECO
IF ifttt receives a chosen event from an external service,", THEN start the air conditioner in a specific room in comfort mode.",FREE,NEUTRAL,ECO,ECO
IF ifttt receives a chosen event from an external service,", THEN start the air conditioner in a specific room in comfort mode.",FREE,NEUTRAL,ECO,ECO
IF ifttt receives a chosen event from an external service,", THEN start the air conditioner in a specific room in comfort mode.",FREE,NEUTRAL,ECO,ECO
IF ifttt receives a chosen event from an external service,", THEN start the air conditioner in a specific room in comfort mode.",FREE,NEUTRAL,ECO,ECO
IF ifttt receives a chosen event from an external service,", THEN start the air conditioner in a specific room in comfort mode.",FREE,NEUTRAL,ECO,ECO
IF ifttt receives a chosen event from an external service,", THEN start the air conditioner in a specific room in comfort mode.",FREE,NEUTRAL,ECO,ECO
IF ifttt receives a chosen event from an external service,", THEN turn off eco mode on the AC unit.",FREE,NEUTRAL,ECO,ECO
IF ifttt receives a chosen event from an external service,", THEN turn off eco mode on the AC unit.",FREE,NEUTRAL,ECO,ECO
IF ifttt receives a chosen event from an external service,", THEN turn off eco mode on the AC unit.",FREE,NEUTRAL,ECO,ECO
IF ifttt receives a chosen event from an external service,", THEN turn off eco mode on the AC unit.",FREE,NEUTRAL,ECO,ECO
IF ifttt receives a chosen event from an external service,", THEN turn off eco mode on the AC unit.",FREE,NEUTRAL,ECO,ECO
IF ifttt receives a chosen event from an external service,", THEN turn off eco mode on the AC unit.",FREE,NEUTRAL,ECO,ECO
IF ifttt receives a chosen event from an external service,", THEN turn off eco mode on the AC unit.",FREE,NEUTRAL,ECO,ECO
IF ifttt receives a chosen event from an external service,", THEN turn off eco mode on the AC unit.",FREE,NEUTRAL,ECO,ECO
IF ifttt receives a chosen event from an external service,", THEN turn off eco mode on the AC unit.",FREE,NEUTRAL,ECO,ECO
IF ifttt receives a chosen event from an external service,", THEN turn off eco mode on the AC unit.",FREE,NEUTRAL,ECO,ECO
IF ifttt receives a chosen event from an external service,", THEN set the mode of the air conditioner to eco.",FREE,NEUTRAL,ECO,ECO
IF ifttt receives a chosen event from an external service,", THEN set the mode of the air conditioner to eco.",FREE,NEUTRAL,ECO,ECO
IF ifttt receives a chosen event from an external service,", THEN set the mode of the air conditioner to eco.",FREE,NEUTRAL,ECO,ECO
IF ifttt receives a chosen event from an external service,", THEN set the mode of the air conditioner to eco.",FREE,NEUTRAL,ECO,ECO
IF ifttt receives a chosen event from an external service,", THEN set the mode of the air conditioner to eco.",FREE,NEUTRAL,ECO,ECO
IF ifttt receives a chosen event from an external service,", THEN set the mode of the air conditioner to eco.",FREE,NEUTRAL,ECO,ECO
IF ifttt receives a chosen event from an external service,", THEN set the mode of the air conditioner to eco.",FREE,NEUTRAL,ECO,ECO
IF ifttt receives a chosen event from an external service,", THEN set the mode of the air conditioner to eco.",FREE,NEUTRAL,ECO,ECO
IF ifttt receives a chosen event from an external service,", THEN set the mode of the air conditioner to eco.",FREE,NEUTRAL,ECO,ECO
IF ifttt receives a chosen event from an external service,", THEN set the mode of the air conditioner to eco.",FREE,NEUTRAL,ECO,ECO
IF ifttt receives a chosen event from an external service,", THEN turn off the air conditioner in a specified room.",FREE,NEUTRAL,ECO,ECO
IF ifttt receives a chosen event from an external service,", THEN turn off the air conditioner in a specified room.",FREE,NEUTRAL,ECO,ECO
IF ifttt receives a chosen event from an external service,", THEN turn off the air conditioner in a specified room.",FREE,NEUTRAL,ECO,ECO
IF ifttt receives a chosen event from an external service,", THEN turn off the air conditioner in a specified room.",FREE,NEUTRAL,ECO,ECO
IF ifttt receives a chosen event from an external service,", THEN turn off the air conditioner in a specified room.",FREE,NEUTRAL,ECO,ECO
IF ifttt receives a chosen event from an external service,", THEN turn off the air conditioner in a specified room.",FREE,NEUTRAL,ECO,ECO
IF ifttt receives a chosen event from an external service,", THEN turn off the air conditioner in a specified room.",FREE,NEUTRAL,ECO,ECO
IF ifttt receives a chosen event from an external service,", THEN turn off the air conditioner in a specified room.",FREE,NEUTRAL,ECO,ECO
IF ifttt receives a chosen event from an external service,", THEN turn off the air conditioner in a specified room.",FREE,NEUTRAL,ECO,ECO
IF ifttt receives a chosen event from an external service,", THEN turn off the air conditioner in a specified room.",FREE,NEUTRAL,ECO,ECO
IF ifttt receives a chosen event from an external service,", THEN change the AC unit mode to sleep.",FREE,NEUTRAL,ECO,ECO
IF ifttt receives a chosen event from an external service,", THEN change the AC unit mode to sleep.",FREE,NEUTRAL,ECO,ECO
IF ifttt receives a chosen event from an external service,", THEN change the AC unit mode to sleep.",FREE,NEUTRAL,ECO,ECO
IF ifttt receives a chosen event from an external service,", THEN change the AC unit mode to sleep.",FREE,NEUTRAL,ECO,ECO
IF ifttt receives a chosen event from an external service,", THEN change the AC unit mode to sleep.",FREE,NEUTRAL,ECO,ECO
IF ifttt receives a chosen event from an external service,", THEN change the AC unit mode to sleep.",FREE,NEUTRAL,ECO,ECO
IF ifttt receives a chosen event from an external service,", THEN change the AC unit mode to sleep.",FREE,NEUTRAL,ECO,ECO
IF ifttt receives a chosen event from an external service,", THEN change the AC unit mode to sleep.",FREE,NEUTRAL,ECO,ECO
IF ifttt receives a chosen event from an external service,", THEN change the AC unit mode to sleep.",FREE,NEUTRAL,ECO,ECO
IF ifttt receives a chosen event from an external service,", THEN change the AC unit mode to sleep.",FREE,NEUTRAL,ECO,ECO
IF ifttt receives a chosen event from an external service,", THEN stop the air conditioner in a chosen room.",FREE,NEUTRAL,ECO,ECO
IF ifttt receives a chosen event from an external service,", THEN stop the air conditioner in a chosen room.",FREE,NEUTRAL,ECO,ECO
IF ifttt receives a chosen event from an external service,", THEN stop the air conditioner in a chosen room.",FREE,NEUTRAL,ECO,ECO
IF ifttt receives a chosen event from an external service,", THEN stop the air conditioner in a chosen room.",FREE,NEUTRAL,ECO,ECO
IF ifttt receives a chosen event from an external service,", THEN stop the air conditioner in a chosen room.",FREE,NEUTRAL,ECO,ECO
IF ifttt receives a chosen event from an external service,", THEN stop the air conditioner in a chosen room.",FREE,NEUTRAL,ECO,ECO
IF ifttt receives a chosen event from an external service,", THEN stop the air conditioner in a chosen room.",FREE,NEUTRAL,ECO,ECO
IF ifttt receives a chosen event from an external service,", THEN stop the air conditioner in a chosen room.",FREE,NEUTRAL,ECO,ECO
IF ifttt receives a chosen event from an external service,", THEN stop the air conditioner in a chosen room.",FREE,NEUTRAL,ECO,ECO
IF ifttt receives a chosen event from an external service,", THEN stop the air conditioner in a chosen room.",FREE,NEUTRAL,ECO,ECO
IF ifttt receives a chosen event from an external service,", THEN turn on the air conditioner in a specified room in comfort mode.",FREE,NEUTRAL,ECO,ECO
IF ifttt receives a chosen event from an external service,", THEN turn on the air conditioner in a specified room in comfort mode.",FREE,NEUTRAL,ECO,ECO
IF ifttt receives a chosen event from an external service,", THEN turn on the air conditioner in a specified room in comfort mode.",FREE,NEUTRAL,ECO,ECO
IF ifttt receives a chosen event from an external service,", THEN turn on the air conditioner in a specified room in comfort mode.",FREE,NEUTRAL,ECO,ECO
IF ifttt receives a chosen event from an external service,", THEN turn on the air conditioner in a specified room in comfort mode.",FREE,NEUTRAL,ECO,ECO
IF ifttt receives a chosen event from an external service,", THEN turn on the air conditioner in a specified room in comfort mode.",FREE,NEUTRAL,ECO,ECO
IF ifttt receives a chosen event from an external service,", THEN turn on the air conditioner in a specified room in comfort mode.",FREE,NEUTRAL,ECO,ECO
IF ifttt receives a chosen event from an external service,", THEN turn on the air conditioner in a specified room in comfort mode.",FREE,NEUTRAL,ECO,ECO
IF ifttt receives a chosen event from an external service,", THEN turn on the air conditioner in a specified room in comfort mode.",FREE,NEUTRAL,ECO,ECO
IF ifttt receives a chosen event from an external service,", THEN turn on the air conditioner in a specified room in comfort mode.",FREE,NEUTRAL,ECO,ECO
IF ifttt receives a chosen event from an external service,", THEN deactivate the indicated timer.",FREE,NEUTRAL,ECO,ECO
IF ifttt receives a chosen event from an external service,", THEN deactivate the indicated timer.",FREE,NEUTRAL,ECO,ECO
IF ifttt receives a chosen event from an external service,", THEN deactivate the indicated timer.",FREE,NEUTRAL,ECO,ECO
IF ifttt receives a chosen event from an external service,", THEN deactivate the indicated timer.",FREE,NEUTRAL,ECO,ECO
IF ifttt receives a chosen event from an external service,", THEN deactivate the indicated timer.",FREE,NEUTRAL,ECO,ECO
IF ifttt receives a chosen event from an external service,", THEN deactivate the indicated timer.",FREE,NEUTRAL,ECO,ECO
IF ifttt receives a chosen event from an external service,", THEN deactivate the indicated timer.",FREE,NEUTRAL,ECO,ECO
IF ifttt receives a chosen event from an external service,", THEN deactivate the indicated timer.",FREE,NEUTRAL,ECO,ECO
IF ifttt receives a chosen event from an external service,", THEN deactivate the indicated timer.",FREE,NEUTRAL,ECO,ECO
IF ifttt receives a chosen event from an external service,", THEN deactivate the indicated timer.",FREE,NEUTRAL,ECO,ECO
IF ifttt receives a chosen event from an external service,", THEN start the air conditioner in a specified room in comfort mode.",FREE,NEUTRAL,ECO,ECO
IF ifttt receives a chosen event from an external service,", THEN start the air conditioner in a specified room in comfort mode.",FREE,NEUTRAL,ECO,ECO
IF ifttt receives a chosen event from an external service,", THEN start the air conditioner in a specified room in comfort mode.",FREE,NEUTRAL,ECO,ECO
IF ifttt receives a chosen event from an external service,", THEN start the air conditioner in a specified room in comfort mode.",FREE,NEUTRAL,ECO,ECO
IF ifttt receives a chosen event from an external service,", THEN start the air conditioner in a specified room in comfort mode.",FREE,NEUTRAL,ECO,ECO
IF ifttt receives a chosen event from an external service,", THEN start the air conditioner in a specified room in comfort mode.",FREE,NEUTRAL,ECO,ECO
IF ifttt receives a chosen event from an external service,", THEN start the air conditioner in a specified room in comfort mode.",FREE,NEUTRAL,ECO,ECO
IF ifttt receives a chosen event from an external service,", THEN start the air conditioner in a specified room in comfort mode.",FREE,NEUTRAL,ECO,ECO
IF ifttt receives a chosen event from an external service,", THEN start the air conditioner in a specified room in comfort mode.",FREE,NEUTRAL,ECO,ECO
IF ifttt receives a chosen event from an external service,", THEN start the air conditioner in a specified room in comfort mode.",FREE,NEUTRAL,ECO,ECO
IF ifttt receives a chosen event from an external service,", THEN disable eco mode on the AC unit.",FREE,NEUTRAL,ECO,ECO
IF ifttt receives a chosen event from an external service,", THEN disable eco mode on the AC unit.",FREE,NEUTRAL,ECO,ECO
IF ifttt receives a chosen event from an external service,", THEN disable eco mode on the AC unit.",FREE,NEUTRAL,ECO,ECO
IF ifttt receives a chosen event from an external service,", THEN disable eco mode on the AC unit.",FREE,NEUTRAL,ECO,ECO
IF ifttt receives a chosen event from an external service,", THEN disable eco mode on the AC unit.",FREE,NEUTRAL,ECO,ECO
IF ifttt receives a chosen event from an external service,", THEN disable eco mode on the AC unit.",FREE,NEUTRAL,ECO,ECO
IF ifttt receives a chosen event from an external service,", THEN disable eco mode on the AC unit.",FREE,NEUTRAL,ECO,ECO
IF ifttt receives a chosen event from an external service,", THEN disable eco mode on the AC unit.",FREE,NEUTRAL,ECO,ECO
IF ifttt receives a chosen event from an external service,", THEN disable eco mode on the AC unit.",FREE,NEUTRAL,ECO,ECO
IF ifttt receives a chosen event from an external service,", THEN disable eco mode on the AC unit.",FREE,NEUTRAL,ECO,ECO
IF ifttt receives a chosen event from an external service,", THEN stop the air conditioner in a specified room.",FREE,NEUTRAL,ECO,ECO
IF ifttt receives a chosen event from an external service,", THEN stop the air conditioner in a specified room.",FREE,NEUTRAL,ECO,ECO
IF ifttt receives a chosen event from an external service,", THEN stop the air conditioner in a specified room.",FREE,NEUTRAL,ECO,ECO
IF ifttt receives a chosen event from an external service,", THEN stop the air conditioner in a specified room.",FREE,NEUTRAL,ECO,ECO
IF ifttt receives a chosen event from an external service,", THEN stop the air conditioner in a specified room.",FREE,NEUTRAL,ECO,ECO
IF ifttt receives a chosen event from an external service,", THEN stop the air conditioner in a specified room.",FREE,NEUTRAL,ECO,ECO
IF ifttt receives a chosen event from an external service,", THEN stop the air conditioner in a specified room.",FREE,NEUTRAL,ECO,ECO
IF ifttt receives a chosen event from an external service,", THEN stop the air conditioner in a specified room.",FREE,NEUTRAL,ECO,ECO
IF ifttt receives a chosen event from an external service,", THEN stop the air conditioner in a specified room.",FREE,NEUTRAL,ECO,ECO
IF ifttt receives a chosen event from an external service,", THEN stop the air conditioner in a specified room.",FREE,NEUTRAL,ECO,ECO
IF your Android device connects to a specified wifi network,", THEN turn on the air conditioner in a specified room in comfort mode.",LOCKED,NEUTRAL,ECO,ECO
IF your Android device connects to a specified wifi network,", THEN turn on the air conditioner in a specified room in comfort mode.",LOCKED,NEUTRAL,ECO,ECO
IF your Android device connects to a specified wifi network,", THEN turn on the air conditioner in a specified room in comfort mode.",LOCKED,NEUTRAL,ECO,ECO
IF your Android device connects to a specified wifi network,", THEN turn on the air conditioner in a specified room in comfort mode.",LOCKED,NEUTRAL,ECO,ECO
IF your Android device connects to a specified wifi network,", THEN turn on the air conditioner in a specified room in comfort mode.",LOCKED,NEUTRAL,ECO,ECO
IF your Android device connects to a specified wifi network,", THEN turn on the air conditioner in a specified room in comfort mode.",LOCKED,NEUTRAL,ECO,ECO
IF your Android device connects to a specified wifi network,", THEN turn on the air conditioner in a specified room in comfort mode.",LOCKED,NEUTRAL,ECO,ECO
IF your Android device connects to a specified wifi network,", THEN turn on the air conditioner in a specified room in comfort mode.",LOCKED,NEUTRAL,ECO,ECO
IF your Android device connects to a specified wifi network,", THEN turn on the air conditioner in a specified room in comfort mode.",LOCKED,NEUTRAL,ECO,ECO
IF your Android device connects to a specified wifi network,", THEN turn on the air conditioner in a specified room in comfort mode.",LOCKED,NEUTRAL,ECO,ECO
IF your Android device connects to a specified wifi network,", THEN turn off the air conditioner in a specified room.",LOCKED,NEUTRAL,ECO,ECO
IF your Android device connects to a specified wifi network,", THEN turn off the air conditioner in a specified room.",LOCKED,NEUTRAL,ECO,ECO
IF your Android device connects to a specified wifi network,", THEN turn off the air conditioner in a specified room.",LOCKED,NEUTRAL,ECO,ECO
IF your Android device connects to a specified wifi network,", THEN turn off the air conditioner in a specified room.",LOCKED,NEUTRAL,ECO,ECO
IF your Android device connects to a specified wifi network,", THEN turn off the air conditioner in a specified room.",LOCKED,NEUTRAL,ECO,ECO
IF your Android device connects to a specified wifi network,", THEN turn off the air conditioner in a specified room.",LOCKED,NEUTRAL,ECO,ECO
IF your Android device connects to a specified wifi network,", THEN turn off the air conditioner in a specified room.",LOCKED,NEUTRAL,ECO,ECO
IF your Android device connects to a specified wifi network,", THEN turn off the air conditioner in a specified room.",LOCKED,NEUTRAL,ECO,ECO
IF your Android device connects to a specified wifi network,", THEN turn off the air conditioner in a specified room.",LOCKED,NEUTRAL,ECO,ECO
IF your Android device connects to a specified wifi network,", THEN turn off the air conditioner in a specified room.",LOCKED,NEUTRAL,ECO,ECO
IF shortly before a calendar event with a specific keyword,", THEN disable eco mode on the AC unit.",LOCKED,NEUTRAL,ECO,ECO
IF shortly before a calendar event with a specific keyword,", THEN disable eco mode on the AC unit.",LOCKED,NEUTRAL,ECO,ECO
IF shortly before a calendar event with a specific keyword,", THEN disable eco mode on the AC unit.",LOCKED,NEUTRAL,ECO,ECO
IF shortly before a calendar event with a specific keyword,", THEN disable eco mode on the AC unit.",LOCKED,NEUTRAL,ECO,ECO
IF shortly before a calendar event with a specific keyword,", THEN disable eco mode on the AC unit.",LOCKED,NEUTRAL,ECO,ECO
IF shortly before a calendar event with a specific keyword,", THEN disable eco mode on the AC unit.",LOCKED,NEUTRAL,ECO,ECO
IF shortly before a calendar event with a specific keyword,", THEN disable eco mode on the AC unit.",LOCKED,NEUTRAL,ECO,ECO
IF shortly before a calendar event with a specific keyword,", THEN disable eco mode on the AC unit.",LOCKED,NEUTRAL,ECO,ECO
IF shortly before a calendar event with a specific keyword,", THEN disable eco mode on the AC unit.",LOCKED,NEUTRAL,ECO,ECO
IF shortly before a calendar event with a specific keyword,", THEN disable eco mode on the AC unit.",LOCKED,NEUTRAL,ECO,ECO
IF shortly before a calendar event with a specific keyword,", THEN disable the indicated timer.",LOCKED,NEUTRAL,ECO,ECO
IF shortly before a calendar event with a specific keyword,", THEN disable the indicated timer.",LOCKED,NEUTRAL,ECO,ECO
IF shortly before a calendar event with a specific keyword,", THEN disable the indicated timer.",LOCKED,NEUTRAL,ECO,ECO
IF shortly before a calendar event with a specific keyword,", THEN disable the indicated timer.",LOCKED,NEUTRAL,ECO,ECO
IF shortly before a calendar event with a specific keyword,", THEN disable the indicated timer.",LOCKED,NEUTRAL,ECO,ECO
IF shortly before a calendar event with a specific keyword,", THEN disable the indicated timer.",LOCKED,NEUTRAL,ECO,ECO
IF shortly before a calendar event with a specific keyword,", THEN disable the indicated timer.",LOCKED,NEUTRAL,ECO,ECO
IF shortly before a calendar event with a specific keyword,", THEN disable the indicated timer.",LOCKED,NEUTRAL,ECO,ECO
IF shortly before a calendar event with a specific keyword,", THEN disable the indicated timer.",LOCKED,NEUTRAL,ECO,ECO
IF shortly before a calendar event with a specific keyword,", THEN disable the indicated timer.",LOCKED,NEUTRAL,ECO,ECO
IF the user exits a specified area,", THEN turn off the AC unit.",LOCKED,ECO,NEUTRAL,ECO
IF the user exits a specified area,", THEN turn off the AC unit.",LOCKED,ECO,NEUTRAL,ECO
IF the user exits a specified area,", THEN turn off the AC unit.",LOCKED,ECO,NEUTRAL,ECO
IF the user exits a specified area,", THEN turn off the AC unit.",LOCKED,ECO,NEUTRAL,ECO
IF the user exits a specified area,", THEN turn off the AC unit.",LOCKED,ECO,NEUTRAL,ECO
IF the user exits a specified area,", THEN turn off the AC unit.",LOCKED,ECO,NEUTRAL,ECO
IF the user exits a specified area,", THEN turn off the AC unit.",LOCKED,ECO,NEUTRAL,ECO
IF the user exits a specified area,", THEN turn off the AC unit.",LOCKED,ECO,NEUTRAL,ECO
IF the user exits a specified area,", THEN turn off the AC unit.",LOCKED,ECO,NEUTRAL,ECO
IF the user exits a specified area,", THEN turn off the AC unit.",LOCKED,ECO,NEUTRAL,ECO
IF the user exits a specified area,", THEN turn off the air conditioner in a specified room.",LOCKED,ECO,ECO,ECO
IF the user exits a specified area,", THEN turn off the air conditioner in a specified room.",LOCKED,ECO,ECO,ECO
IF the user exits a specified area,", THEN turn off the air conditioner in a specified room.",LOCKED,ECO,ECO,ECO
IF the user exits a specified area,", THEN turn off the air conditioner in a specified room.",LOCKED,ECO,ECO,ECO
IF the user exits a specified area,", THEN turn off the air conditioner in a specified room.",LOCKED,ECO,ECO,ECO
IF the user exits a specified area,", THEN turn off the air conditioner in a specified room.",LOCKED,ECO,ECO,ECO
IF the user exits a specified area,", THEN turn off the air conditioner in a specified room.",LOCKED,ECO,ECO,ECO
IF the user exits a specified area,", THEN turn off the air conditioner in a specified room.",LOCKED,ECO,ECO,ECO
IF the user exits a specified area,", THEN turn off the air conditioner in a specified room.",LOCKED,ECO,ECO,ECO
IF the user exits a specified area,", THEN turn off the air conditioner in a specified room.",LOCKED,ECO,ECO,ECO
IF the user exits a specified area,", THEN turn off the air conditioner.",LOCKED,ECO,NEUTRAL,ECO
IF the user exits a specified area,", THEN turn off the air conditioner.",LOCKED,ECO,NEUTRAL,ECO
IF the user exits a specified area,", THEN turn off the air conditioner.",LOCKED,ECO,NEUTRAL,ECO
IF the user exits a specified area,", THEN turn off the air conditioner.",LOCKED,ECO,NEUTRAL,ECO
IF the user exits a specified area,", THEN turn off the air conditioner.",LOCKED,ECO,NEUTRAL,ECO
IF the user exits a specified area,", THEN turn off the air conditioner.",LOCKED,ECO,NEUTRAL,ECO
IF the user exits a specified area,", THEN turn off the air conditioner.",LOCKED,ECO,NEUTRAL,ECO
IF the user exits a specified area,", THEN turn off the air conditioner.",LOCKED,ECO,NEUTRAL,ECO
IF the user exits a specified area,", THEN turn off the air conditioner.",LOCKED,ECO,NEUTRAL,ECO
IF the user exits a specified area,", THEN turn off the air conditioner.",LOCKED,ECO,NEUTRAL,ECO
IF the user exits a specified area,", THEN turns off the air purifier.",LOCKED,ECO,NEUTRAL,ECO
IF the user exits a specified area,", THEN turns off the air purifier.",LOCKED,ECO,NEUTRAL,ECO
IF the user exits a specified area,", THEN turns off the air purifier.",LOCKED,ECO,NEUTRAL,ECO
IF the user exits a specified area,", THEN turns off the air purifier.",LOCKED,ECO,NEUTRAL,ECO
IF the user exits a specified area,", THEN turns off the air purifier.",LOCKED,ECO,NEUTRAL,ECO
IF the user exits a specified area,", THEN turns off the air purifier.",LOCKED,ECO,NEUTRAL,ECO
IF the user exits a specified area,", THEN turns off the air purifier.",LOCKED,ECO,NEUTRAL,ECO
IF the user exits a specified area,", THEN turns off the air purifier.",LOCKED,ECO,NEUTRAL,ECO
IF the user exits a specified area,", THEN turns off the air purifier.",LOCKED,ECO,NEUTRAL,ECO
IF the user exits a specified area,", THEN turns off the air purifier.",LOCKED,ECO,NEUTRAL,ECO
IF the air quality is below a specified value,", THEN turns off the air purifier.",LOCKED,ECO,NEUTRAL,ECO
IF the air quality is below a specified value,", THEN turns off the air purifier.",LOCKED,ECO,NEUTRAL,ECO
IF the air quality is below a specified value,", THEN turns off the air purifier.",LOCKED,ECO,NEUTRAL,ECO
IF the air quality is below a specified value,", THEN turns off the air purifier.",LOCKED,ECO,NEUTRAL,ECO
IF the air quality is below a specified value,", THEN turns off the air purifier.",LOCKED,ECO,NEUTRAL,ECO
IF the air quality is below a specified value,", THEN turns off the air purifier.",LOCKED,ECO,NEUTRAL,ECO
IF the air quality is below a specified value,", THEN turns off the air purifier.",LOCKED,ECO,NEUTRAL,ECO
IF the air quality is below a specified value,", THEN turns off the air purifier.",LOCKED,ECO,NEUTRAL,ECO
IF the air quality is below a specified value,", THEN turns off the air purifier.",LOCKED,ECO,NEUTRAL,ECO
IF the air quality is below a specified value,", THEN turns off the air purifier.",LOCKED,ECO,NEUTRAL,ECO
IF an air purifier detects a specific air quality level,", THEN sets the fan to low speed.",LOCKED,ECO,NEUTRAL,ECO
IF an air purifier detects a specific air quality level,", THEN sets the fan to low speed.",LOCKED,ECO,NEUTRAL,ECO
IF an air purifier detects a specific air quality level,", THEN sets the fan to low speed.",LOCKED,ECO,NEUTRAL,ECO
IF an air purifier detects a specific air quality level,", THEN sets the fan to low speed.",LOCKED,ECO,NEUTRAL,ECO
IF an air purifier detects a specific air quality level,", THEN sets the fan to low speed.",LOCKED,ECO,NEUTRAL,ECO
IF an air purifier detects a specific air quality level,", THEN sets the fan to low speed.",LOCKED,ECO,NEUTRAL,ECO
IF an air purifier detects a specific air quality level,", THEN sets the fan to low speed.",LOCKED,ECO,NEUTRAL,ECO
IF an air purifier detects a specific air quality level,", THEN sets the fan to low speed.",LOCKED,ECO,NEUTRAL,ECO
IF an air purifier detects a specific air quality level,", THEN sets the fan to low speed.",LOCKED,ECO,NEUTRAL,ECO
IF an air purifier detects a specific air quality level,", THEN sets the fan to low speed.",LOCKED,ECO,NEUTRAL,ECO
IF the user enters a specified area,", THEN turns on the air purifier.",LOCKED,ECO,NEUTRAL,ECO
IF the user enters a specified area,", THEN turns on the air purifier.",LOCKED,ECO,NEUTRAL,ECO
IF the user enters a specified area,", THEN turns on the air purifier.",LOCKED,ECO,NEUTRAL,ECO
IF the user enters a specified area,", THEN turns on the air purifier.",LOCKED,ECO,NEUTRAL,ECO
IF the user enters a specified area,", THEN turns on the air purifier.",LOCKED,ECO,NEUTRAL,ECO
IF the user enters a specified area,", THEN turns on the air purifier.",LOCKED,ECO,NEUTRAL,ECO
IF the user enters a specified area,", THEN turns on the air purifier.",LOCKED,ECO,NEUTRAL,ECO
IF the user enters a specified area,", THEN turns on the air purifier.",LOCKED,ECO,NEUTRAL,ECO
IF the user enters a specified area,", THEN turns on the air purifier.",LOCKED,ECO,NEUTRAL,ECO
IF the user enters a specified area,", THEN turns on the air purifier.",LOCKED,ECO,NEUTRAL,ECO
IF the user enters a specified area,", THEN turn on the air conditioner in a specified room in comfort mode.",LOCKED,ECO,ECO,ECO
IF the user enters a specified area,", THEN turn on the air conditioner in a specified room in comfort mode.",LOCKED,ECO,ECO,ECO
IF the user enters a specified area,", THEN turn on the air conditioner in a specified room in comfort mode.",LOCKED,ECO,ECO,ECO
IF the user enters a specified area,", THEN turn on the air conditioner in a specified room in comfort mode.",LOCKED,ECO,ECO,ECO
IF the user enters a specified area,", THEN turn on the air conditioner in a specified room in comfort mode.",LOCKED,ECO,ECO,ECO
IF the user enters a specified area,", THEN turn on the air conditioner in a specified room in comfort mode.",LOCKED,ECO,ECO,ECO
IF the user enters a specified area,", THEN turn on the air conditioner in a specified room in comfort mode.",LOCKED,ECO,ECO,ECO
IF the user enters a specified area,", THEN turn on the air conditioner in a specified room in comfort mode.",LOCKED,ECO,ECO,ECO
IF the user enters a specified area,", THEN turn on the air conditioner in a specified room in comfort mode.",LOCKED,ECO,ECO,ECO
IF the user enters a specified area,", THEN turn on the air conditioner in a specified room in comfort mode.",LOCKED,ECO,ECO,ECO
IF the user enters a specified area,", THEN turn on the AC unit.",LOCKED,ECO,NEUTRAL,ECO
IF the user enters a specified area,", THEN turn on the AC unit.",LOCKED,ECO,NEUTRAL,ECO
IF the user enters a specified area,", THEN turn on the AC unit.",LOCKED,ECO,NEUTRAL,ECO
IF the user enters a specified area,", THEN turn on the AC unit.",LOCKED,ECO,NEUTRAL,ECO
IF the user enters a specified area,", THEN turn on the AC unit.",LOCKED,ECO,NEUTRAL,ECO
IF the user enters a specified area,", THEN turn on the AC unit.",LOCKED,ECO,NEUTRAL,ECO
IF the user enters a specified area,", THEN turn on the AC unit.",LOCKED,ECO,NEUTRAL,ECO
IF the user enters a specified area,", THEN turn on the AC unit.",LOCKED,ECO,NEUTRAL,ECO
IF the user enters a specified area,", THEN turn on the AC unit.",LOCKED,ECO,NEUTRAL,ECO
IF the user enters a specified area,", THEN turn on the AC unit.",LOCKED,ECO,NEUTRAL,ECO
IF an AC unit detects temperature above a specified value,", THEN turn on the AC unit.",LOCKED,ECO,NEUTRAL,ECO
IF an AC unit detects temperature above a specified value,", THEN turn on the AC unit.",LOCKED,ECO,NEUTRAL,ECO
IF an AC unit detects temperature above a specified value,", THEN turn on the AC unit.",LOCKED,ECO,NEUTRAL,ECO
IF an AC unit detects temperature above a specified value,", THEN turn on the AC unit.",LOCKED,ECO,NEUTRAL,ECO
IF an AC unit detects temperature above a specified value,", THEN turn on the AC unit.",LOCKED,ECO,NEUTRAL,ECO
IF an AC unit detects temperature above a specified value,", THEN turn on the AC unit.",LOCKED,ECO,NEUTRAL,ECO
IF an AC unit detects temperature above a specified value,", THEN turn on the AC unit.",LOCKED,ECO,NEUTRAL,ECO
IF an AC unit detects temperature above a specified value,", THEN turn on the AC unit.",LOCKED,ECO,NEUTRAL,ECO
IF an AC unit detects temperature above a specified value,", THEN turn on the AC unit.",LOCKED,ECO,NEUTRAL,ECO
IF an AC unit detects temperature above a specified value,", THEN turn on the AC unit.",LOCKED,ECO,NEUTRAL,ECO
IF local temperature is above a specified value,", THEN turn on the air conditioner in a specified room in comfort mode.",LOCKED,NEUTRAL,ECO,ECO
IF local temperature is above a specified value,", THEN turn on the air conditioner in a specified room in comfort mode.",LOCKED,NEUTRAL,ECO,ECO
IF local temperature is above a specified value,", THEN turn on the air conditioner in a specified room in comfort mode.",LOCKED,NEUTRAL,ECO,ECO
IF local temperature is above a specified value,", THEN turn on the air conditioner in a specified room in comfort mode.",LOCKED,NEUTRAL,ECO,ECO
IF local temperature is above a specified value,", THEN turn on the air conditioner in a specified room in comfort mode.",LOCKED,NEUTRAL,ECO,ECO
IF local temperature is above a specified value,", THEN turn on the air conditioner in a specified room in comfort mode.",LOCKED,NEUTRAL,ECO,ECO
IF local temperature is above a specified value,", THEN turn on the air conditioner in a specified room in comfort mode.",LOCKED,NEUTRAL,ECO,ECO
IF local temperature is above a specified value,", THEN turn on the air conditioner in a specified room in comfort mode.",LOCKED,NEUTRAL,ECO,ECO
IF local temperature is above a specified value,", THEN turn on the air conditioner in a specified room in comfort mode.",LOCKED,NEUTRAL,ECO,ECO
IF local temperature is above a specified value,", THEN turn on the air conditioner in a specified room in comfort mode.",LOCKED,NEUTRAL,ECO,ECO
IF local temperature is below a specified value,", THEN turn off the AC unit.",LOCKED,ECO,NEUTRAL,ECO
IF local temperature is below a specified value,", THEN turn off the AC unit.",LOCKED,ECO,NEUTRAL,ECO
IF local temperature is below a specified value,", THEN turn off the AC unit.",LOCKED,ECO,NEUTRAL,ECO
IF local temperature is below a specified value,", THEN turn off the AC unit.",LOCKED,ECO,NEUTRAL,ECO
IF local temperature is below a specified value,", THEN turn off the AC unit.",LOCKED,ECO,NEUTRAL,ECO
IF local temperature is below a specified value,", THEN turn off the AC unit.",LOCKED,ECO,NEUTRAL,ECO
IF local temperature is below a specified value,", THEN turn off the AC unit.",LOCKED,ECO,NEUTRAL,ECO
IF local temperature is below a specified value,", THEN turn off the AC unit.",LOCKED,ECO,NEUTRAL,ECO
IF local temperature is below a specified value,", THEN turn off the AC unit.",LOCKED,ECO,NEUTRAL,ECO
IF local temperature is below a specified value,", THEN turn off the AC unit.",LOCKED,ECO,NEUTRAL,ECO
IF a device detects temperature below a specified threshold,", THEN turn on the air conditioner in a specified room in comfort mode.",LOCKED,ECO,ECO,ECO
IF a device detects temperature below a specified threshold,", THEN turn on the air conditioner in a specified room in comfort mode.",LOCKED,ECO,ECO,ECO
IF a device detects temperature below a specified threshold,", THEN turn on the air conditioner in a specified room in comfort mode.",LOCKED,ECO,ECO,ECO
IF a device detects temperature below a specified threshold,", THEN turn on the air conditioner in a specified room in comfort mode.",LOCKED,ECO,ECO,ECO
IF a device detects temperature below a specified threshold,", THEN turn on the air conditioner in a specified room in comfort mode.",LOCKED,ECO,ECO,ECO
IF a device detects temperature below a specified threshold,", THEN turn on the air conditioner in a specified room in comfort mode.",LOCKED,ECO,ECO,ECO
IF a device detects temperature below a specified threshold,", THEN turn on the air conditioner in a specified room in comfort mode.",LOCKED,ECO,ECO,ECO
IF a device detects temperature below a specified threshold,", THEN turn on the air conditioner in a specified room in comfort mode.",LOCKED,ECO,ECO,ECO
IF a device detects temperature below a specified threshold,", THEN turn on the air conditioner in a specified room in comfort mode.",LOCKED,ECO,ECO,ECO
IF a device detects temperature below a specified threshold,", THEN turn on the air conditioner in a specified room in comfort mode.",LOCKED,ECO,ECO,ECO
IF a device detects temperature above a specified threshold,", THEN turn on the air conditioner in a specified room in comfort mode.",LOCKED,ECO,ECO,ECO
IF a device detects temperature above a specified threshold,", THEN turn on the air conditioner in a specified room in comfort mode.",LOCKED,ECO,ECO,ECO
IF a device detects temperature above a specified threshold,", THEN turn on the air conditioner in a specified room in comfort mode.",LOCKED,ECO,ECO,ECO
IF a device detects temperature above a specified threshold,", THEN turn on the air conditioner in a specified room in comfort mode.",LOCKED,ECO,ECO,ECO
IF a device detects temperature above a specified threshold,", THEN turn on the air conditioner in a specified room in comfort mode.",LOCKED,ECO,ECO,ECO
IF a device detects temperature above a specified threshold,", THEN turn on the air conditioner in a specified room in comfort mode.",LOCKED,ECO,ECO,ECO
IF a device detects temperature above a specified threshold,", THEN turn on the air conditioner in a specified room in comfort mode.",LOCKED,ECO,ECO,ECO
IF a device detects temperature above a specified threshold,", THEN turn on the air conditioner in a specified room in comfort mode.",LOCKED,ECO,ECO,ECO
IF a device detects temperature above a specified threshold,", THEN turn on the air conditioner in a specified room in comfort mode.",LOCKED,ECO,ECO,ECO
IF a device detects temperature above a specified threshold,", THEN turn on the air conditioner in a specified room in comfort mode.",LOCKED,ECO,ECO,ECO
IF every time a room enters manual mode,", THEN turn on the AC unit.",LOCKED,ECO,NEUTRAL,ECO
IF every time a room enters manual mode,", THEN turn on the AC unit.",LOCKED,ECO,NEUTRAL,ECO
IF every time a room enters manual mode,", THEN turn on the AC unit.",LOCKED,ECO,NEUTRAL,ECO
IF every time a room enters manual mode,", THEN turn on the AC unit.",LOCKED,ECO,NEUTRAL,ECO
IF every time a room enters manual mode,", THEN turn on the AC unit.",LOCKED,ECO,NEUTRAL,ECO
IF every time a room enters manual mode,", THEN turn on the AC unit.",LOCKED,ECO,NEUTRAL,ECO
IF every time a room enters manual mode,", THEN turn on the AC unit.",LOCKED,ECO,NEUTRAL,ECO
IF every time a room enters manual mode,", THEN turn on the AC unit.",LOCKED,ECO,NEUTRAL,ECO
IF every time a room enters manual mode,", THEN turn on the AC unit.",LOCKED,ECO,NEUTRAL,ECO
IF every time a room enters manual mode,", THEN turn on the AC unit.",LOCKED,ECO,NEUTRAL,ECO
IF indoor temperature drops below a specified threshold,", THEN turn on the AC unit.",LOCKED,ECO,NEUTRAL,ECO
IF indoor temperature drops below a specified threshold,", THEN turn on the AC unit.",LOCKED,ECO,NEUTRAL,ECO
IF indoor temperature drops below a specified threshold,", THEN turn on the AC unit.",LOCKED,ECO,NEUTRAL,ECO
IF indoor temperature drops below a specified threshold,", THEN turn on the AC unit.",LOCKED,ECO,NEUTRAL,ECO
IF indoor temperature drops below a specified threshold,", THEN turn on the AC unit.",LOCKED,ECO,NEUTRAL,ECO
IF indoor temperature drops below a specified threshold,", THEN turn on the AC unit.",LOCKED,ECO,NEUTRAL,ECO
IF indoor temperature drops below a specified threshold,", THEN turn on the AC unit.",LOCKED,ECO,NEUTRAL,ECO
IF indoor temperature drops below a specified threshold,", THEN turn on the AC unit.",LOCKED,ECO,NEUTRAL,ECO
IF indoor temperature drops below a specified threshold,", THEN turn on the AC unit.",LOCKED,ECO,NEUTRAL,ECO
IF indoor temperature drops below a specified threshold,", THEN turn on the AC unit.",LOCKED,ECO,NEUTRAL,ECO
IF before time-of-day peak rates start,", THEN turn on the air conditioner.",LOCKED,ECO,NEUTRAL,ECO
IF before time-of-day peak rates start,", THEN turn on the air conditioner.",LOCKED,ECO,NEUTRAL,ECO
IF before time-of-day peak rates start,", THEN turn on the air conditioner.",LOCKED,ECO,NEUTRAL,ECO
IF before time-of-day peak rates start,", THEN turn on the air conditioner.",LOCKED,ECO,NEUTRAL,ECO
IF before time-of-day peak rates start,", THEN turn on the air conditioner.",LOCKED,ECO,NEUTRAL,ECO
IF before time-of-day peak rates start,", THEN turn on the air conditioner.",LOCKED,ECO,NEUTRAL,ECO
IF before time-of-day peak rates start,", THEN turn on the air conditioner.",LOCKED,ECO,NEUTRAL,ECO
IF before time-of-day peak rates start,", THEN turn on the air conditioner.",LOCKED,ECO,NEUTRAL,ECO
IF before time-of-day peak rates start,", THEN turn on the air conditioner.",LOCKED,ECO,NEUTRAL,ECO
IF before time-of-day peak rates start,", THEN turn on the air conditioner.",LOCKED,ECO,NEUTRAL,ECO
IF solar power drops below a specified value,", THEN turn off the AC unit.",LOCKED,ECO,NEUTRAL,ECO
IF solar power drops below a specified value,", THEN turn off the AC unit.",LOCKED,ECO,NEUTRAL,ECO
IF solar power drops below a specified value,", THEN turn off the AC unit.",LOCKED,ECO,NEUTRAL,ECO
IF solar power drops below a specified value,", THEN turn off the AC unit.",LOCKED,ECO,NEUTRAL,ECO
IF solar power drops below a specified value,", THEN turn off the AC unit.",LOCKED,ECO,NEUTRAL,ECO
IF solar power drops below a specified value,", THEN turn off the AC unit.",LOCKED,ECO,NEUTRAL,ECO
IF solar power drops below a specified value,", THEN turn off the AC unit.",LOCKED,ECO,NEUTRAL,ECO
IF solar power drops below a specified value,", THEN turn off the AC unit.",LOCKED,ECO,NEUTRAL,ECO
IF solar power drops below a specified value,", THEN turn off the AC unit.",LOCKED,ECO,NEUTRAL,ECO
IF solar power drops below a specified value,", THEN turn off the AC unit.",LOCKED,ECO,NEUTRAL,ECO
IF an AC unit detects temperature below a specified value,", THEN turn on the AC unit.",LOCKED,ECO,NEUTRAL,ECO
IF an AC unit detects temperature below a specified value,", THEN turn on the AC unit.",LOCKED,ECO,NEUTRAL,ECO
IF an AC unit detects temperature below a specified value,", THEN turn on the AC unit.",LOCKED,ECO,NEUTRAL,ECO
IF an AC unit detects temperature below a specified value,", THEN turn on the AC unit.",LOCKED,ECO,NEUTRAL,ECO
IF an AC unit detects temperature below a specified value,", THEN turn on the AC unit.",LOCKED,ECO,NEUTRAL,ECO
IF an AC unit detects temperature below a specified value,", THEN turn on the AC unit.",LOCKED,ECO,NEUTRAL,ECO
IF an AC unit detects temperature below a specified value,", THEN turn on the AC unit.",LOCKED,ECO,NEUTRAL,ECO
IF an AC unit detects temperature below a specified value,", THEN turn on the AC unit.",LOCKED,ECO,NEUTRAL,ECO
IF an AC unit detects temperature below a specified value,", THEN turn on the AC unit.",LOCKED,ECO,NEUTRAL,ECO
IF an AC unit detects temperature below a specified value,", THEN turn on the AC unit.",LOCKED,ECO,NEUTRAL,ECO
IF a voice assistant is activated with a specific phrase,", THEN deturn on eco mode on the appliance.",FREE,NEUTRAL,ECO,ECO
IF a voice assistant is activated with a specific phrase,", THEN deturn on eco mode on the appliance.",FREE,NEUTRAL,ECO,ECO
IF a voice assistant is activated with a specific phrase,", THEN deturn on eco mode on the appliance.",FREE,NEUTRAL,ECO,ECO
IF a voice assistant is activated with a specific phrase,", THEN deturn on eco mode on the appliance.",FREE,NEUTRAL,ECO,ECO
IF a voice assistant is activated with a specific phrase,", THEN deturn on eco mode on the appliance.",FREE,NEUTRAL,ECO,ECO
IF a voice assistant is activated with a specific phrase,", THEN deturn on eco mode on the appliance.",FREE,NEUTRAL,ECO,ECO
IF a voice assistant is activated with a specific phrase,", THEN deturn on eco mode on the appliance.",FREE,NEUTRAL,ECO,ECO
IF a voice assistant is activated with a specific phrase,", THEN deturn on eco mode on the appliance.",FREE,NEUTRAL,ECO,ECO
IF a voice assistant is activated with a specific phrase,", THEN deturn on eco mode on the appliance.",FREE,NEUTRAL,ECO,ECO
IF a voice assistant is activated with a specific phrase,", THEN deturn on eco mode on the appliance.",FREE,NEUTRAL,ECO,ECO
IF a voice assistant is activated with a specific phrase,", THEN start the coffee with the specified program.",FREE,NEUTRAL,ECO,ECO
IF a voice assistant is activated with a specific phrase,", THEN start the coffee with the specified program.",FREE,NEUTRAL,ECO,ECO
IF a voice assistant is activated with a specific phrase,", THEN start the coffee with the specified program.",FREE,NEUTRAL,ECO,ECO
IF a voice assistant is activated with a specific phrase,", THEN start the coffee with the specified program.",FREE,NEUTRAL,ECO,ECO
IF a voice assistant is activated with a specific phrase,", THEN start the coffee with the specified program.",FREE,NEUTRAL,ECO,ECO
IF a voice assistant is activated with a specific phrase,", THEN start the coffee with the specified program.",FREE,NEUTRAL,ECO,ECO
IF a voice assistant is activated with a specific phrase,", THEN start the coffee with the specified program.",FREE,NEUTRAL,ECO,ECO
IF a voice assistant is activated with a specific phrase,", THEN start the coffee with the specified program.",FREE,NEUTRAL,ECO,ECO
IF a voice assistant is activated with a specific phrase,", THEN start the coffee with the specified program.",FREE,NEUTRAL,ECO,ECO
IF a voice assistant is activated with a specific phrase,", THEN start the coffee with the specified program.",FREE,NEUTRAL,ECO,ECO
IF a voice assistant is activated with a specific phrase,", THEN turn on the coffee with the specific program.",FREE,NEUTRAL,ECO,ECO
IF a voice assistant is activated with a specific phrase,", THEN turn on the coffee with the specific program.",FREE,NEUTRAL,ECO,ECO
IF a voice assistant is activated with a specific phrase,", THEN turn on the coffee with the specific program.",FREE,NEUTRAL,ECO,ECO
IF a voice assistant is activated with a specific phrase,", THEN turn on the coffee with the specific program.",FREE,NEUTRAL,ECO,ECO
IF a voice assistant is activated with a specific phrase,", THEN turn on the coffee with the specific program.",FREE,NEUTRAL,ECO,ECO
IF a voice assistant is activated with a specific phrase,", THEN turn on the coffee with the specific program.",FREE,NEUTRAL,ECO,ECO
IF a voice assistant is activated with a specific phrase,", THEN turn on the coffee with the specific program.",FREE,NEUTRAL,ECO,ECO
IF a voice assistant is activated with a specific phrase,", THEN turn on the coffee with the specific program.",FREE,NEUTRAL,ECO,ECO
IF a voice assistant is activated with a specific phrase,", THEN turn on the coffee with the specific program.",FREE,NEUTRAL,ECO,ECO
IF a voice assistant is activated with a specific phrase,", THEN turn on the coffee with the specific program.",FREE,NEUTRAL,ECO,ECO
IF a voice assistant is activated with a specific phrase,", THEN start the coffee with the chosen program.",FREE,NEUTRAL,ECO,ECO
IF a voice assistant is activated with a specific phrase,", THEN start the coffee with the chosen program.",FREE,NEUTRAL,ECO,ECO
IF a voice assistant is activated with a specific phrase,", THEN start the coffee with the chosen program.",FREE,NEUTRAL,ECO,ECO
IF a voice assistant is activated with a specific phrase,", THEN start the coffee with the chosen program.",FREE,NEUTRAL,ECO,ECO
IF a voice assistant is activated with a specific phrase,", THEN start the coffee with the chosen program.",FREE,NEUTRAL,ECO,ECO
IF a voice assistant is activated with a specific phrase,", THEN start the coffee with the chosen program.",FREE,NEUTRAL,ECO,ECO
IF a voice assistant is activated with a specific phrase,", THEN start the coffee with the chosen program.",FREE,NEUTRAL,ECO,ECO
IF a voice assistant is activated with a specific phrase,", THEN start the coffee with the chosen program.",FREE,NEUTRAL,ECO,ECO
IF a voice assistant is activated with a specific phrase,", THEN start the coffee with the chosen program.",FREE,NEUTRAL,ECO,ECO
IF a voice assistant is activated with a specific phrase,", THEN start the coffee with the chosen program.",FREE,NEUTRAL,ECO,ECO
IF a voice assistant is activated with a specific phrase,", THEN turn on the coffee with the chosen program.",FREE,NEUTRAL,ECO,ECO
IF a voice assistant is activated with a specific phrase,", THEN turn on the coffee with the chosen program.",FREE,NEUTRAL,ECO,ECO
IF a voice assistant is activated with a specific phrase,", THEN turn on the coffee with the chosen program.",FREE,NEUTRAL,ECO,ECO
IF a voice assistant is activated with a specific phrase,", THEN turn on the coffee with the chosen program.",FREE,NEUTRAL,ECO,ECO
IF a voice assistant is activated with a specific phrase,", THEN turn on the coffee with the chosen program.",FREE,NEUTRAL,ECO,ECO
IF a voice assistant is activated with a specific phrase,", THEN turn on the coffee with the chosen program.",FREE,NEUTRAL,ECO,ECO
IF a voice assistant is activated with a specific phrase,", THEN turn on the coffee with the chosen program.",FREE,NEUTRAL,ECO,ECO
IF a voice assistant is activated with a specific phrase,", THEN turn on the coffee with the chosen program.",FREE,NEUTRAL,ECO,ECO
IF a voice assistant is activated with a specific phrase,", THEN turn on the coffee with the chosen program.",FREE,NEUTRAL,ECO,ECO
IF a voice assistant is activated with a specific phrase,", THEN turn on the coffee with the chosen program.",FREE,NEUTRAL,ECO,ECO
IF a voice assistant is activated with a specific phrase,", THEN stop eco mode on the appliance.",FREE,NEUTRAL,ECO,ECO
IF a voice assistant is activated with a specific phrase,", THEN stop eco mode on the appliance.",FREE,NEUTRAL,ECO,ECO
IF a voice assistant is activated with a specific phrase,", THEN stop eco mode on the appliance.",FREE,NEUTRAL,ECO,ECO
IF a voice assistant is activated with a specific phrase,", THEN stop eco mode on the appliance.",FREE,NEUTRAL,ECO,ECO
IF a voice assistant is activated with a specific phrase,", THEN stop eco mode on the appliance.",FREE,NEUTRAL,ECO,ECO
IF a voice assistant is activated with a specific phrase,", THEN stop eco mode on the appliance.",FREE,NEUTRAL,ECO,ECO
IF a voice assistant is activated with a specific phrase,", THEN stop eco mode on the appliance.",FREE,NEUTRAL,ECO,ECO
IF a voice assistant is activated with a specific phrase,", THEN stop eco mode on the appliance.",FREE,NEUTRAL,ECO,ECO
IF a voice assistant is activated with a specific phrase,", THEN stop eco mode on the appliance.",FREE,NEUTRAL,ECO,ECO
IF a voice assistant is activated with a specific phrase,", THEN stop eco mode on the appliance.",FREE,NEUTRAL,ECO,ECO
IF a voice assistant is activated with a specific phrase,", THEN deactivate eco mode on the appliance.",FREE,NEUTRAL,ECO,ECO
IF a voice assistant is activated with a specific phrase,", THEN deactivate eco mode on the appliance.",FREE,NEUTRAL,ECO,ECO
IF a voice assistant is activated with a specific phrase,", THEN deactivate eco mode on the appliance.",FREE,NEUTRAL,ECO,ECO
IF a voice assistant is activated with a specific phrase,", THEN deactivate eco mode on the appliance.",FREE,NEUTRAL,ECO,ECO
IF a voice assistant is activated with a specific phrase,", THEN deactivate eco mode on the appliance.",FREE,NEUTRAL,ECO,ECO
IF a voice assistant is activated with a specific phrase,", THEN deactivate eco mode on the appliance.",FREE,NEUTRAL,ECO,ECO
IF a voice assistant is activated with a specific phrase,", THEN deactivate eco mode on the appliance.",FREE,NEUTRAL,ECO,ECO
IF a voice assistant is activated with a specific phrase,", THEN deactivate eco mode on the appliance.",FREE,NEUTRAL,ECO,ECO
IF a voice assistant is activated with a specific phrase,", THEN deactivate eco mode on the appliance.",FREE,NEUTRAL,ECO,ECO
IF a voice assistant is activated with a specific phrase,", THEN deactivate eco mode on the appliance.",FREE,NEUTRAL,ECO,ECO
IF is one of the specific days of the week at a chosen time,", THEN turn off then microwave.",FREE,ECO,NEUTRAL,ECO
IF is one of the specific days of the week at a chosen time,", THEN turn off then microwave.",FREE,ECO,NEUTRAL,ECO
IF is one of the specific days of the week at a chosen time,", THEN turn off then microwave.",FREE,ECO,NEUTRAL,ECO
IF is one of the specific days of the week at a chosen time,", THEN turn off then microwave.",FREE,ECO,NEUTRAL,ECO
IF is one of the specific days of the week at a chosen time,", THEN turn off then microwave.",FREE,ECO,NEUTRAL,ECO
IF is one of the specific days of the week at a chosen time,", THEN turn off then microwave.",FREE,ECO,NEUTRAL,ECO
IF is one of the specific days of the week at a chosen time,", THEN turn off then microwave.",FREE,ECO,NEUTRAL,ECO
IF is one of the specific days of the week at a chosen time,", THEN turn off then microwave.",FREE,ECO,NEUTRAL,ECO
IF is one of the specific days of the week at a chosen time,", THEN turn off then microwave.",FREE,ECO,NEUTRAL,ECO
IF is one of the specific days of the week at a chosen time,", THEN turn off then microwave.",FREE,ECO,NEUTRAL,ECO
IF is one of the specific days of the week at a chosen time,", THEN deturn on eco mode on the appliance.",FREE,ECO,ECO,ECO
IF is one of the specific days of the week at a chosen time,", THEN deturn on eco mode on the appliance.",FREE,ECO,ECO,ECO
IF is one of the specific days of the week at a chosen time,", THEN deturn on eco mode on the appliance.",FREE,ECO,ECO,ECO
IF is one of the specific days of the week at a chosen time,", THEN deturn on eco mode on the appliance.",FREE,ECO,ECO,ECO
IF is one of the specific days of the week at a chosen time,", THEN deturn on eco mode on the appliance.",FREE,ECO,ECO,ECO
IF is one of the specific days of the week at a chosen time,", THEN deturn on eco mode on the appliance.",FREE,ECO,ECO,ECO
IF is one of the specific days of the week at a chosen time,", THEN deturn on eco mode on the appliance.",FREE,ECO,ECO,ECO
IF is one of the specific days of the week at a chosen time,", THEN deturn on eco mode on the appliance.",FREE,ECO,ECO,ECO
IF is one of the specific days of the week at a chosen time,", THEN deturn on eco mode on the appliance.",FREE,ECO,ECO,ECO
IF is one of the specific days of the week at a chosen time,", THEN deturn on eco mode on the appliance.",FREE,ECO,ECO,ECO
IF is one of the specific days of the week at a chosen time,", THEN destart fresh mode on the appliance.",FREE,ECO,NEUTRAL,ECO
IF is one of the specific days of the week at a chosen time,", THEN destart fresh mode on the appliance.",FREE,ECO,NEUTRAL,ECO
IF is one of the specific days of the week at a chosen time,", THEN destart fresh mode on the appliance.",FREE,ECO,NEUTRAL,ECO
IF is one of the specific days of the week at a chosen time,", THEN destart fresh mode on the appliance.",FREE,ECO,NEUTRAL,ECO
IF is one of the specific days of the week at a chosen time,", THEN destart fresh mode on the appliance.",FREE,ECO,NEUTRAL,ECO
IF is one of the specific days of the week at a chosen time,", THEN destart fresh mode on the appliance.",FREE,ECO,NEUTRAL,ECO
IF is one of the specific days of the week at a chosen time,", THEN destart fresh mode on the appliance.",FREE,ECO,NEUTRAL,ECO
IF is one of the specific days of the week at a chosen time,", THEN destart fresh mode on the appliance.",FREE,ECO,NEUTRAL,ECO
IF is one of the specific days of the week at a chosen time,", THEN destart fresh mode on the appliance.",FREE,ECO,NEUTRAL,ECO
IF is one of the specific days of the week at a chosen time,", THEN destart fresh mode on the appliance.",FREE,ECO,NEUTRAL,ECO
IF is one of the specific days of the week at a chosen time,", THEN preheat the dryer using the hot air program with fast preheat.",FREE,ECO,NEUTRAL,ECO
IF is one of the specific days of the week at a chosen time,", THEN preheat the dryer using the hot air program with fast preheat.",FREE,ECO,NEUTRAL,ECO
IF is one of the specific days of the week at a chosen time,", THEN preheat the dryer using the hot air program with fast preheat.",FREE,ECO,NEUTRAL,ECO
IF is one of the specific days of the week at a chosen time,", THEN preheat the dryer using the hot air program with fast preheat.",FREE,ECO,NEUTRAL,ECO
IF is one of the specific days of the week at a chosen time,", THEN preheat the dryer using the hot air program with fast preheat.",FREE,ECO,NEUTRAL,ECO
IF is one of the specific days of the week at a chosen time,", THEN preheat the dryer using the hot air program with fast preheat.",FREE,ECO,NEUTRAL,ECO
IF is one of the specific days of the week at a chosen time,", THEN preheat the dryer using the hot air program with fast preheat.",FREE,ECO,NEUTRAL,ECO
IF is one of the specific days of the week at a chosen time,", THEN preheat the dryer using the hot air program with fast preheat.",FREE,ECO,NEUTRAL,ECO
IF is one of the specific days of the week at a chosen time,", THEN preheat the dryer using the hot air program with fast preheat.",FREE,ECO,NEUTRAL,ECO
IF is one of the specific days of the week at a chosen time,", THEN preheat the dryer using the hot air program with fast preheat.",FREE,ECO,NEUTRAL,ECO
IF is one of the specific days of the week at a chosen time,", THEN preheat the oven using the hot air program with fast preheat.",FREE,ECO,NEUTRAL,ECO
IF is one of the specific days of the week at a chosen time,", THEN preheat the oven using the hot air program with fast preheat.",FREE,ECO,NEUTRAL,ECO
IF is one of the specific days of the week at a chosen time,", THEN preheat the oven using the hot air program with fast preheat.",FREE,ECO,NEUTRAL,ECO
IF is one of the specific days of the week at a chosen time,", THEN preheat the oven using the hot air program with fast preheat.",FREE,ECO,NEUTRAL,ECO
IF is one of the specific days of the week at a chosen time,", THEN preheat the oven using the hot air program with fast preheat.",FREE,ECO,NEUTRAL,ECO
IF is one of the specific days of the week at a chosen time,", THEN preheat the oven using the hot air program with fast preheat.",FREE,ECO,NEUTRAL,ECO
IF is one of the specific days of the week at a chosen time,", THEN preheat the oven using the hot air program with fast preheat.",FREE,ECO,NEUTRAL,ECO
IF is one of the specific days of the week at a chosen time,", THEN preheat the oven using the hot air program with fast preheat.",FREE,ECO,NEUTRAL,ECO
IF is one of the specific days of the week at a chosen time,", THEN preheat the oven using the hot air program with fast preheat.",FREE,ECO,NEUTRAL,ECO
IF is one of the specific days of the week at a chosen time,", THEN preheat the oven using the hot air program with fast preheat.",FREE,ECO,NEUTRAL,ECO
IF is one of the specific days of the week at a chosen time,", THEN disable then oven.",FREE,ECO,NEUTRAL,ECO
IF is one of the specific days of the week at a chosen time,", THEN disable then oven.",FREE,ECO,NEUTRAL,ECO
IF is one of the specific days of the week at a chosen time,", THEN disable then oven.",FREE,ECO,NEUTRAL,ECO
IF is one of the specific days of the week at a chosen time,", THEN disable then oven.",FREE,ECO,NEUTRAL,ECO
IF is one of the specific days of the week at a chosen time,", THEN disable then oven.",FREE,ECO,NEUTRAL,ECO
IF is one of the specific days of the week at a chosen time,", THEN disable then oven.",FREE,ECO,NEUTRAL,ECO
IF is one of the specific days of the week at a chosen time,", THEN disable then oven.",FREE,ECO,NEUTRAL,ECO
IF is one of the specific days of the week at a chosen time,", THEN disable then oven.",FREE,ECO,NEUTRAL,ECO
IF is one of the specific days of the week at a chosen time,", THEN disable then oven.",FREE,ECO,NEUTRAL,ECO
IF is one of the specific days of the week at a chosen time,", THEN disable then oven.",FREE,ECO,NEUTRAL,ECO
IF is one of the specific days of the week at a chosen time,", THEN deenable vacation mode on the appliance.",FREE,ECO,NEUTRAL,ECO
IF is one of the specific days of the week at a chosen time,", THEN deenable vacation mode on the appliance.",FREE,ECO,NEUTRAL,ECO
IF is one of the specific days of the week at a chosen time,", THEN deenable vacation mode on the appliance.",FREE,ECO,NEUTRAL,ECO
IF is one of the specific days of the week at a chosen time,", THEN deenable vacation mode on the appliance.",FREE,ECO,NEUTRAL,ECO
IF is one of the specific days of the week at a chosen time,", THEN deenable vacation mode on the appliance.",FREE,ECO,NEUTRAL,ECO
IF is one of the specific days of the week at a chosen time,", THEN deenable vacation mode on the appliance.",FREE,ECO,NEUTRAL,ECO
IF is one of the specific days of the week at a chosen time,", THEN deenable vacation mode on the appliance.",FREE,ECO,NEUTRAL,ECO
IF is one of the specific days of the week at a chosen time,", THEN deenable vacation mode on the appliance.",FREE,ECO,NEUTRAL,ECO
IF is one of the specific days of the week at a chosen time,", THEN deenable vacation mode on the appliance.",FREE,ECO,NEUTRAL,ECO
IF is one of the specific days of the week at a chosen time,", THEN deenable vacation mode on the appliance.",FREE,ECO,NEUTRAL,ECO
IF is one of the specific days of the week at a chosen time,", THEN start the coffee with the specified program.",FREE,ECO,ECO,ECO
IF is one of the specific days of the week at a chosen time,", THEN start the coffee with the specified program.",FREE,ECO,ECO,ECO
IF is one of the specific days of the week at a chosen time,", THEN start the coffee with the specified program.",FREE,ECO,ECO,ECO
IF is one of the specific days of the week at a chosen time,", THEN start the coffee with the specified program.",FREE,ECO,ECO,ECO
IF is one of the specific days of the week at a chosen time,", THEN start the coffee with the specified program.",FREE,ECO,ECO,ECO
IF is one of the specific days of the week at a chosen time,", THEN start the coffee with the specified program.",FREE,ECO,ECO,ECO
IF is one of the specific days of the week at a chosen time,", THEN start the coffee with the specified program.",FREE,ECO,ECO,ECO
IF is one of the specific days of the week at a chosen time,", THEN start the coffee with the specified program.",FREE,ECO,ECO,ECO
IF is one of the specific days of the week at a chosen time,", THEN start the coffee with the specified program.",FREE,ECO,ECO,ECO
IF is one of the specific days of the week at a chosen time,", THEN start the coffee with the specified program.",FREE,ECO,ECO,ECO
IF is one of the specific days of the week at a chosen time,", THEN deturn on fresh mode on the appliance.",FREE,ECO,NEUTRAL,ECO
IF is one of the specific days of the week at a chosen time,", THEN deturn on fresh mode on the appliance.",FREE,ECO,NEUTRAL,ECO
IF is one of the specific days of the week at a chosen time,", THEN deturn on fresh mode on the appliance.",FREE,ECO,NEUTRAL,ECO
IF is one of the specific days of the week at a chosen time,", THEN deturn on fresh mode on the appliance.",FREE,ECO,NEUTRAL,ECO
IF is one of the specific days of the week at a chosen time,", THEN deturn on fresh mode on the appliance.",FREE,ECO,NEUTRAL,ECO
IF is one of the specific days of the week at a chosen time,", THEN deturn on fresh mode on the appliance.",FREE,ECO,NEUTRAL,ECO
IF is one of the specific days of the week at a chosen time,", THEN deturn on fresh mode on the appliance.",FREE,ECO,NEUTRAL,ECO
IF is one of the specific days of the week at a chosen time,", THEN deturn on fresh mode on the appliance.",FREE,ECO,NEUTRAL,ECO
IF is one of the specific days of the week at a chosen time,", THEN deturn on fresh mode on the appliance.",FREE,ECO,NEUTRAL,ECO
IF is one of the specific days of the week at a chosen time,", THEN deturn on fresh mode on the appliance.",FREE,ECO,NEUTRAL,ECO
IF is one of the specific days of the week at a chosen time,", THEN deactivate fresh mode on the appliance.",FREE,ECO,NEUTRAL,ECO
IF is one of the specific days of the week at a chosen time,", THEN deactivate fresh mode on the appliance.",FREE,ECO,NEUTRAL,ECO
IF is one of the specific days of the week at a chosen time,", THEN deactivate fresh mode on the appliance.",FREE,ECO,NEUTRAL,ECO
IF is one of the specific days of the week at a chosen time,", THEN deactivate fresh mode on the appliance.",FREE,ECO,NEUTRAL,ECO
IF is one of the specific days of the week at a chosen time,", THEN deactivate fresh mode on the appliance.",FREE,ECO,NEUTRAL,ECO
IF is one of the specific days of the week at a chosen time,", THEN deactivate fresh mode on the appliance.",FREE,ECO,NEUTRAL,ECO
IF is one of the specific days of the week at a chosen time,", THEN deactivate fresh mode on the appliance.",FREE,ECO,NEUTRAL,ECO
IF is one of the specific days of the week at a chosen time,", THEN deactivate fresh mode on the appliance.",FREE,ECO,NEUTRAL,ECO
IF is one of the specific days of the week at a chosen time,", THEN deactivate fresh mode on the appliance.",FREE,ECO,NEUTRAL,ECO
IF is one of the specific days of the week at a chosen time,", THEN deactivate fresh mode on the appliance.",FREE,ECO,NEUTRAL,ECO
IF is one of the specific days of the week at a chosen time,", THEN stop the dishwasher.",FREE,ECO,NEUTRAL,ECO
IF is one of the specific days of the week at a chosen time,", THEN stop the dishwasher.",FREE,ECO,NEUTRAL,ECO
IF is one of the specific days of the week at a chosen time,", THEN stop the dishwasher.",FREE,ECO,NEUTRAL,ECO
IF is one of the specific days of the week at a chosen time,", THEN stop the dishwasher.",FREE,ECO,NEUTRAL,ECO
IF is one of the specific days of the week at a chosen time,", THEN stop the dishwasher.",FREE,ECO,NEUTRAL,ECO
IF is one of the specific days of the week at a chosen time,", THEN stop the dishwasher.",FREE,ECO,NEUTRAL,ECO
IF is one of the specific days of the week at a chosen time,", THEN stop the dishwasher.",FREE,ECO,NEUTRAL,ECO
IF is one of the specific days of the week at a chosen time,", THEN stop the dishwasher.",FREE,ECO,NEUTRAL,ECO
IF is one of the specific days of the week at a chosen time,", THEN stop the dishwasher.",FREE,ECO,NEUTRAL,ECO
IF is one of the specific days of the week at a chosen time,", THEN stop the dishwasher.",FREE,ECO,NEUTRAL,ECO
IF is one of the specific days of the week at a chosen time,", THEN turn off the dishwasher.",FREE,ECO,NEUTRAL,ECO
IF is one of the specific days of the week at a chosen time,", THEN turn off the dishwasher.",FREE,ECO,NEUTRAL,ECO
IF is one of the specific days of the week at a chosen time,", THEN turn off the dishwasher.",FREE,ECO,NEUTRAL,ECO
IF is one of the specific days of the week at a chosen time,", THEN turn off the dishwasher.",FREE,ECO,NEUTRAL,ECO
IF is one of the specific days of the week at a chosen time,", THEN turn off the dishwasher.",FREE,ECO,NEUTRAL,ECO
IF is one of the specific days of the week at a chosen time,", THEN turn off the dishwasher.",FREE,ECO,NEUTRAL,ECO
IF is one of the specific days of the week at a chosen time,", THEN turn off the dishwasher.",FREE,ECO,NEUTRAL,ECO
IF is one of the specific days of the week at a chosen time,", THEN turn off the dishwasher.",FREE,ECO,NEUTRAL,ECO
IF is one of the specific days of the week at a chosen time,", THEN turn off the dishwasher.",FREE,ECO,NEUTRAL,ECO
IF is one of the specific days of the week at a chosen time,", THEN turn off the dishwasher.",FREE,ECO,NEUTRAL,ECO
IF is one of the specific days of the week at a chosen time,", THEN turn on the coffee with the specific program.",FREE,ECO,ECO,ECO
IF is one of the specific days of the week at a chosen time,", THEN turn on the coffee with the specific program.",FREE,ECO,ECO,ECO
IF is one of the specific days of the week at a chosen time,", THEN turn on the coffee with the specific program.",FREE,ECO,ECO,ECO
IF is one of the specific days of the week at a chosen time,", THEN turn on the coffee with the specific program.",FREE,ECO,ECO,ECO
IF is one of the specific days of the week at a chosen time,", THEN turn on the coffee with the specific program.",FREE,ECO,ECO,ECO
IF is one of the specific days of the week at a chosen time,", THEN turn on the coffee with the specific program.",FREE,ECO,ECO,ECO
IF is one of the specific days of the week at a chosen time,", THEN turn on the coffee with the specific program.",FREE,ECO,ECO,ECO
IF is one of the specific days of the week at a chosen time,", THEN turn on the coffee with the specific program.",FREE,ECO,ECO,ECO
IF is one of the specific days of the week at a chosen time,", THEN turn on the coffee with the specific program.",FREE,ECO,ECO,ECO
IF is one of the specific days of the week at a chosen time,", THEN turn on the coffee with the specific program.",FREE,ECO,ECO,ECO
IF is one of the specific days of the week at a chosen time,", THEN disable the hood.",FREE,ECO,NEUTRAL,ECO
IF is one of the specific days of the week at a chosen time,", THEN disable the hood.",FREE,ECO,NEUTRAL,ECO
IF is one of the specific days of the week at a chosen time,", THEN disable the hood.",FREE,ECO,NEUTRAL,ECO
IF is one of the specific days of the week at a chosen time,", THEN disable the hood.",FREE,ECO,NEUTRAL,ECO
IF is one of the specific days of the week at a chosen time,", THEN disable the hood.",FREE,ECO,NEUTRAL,ECO
IF is one of the specific days of the week at a chosen time,", THEN disable the hood.",FREE,ECO,NEUTRAL,ECO
IF is one of the specific days of the week at a chosen time,", THEN disable the hood.",FREE,ECO,NEUTRAL,ECO
IF is one of the specific days of the week at a chosen time,", THEN disable the hood.",FREE,ECO,NEUTRAL,ECO
IF is one of the specific days of the week at a chosen time,", THEN disable the hood.",FREE,ECO,NEUTRAL,ECO
IF is one of the specific days of the week at a chosen time,", THEN disable the hood.",FREE,ECO,NEUTRAL,ECO
IF is one of the specific days of the week at a chosen time,", THEN start the dishwasher.",FREE,ECO,NEUTRAL,ECO
IF is one of the specific days of the week at a chosen time,", THEN start the dishwasher.",FREE,ECO,NEUTRAL,ECO
IF is one of the specific days of the week at a chosen time,", THEN start the dishwasher.",FREE,ECO,NEUTRAL,ECO
IF is one of the specific days of the week at a chosen time,", THEN start the dishwasher.",FREE,ECO,NEUTRAL,ECO
IF is one of the specific days of the week at a chosen time,", THEN start the dishwasher.",FREE,ECO,NEUTRAL,ECO
IF is one of the specific days of the week at a chosen time,", THEN start the dishwasher.",FREE,ECO,NEUTRAL,ECO
IF is one of the specific days of the week at a chosen time,", THEN start the dishwasher.",FREE,ECO,NEUTRAL,ECO
IF is one of the specific days of the week at a chosen time,", THEN start the dishwasher.",FREE,ECO,NEUTRAL,ECO
IF is one of the specific days of the week at a chosen time,", THEN start the dishwasher.",FREE,ECO,NEUTRAL,ECO
IF is one of the specific days of the week at a chosen time,", THEN start the dishwasher.",FREE,ECO,NEUTRAL,ECO
IF is one of the specific days of the week at a chosen time,", THEN activate the hood with the default program.",FREE,ECO,NEUTRAL,ECO
IF is one of the specific days of the week at a chosen time,", THEN activate the hood with the default program.",FREE,ECO,NEUTRAL,ECO
IF is one of the specific days of the week at a chosen time,", THEN activate the hood with the default program.",FREE,ECO,NEUTRAL,ECO
IF is one of the specific days of the week at a chosen time,", THEN activate the hood with the default program.",FREE,ECO,NEUTRAL,ECO
IF is one of the specific days of the week at a chosen time,", THEN activate the hood with the default program.",FREE,ECO,NEUTRAL,ECO
IF is one of the specific days of the week at a chosen time,", THEN activate the hood with the default program.",FREE,ECO,NEUTRAL,ECO
IF is one of the specific days of the week at a chosen time,", THEN activate the hood with the default program.",FREE,ECO,NEUTRAL,ECO
IF is one of the specific days of the week at a chosen time,", THEN activate the hood with the default program.",FREE,ECO,NEUTRAL,ECO
IF is one of the specific days of the week at a chosen time,", THEN activate the hood with the default program.",FREE,ECO,NEUTRAL,ECO
IF is one of the specific days of the week at a chosen time,", THEN activate the hood with the default program.",FREE,ECO,NEUTRAL,ECO
IF is one of the specific days of the week at a chosen time,", THEN turn on the selected dishwasher program.",FREE,ECO,NEUTRAL,ECO
IF is one of the specific days of the week at a chosen time,", THEN turn on the selected dishwasher program.",FREE,ECO,NEUTRAL,ECO
IF is one of the specific days of the week at a chosen time,", THEN turn on the selected dishwasher program.",FREE,ECO,NEUTRAL,ECO
IF is one of the specific days of the week at a chosen time,", THEN turn on the selected dishwasher program.",FREE,ECO,NEUTRAL,ECO
IF is one of the specific days of the week at a chosen time,", THEN turn on the selected dishwasher program.",FREE,ECO,NEUTRAL,ECO
IF is one of the specific days of the week at a chosen time,", THEN turn on the selected dishwasher program.",FREE,ECO,NEUTRAL,ECO
IF is one of the specific days of the week at a chosen time,", THEN turn on the selected dishwasher program.",FREE,ECO,NEUTRAL,ECO
IF is one of the specific days of the week at a chosen time,", THEN turn on the selected dishwasher program.",FREE,ECO,NEUTRAL,ECO
IF is one of the specific days of the week at a chosen time,", THEN turn on the selected dishwasher program.",FREE,ECO,NEUTRAL,ECO
IF is one of the specific days of the week at a chosen time,", THEN turn on the selected dishwasher program.",FREE,ECO,NEUTRAL,ECO
IF is one of the specific days of the week at a chosen time,", THEN start the hood.",FREE,ECO,NEUTRAL,ECO
IF is one of the specific days of the week at a chosen time,", THEN start the hood.",FREE,ECO,NEUTRAL,ECO
IF is one of the specific days of the week at a chosen time,", THEN start the hood.",FREE,ECO,NEUTRAL,ECO
IF is one of the specific days of the week at a chosen time,", THEN start the hood.",FREE,ECO,NEUTRAL,ECO
IF is one of the specific days of the week at a chosen time,", THEN start the hood.",FREE,ECO,NEUTRAL,ECO
IF is one of the specific days of the week at a chosen time,", THEN start the hood.",FREE,ECO,NEUTRAL,ECO
IF is one of the specific days of the week at a chosen time,", THEN start the hood.",FREE,ECO,NEUTRAL,ECO
IF is one of the specific days of the week at a chosen time,", THEN start the hood.",FREE,ECO,NEUTRAL,ECO
IF is one of the specific days of the week at a chosen time,", THEN start the hood.",FREE,ECO,NEUTRAL,ECO
IF is one of the specific days of the week at a chosen time,", THEN start the hood.",FREE,ECO,NEUTRAL,ECO
IF is one of the specific days of the week at a chosen time,", THEN preheat the microwave using the hot air program with fast preheat.",FREE,ECO,NEUTRAL,ECO
IF is one of the specific days of the week at a chosen time,", THEN preheat the microwave using the hot air program with fast preheat.",FREE,ECO,NEUTRAL,ECO
IF is one of the specific days of the week at a chosen time,", THEN preheat the microwave using the hot air program with fast preheat.",FREE,ECO,NEUTRAL,ECO
IF is one of the specific days of the week at a chosen time,", THEN preheat the microwave using the hot air program with fast preheat.",FREE,ECO,NEUTRAL,ECO
IF is one of the specific days of the week at a chosen time,", THEN preheat the microwave using the hot air program with fast preheat.",FREE,ECO,NEUTRAL,ECO
IF is one of the specific days of the week at a chosen time,", THEN preheat the microwave using the hot air program with fast preheat.",FREE,ECO,NEUTRAL,ECO
IF is one of the specific days of the week at a chosen time,", THEN preheat the microwave using the hot air program with fast preheat.",FREE,ECO,NEUTRAL,ECO
IF is one of the specific days of the week at a chosen time,", THEN preheat the microwave using the hot air program with fast preheat.",FREE,ECO,NEUTRAL,ECO
IF is one of the specific days of the week at a chosen time,", THEN preheat the microwave using the hot air program with fast preheat.",FREE,ECO,NEUTRAL,ECO
IF is one of the specific days of the week at a chosen time,", THEN preheat the microwave using the hot air program with fast preheat.",FREE,ECO,NEUTRAL,ECO
IF is one of the specific days of the week at a chosen time,", THEN turn off then oven.",FREE,ECO,NEUTRAL,ECO
IF is one of the specific days of the week at a chosen time,", THEN turn off then oven.",FREE,ECO,NEUTRAL,ECO
IF is one of the specific days of the week at a chosen time,", THEN turn off then oven.",FREE,ECO,NEUTRAL,ECO
IF is one of the specific days of the week at a chosen time,", THEN turn off then oven.",FREE,ECO,NEUTRAL,ECO
IF is one of the specific days of the week at a chosen time,", THEN turn off then oven.",FREE,ECO,NEUTRAL,ECO
IF is one of the specific days of the week at a chosen time,", THEN turn off then oven.",FREE,ECO,NEUTRAL,ECO
IF is one of the specific days of the week at a chosen time,", THEN turn off then oven.",FREE,ECO,NEUTRAL,ECO
IF is one of the specific days of the week at a chosen time,", THEN turn off then oven.",FREE,ECO,NEUTRAL,ECO
IF is one of the specific days of the week at a chosen time,", THEN turn off then oven.",FREE,ECO,NEUTRAL,ECO
IF is one of the specific days of the week at a chosen time,", THEN turn off then oven.",FREE,ECO,NEUTRAL,ECO
IF is one of the specific days of the week at a chosen time,", THEN turn on the coffee machine.",FREE,ECO,NEUTRAL,ECO
IF is one of the specific days of the week at a chosen time,", THEN turn on the coffee machine.",FREE,ECO,NEUTRAL,ECO
IF is one of the specific days of the week at a chosen time,", THEN turn on the coffee machine.",FREE,ECO,NEUTRAL,ECO
IF is one of the specific days of the week at a chosen time,", THEN turn on the coffee machine.",FREE,ECO,NEUTRAL,ECO
IF is one of the specific days of the week at a chosen time,", THEN turn on the coffee machine.",FREE,ECO,NEUTRAL,ECO
IF is one of the specific days of the week at a chosen time,", THEN turn on the coffee machine.",FREE,ECO,NEUTRAL,ECO
IF is one of the specific days of the week at a chosen time,", THEN turn on the coffee machine.",FREE,ECO,NEUTRAL,ECO
IF is one of the specific days of the week at a chosen time,", THEN turn on the coffee machine.",FREE,ECO,NEUTRAL,ECO
IF is one of the specific days of the week at a chosen time,", THEN turn on the coffee machine.",FREE,ECO,NEUTRAL,ECO
IF is one of the specific days of the week at a chosen time,", THEN turn on the coffee machine.",FREE,ECO,NEUTRAL,ECO
IF is one of the specific days of the week at a chosen time,", THEN start the coffee with the chosen program.",FREE,ECO,ECO,ECO
IF is one of the specific days of the week at a chosen time,", THEN start the coffee with the chosen program.",FREE,ECO,ECO,ECO
IF is one of the specific days of the week at a chosen time,", THEN start the coffee with the chosen program.",FREE,ECO,ECO,ECO
IF is one of the specific days of the week at a chosen time,", THEN start the coffee with the chosen program.",FREE,ECO,ECO,ECO
IF is one of the specific days of the week at a chosen time,", THEN start the coffee with the chosen program.",FREE,ECO,ECO,ECO
IF is one of the specific days of the week at a chosen time,", THEN start the coffee with the chosen program.",FREE,ECO,ECO,ECO
IF is one of the specific days of the week at a chosen time,", THEN start the coffee with the chosen program.",FREE,ECO,ECO,ECO
IF is one of the specific days of the week at a chosen time,", THEN start the coffee with the chosen program.",FREE,ECO,ECO,ECO
IF is one of the specific days of the week at a chosen time,", THEN start the coffee with the chosen program.",FREE,ECO,ECO,ECO
IF is one of the specific days of the week at a chosen time,", THEN start the coffee with the chosen program.",FREE,ECO,ECO,ECO
IF is one of the specific days of the week at a chosen time,", THEN turn off the hood.",FREE,ECO,NEUTRAL,ECO
IF is one of the specific days of the week at a chosen time,", THEN turn off the hood.",FREE,ECO,NEUTRAL,ECO
IF is one of the specific days of the week at a chosen time,", THEN turn off the hood.",FREE,ECO,NEUTRAL,ECO
IF is one of the specific days of the week at a chosen time,", THEN turn off the hood.",FREE,ECO,NEUTRAL,ECO
IF is one of the specific days of the week at a chosen time,", THEN turn off the hood.",FREE,ECO,NEUTRAL,ECO
IF is one of the specific days of the week at a chosen time,", THEN turn off the hood.",FREE,ECO,NEUTRAL,ECO
IF is one of the specific days of the week at a chosen time,", THEN turn off the hood.",FREE,ECO,NEUTRAL,ECO
IF is one of the specific days of the week at a chosen time,", THEN turn off the hood.",FREE,ECO,NEUTRAL,ECO
IF is one of the specific days of the week at a chosen time,", THEN turn off the hood.",FREE,ECO,NEUTRAL,ECO
IF is one of the specific days of the week at a chosen time,", THEN turn off the hood.",FREE,ECO,NEUTRAL,ECO
IF is one of the specific days of the week at a chosen time,", THEN deactivate a coffee machine.",FREE,ECO,NEUTRAL,ECO
IF is one of the specific days of the week at a chosen time,", THEN deactivate a coffee machine.",FREE,ECO,NEUTRAL,ECO
IF is one of the specific days of the week at a chosen time,", THEN deactivate a coffee machine.",FREE,ECO,NEUTRAL,ECO
IF is one of the specific days of the week at a chosen time,", THEN deactivate a coffee machine.",FREE,ECO,NEUTRAL,ECO
IF is one of the specific days of the week at a chosen time,", THEN deactivate a coffee machine.",FREE,ECO,NEUTRAL,ECO
IF is one of the specific days of the week at a chosen time,", THEN deactivate a coffee machine.",FREE,ECO,NEUTRAL,ECO
IF is one of the specific days of the week at a chosen time,", THEN deactivate a coffee machine.",FREE,ECO,NEUTRAL,ECO
IF is one of the specific days of the week at a chosen time,", THEN deactivate a coffee machine.",FREE,ECO,NEUTRAL,ECO
IF is one of the specific days of the week at a chosen time,", THEN deactivate a coffee machine.",FREE,ECO,NEUTRAL,ECO
IF is one of the specific days of the week at a chosen time,", THEN deactivate a coffee machine.",FREE,ECO,NEUTRAL,ECO
IF is one of the specific days of the week at a chosen time,", THEN activate the coffee machine.",FREE,ECO,NEUTRAL,ECO
IF is one of the specific days of the week at a chosen time,", THEN activate the coffee machine.",FREE,ECO,NEUTRAL,ECO
IF is one of the specific days of the week at a chosen time,", THEN activate the coffee machine.",FREE,ECO,NEUTRAL,ECO
IF is one of the specific days of the week at a chosen time,", THEN activate the coffee machine.",FREE,ECO,NEUTRAL,ECO
IF is one of the specific days of the week at a chosen time,", THEN activate the coffee machine.",FREE,ECO,NEUTRAL,ECO
IF is one of the specific days of the week at a chosen time,", THEN activate the coffee machine.",FREE,ECO,NEUTRAL,ECO
IF is one of the specific days of the week at a chosen time,", THEN activate the coffee machine.",FREE,ECO,NEUTRAL,ECO
IF is one of the specific days of the week at a chosen time,", THEN activate the coffee machine.",FREE,ECO,NEUTRAL,ECO
IF is one of the specific days of the week at a chosen time,", THEN activate the coffee machine.",FREE,ECO,NEUTRAL,ECO
IF is one of the specific days of the week at a chosen time,", THEN activate the coffee machine.",FREE,ECO,NEUTRAL,ECO
IF is one of the specific days of the week at a chosen time,", THEN turn on the hood with the default program.",FREE,ECO,NEUTRAL,ECO
IF is one of the specific days of the week at a chosen time,", THEN turn on the hood with the default program.",FREE,ECO,NEUTRAL,ECO
IF is one of the specific days of the week at a chosen time,", THEN turn on the hood with the default program.",FREE,ECO,NEUTRAL,ECO
IF is one of the specific days of the week at a chosen time,", THEN turn on the hood with the default program.",FREE,ECO,NEUTRAL,ECO
IF is one of the specific days of the week at a chosen time,", THEN turn on the hood with the default program.",FREE,ECO,NEUTRAL,ECO
IF is one of the specific days of the week at a chosen time,", THEN turn on the hood with the default program.",FREE,ECO,NEUTRAL,ECO
IF is one of the specific days of the week at a chosen time,", THEN turn on the hood with the default program.",FREE,ECO,NEUTRAL,ECO
IF is one of the specific days of the week at a chosen time,", THEN turn on the hood with the default program.",FREE,ECO,NEUTRAL,ECO
IF is one of the specific days of the week at a chosen time,", THEN turn on the hood with the default program.",FREE,ECO,NEUTRAL,ECO
IF is one of the specific days of the week at a chosen time,", THEN turn on the hood with the default program.",FREE,ECO,NEUTRAL,ECO
IF is one of the specific days of the week at a chosen time,", THEN deactivate the hood.",FREE,ECO,NEUTRAL,ECO
IF is one of the specific days of the week at a chosen time,", THEN deactivate the hood.",FREE,ECO,NEUTRAL,ECO
IF is one of the specific days of the week at a chosen time,", THEN deactivate the hood.",FREE,ECO,NEUTRAL,ECO
IF is one of the specific days of the week at a chosen time,", THEN deactivate the hood.",FREE,ECO,NEUTRAL,ECO
IF is one of the specific days of the week at a chosen time,", THEN deactivate the hood.",FREE,ECO,NEUTRAL,ECO
IF is one of the specific days of the week at a chosen time,", THEN deactivate the hood.",FREE,ECO,NEUTRAL,ECO
IF is one of the specific days of the week at a chosen time,", THEN deactivate the hood.",FREE,ECO,NEUTRAL,ECO
IF is one of the specific days of the week at a chosen time,", THEN deactivate the hood.",FREE,ECO,NEUTRAL,ECO
IF is one of the specific days of the week at a chosen time,", THEN deactivate the hood.",FREE,ECO,NEUTRAL,ECO
IF is one of the specific days of the week at a chosen time,", THEN deactivate the hood.",FREE,ECO,NEUTRAL,ECO
IF is one of the specific days of the week at a chosen time,", THEN turn on the hood.",FREE,ECO,NEUTRAL,ECO
IF is one of the specific days of the week at a chosen time,", THEN turn on the hood.",FREE,ECO,NEUTRAL,ECO
IF is one of the specific days of the week at a chosen time,", THEN turn on the hood.",FREE,ECO,NEUTRAL,ECO
IF is one of the specific days of the week at a chosen time,", THEN turn on the hood.",FREE,ECO,NEUTRAL,ECO
IF is one of the specific days of the week at a chosen time,", THEN turn on the hood.",FREE,ECO,NEUTRAL,ECO
IF is one of the specific days of the week at a chosen time,", THEN turn on the hood.",FREE,ECO,NEUTRAL,ECO
IF is one of the specific days of the week at a chosen time,", THEN turn on the hood.",FREE,ECO,NEUTRAL,ECO
IF is one of the specific days of the week at a chosen time,", THEN turn on the hood.",FREE,ECO,NEUTRAL,ECO
IF is one of the specific days of the week at a chosen time,", THEN turn on the hood.",FREE,ECO,NEUTRAL,ECO
IF is one of the specific days of the week at a chosen time,", THEN turn on the hood.",FREE,ECO,NEUTRAL,ECO
IF is one of the specific days of the week at a chosen time,", THEN turn on the oven.",FREE,ECO,NEUTRAL,ECO
IF is one of the specific days of the week at a chosen time,", THEN turn on the oven.",FREE,ECO,NEUTRAL,ECO
IF is one of the specific days of the week at a chosen time,", THEN turn on the oven.",FREE,ECO,NEUTRAL,ECO
IF is one of the specific days of the week at a chosen time,", THEN turn on the oven.",FREE,ECO,NEUTRAL,ECO
IF is one of the specific days of the week at a chosen time,", THEN turn on the oven.",FREE,ECO,NEUTRAL,ECO
IF is one of the specific days of the week at a chosen time,", THEN turn on the oven.",FREE,ECO,NEUTRAL,ECO
IF is one of the specific days of the week at a chosen time,", THEN turn on the oven.",FREE,ECO,NEUTRAL,ECO
IF is one of the specific days of the week at a chosen time,", THEN turn on the oven.",FREE,ECO,NEUTRAL,ECO
IF is one of the specific days of the week at a chosen time,", THEN turn on the oven.",FREE,ECO,NEUTRAL,ECO
IF is one of the specific days of the week at a chosen time,", THEN turn on the oven.",FREE,ECO,NEUTRAL,ECO
IF is one of the specific days of the week at a chosen time,", THEN destart vacation mode on the appliance.",FREE,ECO,NEUTRAL,ECO
IF is one of the specific days of the week at a chosen time,", THEN destart vacation mode on the appliance.",FREE,ECO,NEUTRAL,ECO
IF is one of the specific days of the week at a chosen time,", THEN destart vacation mode on the appliance.",FREE,ECO,NEUTRAL,ECO
IF is one of the specific days of the week at a chosen time,", THEN destart vacation mode on the appliance.",FREE,ECO,NEUTRAL,ECO
IF is one of the specific days of the week at a chosen time,", THEN destart vacation mode on the appliance.",FREE,ECO,NEUTRAL,ECO
IF is one of the specific days of the week at a chosen time,", THEN destart vacation mode on the appliance.",FREE,ECO,NEUTRAL,ECO
IF is one of the specific days of the week at a chosen time,", THEN destart vacation mode on the appliance.",FREE,ECO,NEUTRAL,ECO
IF is one of the specific days of the week at a chosen time,", THEN destart vacation mode on the appliance.",FREE,ECO,NEUTRAL,ECO
IF is one of the specific days of the week at a chosen time,", THEN destart vacation mode on the appliance.",FREE,ECO,NEUTRAL,ECO
IF is one of the specific days of the week at a chosen time,", THEN destart vacation mode on the appliance.",FREE,ECO,NEUTRAL,ECO
IF is one of the specific days of the week at a chosen time,", THEN turn off a coffee machine.",FREE,ECO,NEUTRAL,ECO
IF is one of the specific days of the week at a chosen time,", THEN turn off a coffee machine.",FREE,ECO,NEUTRAL,ECO
IF is one of the specific days of the week at a chosen time,", THEN turn off a coffee machine.",FREE,ECO,NEUTRAL,ECO
IF is one of the specific days of the week at a chosen time,", THEN turn off a coffee machine.",FREE,ECO,NEUTRAL,ECO
IF is one of the specific days of the week at a chosen time,", THEN turn off a coffee machine.",FREE,ECO,NEUTRAL,ECO
IF is one of the specific days of the week at a chosen time,", THEN turn off a coffee machine.",FREE,ECO,NEUTRAL,ECO
IF is one of the specific days of the week at a chosen time,", THEN turn off a coffee machine.",FREE,ECO,NEUTRAL,ECO
IF is one of the specific days of the week at a chosen time,", THEN turn off a coffee machine.",FREE,ECO,NEUTRAL,ECO
IF is one of the specific days of the week at a chosen time,", THEN turn off a coffee machine.",FREE,ECO,NEUTRAL,ECO
IF is one of the specific days of the week at a chosen time,", THEN turn off a coffee machine.",FREE,ECO,NEUTRAL,ECO
IF is one of the specific days of the week at a chosen time,", THEN turn on the coffee with the chosen program.",FREE,ECO,ECO,ECO
IF is one of the specific days of the week at a chosen time,", THEN turn on the coffee with the chosen program.",FREE,ECO,ECO,ECO
IF is one of the specific days of the week at a chosen time,", THEN turn on the coffee with the chosen program.",FREE,ECO,ECO,ECO
IF is one of the specific days of the week at a chosen time,", THEN turn on the coffee with the chosen program.",FREE,ECO,ECO,ECO
IF is one of the specific days of the week at a chosen time,", THEN turn on the coffee with the chosen program.",FREE,ECO,ECO,ECO
IF is one of the specific days of the week at a chosen time,", THEN turn on the coffee with the chosen program.",FREE,ECO,ECO,ECO
IF is one of the specific days of the week at a chosen time,", THEN turn on the coffee with the chosen program.",FREE,ECO,ECO,ECO
IF is one of the specific days of the week at a chosen time,", THEN turn on the coffee with the chosen program.",FREE,ECO,ECO,ECO
IF is one of the specific days of the week at a chosen time,", THEN turn on the coffee with the chosen program.",FREE,ECO,ECO,ECO
IF is one of the specific days of the week at a chosen time,", THEN turn on the coffee with the chosen program.",FREE,ECO,ECO,ECO
IF is one of the specific days of the week at a chosen time,", THEN stop eco mode on the appliance.",FREE,ECO,ECO,ECO
IF is one of the specific days of the week at a chosen time,", THEN stop eco mode on the appliance.",FREE,ECO,ECO,ECO
IF is one of the specific days of the week at a chosen time,", THEN stop eco mode on the appliance.",FREE,ECO,ECO,ECO
IF is one of the specific days of the week at a chosen time,", THEN stop eco mode on the appliance.",FREE,ECO,ECO,ECO
IF is one of the specific days of the week at a chosen time,", THEN stop eco mode on the appliance.",FREE,ECO,ECO,ECO
IF is one of the specific days of the week at a chosen time,", THEN stop eco mode on the appliance.",FREE,ECO,ECO,ECO
IF is one of the specific days of the week at a chosen time,", THEN stop eco mode on the appliance.",FREE,ECO,ECO,ECO
IF is one of the specific days of the week at a chosen time,", THEN stop eco mode on the appliance.",FREE,ECO,ECO,ECO
IF is one of the specific days of the week at a chosen time,", THEN stop eco mode on the appliance.",FREE,ECO,ECO,ECO
IF is one of the specific days of the week at a chosen time,", THEN stop eco mode on the appliance.",FREE,ECO,ECO,ECO
IF is one of the specific days of the week at a chosen time,", THEN activate the oven.",FREE,ECO,NEUTRAL,ECO
IF is one of the specific days of the week at a chosen time,", THEN activate the oven.",FREE,ECO,NEUTRAL,ECO
IF is one of the specific days of the week at a chosen time,", THEN activate the oven.",FREE,ECO,NEUTRAL,ECO
IF is one of the specific days of the week at a chosen time,", THEN activate the oven.",FREE,ECO,NEUTRAL,ECO
IF is one of the specific days of the week at a chosen time,", THEN activate the oven.",FREE,ECO,NEUTRAL,ECO
IF is one of the specific days of the week at a chosen time,", THEN activate the oven.",FREE,ECO,NEUTRAL,ECO
IF is one of the specific days of the week at a chosen time,", THEN activate the oven.",FREE,ECO,NEUTRAL,ECO
IF is one of the specific days of the week at a chosen time,", THEN activate the oven.",FREE,ECO,NEUTRAL,ECO
IF is one of the specific days of the week at a chosen time,", THEN activate the oven.",FREE,ECO,NEUTRAL,ECO
IF is one of the specific days of the week at a chosen time,", THEN activate the oven.",FREE,ECO,NEUTRAL,ECO
IF is one of the specific days of the week at a chosen time,", THEN deactivate eco mode on the appliance.",FREE,ECO,ECO,ECO
IF is one of the specific days of the week at a chosen time,", THEN deactivate eco mode on the appliance.",FREE,ECO,ECO,ECO
IF is one of the specific days of the week at a chosen time,", THEN deactivate eco mode on the appliance.",FREE,ECO,ECO,ECO
IF is one of the specific days of the week at a chosen time,", THEN deactivate eco mode on the appliance.",FREE,ECO,ECO,ECO
IF is one of the specific days of the week at a chosen time,", THEN deactivate eco mode on the appliance.",FREE,ECO,ECO,ECO
IF is one of the specific days of the week at a chosen time,", THEN deactivate eco mode on the appliance.",FREE,ECO,ECO,ECO
IF is one of the specific days of the week at a chosen time,", THEN deactivate eco mode on the appliance.",FREE,ECO,ECO,ECO
IF is one of the specific days of the week at a chosen time,", THEN deactivate eco mode on the appliance.",FREE,ECO,ECO,ECO
IF is one of the specific days of the week at a chosen time,", THEN deactivate eco mode on the appliance.",FREE,ECO,ECO,ECO
IF is one of the specific days of the week at a chosen time,", THEN deactivate eco mode on the appliance.",FREE,ECO,ECO,ECO
IF is one of the specific days of the week at a chosen time,", THEN deactivate vacation mode on the appliance.",FREE,ECO,NEUTRAL,ECO
IF is one of the specific days of the week at a chosen time,", THEN deactivate vacation mode on the appliance.",FREE,ECO,NEUTRAL,ECO
IF is one of the specific days of the week at a chosen time,", THEN deactivate vacation mode on the appliance.",FREE,ECO,NEUTRAL,ECO
IF is one of the specific days of the week at a chosen time,", THEN deactivate vacation mode on the appliance.",FREE,ECO,NEUTRAL,ECO
IF is one of the specific days of the week at a chosen time,", THEN deactivate vacation mode on the appliance.",FREE,ECO,NEUTRAL,ECO
IF is one of the specific days of the week at a chosen time,", THEN deactivate vacation mode on the appliance.",FREE,ECO,NEUTRAL,ECO
IF is one of the specific days of the week at a chosen time,", THEN deactivate vacation mode on the appliance.",FREE,ECO,NEUTRAL,ECO
IF is one of the specific days of the week at a chosen time,", THEN deactivate vacation mode on the appliance.",FREE,ECO,NEUTRAL,ECO
IF is one of the specific days of the week at a chosen time,", THEN deactivate vacation mode on the appliance.",FREE,ECO,NEUTRAL,ECO
IF is one of the specific days of the week at a chosen time,", THEN deactivate vacation mode on the appliance.",FREE,ECO,NEUTRAL,ECO
IF is one of the specific days of the week at a chosen time,", THEN turn off vacation mode on the appliance.",FREE,ECO,NEUTRAL,ECO
IF is one of the specific days of the week at a chosen time,", THEN turn off vacation mode on the appliance.",FREE,ECO,NEUTRAL,ECO
IF is one of the specific days of the week at a chosen time,", THEN turn off vacation mode on the appliance.",FREE,ECO,NEUTRAL,ECO
IF is one of the specific days of the week at a chosen time,", THEN turn off vacation mode on the appliance.",FREE,ECO,NEUTRAL,ECO
IF is one of the specific days of the week at a chosen time,", THEN turn off vacation mode on the appliance.",FREE,ECO,NEUTRAL,ECO
IF is one of the specific days of the week at a chosen time,", THEN turn off vacation mode on the appliance.",FREE,ECO,NEUTRAL,ECO
IF is one of the specific days of the week at a chosen time,", THEN turn off vacation mode on the appliance.",FREE,ECO,NEUTRAL,ECO
IF is one of the specific days of the week at a chosen time,", THEN turn off vacation mode on the appliance.",FREE,ECO,NEUTRAL,ECO
IF is one of the specific days of the week at a chosen time,", THEN turn off vacation mode on the appliance.",FREE,ECO,NEUTRAL,ECO
IF is one of the specific days of the week at a chosen time,", THEN turn off vacation mode on the appliance.",FREE,ECO,NEUTRAL,ECO
IF is one of the specific days of the week at a chosen time,", THEN start the selected dishwasher program.",FREE,ECO,NEUTRAL,ECO
IF is one of the specific days of the week at a chosen time,", THEN start the selected dishwasher program.",FREE,ECO,NEUTRAL,ECO
IF is one of the specific days of the week at a chosen time,", THEN start the selected dishwasher program.",FREE,ECO,NEUTRAL,ECO
IF is one of the specific days of the week at a chosen time,", THEN start the selected dishwasher program.",FREE,ECO,NEUTRAL,ECO
IF is one of the specific days of the week at a chosen time,", THEN start the selected dishwasher program.",FREE,ECO,NEUTRAL,ECO
IF is one of the specific days of the week at a chosen time,", THEN start the selected dishwasher program.",FREE,ECO,NEUTRAL,ECO
IF is one of the specific days of the week at a chosen time,", THEN start the selected dishwasher program.",FREE,ECO,NEUTRAL,ECO
IF is one of the specific days of the week at a chosen time,", THEN start the selected dishwasher program.",FREE,ECO,NEUTRAL,ECO
IF is one of the specific days of the week at a chosen time,", THEN start the selected dishwasher program.",FREE,ECO,NEUTRAL,ECO
IF is one of the specific days of the week at a chosen time,", THEN start the selected dishwasher program.",FREE,ECO,NEUTRAL,ECO
IF is one of the specific days of the week at a chosen time,", THEN start the oven.",FREE,ECO,NEUTRAL,ECO
IF is one of the specific days of the week at a chosen time,", THEN start the oven.",FREE,ECO,NEUTRAL,ECO
IF is one of the specific days of the week at a chosen time,", THEN start the oven.",FREE,ECO,NEUTRAL,ECO
IF is one of the specific days of the week at a chosen time,", THEN start the oven.",FREE,ECO,NEUTRAL,ECO
IF is one of the specific days of the week at a chosen time,", THEN start the oven.",FREE,ECO,NEUTRAL,ECO
IF is one of the specific days of the week at a chosen time,", THEN start the oven.",FREE,ECO,NEUTRAL,ECO
IF is one of the specific days of the week at a chosen time,", THEN start the oven.",FREE,ECO,NEUTRAL,ECO
IF is one of the specific days of the week at a chosen time,", THEN start the oven.",FREE,ECO,NEUTRAL,ECO
IF is one of the specific days of the week at a chosen time,", THEN start the oven.",FREE,ECO,NEUTRAL,ECO
IF is one of the specific days of the week at a chosen time,", THEN start the oven.",FREE,ECO,NEUTRAL,ECO
IF is one of the specific days of the week at a chosen time,", THEN disable a coffee machine.",FREE,ECO,NEUTRAL,ECO
IF is one of the specific days of the week at a chosen time,", THEN disable a coffee machine.",FREE,ECO,NEUTRAL,ECO
IF is one of the specific days of the week at a chosen time,", THEN disable a coffee machine.",FREE,ECO,NEUTRAL,ECO
IF is one of the specific days of the week at a chosen time,", THEN disable a coffee machine.",FREE,ECO,NEUTRAL,ECO
IF is one of the specific days of the week at a chosen time,", THEN disable a coffee machine.",FREE,ECO,NEUTRAL,ECO
IF is one of the specific days of the week at a chosen time,", THEN disable a coffee machine.",FREE,ECO,NEUTRAL,ECO
IF is one of the specific days of the week at a chosen time,", THEN disable a coffee machine.",FREE,ECO,NEUTRAL,ECO
IF is one of the specific days of the week at a chosen time,", THEN disable a coffee machine.",FREE,ECO,NEUTRAL,ECO
IF is one of the specific days of the week at a chosen time,", THEN disable a coffee machine.",FREE,ECO,NEUTRAL,ECO
IF is one of the specific days of the week at a chosen time,", THEN disable a coffee machine.",FREE,ECO,NEUTRAL,ECO
IF is one of the specific days of the week at a chosen time,", THEN start the coffee machine.",FREE,ECO,NEUTRAL,ECO
IF is one of the specific days of the week at a chosen time,", THEN start the coffee machine.",FREE,ECO,NEUTRAL,ECO
IF is one of the specific days of the week at a chosen time,", THEN start the coffee machine.",FREE,ECO,NEUTRAL,ECO
IF is one of the specific days of the week at a chosen time,", THEN start the coffee machine.",FREE,ECO,NEUTRAL,ECO
IF is one of the specific days of the week at a chosen time,", THEN start the coffee machine.",FREE,ECO,NEUTRAL,ECO
IF is one of the specific days of the week at a chosen time,", THEN start the coffee machine.",FREE,ECO,NEUTRAL,ECO
IF is one of the specific days of the week at a chosen time,", THEN start the coffee machine.",FREE,ECO,NEUTRAL,ECO
IF is one of the specific days of the week at a chosen time,", THEN start the coffee machine.",FREE,ECO,NEUTRAL,ECO
IF is one of the specific days of the week at a chosen time,", THEN start the coffee machine.",FREE,ECO,NEUTRAL,ECO
IF is one of the specific days of the week at a chosen time,", THEN start the coffee machine.",FREE,ECO,NEUTRAL,ECO
IF is one of the specific days of the week at a chosen time,", THEN turn on the dishwasher.",FREE,ECO,NEUTRAL,ECO
IF is one of the specific days of the week at a chosen time,", THEN turn on the dishwasher.",FREE,ECO,NEUTRAL,ECO
IF is one of the specific days of the week at a chosen time,", THEN turn on the dishwasher.",FREE,ECO,NEUTRAL,ECO
IF is one of the specific days of the week at a chosen time,", THEN turn on the dishwasher.",FREE,ECO,NEUTRAL,ECO
IF is one of the specific days of the week at a chosen time,", THEN turn on the dishwasher.",FREE,ECO,NEUTRAL,ECO
IF is one of the specific days of the week at a chosen time,", THEN turn on the dishwasher.",FREE,ECO,NEUTRAL,ECO
IF is one of the specific days of the week at a chosen time,", THEN turn on the dishwasher.",FREE,ECO,NEUTRAL,ECO
IF is one of the specific days of the week at a chosen time,", THEN turn on the dishwasher.",FREE,ECO,NEUTRAL,ECO
IF is one of the specific days of the week at a chosen time,", THEN turn on the dishwasher.",FREE,ECO,NEUTRAL,ECO
IF is one of the specific days of the week at a chosen time,", THEN turn on the dishwasher.",FREE,ECO,NEUTRAL,ECO
IF is one of the specific days of the week at a chosen time,", THEN deactivate the dishwasher.",FREE,ECO,NEUTRAL,ECO
IF is one of the specific days of the week at a chosen time,", THEN deactivate the dishwasher.",FREE,ECO,NEUTRAL,ECO
IF is one of the specific days of the week at a chosen time,", THEN deactivate the dishwasher.",FREE,ECO,NEUTRAL,ECO
IF is one of the specific days of the week at a chosen time,", THEN deactivate the dishwasher.",FREE,ECO,NEUTRAL,ECO
IF is one of the specific days of the week at a chosen time,", THEN deactivate the dishwasher.",FREE,ECO,NEUTRAL,ECO
IF is one of the specific days of the week at a chosen time,", THEN deactivate the dishwasher.",FREE,ECO,NEUTRAL,ECO
IF is one of the specific days of the week at a chosen time,", THEN deactivate the dishwasher.",FREE,ECO,NEUTRAL,ECO
IF is one of the specific days of the week at a chosen time,", THEN deactivate the dishwasher.",FREE,ECO,NEUTRAL,ECO
IF is one of the specific days of the week at a chosen time,", THEN deactivate the dishwasher.",FREE,ECO,NEUTRAL,ECO
IF is one of the specific days of the week at a chosen time,", THEN deactivate the dishwasher.",FREE,ECO,NEUTRAL,ECO
IF is one of the specific days of the week at a chosen time,", THEN deactivate then oven.",FREE,ECO,NEUTRAL,ECO
IF is one of the specific days of the week at a chosen time,", THEN deactivate then oven.",FREE,ECO,NEUTRAL,ECO
IF is one of the specific days of the week at a chosen time,", THEN deactivate then oven.",FREE,ECO,NEUTRAL,ECO
IF is one of the specific days of the week at a chosen time,", THEN deactivate then oven.",FREE,ECO,NEUTRAL,ECO
IF is one of the specific days of the week at a chosen time,", THEN deactivate then oven.",FREE,ECO,NEUTRAL,ECO
IF is one of the specific days of the week at a chosen time,", THEN deactivate then oven.",FREE,ECO,NEUTRAL,ECO
IF is one of the specific days of the week at a chosen time,", THEN deactivate then oven.",FREE,ECO,NEUTRAL,ECO
IF is one of the specific days of the week at a chosen time,", THEN deactivate then oven.",FREE,ECO,NEUTRAL,ECO
IF is one of the specific days of the week at a chosen time,", THEN deactivate then oven.",FREE,ECO,NEUTRAL,ECO
IF is one of the specific days of the week at a chosen time,", THEN deactivate then oven.",FREE,ECO,NEUTRAL,ECO
IF is one of the specific days of the week at a chosen time,", THEN enable the dishwasher.",FREE,ECO,NEUTRAL,ECO
IF is one of the specific days of the week at a chosen time,", THEN enable the dishwasher.",FREE,ECO,NEUTRAL,ECO
IF is one of the specific days of the week at a chosen time,", THEN enable the dishwasher.",FREE,ECO,NEUTRAL,ECO
IF is one of the specific days of the week at a chosen time,", THEN enable the dishwasher.",FREE,ECO,NEUTRAL,ECO
IF is one of the specific days of the week at a chosen time,", THEN enable the dishwasher.",FREE,ECO,NEUTRAL,ECO
IF is one of the specific days of the week at a chosen time,", THEN enable the dishwasher.",FREE,ECO,NEUTRAL,ECO
IF is one of the specific days of the week at a chosen time,", THEN enable the dishwasher.",FREE,ECO,NEUTRAL,ECO
IF is one of the specific days of the week at a chosen time,", THEN enable the dishwasher.",FREE,ECO,NEUTRAL,ECO
IF is one of the specific days of the week at a chosen time,", THEN enable the dishwasher.",FREE,ECO,NEUTRAL,ECO
IF is one of the specific days of the week at a chosen time,", THEN enable the dishwasher.",FREE,ECO,NEUTRAL,ECO
IF is one of the specific days of the week at a chosen time,", THEN activate the dishwasher.",FREE,ECO,NEUTRAL,ECO
IF is one of the specific days of the week at a chosen time,", THEN activate the dishwasher.",FREE,ECO,NEUTRAL,ECO
IF is one of the specific days of the week at a chosen time,", THEN activate the dishwasher.",FREE,ECO,NEUTRAL,ECO
IF is one of the specific days of the week at a chosen time,", THEN activate the dishwasher.",FREE,ECO,NEUTRAL,ECO
IF is one of the specific days of the week at a chosen time,", THEN activate the dishwasher.",FREE,ECO,NEUTRAL,ECO
IF is one of the specific days of the week at a chosen time,", THEN activate the dishwasher.",FREE,ECO,NEUTRAL,ECO
IF is one of the specific days of the week at a chosen time,", THEN activate the dishwasher.",FREE,ECO,NEUTRAL,ECO
IF is one of the specific days of the week at a chosen time,", THEN activate the dishwasher.",FREE,ECO,NEUTRAL,ECO
IF is one of the specific days of the week at a chosen time,", THEN activate the dishwasher.",FREE,ECO,NEUTRAL,ECO
IF is one of the specific days of the week at a chosen time,", THEN activate the dishwasher.",FREE,ECO,NEUTRAL,ECO
IF a message containing a key phrase is sent,", THEN deturn on eco mode on the appliance.",FREE,NEUTRAL,ECO,ECO
IF a message containing a key phrase is sent,", THEN deturn on eco mode on the appliance.",FREE,NEUTRAL,ECO,ECO
IF a message containing a key phrase is sent,", THEN deturn on eco mode on the appliance.",FREE,NEUTRAL,ECO,ECO
IF a message containing a key phrase is sent,", THEN deturn on eco mode on the appliance.",FREE,NEUTRAL,ECO,ECO
IF a message containing a key phrase is sent,", THEN deturn on eco mode on the appliance.",FREE,NEUTRAL,ECO,ECO
IF a message containing a key phrase is sent,", THEN deturn on eco mode on the appliance.",FREE,NEUTRAL,ECO,ECO
IF a message containing a key phrase is sent,", THEN deturn on eco mode on the appliance.",FREE,NEUTRAL,ECO,ECO
IF a message containing a key phrase is sent,", THEN deturn on eco mode on the appliance.",FREE,NEUTRAL,ECO,ECO
IF a message containing a key phrase is sent,", THEN deturn on eco mode on the appliance.",FREE,NEUTRAL,ECO,ECO
IF a message containing a key phrase is sent,", THEN deturn on eco mode on the appliance.",FREE,NEUTRAL,ECO,ECO
IF a message containing a key phrase is sent,", THEN start the coffee with the specified program.",FREE,NEUTRAL,ECO,ECO
IF a message containing a key phrase is sent,", THEN start the coffee with the specified program.",FREE,NEUTRAL,ECO,ECO
IF a message containing a key phrase is sent,", THEN start the coffee with the specified program.",FREE,NEUTRAL,ECO,ECO
IF a message containing a key phrase is sent,", THEN start the coffee with the specified program.",FREE,NEUTRAL,ECO,ECO
IF a message containing a key phrase is sent,", THEN start the coffee with the specified program.",FREE,NEUTRAL,ECO,ECO
IF a message containing a key phrase is sent,", THEN start the coffee with the specified program.",FREE,NEUTRAL,ECO,ECO
IF a message containing a key phrase is sent,", THEN start the coffee with the specified program.",FREE,NEUTRAL,ECO,ECO
IF a message containing a key phrase is sent,", THEN start the coffee with the specified program.",FREE,NEUTRAL,ECO,ECO
IF a message containing a key phrase is sent,", THEN start the coffee with the specified program.",FREE,NEUTRAL,ECO,ECO
IF a message containing a key phrase is sent,", THEN start the coffee with the specified program.",FREE,NEUTRAL,ECO,ECO
IF a message containing a key phrase is sent,", THEN turn on the coffee with the specific program.",FREE,NEUTRAL,ECO,ECO
IF a message containing a key phrase is sent,", THEN turn on the coffee with the specific program.",FREE,NEUTRAL,ECO,ECO
IF a message containing a key phrase is sent,", THEN turn on the coffee with the specific program.",FREE,NEUTRAL,ECO,ECO
IF a message containing a key phrase is sent,", THEN turn on the coffee with the specific program.",FREE,NEUTRAL,ECO,ECO
IF a message containing a key phrase is sent,", THEN turn on the coffee with the specific program.",FREE,NEUTRAL,ECO,ECO
IF a message containing a key phrase is sent,", THEN turn on the coffee with the specific program.",FREE,NEUTRAL,ECO,ECO
IF a message containing a key phrase is sent,", THEN turn on the coffee with the specific program.",FREE,NEUTRAL,ECO,ECO
IF a message containing a key phrase is sent,", THEN turn on the coffee with the specific program.",FREE,NEUTRAL,ECO,ECO
IF a message containing a key phrase is sent,", THEN turn on the coffee with the specific program.",FREE,NEUTRAL,ECO,ECO
IF a message containing a key phrase is sent,", THEN turn on the coffee with the specific program.",FREE,NEUTRAL,ECO,ECO
IF a message containing a key phrase is sent,", THEN start the coffee with the chosen program.",FREE,NEUTRAL,ECO,ECO
IF a message containing a key phrase is sent,", THEN start the coffee with the chosen program.",FREE,NEUTRAL,ECO,ECO
IF a message containing a key phrase is sent,", THEN start the coffee with the chosen program.",FREE,NEUTRAL,ECO,ECO
IF a message containing a key phrase is sent,", THEN start the coffee with the chosen program.",FREE,NEUTRAL,ECO,ECO
IF a message containing a key phrase is sent,", THEN start the coffee with the chosen program.",FREE,NEUTRAL,ECO,ECO
IF a message containing a key phrase is sent,", THEN start the coffee with the chosen program.",FREE,NEUTRAL,ECO,ECO
IF a message containing a key phrase is sent,", THEN start the coffee with the chosen program.",FREE,NEUTRAL,ECO,ECO
IF a message containing a key phrase is sent,", THEN start the coffee with the chosen program.",FREE,NEUTRAL,ECO,ECO
IF a message containing a key phrase is sent,", THEN start the coffee with the chosen program.",FREE,NEUTRAL,ECO,ECO
IF a message containing a key phrase is sent,", THEN start the coffee with the chosen program.",FREE,NEUTRAL,ECO,ECO
IF a message containing a key phrase is sent,", THEN turn on the coffee with the chosen program.",FREE,NEUTRAL,ECO,ECO
IF a message containing a key phrase is sent,", THEN turn on the coffee with the chosen program.",FREE,NEUTRAL,ECO,ECO
IF a message containing a key phrase is sent,", THEN turn on the coffee with the chosen program.",FREE,NEUTRAL,ECO,ECO
IF a message containing a key phrase is sent,", THEN turn on the coffee with the chosen program.",FREE,NEUTRAL,ECO,ECO
IF a message containing a key phrase is sent,", THEN turn on the coffee with the chosen program.",FREE,NEUTRAL,ECO,ECO
IF a message containing a key phrase is sent,", THEN turn on the coffee with the chosen program.",FREE,NEUTRAL,ECO,ECO
IF a message containing a key phrase is sent,", THEN turn on the coffee with the chosen program.",FREE,NEUTRAL,ECO,ECO
IF a message containing a key phrase is sent,", THEN turn on the coffee with the chosen program.",FREE,NEUTRAL,ECO,ECO
IF a message containing a key phrase is sent,", THEN turn on the coffee with the chosen program.",FREE,NEUTRAL,ECO,ECO
IF a message containing a key phrase is sent,", THEN turn on the coffee with the chosen program.",FREE,NEUTRAL,ECO,ECO
IF a message containing a key phrase is sent,", THEN stop eco mode on the appliance.",FREE,NEUTRAL,ECO,ECO
IF a message containing a key phrase is sent,", THEN stop eco mode on the appliance.",FREE,NEUTRAL,ECO,ECO
IF a message containing a key phrase is sent,", THEN stop eco mode on the appliance.",FREE,NEUTRAL,ECO,ECO
IF a message containing a key phrase is sent,", THEN stop eco mode on the appliance.",FREE,NEUTRAL,ECO,ECO
IF a message containing a key phrase is sent,", THEN stop eco mode on the appliance.",FREE,NEUTRAL,ECO,ECO
IF a message containing a key phrase is sent,", THEN stop eco mode on the appliance.",FREE,NEUTRAL,ECO,ECO
IF a message containing a key phrase is sent,", THEN stop eco mode on the appliance.",FREE,NEUTRAL,ECO,ECO
IF a message containing a key phrase is sent,", THEN stop eco mode on the appliance.",FREE,NEUTRAL,ECO,ECO
IF a message containing a key phrase is sent,", THEN stop eco mode on the appliance.",FREE,NEUTRAL,ECO,ECO
IF a message containing a key phrase is sent,", THEN stop eco mode on the appliance.",FREE,NEUTRAL,ECO,ECO
IF a message containing a key phrase is sent,", THEN deactivate eco mode on the appliance.",FREE,NEUTRAL,ECO,ECO
IF a message containing a key phrase is sent,", THEN deactivate eco mode on the appliance.",FREE,NEUTRAL,ECO,ECO
IF a message containing a key phrase is sent,", THEN deactivate eco mode on the appliance.",FREE,NEUTRAL,ECO,ECO
IF a message containing a key phrase is sent,", THEN deactivate eco mode on the appliance.",FREE,NEUTRAL,ECO,ECO
IF a message containing a key phrase is sent,", THEN deactivate eco mode on the appliance.",FREE,NEUTRAL,ECO,ECO
IF a message containing a key phrase is sent,", THEN deactivate eco mode on the appliance.",FREE,NEUTRAL,ECO,ECO
IF a message containing a key phrase is sent,", THEN deactivate eco mode on the appliance.",FREE,NEUTRAL,ECO,ECO
IF a message containing a key phrase is sent,", THEN deactivate eco mode on the appliance.",FREE,NEUTRAL,ECO,ECO
IF a message containing a key phrase is sent,", THEN deactivate eco mode on the appliance.",FREE,NEUTRAL,ECO,ECO
IF a message containing a key phrase is sent,", THEN deactivate eco mode on the appliance.",FREE,NEUTRAL,ECO,ECO
IF a device is turned on,", THEN deturn on eco mode on the appliance.",FREE,NEUTRAL,ECO,ECO
IF a device is turned on,", THEN deturn on eco mode on the appliance.",FREE,NEUTRAL,ECO,ECO
IF a device is turned on,", THEN deturn on eco mode on the appliance.",FREE,NEUTRAL,ECO,ECO
IF a device is turned on,", THEN deturn on eco mode on the appliance.",FREE,NEUTRAL,ECO,ECO
IF a device is turned on,", THEN deturn on eco mode on the appliance.",FREE,NEUTRAL,ECO,ECO
IF a device is turned on,", THEN deturn on eco mode on the appliance.",FREE,NEUTRAL,ECO,ECO
IF a device is turned on,", THEN deturn on eco mode on the appliance.",FREE,NEUTRAL,ECO,ECO
IF a device is turned on,", THEN deturn on eco mode on the appliance.",FREE,NEUTRAL,ECO,ECO
IF a device is turned on,", THEN deturn on eco mode on the appliance.",FREE,NEUTRAL,ECO,ECO
IF a device is turned on,", THEN deturn on eco mode on the appliance.",FREE,NEUTRAL,ECO,ECO
IF a device is turned on,", THEN start the coffee with the specified program.",FREE,NEUTRAL,ECO,ECO
IF a device is turned on,", THEN start the coffee with the specified program.",FREE,NEUTRAL,ECO,ECO
IF a device is turned on,", THEN start the coffee with the specified program.",FREE,NEUTRAL,ECO,ECO
IF a device is turned on,", THEN start the coffee with the specified program.",FREE,NEUTRAL,ECO,ECO
IF a device is turned on,", THEN start the coffee with the specified program.",FREE,NEUTRAL,ECO,ECO
IF a device is turned on,", THEN start the coffee with the specified program.",FREE,NEUTRAL,ECO,ECO
IF a device is turned on,", THEN start the coffee with the specified program.",FREE,NEUTRAL,ECO,ECO
IF a device is turned on,", THEN start the coffee with the specified program.",FREE,NEUTRAL,ECO,ECO
IF a device is turned on,", THEN start the coffee with the specified program.",FREE,NEUTRAL,ECO,ECO
IF a device is turned on,", THEN start the coffee with the specified program.",FREE,NEUTRAL,ECO,ECO
IF a device is turned on,", THEN turn on the coffee with the specific program.",FREE,NEUTRAL,ECO,ECO
IF a device is turned on,", THEN turn on the coffee with the specific program.",FREE,NEUTRAL,ECO,ECO
IF a device is turned on,", THEN turn on the coffee with the specific program.",FREE,NEUTRAL,ECO,ECO
IF a device is turned on,", THEN turn on the coffee with the specific program.",FREE,NEUTRAL,ECO,ECO
IF a device is turned on,", THEN turn on the coffee with the specific program.",FREE,NEUTRAL,ECO,ECO
IF a device is turned on,", THEN turn on the coffee with the specific program.",FREE,NEUTRAL,ECO,ECO
IF a device is turned on,", THEN turn on the coffee with the specific program.",FREE,NEUTRAL,ECO,ECO
IF a device is turned on,", THEN turn on the coffee with the specific program.",FREE,NEUTRAL,ECO,ECO
IF a device is turned on,", THEN turn on the coffee with the specific program.",FREE,NEUTRAL,ECO,ECO
IF a device is turned on,", THEN turn on the coffee with the specific program.",FREE,NEUTRAL,ECO,ECO
IF a device is turned on,", THEN start the coffee with the chosen program.",FREE,NEUTRAL,ECO,ECO
IF a device is turned on,", THEN start the coffee with the chosen program.",FREE,NEUTRAL,ECO,ECO
IF a device is turned on,", THEN start the coffee with the chosen program.",FREE,NEUTRAL,ECO,ECO
IF a device is turned on,", THEN start the coffee with the chosen program.",FREE,NEUTRAL,ECO,ECO
IF a device is turned on,", THEN start the coffee with the chosen program.",FREE,NEUTRAL,ECO,ECO
IF a device is turned on,", THEN start the coffee with the chosen program.",FREE,NEUTRAL,ECO,ECO
IF a device is turned on,", THEN start the coffee with the chosen program.",FREE,NEUTRAL,ECO,ECO
IF a device is turned on,", THEN start the coffee with the chosen program.",FREE,NEUTRAL,ECO,ECO
IF a device is turned on,", THEN start the coffee with the chosen program.",FREE,NEUTRAL,ECO,ECO
IF a device is turned on,", THEN start the coffee with the chosen program.",FREE,NEUTRAL,ECO,ECO
IF a device is turned on,", THEN turn on the coffee with the chosen program.",FREE,NEUTRAL,ECO,ECO
IF a device is turned on,", THEN turn on the coffee with the chosen program.",FREE,NEUTRAL,ECO,ECO
IF a device is turned on,", THEN turn on the coffee with the chosen program.",FREE,NEUTRAL,ECO,ECO
IF a device is turned on,", THEN turn on the coffee with the chosen program.",FREE,NEUTRAL,ECO,ECO
IF a device is turned on,", THEN turn on the coffee with the chosen program.",FREE,NEUTRAL,ECO,ECO
IF a device is turned on,", THEN turn on the coffee with the chosen program.",FREE,NEUTRAL,ECO,ECO
IF a device is turned on,", THEN turn on the coffee with the chosen program.",FREE,NEUTRAL,ECO,ECO
IF a device is turned on,", THEN turn on the coffee with the chosen program.",FREE,NEUTRAL,ECO,ECO
IF a device is turned on,", THEN turn on the coffee with the chosen program.",FREE,NEUTRAL,ECO,ECO
IF a device is turned on,", THEN turn on the coffee with the chosen program.",FREE,NEUTRAL,ECO,ECO
IF a device is turned on,", THEN stop eco mode on the appliance.",FREE,NEUTRAL,ECO,ECO
IF a device is turned on,", THEN stop eco mode on the appliance.",FREE,NEUTRAL,ECO,ECO
IF a device is turned on,", THEN stop eco mode on the appliance.",FREE,NEUTRAL,ECO,ECO
IF a device is turned on,", THEN stop eco mode on the appliance.",FREE,NEUTRAL,ECO,ECO
IF a device is turned on,", THEN stop eco mode on the appliance.",FREE,NEUTRAL,ECO,ECO
IF a device is turned on,", THEN stop eco mode on the appliance.",FREE,NEUTRAL,ECO,ECO
IF a device is turned on,", THEN stop eco mode on the appliance.",FREE,NEUTRAL,ECO,ECO
IF a device is turned on,", THEN stop eco mode on the appliance.",FREE,NEUTRAL,ECO,ECO
IF a device is turned on,", THEN stop eco mode on the appliance.",FREE,NEUTRAL,ECO,ECO
IF a device is turned on,", THEN stop eco mode on the appliance.",FREE,NEUTRAL,ECO,ECO
IF a device is turned on,", THEN deactivate eco mode on the appliance.",FREE,NEUTRAL,ECO,ECO
IF a device is turned on,", THEN deactivate eco mode on the appliance.",FREE,NEUTRAL,ECO,ECO
IF a device is turned on,", THEN deactivate eco mode on the appliance.",FREE,NEUTRAL,ECO,ECO
IF a device is turned on,", THEN deactivate eco mode on the appliance.",FREE,NEUTRAL,ECO,ECO
IF a device is turned on,", THEN deactivate eco mode on the appliance.",FREE,NEUTRAL,ECO,ECO
IF a device is turned on,", THEN deactivate eco mode on the appliance.",FREE,NEUTRAL,ECO,ECO
IF a device is turned on,", THEN deactivate eco mode on the appliance.",FREE,NEUTRAL,ECO,ECO
IF a device is turned on,", THEN deactivate eco mode on the appliance.",FREE,NEUTRAL,ECO,ECO
IF a device is turned on,", THEN deactivate eco mode on the appliance.",FREE,NEUTRAL,ECO,ECO
IF a device is turned on,", THEN deactivate eco mode on the appliance.",FREE,NEUTRAL,ECO,ECO
IF a to-do list item is edited,", THEN deturn on eco mode on the appliance.",FREE,NEUTRAL,ECO,ECO
IF a to-do list item is edited,", THEN deturn on eco mode on the appliance.",FREE,NEUTRAL,ECO,ECO
IF a to-do list item is edited,", THEN deturn on eco mode on the appliance.",FREE,NEUTRAL,ECO,ECO
IF a to-do list item is edited,", THEN deturn on eco mode on the appliance.",FREE,NEUTRAL,ECO,ECO
IF a to-do list item is edited,", THEN deturn on eco mode on the appliance.",FREE,NEUTRAL,ECO,ECO
IF a to-do list item is edited,", THEN deturn on eco mode on the appliance.",FREE,NEUTRAL,ECO,ECO
IF a to-do list item is edited,", THEN deturn on eco mode on the appliance.",FREE,NEUTRAL,ECO,ECO
IF a to-do list item is edited,", THEN deturn on eco mode on the appliance.",FREE,NEUTRAL,ECO,ECO
IF a to-do list item is edited,", THEN deturn on eco mode on the appliance.",FREE,NEUTRAL,ECO,ECO
IF a to-do list item is edited,", THEN deturn on eco mode on the appliance.",FREE,NEUTRAL,ECO,ECO
IF a to-do list item is edited,", THEN start the coffee with the specified program.",FREE,NEUTRAL,ECO,ECO
IF a to-do list item is edited,", THEN start the coffee with the specified program.",FREE,NEUTRAL,ECO,ECO
IF a to-do list item is edited,", THEN start the coffee with the specified program.",FREE,NEUTRAL,ECO,ECO
IF a to-do list item is edited,", THEN start the coffee with the specified program.",FREE,NEUTRAL,ECO,ECO
IF a to-do list item is edited,", THEN start the coffee with the specified program.",FREE,NEUTRAL,ECO,ECO
IF a to-do list item is edited,", THEN start the coffee with the specified program.",FREE,NEUTRAL,ECO,ECO
IF a to-do list item is edited,", THEN start the coffee with the specified program.",FREE,NEUTRAL,ECO,ECO
IF a to-do list item is edited,", THEN start the coffee with the specified program.",FREE,NEUTRAL,ECO,ECO
IF a to-do list item is edited,", THEN start the coffee with the specified program.",FREE,NEUTRAL,ECO,ECO
IF a to-do list item is edited,", THEN start the coffee with the specified program.",FREE,NEUTRAL,ECO,ECO
IF a to-do list item is edited,", THEN turn on the coffee with the specific program.",FREE,NEUTRAL,ECO,ECO
IF a to-do list item is edited,", THEN turn on the coffee with the specific program.",FREE,NEUTRAL,ECO,ECO
IF a to-do list item is edited,", THEN turn on the coffee with the specific program.",FREE,NEUTRAL,ECO,ECO
IF a to-do list item is edited,", THEN turn on the coffee with the specific program.",FREE,NEUTRAL,ECO,ECO
IF a to-do list item is edited,", THEN turn on the coffee with the specific program.",FREE,NEUTRAL,ECO,ECO
IF a to-do list item is edited,", THEN turn on the coffee with the specific program.",FREE,NEUTRAL,ECO,ECO
IF a to-do list item is edited,", THEN turn on the coffee with the specific program.",FREE,NEUTRAL,ECO,ECO
IF a to-do list item is edited,", THEN turn on the coffee with the specific program.",FREE,NEUTRAL,ECO,ECO
IF a to-do list item is edited,", THEN turn on the coffee with the specific program.",FREE,NEUTRAL,ECO,ECO
IF a to-do list item is edited,", THEN turn on the coffee with the specific program.",FREE,NEUTRAL,ECO,ECO
IF a to-do list item is edited,", THEN start the coffee with the chosen program.",FREE,NEUTRAL,ECO,ECO
IF a to-do list item is edited,", THEN start the coffee with the chosen program.",FREE,NEUTRAL,ECO,ECO
IF a to-do list item is edited,", THEN start the coffee with the chosen program.",FREE,NEUTRAL,ECO,ECO
IF a to-do list item is edited,", THEN start the coffee with the chosen program.",FREE,NEUTRAL,ECO,ECO
IF a to-do list item is edited,", THEN start the coffee with the chosen program.",FREE,NEUTRAL,ECO,ECO
IF a to-do list item is edited,", THEN start the coffee with the chosen program.",FREE,NEUTRAL,ECO,ECO
IF a to-do list item is edited,", THEN start the coffee with the chosen program.",FREE,NEUTRAL,ECO,ECO
IF a to-do list item is edited,", THEN start the coffee with the chosen program.",FREE,NEUTRAL,ECO,ECO
IF a to-do list item is edited,", THEN start the coffee with the chosen program.",FREE,NEUTRAL,ECO,ECO
IF a to-do list item is edited,", THEN start the coffee with the chosen program.",FREE,NEUTRAL,ECO,ECO
IF a to-do list item is edited,", THEN turn on the coffee with the chosen program.",FREE,NEUTRAL,ECO,ECO
IF a to-do list item is edited,", THEN turn on the coffee with the chosen program.",FREE,NEUTRAL,ECO,ECO
IF a to-do list item is edited,", THEN turn on the coffee with the chosen program.",FREE,NEUTRAL,ECO,ECO
IF a to-do list item is edited,", THEN turn on the coffee with the chosen program.",FREE,NEUTRAL,ECO,ECO
IF a to-do list item is edited,", THEN turn on the coffee with the chosen program.",FREE,NEUTRAL,ECO,ECO
IF a to-do list item is edited,", THEN turn on the coffee with the chosen program.",FREE,NEUTRAL,ECO,ECO
IF a to-do list item is edited,", THEN turn on the coffee with the chosen program.",FREE,NEUTRAL,ECO,ECO
IF a to-do list item is edited,", THEN turn on the coffee with the chosen program.",FREE,NEUTRAL,ECO,ECO
IF a to-do list item is edited,", THEN turn on the coffee with the chosen program.",FREE,NEUTRAL,ECO,ECO
IF a to-do list item is edited,", THEN turn on the coffee with the chosen program.",FREE,NEUTRAL,ECO,ECO
IF a to-do list item is edited,", THEN stop eco mode on the appliance.",FREE,NEUTRAL,ECO,ECO
IF a to-do list item is edited,", THEN stop eco mode on the appliance.",FREE,NEUTRAL,ECO,ECO
IF a to-do list item is edited,", THEN stop eco mode on the appliance.",FREE,NEUTRAL,ECO,ECO
IF a to-do list item is edited,", THEN stop eco mode on the appliance.",FREE,NEUTRAL,ECO,ECO
IF a to-do list item is edited,", THEN stop eco mode on the appliance.",FREE,NEUTRAL,ECO,ECO
IF a to-do list item is edited,", THEN stop eco mode on the appliance.",FREE,NEUTRAL,ECO,ECO
IF a to-do list item is edited,", THEN stop eco mode on the appliance.",FREE,NEUTRAL,ECO,ECO
IF a to-do list item is edited,", THEN stop eco mode on the appliance.",FREE,NEUTRAL,ECO,ECO
IF a to-do list item is edited,", THEN stop eco mode on the appliance.",FREE,NEUTRAL,ECO,ECO
IF a to-do list item is edited,", THEN stop eco mode on the appliance.",FREE,NEUTRAL,ECO,ECO
IF a to-do list item is edited,", THEN deactivate eco mode on the appliance.",FREE,NEUTRAL,ECO,ECO
IF a to-do list item is edited,", THEN deactivate eco mode on the appliance.",FREE,NEUTRAL,ECO,ECO
IF a to-do list item is edited,", THEN deactivate eco mode on the appliance.",FREE,NEUTRAL,ECO,ECO
IF a to-do list item is edited,", THEN deactivate eco mode on the appliance.",FREE,NEUTRAL,ECO,ECO
IF a to-do list item is edited,", THEN deactivate eco mode on the appliance.",FREE,NEUTRAL,ECO,ECO
IF a to-do list item is edited,", THEN deactivate eco mode on the appliance.",FREE,NEUTRAL,ECO,ECO
IF a to-do list item is edited,", THEN deactivate eco mode on the appliance.",FREE,NEUTRAL,ECO,ECO
IF a to-do list item is edited,", THEN deactivate eco mode on the appliance.",FREE,NEUTRAL,ECO,ECO
IF a to-do list item is edited,", THEN deactivate eco mode on the appliance.",FREE,NEUTRAL,ECO,ECO
IF a to-do list item is edited,", THEN deactivate eco mode on the appliance.",FREE,NEUTRAL,ECO,ECO
IF is one of the specific days of the week at a specified time,", THEN turn off then microwave.",FREE,ECO,NEUTRAL,ECO
IF is one of the specific days of the week at a specified time,", THEN turn off then microwave.",FREE,ECO,NEUTRAL,ECO
IF is one of the specific days of the week at a specified time,", THEN turn off then microwave.",FREE,ECO,NEUTRAL,ECO
IF is one of the specific days of the week at a specified time,", THEN turn off then microwave.",FREE,ECO,NEUTRAL,ECO
IF is one of the specific days of the week at a specified time,", THEN turn off then microwave.",FREE,ECO,NEUTRAL,ECO
IF is one of the specific days of the week at a specified time,", THEN turn off then microwave.",FREE,ECO,NEUTRAL,ECO
IF is one of the specific days of the week at a specified time,", THEN turn off then microwave.",FREE,ECO,NEUTRAL,ECO
IF is one of the specific days of the week at a specified time,", THEN turn off then microwave.",FREE,ECO,NEUTRAL,ECO
IF is one of the specific days of the week at a specified time,", THEN turn off then microwave.",FREE,ECO,NEUTRAL,ECO
IF is one of the specific days of the week at a specified time,", THEN turn off then microwave.",FREE,ECO,NEUTRAL,ECO
IF is one of the specific days of the week at a specified time,", THEN deturn on eco mode on the appliance.",FREE,ECO,ECO,ECO
IF is one of the specific days of the week at a specified time,", THEN deturn on eco mode on the appliance.",FREE,ECO,ECO,ECO
IF is one of the specific days of the week at a specified time,", THEN deturn on eco mode on the appliance.",FREE,ECO,ECO,ECO
IF is one of the specific days of the week at a specified time,", THEN deturn on eco mode on the appliance.",FREE,ECO,ECO,ECO
IF is one of the specific days of the week at a specified time,", THEN deturn on eco mode on the appliance.",FREE,ECO,ECO,ECO
IF is one of the specific days of the week at a specified time,", THEN deturn on eco mode on the appliance.",FREE,ECO,ECO,ECO
IF is one of the specific days of the week at a specified time,", THEN deturn on eco mode on the appliance.",FREE,ECO,ECO,ECO
IF is one of the specific days of the week at a specified time,", THEN deturn on eco mode on the appliance.",FREE,ECO,ECO,ECO
IF is one of the specific days of the week at a specified time,", THEN deturn on eco mode on the appliance.",FREE,ECO,ECO,ECO
IF is one of the specific days of the week at a specified time,", THEN deturn on eco mode on the appliance.",FREE,ECO,ECO,ECO
IF is one of the specific days of the week at a specified time,", THEN destart fresh mode on the appliance.",FREE,ECO,NEUTRAL,ECO
IF is one of the specific days of the week at a specified time,", THEN destart fresh mode on the appliance.",FREE,ECO,NEUTRAL,ECO
IF is one of the specific days of the week at a specified time,", THEN destart fresh mode on the appliance.",FREE,ECO,NEUTRAL,ECO
IF is one of the specific days of the week at a specified time,", THEN destart fresh mode on the appliance.",FREE,ECO,NEUTRAL,ECO
IF is one of the specific days of the week at a specified time,", THEN destart fresh mode on the appliance.",FREE,ECO,NEUTRAL,ECO
IF is one of the specific days of the week at a specified time,", THEN destart fresh mode on the appliance.",FREE,ECO,NEUTRAL,ECO
IF is one of the specific days of the week at a specified time,", THEN destart fresh mode on the appliance.",FREE,ECO,NEUTRAL,ECO
IF is one of the specific days of the week at a specified time,", THEN destart fresh mode on the appliance.",FREE,ECO,NEUTRAL,ECO
IF is one of the specific days of the week at a specified time,", THEN destart fresh mode on the appliance.",FREE,ECO,NEUTRAL,ECO
IF is one of the specific days of the week at a specified time,", THEN destart fresh mode on the appliance.",FREE,ECO,NEUTRAL,ECO
IF is one of the specific days of the week at a specified time,", THEN preheat the dryer using the hot air program with fast preheat.",FREE,ECO,NEUTRAL,ECO
IF is one of the specific days of the week at a specified time,", THEN preheat the dryer using the hot air program with fast preheat.",FREE,ECO,NEUTRAL,ECO
IF is one of the specific days of the week at a specified time,", THEN preheat the dryer using the hot air program with fast preheat.",FREE,ECO,NEUTRAL,ECO
IF is one of the specific days of the week at a specified time,", THEN preheat the dryer using the hot air program with fast preheat.",FREE,ECO,NEUTRAL,ECO
IF is one of the specific days of the week at a specified time,", THEN preheat the dryer using the hot air program with fast preheat.",FREE,ECO,NEUTRAL,ECO
IF is one of the specific days of the week at a specified time,", THEN preheat the dryer using the hot air program with fast preheat.",FREE,ECO,NEUTRAL,ECO
IF is one of the specific days of the week at a specified time,", THEN preheat the dryer using the hot air program with fast preheat.",FREE,ECO,NEUTRAL,ECO
IF is one of the specific days of the week at a specified time,", THEN preheat the dryer using the hot air program with fast preheat.",FREE,ECO,NEUTRAL,ECO
IF is one of the specific days of the week at a specified time,", THEN preheat the dryer using the hot air program with fast preheat.",FREE,ECO,NEUTRAL,ECO
IF is one of the specific days of the week at a specified time,", THEN preheat the dryer using the hot air program with fast preheat.",FREE,ECO,NEUTRAL,ECO
IF is one of the specific days of the week at a specified time,", THEN preheat the oven using the hot air program with fast preheat.",FREE,ECO,NEUTRAL,ECO
IF is one of the specific days of the week at a specified time,", THEN preheat the oven using the hot air program with fast preheat.",FREE,ECO,NEUTRAL,ECO
IF is one of the specific days of the week at a specified time,", THEN preheat the oven using the hot air program with fast preheat.",FREE,ECO,NEUTRAL,ECO
IF is one of the specific days of the week at a specified time,", THEN preheat the oven using the hot air program with fast preheat.",FREE,ECO,NEUTRAL,ECO
IF is one of the specific days of the week at a specified time,", THEN preheat the oven using the hot air program with fast preheat.",FREE,ECO,NEUTRAL,ECO
IF is one of the specific days of the week at a specified time,", THEN preheat the oven using the hot air program with fast preheat.",FREE,ECO,NEUTRAL,ECO
IF is one of the specific days of the week at a specified time,", THEN preheat the oven using the hot air program with fast preheat.",FREE,ECO,NEUTRAL,ECO
IF is one of the specific days of the week at a specified time,", THEN preheat the oven using the hot air program with fast preheat.",FREE,ECO,NEUTRAL,ECO
IF is one of the specific days of the week at a specified time,", THEN preheat the oven using the hot air program with fast preheat.",FREE,ECO,NEUTRAL,ECO
IF is one of the specific days of the week at a specified time,", THEN preheat the oven using the hot air program with fast preheat.",FREE,ECO,NEUTRAL,ECO
IF is one of the specific days of the week at a specified time,", THEN disable then oven.",FREE,ECO,NEUTRAL,ECO
IF is one of the specific days of the week at a specified time,", THEN disable then oven.",FREE,ECO,NEUTRAL,ECO
IF is one of the specific days of the week at a specified time,", THEN disable then oven.",FREE,ECO,NEUTRAL,ECO
IF is one of the specific days of the week at a specified time,", THEN disable then oven.",FREE,ECO,NEUTRAL,ECO
IF is one of the specific days of the week at a specified time,", THEN disable then oven.",FREE,ECO,NEUTRAL,ECO
IF is one of the specific days of the week at a specified time,", THEN disable then oven.",FREE,ECO,NEUTRAL,ECO
IF is one of the specific days of the week at a specified time,", THEN disable then oven.",FREE,ECO,NEUTRAL,ECO
IF is one of the specific days of the week at a specified time,", THEN disable then oven.",FREE,ECO,NEUTRAL,ECO
IF is one of the specific days of the week at a specified time,", THEN disable then oven.",FREE,ECO,NEUTRAL,ECO
IF is one of the specific days of the week at a specified time,", THEN disable then oven.",FREE,ECO,NEUTRAL,ECO
IF is one of the specific days of the week at a specified time,", THEN deenable vacation mode on the appliance.",FREE,ECO,NEUTRAL,ECO
IF is one of the specific days of the week at a specified time,", THEN deenable vacation mode on the appliance.",FREE,ECO,NEUTRAL,ECO
IF is one of the specific days of the week at a specified time,", THEN deenable vacation mode on the appliance.",FREE,ECO,NEUTRAL,ECO
IF is one of the specific days of the week at a specified time,", THEN deenable vacation mode on the appliance.",FREE,ECO,NEUTRAL,ECO
IF is one of the specific days of the week at a specified time,", THEN deenable vacation mode on the appliance.",FREE,ECO,NEUTRAL,ECO
IF is one of the specific days of the week at a specified time,", THEN deenable vacation mode on the appliance.",FREE,ECO,NEUTRAL,ECO
IF is one of the specific days of the week at a specified time,", THEN deenable vacation mode on the appliance.",FREE,ECO,NEUTRAL,ECO
IF is one of the specific days of the week at a specified time,", THEN deenable vacation mode on the appliance.",FREE,ECO,NEUTRAL,ECO
IF is one of the specific days of the week at a specified time,", THEN deenable vacation mode on the appliance.",FREE,ECO,NEUTRAL,ECO
IF is one of the specific days of the week at a specified time,", THEN deenable vacation mode on the appliance.",FREE,ECO,NEUTRAL,ECO
IF is one of the specific days of the week at a specified time,", THEN start the coffee with the specified program.",FREE,ECO,ECO,ECO
IF is one of the specific days of the week at a specified time,", THEN start the coffee with the specified program.",FREE,ECO,ECO,ECO
IF is one of the specific days of the week at a specified time,", THEN start the coffee with the specified program.",FREE,ECO,ECO,ECO
IF is one of the specific days of the week at a specified time,", THEN start the coffee with the specified program.",FREE,ECO,ECO,ECO
IF is one of the specific days of the week at a specified time,", THEN start the coffee with the specified program.",FREE,ECO,ECO,ECO
IF is one of the specific days of the week at a specified time,", THEN start the coffee with the specified program.",FREE,ECO,ECO,ECO
IF is one of the specific days of the week at a specified time,", THEN start the coffee with the specified program.",FREE,ECO,ECO,ECO
IF is one of the specific days of the week at a specified time,", THEN start the coffee with the specified program.",FREE,ECO,ECO,ECO
IF is one of the specific days of the week at a specified time,", THEN start the coffee with the specified program.",FREE,ECO,ECO,ECO
IF is one of the specific days of the week at a specified time,", THEN start the coffee with the specified program.",FREE,ECO,ECO,ECO
IF is one of the specific days of the week at a specified time,", THEN deturn on fresh mode on the appliance.",FREE,ECO,NEUTRAL,ECO
IF is one of the specific days of the week at a specified time,", THEN deturn on fresh mode on the appliance.",FREE,ECO,NEUTRAL,ECO
IF is one of the specific days of the week at a specified time,", THEN deturn on fresh mode on the appliance.",FREE,ECO,NEUTRAL,ECO
IF is one of the specific days of the week at a specified time,", THEN deturn on fresh mode on the appliance.",FREE,ECO,NEUTRAL,ECO
IF is one of the specific days of the week at a specified time,", THEN deturn on fresh mode on the appliance.",FREE,ECO,NEUTRAL,ECO
IF is one of the specific days of the week at a specified time,", THEN deturn on fresh mode on the appliance.",FREE,ECO,NEUTRAL,ECO
IF is one of the specific days of the week at a specified time,", THEN deturn on fresh mode on the appliance.",FREE,ECO,NEUTRAL,ECO
IF is one of the specific days of the week at a specified time,", THEN deturn on fresh mode on the appliance.",FREE,ECO,NEUTRAL,ECO
IF is one of the specific days of the week at a specified time,", THEN deturn on fresh mode on the appliance.",FREE,ECO,NEUTRAL,ECO
IF is one of the specific days of the week at a specified time,", THEN deturn on fresh mode on the appliance.",FREE,ECO,NEUTRAL,ECO
IF is one of the specific days of the week at a specified time,", THEN deactivate fresh mode on the appliance.",FREE,ECO,NEUTRAL,ECO
IF is one of the specific days of the week at a specified time,", THEN deactivate fresh mode on the appliance.",FREE,ECO,NEUTRAL,ECO
IF is one of the specific days of the week at a specified time,", THEN deactivate fresh mode on the appliance.",FREE,ECO,NEUTRAL,ECO
IF is one of the specific days of the week at a specified time,", THEN deactivate fresh mode on the appliance.",FREE,ECO,NEUTRAL,ECO
IF is one of the specific days of the week at a specified time,", THEN deactivate fresh mode on the appliance.",FREE,ECO,NEUTRAL,ECO
IF is one of the specific days of the week at a specified time,", THEN deactivate fresh mode on the appliance.",FREE,ECO,NEUTRAL,ECO
IF is one of the specific days of the week at a specified time,", THEN deactivate fresh mode on the appliance.",FREE,ECO,NEUTRAL,ECO
IF is one of the specific days of the week at a specified time,", THEN deactivate fresh mode on the appliance.",FREE,ECO,NEUTRAL,ECO
IF is one of the specific days of the week at a specified time,", THEN deactivate fresh mode on the appliance.",FREE,ECO,NEUTRAL,ECO
IF is one of the specific days of the week at a specified time,", THEN deactivate fresh mode on the appliance.",FREE,ECO,NEUTRAL,ECO
IF is one of the specific days of the week at a specified time,", THEN stop the dishwasher.",FREE,ECO,NEUTRAL,ECO
IF is one of the specific days of the week at a specified time,", THEN stop the dishwasher.",FREE,ECO,NEUTRAL,ECO
IF is one of the specific days of the week at a specified time,", THEN stop the dishwasher.",FREE,ECO,NEUTRAL,ECO
IF is one of the specific days of the week at a specified time,", THEN stop the dishwasher.",FREE,ECO,NEUTRAL,ECO
IF is one of the specific days of the week at a specified time,", THEN stop the dishwasher.",FREE,ECO,NEUTRAL,ECO
IF is one of the specific days of the week at a specified time,", THEN stop the dishwasher.",FREE,ECO,NEUTRAL,ECO
IF is one of the specific days of the week at a specified time,", THEN stop the dishwasher.",FREE,ECO,NEUTRAL,ECO
IF is one of the specific days of the week at a specified time,", THEN stop the dishwasher.",FREE,ECO,NEUTRAL,ECO
IF is one of the specific days of the week at a specified time,", THEN stop the dishwasher.",FREE,ECO,NEUTRAL,ECO
IF is one of the specific days of the week at a specified time,", THEN stop the dishwasher.",FREE,ECO,NEUTRAL,ECO
IF is one of the specific days of the week at a specified time,", THEN turn off the dishwasher.",FREE,ECO,NEUTRAL,ECO
IF is one of the specific days of the week at a specified time,", THEN turn off the dishwasher.",FREE,ECO,NEUTRAL,ECO
IF is one of the specific days of the week at a specified time,", THEN turn off the dishwasher.",FREE,ECO,NEUTRAL,ECO
IF is one of the specific days of the week at a specified time,", THEN turn off the dishwasher.",FREE,ECO,NEUTRAL,ECO
IF is one of the specific days of the week at a specified time,", THEN turn off the dishwasher.",FREE,ECO,NEUTRAL,ECO
IF is one of the specific days of the week at a specified time,", THEN turn off the dishwasher.",FREE,ECO,NEUTRAL,ECO
IF is one of the specific days of the week at a specified time,", THEN turn off the dishwasher.",FREE,ECO,NEUTRAL,ECO
IF is one of the specific days of the week at a specified time,", THEN turn off the dishwasher.",FREE,ECO,NEUTRAL,ECO
IF is one of the specific days of the week at a specified time,", THEN turn off the dishwasher.",FREE,ECO,NEUTRAL,ECO
IF is one of the specific days of the week at a specified time,", THEN turn off the dishwasher.",FREE,ECO,NEUTRAL,ECO
IF is one of the specific days of the week at a specified time,", THEN turn on the coffee with the specific program.",FREE,ECO,ECO,ECO
IF is one of the specific days of the week at a specified time,", THEN turn on the coffee with the specific program.",FREE,ECO,ECO,ECO
IF is one of the specific days of the week at a specified time,", THEN turn on the coffee with the specific program.",FREE,ECO,ECO,ECO
IF is one of the specific days of the week at a specified time,", THEN turn on the coffee with the specific program.",FREE,ECO,ECO,ECO
IF is one of the specific days of the week at a specified time,", THEN turn on the coffee with the specific program.",FREE,ECO,ECO,ECO
IF is one of the specific days of the week at a specified time,", THEN turn on the coffee with the specific program.",FREE,ECO,ECO,ECO
IF is one of the specific days of the week at a specified time,", THEN turn on the coffee with the specific program.",FREE,ECO,ECO,ECO
IF is one of the specific days of the week at a specified time,", THEN turn on the coffee with the specific program.",FREE,ECO,ECO,ECO
IF is one of the specific days of the week at a specified time,", THEN turn on the coffee with the specific program.",FREE,ECO,ECO,ECO
IF is one of the specific days of the week at a specified time,", THEN turn on the coffee with the specific program.",FREE,ECO,ECO,ECO
IF is one of the specific days of the week at a specified time,", THEN disable the hood.",FREE,ECO,NEUTRAL,ECO
IF is one of the specific days of the week at a specified time,", THEN disable the hood.",FREE,ECO,NEUTRAL,ECO
IF is one of the specific days of the week at a specified time,", THEN disable the hood.",FREE,ECO,NEUTRAL,ECO
IF is one of the specific days of the week at a specified time,", THEN disable the hood.",FREE,ECO,NEUTRAL,ECO
IF is one of the specific days of the week at a specified time,", THEN disable the hood.",FREE,ECO,NEUTRAL,ECO
IF is one of the specific days of the week at a specified time,", THEN disable the hood.",FREE,ECO,NEUTRAL,ECO
IF is one of the specific days of the week at a specified time,", THEN disable the hood.",FREE,ECO,NEUTRAL,ECO
IF is one of the specific days of the week at a specified time,", THEN disable the hood.",FREE,ECO,NEUTRAL,ECO
IF is one of the specific days of the week at a specified time,", THEN disable the hood.",FREE,ECO,NEUTRAL,ECO
IF is one of the specific days of the week at a specified time,", THEN disable the hood.",FREE,ECO,NEUTRAL,ECO
IF is one of the specific days of the week at a specified time,", THEN start the dishwasher.",FREE,ECO,NEUTRAL,ECO
IF is one of the specific days of the week at a specified time,", THEN start the dishwasher.",FREE,ECO,NEUTRAL,ECO
IF is one of the specific days of the week at a specified time,", THEN start the dishwasher.",FREE,ECO,NEUTRAL,ECO
IF is one of the specific days of the week at a specified time,", THEN start the dishwasher.",FREE,ECO,NEUTRAL,ECO
IF is one of the specific days of the week at a specified time,", THEN start the dishwasher.",FREE,ECO,NEUTRAL,ECO
IF is one of the specific days of the week at a specified time,", THEN start the dishwasher.",FREE,ECO,NEUTRAL,ECO
IF is one of the specific days of the week at a specified time,", THEN start the dishwasher.",FREE,ECO,NEUTRAL,ECO
IF is one of the specific days of the week at a specified time,", THEN start the dishwasher.",FREE,ECO,NEUTRAL,ECO
IF is one of the specific days of the week at a specified time,", THEN start the dishwasher.",FREE,ECO,NEUTRAL,ECO
IF is one of the specific days of the week at a specified time,", THEN start the dishwasher.",FREE,ECO,NEUTRAL,ECO
IF is one of the specific days of the week at a specified time,", THEN activate the hood with the default program.",FREE,ECO,NEUTRAL,ECO
IF is one of the specific days of the week at a specified time,", THEN activate the hood with the default program.",FREE,ECO,NEUTRAL,ECO
IF is one of the specific days of the week at a specified time,", THEN activate the hood with the default program.",FREE,ECO,NEUTRAL,ECO
IF is one of the specific days of the week at a specified time,", THEN activate the hood with the default program.",FREE,ECO,NEUTRAL,ECO
IF is one of the specific days of the week at a specified time,", THEN activate the hood with the default program.",FREE,ECO,NEUTRAL,ECO
IF is one of the specific days of the week at a specified time,", THEN activate the hood with the default program.",FREE,ECO,NEUTRAL,ECO
IF is one of the specific days of the week at a specified time,", THEN activate the hood with the default program.",FREE,ECO,NEUTRAL,ECO
IF is one of the specific days of the week at a specified time,", THEN activate the hood with the default program.",FREE,ECO,NEUTRAL,ECO
IF is one of the specific days of the week at a specified time,", THEN activate the hood with the default program.",FREE,ECO,NEUTRAL,ECO
IF is one of the specific days of the week at a specified time,", THEN activate the hood with the default program.",FREE,ECO,NEUTRAL,ECO
IF is one of the specific days of the week at a specified time,", THEN turn on the selected dishwasher program.",FREE,ECO,NEUTRAL,ECO
IF is one of the specific days of the week at a specified time,", THEN turn on the selected dishwasher program.",FREE,ECO,NEUTRAL,ECO
IF is one of the specific days of the week at a specified time,", THEN turn on the selected dishwasher program.",FREE,ECO,NEUTRAL,ECO
IF is one of the specific days of the week at a specified time,", THEN turn on the selected dishwasher program.",FREE,ECO,NEUTRAL,ECO
IF is one of the specific days of the week at a specified time,", THEN turn on the selected dishwasher program.",FREE,ECO,NEUTRAL,ECO
IF is one of the specific days of the week at a specified time,", THEN turn on the selected dishwasher program.",FREE,ECO,NEUTRAL,ECO
IF is one of the specific days of the week at a specified time,", THEN turn on the selected dishwasher program.",FREE,ECO,NEUTRAL,ECO
IF is one of the specific days of the week at a specified time,", THEN turn on the selected dishwasher program.",FREE,ECO,NEUTRAL,ECO
IF is one of the specific days of the week at a specified time,", THEN turn on the selected dishwasher program.",FREE,ECO,NEUTRAL,ECO
IF is one of the specific days of the week at a specified time,", THEN turn on the selected dishwasher program.",FREE,ECO,NEUTRAL,ECO
IF is one of the specific days of the week at a specified time,", THEN start the hood.",FREE,ECO,NEUTRAL,ECO
IF is one of the specific days of the week at a specified time,", THEN start the hood.",FREE,ECO,NEUTRAL,ECO
IF is one of the specific days of the week at a specified time,", THEN start the hood.",FREE,ECO,NEUTRAL,ECO
IF is one of the specific days of the week at a specified time,", THEN start the hood.",FREE,ECO,NEUTRAL,ECO
IF is one of the specific days of the week at a specified time,", THEN start the hood.",FREE,ECO,NEUTRAL,ECO
IF is one of the specific days of the week at a specified time,", THEN start the hood.",FREE,ECO,NEUTRAL,ECO
IF is one of the specific days of the week at a specified time,", THEN start the hood.",FREE,ECO,NEUTRAL,ECO
IF is one of the specific days of the week at a specified time,", THEN start the hood.",FREE,ECO,NEUTRAL,ECO
IF is one of the specific days of the week at a specified time,", THEN start the hood.",FREE,ECO,NEUTRAL,ECO
IF is one of the specific days of the week at a specified time,", THEN start the hood.",FREE,ECO,NEUTRAL,ECO
IF is one of the specific days of the week at a specified time,", THEN preheat the microwave using the hot air program with fast preheat.",FREE,ECO,NEUTRAL,ECO
IF is one of the specific days of the week at a specified time,", THEN preheat the microwave using the hot air program with fast preheat.",FREE,ECO,NEUTRAL,ECO
IF is one of the specific days of the week at a specified time,", THEN preheat the microwave using the hot air program with fast preheat.",FREE,ECO,NEUTRAL,ECO
IF is one of the specific days of the week at a specified time,", THEN preheat the microwave using the hot air program with fast preheat.",FREE,ECO,NEUTRAL,ECO
IF is one of the specific days of the week at a specified time,", THEN preheat the microwave using the hot air program with fast preheat.",FREE,ECO,NEUTRAL,ECO
IF is one of the specific days of the week at a specified time,", THEN preheat the microwave using the hot air program with fast preheat.",FREE,ECO,NEUTRAL,ECO
IF is one of the specific days of the week at a specified time,", THEN preheat the microwave using the hot air program with fast preheat.",FREE,ECO,NEUTRAL,ECO
IF is one of the specific days of the week at a specified time,", THEN preheat the microwave using the hot air program with fast preheat.",FREE,ECO,NEUTRAL,ECO
IF is one of the specific days of the week at a specified time,", THEN preheat the microwave using the hot air program with fast preheat.",FREE,ECO,NEUTRAL,ECO
IF is one of the specific days of the week at a specified time,", THEN preheat the microwave using the hot air program with fast preheat.",FREE,ECO,NEUTRAL,ECO
IF is one of the specific days of the week at a specified time,", THEN turn off then oven.",FREE,ECO,NEUTRAL,ECO
IF is one of the specific days of the week at a specified time,", THEN turn off then oven.",FREE,ECO,NEUTRAL,ECO
IF is one of the specific days of the week at a specified time,", THEN turn off then oven.",FREE,ECO,NEUTRAL,ECO
IF is one of the specific days of the week at a specified time,", THEN turn off then oven.",FREE,ECO,NEUTRAL,ECO
IF is one of the specific days of the week at a specified time,", THEN turn off then oven.",FREE,ECO,NEUTRAL,ECO
IF is one of the specific days of the week at a specified time,", THEN turn off then oven.",FREE,ECO,NEUTRAL,ECO
IF is one of the specific days of the week at a specified time,", THEN turn off then oven.",FREE,ECO,NEUTRAL,ECO
IF is one of the specific days of the week at a specified time,", THEN turn off then oven.",FREE,ECO,NEUTRAL,ECO
IF is one of the specific days of the week at a specified time,", THEN turn off then oven.",FREE,ECO,NEUTRAL,ECO
IF is one of the specific days of the week at a specified time,", THEN turn off then oven.",FREE,ECO,NEUTRAL,ECO
IF is one of the specific days of the week at a specified time,", THEN turn on the coffee machine.",FREE,ECO,NEUTRAL,ECO
IF is one of the specific days of the week at a specified time,", THEN turn on the coffee machine.",FREE,ECO,NEUTRAL,ECO
IF is one of the specific days of the week at a specified time,", THEN turn on the coffee machine.",FREE,ECO,NEUTRAL,ECO
IF is one of the specific days of the week at a specified time,", THEN turn on the coffee machine.",FREE,ECO,NEUTRAL,ECO
IF is one of the specific days of the week at a specified time,", THEN turn on the coffee machine.",FREE,ECO,NEUTRAL,ECO
IF is one of the specific days of the week at a specified time,", THEN turn on the coffee machine.",FREE,ECO,NEUTRAL,ECO
IF is one of the specific days of the week at a specified time,", THEN turn on the coffee machine.",FREE,ECO,NEUTRAL,ECO
IF is one of the specific days of the week at a specified time,", THEN turn on the coffee machine.",FREE,ECO,NEUTRAL,ECO
IF is one of the specific days of the week at a specified time,", THEN turn on the coffee machine.",FREE,ECO,NEUTRAL,ECO
IF is one of the specific days of the week at a specified time,", THEN turn on the coffee machine.",FREE,ECO,NEUTRAL,ECO
IF is one of the specific days of the week at a specified time,", THEN start the coffee with the chosen program.",FREE,ECO,ECO,ECO
IF is one of the specific days of the week at a specified time,", THEN start the coffee with the chosen program.",FREE,ECO,ECO,ECO
IF is one of the specific days of the week at a specified time,", THEN start the coffee with the chosen program.",FREE,ECO,ECO,ECO
IF is one of the specific days of the week at a specified time,", THEN start the coffee with the chosen program.",FREE,ECO,ECO,ECO
IF is one of the specific days of the week at a specified time,", THEN start the coffee with the chosen program.",FREE,ECO,ECO,ECO
IF is one of the specific days of the week at a specified time,", THEN start the coffee with the chosen program.",FREE,ECO,ECO,ECO
IF is one of the specific days of the week at a specified time,", THEN start the coffee with the chosen program.",FREE,ECO,ECO,ECO
IF is one of the specific days of the week at a specified time,", THEN start the coffee with the chosen program.",FREE,ECO,ECO,ECO
IF is one of the specific days of the week at a specified time,", THEN start the coffee with the chosen program.",FREE,ECO,ECO,ECO
IF is one of the specific days of the week at a specified time,", THEN start the coffee with the chosen program.",FREE,ECO,ECO,ECO
IF is one of the specific days of the week at a specified time,", THEN turn off the hood.",FREE,ECO,NEUTRAL,ECO
IF is one of the specific days of the week at a specified time,", THEN turn off the hood.",FREE,ECO,NEUTRAL,ECO
IF is one of the specific days of the week at a specified time,", THEN turn off the hood.",FREE,ECO,NEUTRAL,ECO
IF is one of the specific days of the week at a specified time,", THEN turn off the hood.",FREE,ECO,NEUTRAL,ECO
IF is one of the specific days of the week at a specified time,", THEN turn off the hood.",FREE,ECO,NEUTRAL,ECO
IF is one of the specific days of the week at a specified time,", THEN turn off the hood.",FREE,ECO,NEUTRAL,ECO
IF is one of the specific days of the week at a specified time,", THEN turn off the hood.",FREE,ECO,NEUTRAL,ECO
IF is one of the specific days of the week at a specified time,", THEN turn off the hood.",FREE,ECO,NEUTRAL,ECO
IF is one of the specific days of the week at a specified time,", THEN turn off the hood.",FREE,ECO,NEUTRAL,ECO
IF is one of the specific days of the week at a specified time,", THEN turn off the hood.",FREE,ECO,NEUTRAL,ECO
IF is one of the specific days of the week at a specified time,", THEN deactivate a coffee machine.",FREE,ECO,NEUTRAL,ECO
IF is one of the specific days of the week at a specified time,", THEN deactivate a coffee machine.",FREE,ECO,NEUTRAL,ECO
IF is one of the specific days of the week at a specified time,", THEN deactivate a coffee machine.",FREE,ECO,NEUTRAL,ECO
IF is one of the specific days of the week at a specified time,", THEN deactivate a coffee machine.",FREE,ECO,NEUTRAL,ECO
IF is one of the specific days of the week at a specified time,", THEN deactivate a coffee machine.",FREE,ECO,NEUTRAL,ECO
IF is one of the specific days of the week at a specified time,", THEN deactivate a coffee machine.",FREE,ECO,NEUTRAL,ECO
IF is one of the specific days of the week at a specified time,", THEN deactivate a coffee machine.",FREE,ECO,NEUTRAL,ECO
IF is one of the specific days of the week at a specified time,", THEN deactivate a coffee machine.",FREE,ECO,NEUTRAL,ECO
IF is one of the specific days of the week at a specified time,", THEN deactivate a coffee machine.",FREE,ECO,NEUTRAL,ECO
IF is one of the specific days of the week at a specified time,", THEN deactivate a coffee machine.",FREE,ECO,NEUTRAL,ECO
IF is one of the specific days of the week at a specified time,", THEN activate the coffee machine.",FREE,ECO,NEUTRAL,ECO
IF is one of the specific days of the week at a specified time,", THEN activate the coffee machine.",FREE,ECO,NEUTRAL,ECO
IF is one of the specific days of the week at a specified time,", THEN activate the coffee machine.",FREE,ECO,NEUTRAL,ECO
IF is one of the specific days of the week at a specified time,", THEN activate the coffee machine.",FREE,ECO,NEUTRAL,ECO
IF is one of the specific days of the week at a specified time,", THEN activate the coffee machine.",FREE,ECO,NEUTRAL,ECO
IF is one of the specific days of the week at a specified time,", THEN activate the coffee machine.",FREE,ECO,NEUTRAL,ECO
IF is one of the specific days of the week at a specified time,", THEN activate the coffee machine.",FREE,ECO,NEUTRAL,ECO
IF is one of the specific days of the week at a specified time,", THEN activate the coffee machine.",FREE,ECO,NEUTRAL,ECO
IF is one of the specific days of the week at a specified time,", THEN activate the coffee machine.",FREE,ECO,NEUTRAL,ECO
IF is one of the specific days of the week at a specified time,", THEN activate the coffee machine.",FREE,ECO,NEUTRAL,ECO
IF is one of the specific days of the week at a specified time,", THEN turn on the hood with the default program.",FREE,ECO,NEUTRAL,ECO
IF is one of the specific days of the week at a specified time,", THEN turn on the hood with the default program.",FREE,ECO,NEUTRAL,ECO
IF is one of the specific days of the week at a specified time,", THEN turn on the hood with the default program.",FREE,ECO,NEUTRAL,ECO
IF is one of the specific days of the week at a specified time,", THEN turn on the hood with the default program.",FREE,ECO,NEUTRAL,ECO
IF is one of the specific days of the week at a specified time,", THEN turn on the hood with the default program.",FREE,ECO,NEUTRAL,ECO
IF is one of the specific days of the week at a specified time,", THEN turn on the hood with the default program.",FREE,ECO,NEUTRAL,ECO
IF is one of the specific days of the week at a specified time,", THEN turn on the hood with the default program.",FREE,ECO,NEUTRAL,ECO
IF is one of the specific days of the week at a specified time,", THEN turn on the hood with the default program.",FREE,ECO,NEUTRAL,ECO
IF is one of the specific days of the week at a specified time,", THEN turn on the hood with the default program.",FREE,ECO,NEUTRAL,ECO
IF is one of the specific days of the week at a specified time,", THEN turn on the hood with the default program.",FREE,ECO,NEUTRAL,ECO
IF is one of the specific days of the week at a specified time,", THEN deactivate the hood.",FREE,ECO,NEUTRAL,ECO
IF is one of the specific days of the week at a specified time,", THEN deactivate the hood.",FREE,ECO,NEUTRAL,ECO
IF is one of the specific days of the week at a specified time,", THEN deactivate the hood.",FREE,ECO,NEUTRAL,ECO
IF is one of the specific days of the week at a specified time,", THEN deactivate the hood.",FREE,ECO,NEUTRAL,ECO
IF is one of the specific days of the week at a specified time,", THEN deactivate the hood.",FREE,ECO,NEUTRAL,ECO
IF is one of the specific days of the week at a specified time,", THEN deactivate the hood.",FREE,ECO,NEUTRAL,ECO
IF is one of the specific days of the week at a specified time,", THEN deactivate the hood.",FREE,ECO,NEUTRAL,ECO
IF is one of the specific days of the week at a specified time,", THEN deactivate the hood.",FREE,ECO,NEUTRAL,ECO
IF is one of the specific days of the week at a specified time,", THEN deactivate the hood.",FREE,ECO,NEUTRAL,ECO
IF is one of the specific days of the week at a specified time,", THEN deactivate the hood.",FREE,ECO,NEUTRAL,ECO
IF is one of the specific days of the week at a specified time,", THEN turn on the hood.",FREE,ECO,NEUTRAL,ECO
IF is one of the specific days of the week at a specified time,", THEN turn on the hood.",FREE,ECO,NEUTRAL,ECO
IF is one of the specific days of the week at a specified time,", THEN turn on the hood.",FREE,ECO,NEUTRAL,ECO
IF is one of the specific days of the week at a specified time,", THEN turn on the hood.",FREE,ECO,NEUTRAL,ECO
IF is one of the specific days of the week at a specified time,", THEN turn on the hood.",FREE,ECO,NEUTRAL,ECO
IF is one of the specific days of the week at a specified time,", THEN turn on the hood.",FREE,ECO,NEUTRAL,ECO
IF is one of the specific days of the week at a specified time,", THEN turn on the hood.",FREE,ECO,NEUTRAL,ECO
IF is one of the specific days of the week at a specified time,", THEN turn on the hood.",FREE,ECO,NEUTRAL,ECO
IF is one of the specific days of the week at a specified time,", THEN turn on the hood.",FREE,ECO,NEUTRAL,ECO
IF is one of the specific days of the week at a specified time,", THEN turn on the hood.",FREE,ECO,NEUTRAL,ECO
IF is one of the specific days of the week at a specified time,", THEN turn on the oven.",FREE,ECO,NEUTRAL,ECO
IF is one of the specific days of the week at a specified time,", THEN turn on the oven.",FREE,ECO,NEUTRAL,ECO
IF is one of the specific days of the week at a specified time,", THEN turn on the oven.",FREE,ECO,NEUTRAL,ECO
IF is one of the specific days of the week at a specified time,", THEN turn on the oven.",FREE,ECO,NEUTRAL,ECO
IF is one of the specific days of the week at a specified time,", THEN turn on the oven.",FREE,ECO,NEUTRAL,ECO
IF is one of the specific days of the week at a specified time,", THEN turn on the oven.",FREE,ECO,NEUTRAL,ECO
IF is one of the specific days of the week at a specified time,", THEN turn on the oven.",FREE,ECO,NEUTRAL,ECO
IF is one of the specific days of the week at a specified time,", THEN turn on the oven.",FREE,ECO,NEUTRAL,ECO
IF is one of the specific days of the week at a specified time,", THEN turn on the oven.",FREE,ECO,NEUTRAL,ECO
IF is one of the specific days of the week at a specified time,", THEN turn on the oven.",FREE,ECO,NEUTRAL,ECO
IF is one of the specific days of the week at a specified time,", THEN destart vacation mode on the appliance.",FREE,ECO,NEUTRAL,ECO
IF is one of the specific days of the week at a specified time,", THEN destart vacation mode on the appliance.",FREE,ECO,NEUTRAL,ECO
IF is one of the specific days of the week at a specified time,", THEN destart vacation mode on the appliance.",FREE,ECO,NEUTRAL,ECO
IF is one of the specific days of the week at a specified time,", THEN destart vacation mode on the appliance.",FREE,ECO,NEUTRAL,ECO
IF is one of the specific days of the week at a specified time,", THEN destart vacation mode on the appliance.",FREE,ECO,NEUTRAL,ECO
IF is one of the specific days of the week at a specified time,", THEN destart vacation mode on the appliance.",FREE,ECO,NEUTRAL,ECO
IF is one of the specific days of the week at a specified time,", THEN destart vacation mode on the appliance.",FREE,ECO,NEUTRAL,ECO
IF is one of the specific days of the week at a specified time,", THEN destart vacation mode on the appliance.",FREE,ECO,NEUTRAL,ECO
IF is one of the specific days of the week at a specified time,", THEN destart vacation mode on the appliance.",FREE,ECO,NEUTRAL,ECO
IF is one of the specific days of the week at a specified time,", THEN destart vacation mode on the appliance.",FREE,ECO,NEUTRAL,ECO
IF is one of the specific days of the week at a specified time,", THEN turn off a coffee machine.",FREE,ECO,NEUTRAL,ECO
IF is one of the specific days of the week at a specified time,", THEN turn off a coffee machine.",FREE,ECO,NEUTRAL,ECO
IF is one of the specific days of the week at a specified time,", THEN turn off a coffee machine.",FREE,ECO,NEUTRAL,ECO
IF is one of the specific days of the week at a specified time,", THEN turn off a coffee machine.",FREE,ECO,NEUTRAL,ECO
IF is one of the specific days of the week at a specified time,", THEN turn off a coffee machine.",FREE,ECO,NEUTRAL,ECO
IF is one of the specific days of the week at a specified time,", THEN turn off a coffee machine.",FREE,ECO,NEUTRAL,ECO
IF is one of the specific days of the week at a specified time,", THEN turn off a coffee machine.",FREE,ECO,NEUTRAL,ECO
IF is one of the specific days of the week at a specified time,", THEN turn off a coffee machine.",FREE,ECO,NEUTRAL,ECO
IF is one of the specific days of the week at a specified time,", THEN turn off a coffee machine.",FREE,ECO,NEUTRAL,ECO
IF is one of the specific days of the week at a specified time,", THEN turn off a coffee machine.",FREE,ECO,NEUTRAL,ECO
IF is one of the specific days of the week at a specified time,", THEN turn on the coffee with the chosen program.",FREE,ECO,ECO,ECO
IF is one of the specific days of the week at a specified time,", THEN turn on the coffee with the chosen program.",FREE,ECO,ECO,ECO
IF is one of the specific days of the week at a specified time,", THEN turn on the coffee with the chosen program.",FREE,ECO,ECO,ECO
IF is one of the specific days of the week at a specified time,", THEN turn on the coffee with the chosen program.",FREE,ECO,ECO,ECO
IF is one of the specific days of the week at a specified time,", THEN turn on the coffee with the chosen program.",FREE,ECO,ECO,ECO
IF is one of the specific days of the week at a specified time,", THEN turn on the coffee with the chosen program.",FREE,ECO,ECO,ECO
IF is one of the specific days of the week at a specified time,", THEN turn on the coffee with the chosen program.",FREE,ECO,ECO,ECO
IF is one of the specific days of the week at a specified time,", THEN turn on the coffee with the chosen program.",FREE,ECO,ECO,ECO
IF is one of the specific days of the week at a specified time,", THEN turn on the coffee with the chosen program.",FREE,ECO,ECO,ECO
IF is one of the specific days of the week at a specified time,", THEN turn on the coffee with the chosen program.",FREE,ECO,ECO,ECO
IF is one of the specific days of the week at a specified time,", THEN stop eco mode on the appliance.",FREE,ECO,ECO,ECO
IF is one of the specific days of the week at a specified time,", THEN stop eco mode on the appliance.",FREE,ECO,ECO,ECO
IF is one of the specific days of the week at a specified time,", THEN stop eco mode on the appliance.",FREE,ECO,ECO,ECO
IF is one of the specific days of the week at a specified time,", THEN stop eco mode on the appliance.",FREE,ECO,ECO,ECO
IF is one of the specific days of the week at a specified time,", THEN stop eco mode on the appliance.",FREE,ECO,ECO,ECO
IF is one of the specific days of the week at a specified time,", THEN stop eco mode on the appliance.",FREE,ECO,ECO,ECO
IF is one of the specific days of the week at a specified time,", THEN stop eco mode on the appliance.",FREE,ECO,ECO,ECO
IF is one of the specific days of the week at a specified time,", THEN stop eco mode on the appliance.",FREE,ECO,ECO,ECO
IF is one of the specific days of the week at a specified time,", THEN stop eco mode on the appliance.",FREE,ECO,ECO,ECO
IF is one of the specific days of the week at a specified time,", THEN stop eco mode on the appliance.",FREE,ECO,ECO,ECO
IF is one of the specific days of the week at a specified time,", THEN activate the oven.",FREE,ECO,NEUTRAL,ECO
IF is one of the specific days of the week at a specified time,", THEN activate the oven.",FREE,ECO,NEUTRAL,ECO
IF is one of the specific days of the week at a specified time,", THEN activate the oven.",FREE,ECO,NEUTRAL,ECO
IF is one of the specific days of the week at a specified time,", THEN activate the oven.",FREE,ECO,NEUTRAL,ECO
IF is one of the specific days of the week at a specified time,", THEN activate the oven.",FREE,ECO,NEUTRAL,ECO
IF is one of the specific days of the week at a specified time,", THEN activate the oven.",FREE,ECO,NEUTRAL,ECO
IF is one of the specific days of the week at a specified time,", THEN activate the oven.",FREE,ECO,NEUTRAL,ECO
IF is one of the specific days of the week at a specified time,", THEN activate the oven.",FREE,ECO,NEUTRAL,ECO
IF is one of the specific days of the week at a specified time,", THEN activate the oven.",FREE,ECO,NEUTRAL,ECO
IF is one of the specific days of the week at a specified time,", THEN activate the oven.",FREE,ECO,NEUTRAL,ECO
IF is one of the specific days of the week at a specified time,", THEN deactivate eco mode on the appliance.",FREE,ECO,ECO,ECO
IF is one of the specific days of the week at a specified time,", THEN deactivate eco mode on the appliance.",FREE,ECO,ECO,ECO
IF is one of the specific days of the week at a specified time,", THEN deactivate eco mode on the appliance.",FREE,ECO,ECO,ECO
IF is one of the specific days of the week at a specified time,", THEN deactivate eco mode on the appliance.",FREE,ECO,ECO,ECO
IF is one of the specific days of the week at a specified time,", THEN deactivate eco mode on the appliance.",FREE,ECO,ECO,ECO
IF is one of the specific days of the week at a specified time,", THEN deactivate eco mode on the appliance.",FREE,ECO,ECO,ECO
IF is one of the specific days of the week at a specified time,", THEN deactivate eco mode on the appliance.",FREE,ECO,ECO,ECO
IF is one of the specific days of the week at a specified time,", THEN deactivate eco mode on the appliance.",FREE,ECO,ECO,ECO
IF is one of the specific days of the week at a specified time,", THEN deactivate eco mode on the appliance.",FREE,ECO,ECO,ECO
IF is one of the specific days of the week at a specified time,", THEN deactivate eco mode on the appliance.",FREE,ECO,ECO,ECO
IF is one of the specific days of the week at a specified time,", THEN deactivate vacation mode on the appliance.",FREE,ECO,NEUTRAL,ECO
IF is one of the specific days of the week at a specified time,", THEN deactivate vacation mode on the appliance.",FREE,ECO,NEUTRAL,ECO
IF is one of the specific days of the week at a specified time,", THEN deactivate vacation mode on the appliance.",FREE,ECO,NEUTRAL,ECO
IF is one of the specific days of the week at a specified time,", THEN deactivate vacation mode on the appliance.",FREE,ECO,NEUTRAL,ECO
IF is one of the specific days of the week at a specified time,", THEN deactivate vacation mode on the appliance.",FREE,ECO,NEUTRAL,ECO
IF is one of the specific days of the week at a specified time,", THEN deactivate vacation mode on the appliance.",FREE,ECO,NEUTRAL,ECO
IF is one of the specific days of the week at a specified time,", THEN deactivate vacation mode on the appliance.",FREE,ECO,NEUTRAL,ECO
IF is one of the specific days of the week at a specified time,", THEN deactivate vacation mode on the appliance.",FREE,ECO,NEUTRAL,ECO
IF is one of the specific days of the week at a specified time,", THEN deactivate vacation mode on the appliance.",FREE,ECO,NEUTRAL,ECO
IF is one of the specific days of the week at a specified time,", THEN deactivate vacation mode on the appliance.",FREE,ECO,NEUTRAL,ECO
IF is one of the specific days of the week at a specified time,", THEN turn off vacation mode on the appliance.",FREE,ECO,NEUTRAL,ECO
IF is one of the specific days of the week at a specified time,", THEN turn off vacation mode on the appliance.",FREE,ECO,NEUTRAL,ECO
IF is one of the specific days of the week at a specified time,", THEN turn off vacation mode on the appliance.",FREE,ECO,NEUTRAL,ECO
IF is one of the specific days of the week at a specified time,", THEN turn off vacation mode on the appliance.",FREE,ECO,NEUTRAL,ECO
IF is one of the specific days of the week at a specified time,", THEN turn off vacation mode on the appliance.",FREE,ECO,NEUTRAL,ECO
IF is one of the specific days of the week at a specified time,", THEN turn off vacation mode on the appliance.",FREE,ECO,NEUTRAL,ECO
IF is one of the specific days of the week at a specified time,", THEN turn off vacation mode on the appliance.",FREE,ECO,NEUTRAL,ECO
IF is one of the specific days of the week at a specified time,", THEN turn off vacation mode on the appliance.",FREE,ECO,NEUTRAL,ECO
IF is one of the specific days of the week at a specified time,", THEN turn off vacation mode on the appliance.",FREE,ECO,NEUTRAL,ECO
IF is one of the specific days of the week at a specified time,", THEN turn off vacation mode on the appliance.",FREE,ECO,NEUTRAL,ECO
IF is one of the specific days of the week at a specified time,", THEN start the selected dishwasher program.",FREE,ECO,NEUTRAL,ECO
IF is one of the specific days of the week at a specified time,", THEN start the selected dishwasher program.",FREE,ECO,NEUTRAL,ECO
IF is one of the specific days of the week at a specified time,", THEN start the selected dishwasher program.",FREE,ECO,NEUTRAL,ECO
IF is one of the specific days of the week at a specified time,", THEN start the selected dishwasher program.",FREE,ECO,NEUTRAL,ECO
IF is one of the specific days of the week at a specified time,", THEN start the selected dishwasher program.",FREE,ECO,NEUTRAL,ECO
IF is one of the specific days of the week at a specified time,", THEN start the selected dishwasher program.",FREE,ECO,NEUTRAL,ECO
IF is one of the specific days of the week at a specified time,", THEN start the selected dishwasher program.",FREE,ECO,NEUTRAL,ECO
IF is one of the specific days of the week at a specified time,", THEN start the selected dishwasher program.",FREE,ECO,NEUTRAL,ECO
IF is one of the specific days of the week at a specified time,", THEN start the selected dishwasher program.",FREE,ECO,NEUTRAL,ECO
IF is one of the specific days of the week at a specified time,", THEN start the selected dishwasher program.",FREE,ECO,NEUTRAL,ECO
IF is one of the specific days of the week at a specified time,", THEN start the oven.",FREE,ECO,NEUTRAL,ECO
IF is one of the specific days of the week at a specified time,", THEN start the oven.",FREE,ECO,NEUTRAL,ECO
IF is one of the specific days of the week at a specified time,", THEN start the oven.",FREE,ECO,NEUTRAL,ECO
IF is one of the specific days of the week at a specified time,", THEN start the oven.",FREE,ECO,NEUTRAL,ECO
IF is one of the specific days of the week at a specified time,", THEN start the oven.",FREE,ECO,NEUTRAL,ECO
IF is one of the specific days of the week at a specified time,", THEN start the oven.",FREE,ECO,NEUTRAL,ECO
IF is one of the specific days of the week at a specified time,", THEN start the oven.",FREE,ECO,NEUTRAL,ECO
IF is one of the specific days of the week at a specified time,", THEN start the oven.",FREE,ECO,NEUTRAL,ECO
IF is one of the specific days of the week at a specified time,", THEN start the oven.",FREE,ECO,NEUTRAL,ECO
IF is one of the specific days of the week at a specified time,", THEN start the oven.",FREE,ECO,NEUTRAL,ECO
IF is one of the specific days of the week at a specified time,", THEN disable a coffee machine.",FREE,ECO,NEUTRAL,ECO
IF is one of the specific days of the week at a specified time,", THEN disable a coffee machine.",FREE,ECO,NEUTRAL,ECO
IF is one of the specific days of the week at a specified time,", THEN disable a coffee machine.",FREE,ECO,NEUTRAL,ECO
IF is one of the specific days of the week at a specified time,", THEN disable a coffee machine.",FREE,ECO,NEUTRAL,ECO
IF is one of the specific days of the week at a specified time,", THEN disable a coffee machine.",FREE,ECO,NEUTRAL,ECO
IF is one of the specific days of the week at a specified time,", THEN disable a coffee machine.",FREE,ECO,NEUTRAL,ECO
IF is one of the specific days of the week at a specified time,", THEN disable a coffee machine.",FREE,ECO,NEUTRAL,ECO
IF is one of the specific days of the week at a specified time,", THEN disable a coffee machine.",FREE,ECO,NEUTRAL,ECO
IF is one of the specific days of the week at a specified time,", THEN disable a coffee machine.",FREE,ECO,NEUTRAL,ECO
IF is one of the specific days of the week at a specified time,", THEN disable a coffee machine.",FREE,ECO,NEUTRAL,ECO
IF is one of the specific days of the week at a specified time,", THEN start the coffee machine.",FREE,ECO,NEUTRAL,ECO
IF is one of the specific days of the week at a specified time,", THEN start the coffee machine.",FREE,ECO,NEUTRAL,ECO
IF is one of the specific days of the week at a specified time,", THEN start the coffee machine.",FREE,ECO,NEUTRAL,ECO
IF is one of the specific days of the week at a specified time,", THEN start the coffee machine.",FREE,ECO,NEUTRAL,ECO
IF is one of the specific days of the week at a specified time,", THEN start the coffee machine.",FREE,ECO,NEUTRAL,ECO
IF is one of the specific days of the week at a specified time,", THEN start the coffee machine.",FREE,ECO,NEUTRAL,ECO
IF is one of the specific days of the week at a specified time,", THEN start the coffee machine.",FREE,ECO,NEUTRAL,ECO
IF is one of the specific days of the week at a specified time,", THEN start the coffee machine.",FREE,ECO,NEUTRAL,ECO
IF is one of the specific days of the week at a specified time,", THEN start the coffee machine.",FREE,ECO,NEUTRAL,ECO
IF is one of the specific days of the week at a specified time,", THEN start the coffee machine.",FREE,ECO,NEUTRAL,ECO
IF is one of the specific days of the week at a specified time,", THEN turn on the dishwasher.",FREE,ECO,NEUTRAL,ECO
IF is one of the specific days of the week at a specified time,", THEN turn on the dishwasher.",FREE,ECO,NEUTRAL,ECO
IF is one of the specific days of the week at a specified time,", THEN turn on the dishwasher.",FREE,ECO,NEUTRAL,ECO
IF is one of the specific days of the week at a specified time,", THEN turn on the dishwasher.",FREE,ECO,NEUTRAL,ECO
IF is one of the specific days of the week at a specified time,", THEN turn on the dishwasher.",FREE,ECO,NEUTRAL,ECO
IF is one of the specific days of the week at a specified time,", THEN turn on the dishwasher.",FREE,ECO,NEUTRAL,ECO
IF is one of the specific days of the week at a specified time,", THEN turn on the dishwasher.",FREE,ECO,NEUTRAL,ECO
IF is one of the specific days of the week at a specified time,", THEN turn on the dishwasher.",FREE,ECO,NEUTRAL,ECO
IF is one of the specific days of the week at a specified time,", THEN turn on the dishwasher.",FREE,ECO,NEUTRAL,ECO
IF is one of the specific days of the week at a specified time,", THEN turn on the dishwasher.",FREE,ECO,NEUTRAL,ECO
IF is one of the specific days of the week at a specified time,", THEN deactivate the dishwasher.",FREE,ECO,NEUTRAL,ECO
IF is one of the specific days of the week at a specified time,", THEN deactivate the dishwasher.",FREE,ECO,NEUTRAL,ECO
IF is one of the specific days of the week at a specified time,", THEN deactivate the dishwasher.",FREE,ECO,NEUTRAL,ECO
IF is one of the specific days of the week at a specified time,", THEN deactivate the dishwasher.",FREE,ECO,NEUTRAL,ECO
IF is one of the specific days of the week at a specified time,", THEN deactivate the dishwasher.",FREE,ECO,NEUTRAL,ECO
IF is one of the specific days of the week at a specified time,", THEN deactivate the dishwasher.",FREE,ECO,NEUTRAL,ECO
IF is one of the specific days of the week at a specified time,", THEN deactivate the dishwasher.",FREE,ECO,NEUTRAL,ECO
IF is one of the specific days of the week at a specified time,", THEN deactivate the dishwasher.",FREE,ECO,NEUTRAL,ECO
IF is one of the specific days of the week at a specified time,", THEN deactivate the dishwasher.",FREE,ECO,NEUTRAL,ECO
IF is one of the specific days of the week at a specified time,", THEN deactivate the dishwasher.",FREE,ECO,NEUTRAL,ECO
IF is one of the specific days of the week at a specified time,", THEN deactivate then oven.",FREE,ECO,NEUTRAL,ECO
IF is one of the specific days of the week at a specified time,", THEN deactivate then oven.",FREE,ECO,NEUTRAL,ECO
IF is one of the specific days of the week at a specified time,", THEN deactivate then oven.",FREE,ECO,NEUTRAL,ECO
IF is one of the specific days of the week at a specified time,", THEN deactivate then oven.",FREE,ECO,NEUTRAL,ECO
IF is one of the specific days of the week at a specified time,", THEN deactivate then oven.",FREE,ECO,NEUTRAL,ECO
IF is one of the specific days of the week at a specified time,", THEN deactivate then oven.",FREE,ECO,NEUTRAL,ECO
IF is one of the specific days of the week at a specified time,", THEN deactivate then oven.",FREE,ECO,NEUTRAL,ECO
IF is one of the specific days of the week at a specified time,", THEN deactivate then oven.",FREE,ECO,NEUTRAL,ECO
IF is one of the specific days of the week at a specified time,", THEN deactivate then oven.",FREE,ECO,NEUTRAL,ECO
IF is one of the specific days of the week at a specified time,", THEN deactivate then oven.",FREE,ECO,NEUTRAL,ECO
IF is one of the specific days of the week at a specified time,", THEN enable the dishwasher.",FREE,ECO,NEUTRAL,ECO
IF is one of the specific days of the week at a specified time,", THEN enable the dishwasher.",FREE,ECO,NEUTRAL,ECO
IF is one of the specific days of the week at a specified time,", THEN enable the dishwasher.",FREE,ECO,NEUTRAL,ECO
IF is one of the specific days of the week at a specified time,", THEN enable the dishwasher.",FREE,ECO,NEUTRAL,ECO
IF is one of the specific days of the week at a specified time,", THEN enable the dishwasher.",FREE,ECO,NEUTRAL,ECO
IF is one of the specific days of the week at a specified time,", THEN enable the dishwasher.",FREE,ECO,NEUTRAL,ECO
IF is one of the specific days of the week at a specified time,", THEN enable the dishwasher.",FREE,ECO,NEUTRAL,ECO
IF is one of the specific days of the week at a specified time,", THEN enable the dishwasher.",FREE,ECO,NEUTRAL,ECO
IF is one of the specific days of the week at a specified time,", THEN enable the dishwasher.",FREE,ECO,NEUTRAL,ECO
IF is one of the specific days of the week at a specified time,", THEN enable the dishwasher.",FREE,ECO,NEUTRAL,ECO
IF is one of the specific days of the week at a specified time,", THEN activate the dishwasher.",FREE,ECO,NEUTRAL,ECO
IF is one of the specific days of the week at a specified time,", THEN activate the dishwasher.",FREE,ECO,NEUTRAL,ECO
IF is one of the specific days of the week at a specified time,", THEN activate the dishwasher.",FREE,ECO,NEUTRAL,ECO
IF is one of the specific days of the week at a specified time,", THEN activate the dishwasher.",FREE,ECO,NEUTRAL,ECO
IF is one of the specific days of the week at a specified time,", THEN activate the dishwasher.",FREE,ECO,NEUTRAL,ECO
IF is one of the specific days of the week at a specified time,", THEN activate the dishwasher.",FREE,ECO,NEUTRAL,ECO
IF is one of the specific days of the week at a specified time,", THEN activate the dishwasher.",FREE,ECO,NEUTRAL,ECO
IF is one of the specific days of the week at a specified time,", THEN activate the dishwasher.",FREE,ECO,NEUTRAL,ECO
IF is one of the specific days of the week at a specified time,", THEN activate the dishwasher.",FREE,ECO,NEUTRAL,ECO
IF is one of the specific days of the week at a specified time,", THEN activate the dishwasher.",FREE,ECO,NEUTRAL,ECO
IF a calendar event with a specific keyword occurs,", THEN deturn on eco mode on the appliance.",FREE,NEUTRAL,ECO,ECO
IF a calendar event with a specific keyword occurs,", THEN deturn on eco mode on the appliance.",FREE,NEUTRAL,ECO,ECO
IF a calendar event with a specific keyword occurs,", THEN deturn on eco mode on the appliance.",FREE,NEUTRAL,ECO,ECO
IF a calendar event with a specific keyword occurs,", THEN deturn on eco mode on the appliance.",FREE,NEUTRAL,ECO,ECO
IF a calendar event with a specific keyword occurs,", THEN deturn on eco mode on the appliance.",FREE,NEUTRAL,ECO,ECO
IF a calendar event with a specific keyword occurs,", THEN deturn on eco mode on the appliance.",FREE,NEUTRAL,ECO,ECO
IF a calendar event with a specific keyword occurs,", THEN deturn on eco mode on the appliance.",FREE,NEUTRAL,ECO,ECO
IF a calendar event with a specific keyword occurs,", THEN deturn on eco mode on the appliance.",FREE,NEUTRAL,ECO,ECO
IF a calendar event with a specific keyword occurs,", THEN deturn on eco mode on the appliance.",FREE,NEUTRAL,ECO,ECO
IF a calendar event with a specific keyword occurs,", THEN deturn on eco mode on the appliance.",FREE,NEUTRAL,ECO,ECO
IF a calendar event with a specific keyword occurs,", THEN start the coffee with the specified program.",FREE,NEUTRAL,ECO,ECO
IF a calendar event with a specific keyword occurs,", THEN start the coffee with the specified program.",FREE,NEUTRAL,ECO,ECO
IF a calendar event with a specific keyword occurs,", THEN start the coffee with the specified program.",FREE,NEUTRAL,ECO,ECO
IF a calendar event with a specific keyword occurs,", THEN start the coffee with the specified program.",FREE,NEUTRAL,ECO,ECO
IF a calendar event with a specific keyword occurs,", THEN start the coffee with the specified program.",FREE,NEUTRAL,ECO,ECO
IF a calendar event with a specific keyword occurs,", THEN start the coffee with the specified program.",FREE,NEUTRAL,ECO,ECO
IF a calendar event with a specific keyword occurs,", THEN start the coffee with the specified program.",FREE,NEUTRAL,ECO,ECO
IF a calendar event with a specific keyword occurs,", THEN start the coffee with the specified program.",FREE,NEUTRAL,ECO,ECO
IF a calendar event with a specific keyword occurs,", THEN start the coffee with the specified program.",FREE,NEUTRAL,ECO,ECO
IF a calendar event with a specific keyword occurs,", THEN start the coffee with the specified program.",FREE,NEUTRAL,ECO,ECO
IF a calendar event with a specific keyword occurs,", THEN turn on the coffee with the specific program.",FREE,NEUTRAL,ECO,ECO
IF a calendar event with a specific keyword occurs,", THEN turn on the coffee with the specific program.",FREE,NEUTRAL,ECO,ECO
IF a calendar event with a specific keyword occurs,", THEN turn on the coffee with the specific program.",FREE,NEUTRAL,ECO,ECO
IF a calendar event with a specific keyword occurs,", THEN turn on the coffee with the specific program.",FREE,NEUTRAL,ECO,ECO
IF a calendar event with a specific keyword occurs,", THEN turn on the coffee with the specific program.",FREE,NEUTRAL,ECO,ECO
IF a calendar event with a specific keyword occurs,", THEN turn on the coffee with the specific program.",FREE,NEUTRAL,ECO,ECO
IF a calendar event with a specific keyword occurs,", THEN turn on the coffee with the specific program.",FREE,NEUTRAL,ECO,ECO
IF a calendar event with a specific keyword occurs,", THEN turn on the coffee with the specific program.",FREE,NEUTRAL,ECO,ECO
IF a calendar event with a specific keyword occurs,", THEN turn on the coffee with the specific program.",FREE,NEUTRAL,ECO,ECO
IF a calendar event with a specific keyword occurs,", THEN turn on the coffee with the specific program.",FREE,NEUTRAL,ECO,ECO
IF a calendar event with a specific keyword occurs,", THEN start the coffee with the chosen program.",FREE,NEUTRAL,ECO,ECO
IF a calendar event with a specific keyword occurs,", THEN start the coffee with the chosen program.",FREE,NEUTRAL,ECO,ECO
IF a calendar event with a specific keyword occurs,", THEN start the coffee with the chosen program.",FREE,NEUTRAL,ECO,ECO
IF a calendar event with a specific keyword occurs,", THEN start the coffee with the chosen program.",FREE,NEUTRAL,ECO,ECO
IF a calendar event with a specific keyword occurs,", THEN start the coffee with the chosen program.",FREE,NEUTRAL,ECO,ECO
IF a calendar event with a specific keyword occurs,", THEN start the coffee with the chosen program.",FREE,NEUTRAL,ECO,ECO
IF a calendar event with a specific keyword occurs,", THEN start the coffee with the chosen program.",FREE,NEUTRAL,ECO,ECO
IF a calendar event with a specific keyword occurs,", THEN start the coffee with the chosen program.",FREE,NEUTRAL,ECO,ECO
IF a calendar event with a specific keyword occurs,", THEN start the coffee with the chosen program.",FREE,NEUTRAL,ECO,ECO
IF a calendar event with a specific keyword occurs,", THEN start the coffee with the chosen program.",FREE,NEUTRAL,ECO,ECO
IF a calendar event with a specific keyword occurs,", THEN turn on the coffee with the chosen program.",FREE,NEUTRAL,ECO,ECO
IF a calendar event with a specific keyword occurs,", THEN turn on the coffee with the chosen program.",FREE,NEUTRAL,ECO,ECO
IF a calendar event with a specific keyword occurs,", THEN turn on the coffee with the chosen program.",FREE,NEUTRAL,ECO,ECO
IF a calendar event with a specific keyword occurs,", THEN turn on the coffee with the chosen program.",FREE,NEUTRAL,ECO,ECO
IF a calendar event with a specific keyword occurs,", THEN turn on the coffee with the chosen program.",FREE,NEUTRAL,ECO,ECO
IF a calendar event with a specific keyword occurs,", THEN turn on the coffee with the chosen program.",FREE,NEUTRAL,ECO,ECO
IF a calendar event with a specific keyword occurs,", THEN turn on the coffee with the chosen program.",FREE,NEUTRAL,ECO,ECO
IF a calendar event with a specific keyword occurs,", THEN turn on the coffee with the chosen program.",FREE,NEUTRAL,ECO,ECO
IF a calendar event with a specific keyword occurs,", THEN turn on the coffee with the chosen program.",FREE,NEUTRAL,ECO,ECO
IF a calendar event with a specific keyword occurs,", THEN turn on the coffee with the chosen program.",FREE,NEUTRAL,ECO,ECO
IF a calendar event with a specific keyword occurs,", THEN stop eco mode on the appliance.",FREE,NEUTRAL,ECO,ECO
IF a calendar event with a specific keyword occurs,", THEN stop eco mode on the appliance.",FREE,NEUTRAL,ECO,ECO
IF a calendar event with a specific keyword occurs,", THEN stop eco mode on the appliance.",FREE,NEUTRAL,ECO,ECO
IF a calendar event with a specific keyword occurs,", THEN stop eco mode on the appliance.",FREE,NEUTRAL,ECO,ECO
IF a calendar event with a specific keyword occurs,", THEN stop eco mode on the appliance.",FREE,NEUTRAL,ECO,ECO
IF a calendar event with a specific keyword occurs,", THEN stop eco mode on the appliance.",FREE,NEUTRAL,ECO,ECO
IF a calendar event with a specific keyword occurs,", THEN stop eco mode on the appliance.",FREE,NEUTRAL,ECO,ECO
IF a calendar event with a specific keyword occurs,", THEN stop eco mode on the appliance.",FREE,NEUTRAL,ECO,ECO
IF a calendar event with a specific keyword occurs,", THEN stop eco mode on the appliance.",FREE,NEUTRAL,ECO,ECO
IF a calendar event with a specific keyword occurs,", THEN stop eco mode on the appliance.",FREE,NEUTRAL,ECO,ECO
IF a calendar event with a specific keyword occurs,", THEN deactivate eco mode on the appliance.",FREE,NEUTRAL,ECO,ECO
IF a calendar event with a specific keyword occurs,", THEN deactivate eco mode on the appliance.",FREE,NEUTRAL,ECO,ECO
IF a calendar event with a specific keyword occurs,", THEN deactivate eco mode on the appliance.",FREE,NEUTRAL,ECO,ECO
IF a calendar event with a specific keyword occurs,", THEN deactivate eco mode on the appliance.",FREE,NEUTRAL,ECO,ECO
IF a calendar event with a specific keyword occurs,", THEN deactivate eco mode on the appliance.",FREE,NEUTRAL,ECO,ECO
IF a calendar event with a specific keyword occurs,", THEN deactivate eco mode on the appliance.",FREE,NEUTRAL,ECO,ECO
IF a calendar event with a specific keyword occurs,", THEN deactivate eco mode on the appliance.",FREE,NEUTRAL,ECO,ECO
IF a calendar event with a specific keyword occurs,", THEN deactivate eco mode on the appliance.",FREE,NEUTRAL,ECO,ECO
IF a calendar event with a specific keyword occurs,", THEN deactivate eco mode on the appliance.",FREE,NEUTRAL,ECO,ECO
IF a calendar event with a specific keyword occurs,", THEN deactivate eco mode on the appliance.",FREE,NEUTRAL,ECO,ECO
IF a button is pressed,", THEN deturn on eco mode on the appliance.",FREE,NEUTRAL,ECO,ECO
IF a button is pressed,", THEN deturn on eco mode on the appliance.",FREE,NEUTRAL,ECO,ECO
IF a button is pressed,", THEN deturn on eco mode on the appliance.",FREE,NEUTRAL,ECO,ECO
IF a button is pressed,", THEN deturn on eco mode on the appliance.",FREE,NEUTRAL,ECO,ECO
IF a button is pressed,", THEN deturn on eco mode on the appliance.",FREE,NEUTRAL,ECO,ECO
IF a button is pressed,", THEN deturn on eco mode on the appliance.",FREE,NEUTRAL,ECO,ECO
IF a button is pressed,", THEN deturn on eco mode on the appliance.",FREE,NEUTRAL,ECO,ECO
IF a button is pressed,", THEN deturn on eco mode on the appliance.",FREE,NEUTRAL,ECO,ECO
IF a button is pressed,", THEN deturn on eco mode on the appliance.",FREE,NEUTRAL,ECO,ECO
IF a button is pressed,", THEN deturn on eco mode on the appliance.",FREE,NEUTRAL,ECO,ECO
IF a button is pressed,", THEN start the coffee with the specified program.",FREE,NEUTRAL,ECO,ECO
IF a button is pressed,", THEN start the coffee with the specified program.",FREE,NEUTRAL,ECO,ECO
IF a button is pressed,", THEN start the coffee with the specified program.",FREE,NEUTRAL,ECO,ECO
IF a button is pressed,", THEN start the coffee with the specified program.",FREE,NEUTRAL,ECO,ECO
IF a button is pressed,", THEN start the coffee with the specified program.",FREE,NEUTRAL,ECO,ECO
IF a button is pressed,", THEN start the coffee with the specified program.",FREE,NEUTRAL,ECO,ECO
IF a button is pressed,", THEN start the coffee with the specified program.",FREE,NEUTRAL,ECO,ECO
IF a button is pressed,", THEN start the coffee with the specified program.",FREE,NEUTRAL,ECO,ECO
IF a button is pressed,", THEN start the coffee with the specified program.",FREE,NEUTRAL,ECO,ECO
IF a button is pressed,", THEN start the coffee with the specified program.",FREE,NEUTRAL,ECO,ECO
IF a button is pressed,", THEN turn on the coffee with the specific program.",FREE,NEUTRAL,ECO,ECO
IF a button is pressed,", THEN turn on the coffee with the specific program.",FREE,NEUTRAL,ECO,ECO
IF a button is pressed,", THEN turn on the coffee with the specific program.",FREE,NEUTRAL,ECO,ECO
IF a button is pressed,", THEN turn on the coffee with the specific program.",FREE,NEUTRAL,ECO,ECO
IF a button is pressed,", THEN turn on the coffee with the specific program.",FREE,NEUTRAL,ECO,ECO
IF a button is pressed,", THEN turn on the coffee with the specific program.",FREE,NEUTRAL,ECO,ECO
IF a button is pressed,", THEN turn on the coffee with the specific program.",FREE,NEUTRAL,ECO,ECO
IF a button is pressed,", THEN turn on the coffee with the specific program.",FREE,NEUTRAL,ECO,ECO
IF a button is pressed,", THEN turn on the coffee with the specific program.",FREE,NEUTRAL,ECO,ECO
IF a button is pressed,", THEN turn on the coffee with the specific program.",FREE,NEUTRAL,ECO,ECO
IF a button is pressed,", THEN start the coffee with the chosen program.",FREE,NEUTRAL,ECO,ECO
IF a button is pressed,", THEN start the coffee with the chosen program.",FREE,NEUTRAL,ECO,ECO
IF a button is pressed,", THEN start the coffee with the chosen program.",FREE,NEUTRAL,ECO,ECO
IF a button is pressed,", THEN start the coffee with the chosen program.",FREE,NEUTRAL,ECO,ECO
IF a button is pressed,", THEN start the coffee with the chosen program.",FREE,NEUTRAL,ECO,ECO
IF a button is pressed,", THEN start the coffee with the chosen program.",FREE,NEUTRAL,ECO,ECO
IF a button is pressed,", THEN start the coffee with the chosen program.",FREE,NEUTRAL,ECO,ECO
IF a button is pressed,", THEN start the coffee with the chosen program.",FREE,NEUTRAL,ECO,ECO
IF a button is pressed,", THEN start the coffee with the chosen program.",FREE,NEUTRAL,ECO,ECO
IF a button is pressed,", THEN start the coffee with the chosen program.",FREE,NEUTRAL,ECO,ECO
IF a button is pressed,", THEN turn on the coffee with the chosen program.",FREE,NEUTRAL,ECO,ECO
IF a button is pressed,", THEN turn on the coffee with the chosen program.",FREE,NEUTRAL,ECO,ECO
IF a button is pressed,", THEN turn on the coffee with the chosen program.",FREE,NEUTRAL,ECO,ECO
IF a button is pressed,", THEN turn on the coffee with the chosen program.",FREE,NEUTRAL,ECO,ECO
IF a button is pressed,", THEN turn on the coffee with the chosen program.",FREE,NEUTRAL,ECO,ECO
IF a button is pressed,", THEN turn on the coffee with the chosen program.",FREE,NEUTRAL,ECO,ECO
IF a button is pressed,", THEN turn on the coffee with the chosen program.",FREE,NEUTRAL,ECO,ECO
IF a button is pressed,", THEN turn on the coffee with the chosen program.",FREE,NEUTRAL,ECO,ECO
IF a button is pressed,", THEN turn on the coffee with the chosen program.",FREE,NEUTRAL,ECO,ECO
IF a button is pressed,", THEN turn on the coffee with the chosen program.",FREE,NEUTRAL,ECO,ECO
IF a button is pressed,", THEN stop eco mode on the appliance.",FREE,NEUTRAL,ECO,ECO
IF a button is pressed,", THEN stop eco mode on the appliance.",FREE,NEUTRAL,ECO,ECO
IF a button is pressed,", THEN stop eco mode on the appliance.",FREE,NEUTRAL,ECO,ECO
IF a button is pressed,", THEN stop eco mode on the appliance.",FREE,NEUTRAL,ECO,ECO
IF a button is pressed,", THEN stop eco mode on the appliance.",FREE,NEUTRAL,ECO,ECO
IF a button is pressed,", THEN stop eco mode on the appliance.",FREE,NEUTRAL,ECO,ECO
IF a button is pressed,", THEN stop eco mode on the appliance.",FREE,NEUTRAL,ECO,ECO
IF a button is pressed,", THEN stop eco mode on the appliance.",FREE,NEUTRAL,ECO,ECO
IF a button is pressed,", THEN stop eco mode on the appliance.",FREE,NEUTRAL,ECO,ECO
IF a button is pressed,", THEN stop eco mode on the appliance.",FREE,NEUTRAL,ECO,ECO
IF a button is pressed,", THEN deactivate eco mode on the appliance.",FREE,NEUTRAL,ECO,ECO
IF a button is pressed,", THEN deactivate eco mode on the appliance.",FREE,NEUTRAL,ECO,ECO
IF a button is pressed,", THEN deactivate eco mode on the appliance.",FREE,NEUTRAL,ECO,ECO
IF a button is pressed,", THEN deactivate eco mode on the appliance.",FREE,NEUTRAL,ECO,ECO
IF a button is pressed,", THEN deactivate eco mode on the appliance.",FREE,NEUTRAL,ECO,ECO
IF a button is pressed,", THEN deactivate eco mode on the appliance.",FREE,NEUTRAL,ECO,ECO
IF a button is pressed,", THEN deactivate eco mode on the appliance.",FREE,NEUTRAL,ECO,ECO
IF a button is pressed,", THEN deactivate eco mode on the appliance.",FREE,NEUTRAL,ECO,ECO
IF a button is pressed,", THEN deactivate eco mode on the appliance.",FREE,NEUTRAL,ECO,ECO
IF a button is pressed,", THEN deactivate eco mode on the appliance.",FREE,NEUTRAL,ECO,ECO
IF is one of the specific days of the week at a specific time,", THEN turn off then microwave.",FREE,ECO,NEUTRAL,ECO
IF is one of the specific days of the week at a specific time,", THEN turn off then microwave.",FREE,ECO,NEUTRAL,ECO
IF is one of the specific days of the week at a specific time,", THEN turn off then microwave.",FREE,ECO,NEUTRAL,ECO
IF is one of the specific days of the week at a specific time,", THEN turn off then microwave.",FREE,ECO,NEUTRAL,ECO
IF is one of the specific days of the week at a specific time,", THEN turn off then microwave.",FREE,ECO,NEUTRAL,ECO
IF is one of the specific days of the week at a specific time,", THEN turn off then microwave.",FREE,ECO,NEUTRAL,ECO
IF is one of the specific days of the week at a specific time,", THEN turn off then microwave.",FREE,ECO,NEUTRAL,ECO
IF is one of the specific days of the week at a specific time,", THEN turn off then microwave.",FREE,ECO,NEUTRAL,ECO
IF is one of the specific days of the week at a specific time,", THEN turn off then microwave.",FREE,ECO,NEUTRAL,ECO
IF is one of the specific days of the week at a specific time,", THEN turn off then microwave.",FREE,ECO,NEUTRAL,ECO
IF is one of the specific days of the week at a specific time,", THEN deturn on eco mode on the appliance.",FREE,ECO,ECO,ECO
IF is one of the specific days of the week at a specific time,", THEN deturn on eco mode on the appliance.",FREE,ECO,ECO,ECO
IF is one of the specific days of the week at a specific time,", THEN deturn on eco mode on the appliance.",FREE,ECO,ECO,ECO
IF is one of the specific days of the week at a specific time,", THEN deturn on eco mode on the appliance.",FREE,ECO,ECO,ECO
IF is one of the specific days of the week at a specific time,", THEN deturn on eco mode on the appliance.",FREE,ECO,ECO,ECO
IF is one of the specific days of the week at a specific time,", THEN deturn on eco mode on the appliance.",FREE,ECO,ECO,ECO
IF is one of the specific days of the week at a specific time,", THEN deturn on eco mode on the appliance.",FREE,ECO,ECO,ECO
IF is one of the specific days of the week at a specific time,", THEN deturn on eco mode on the appliance.",FREE,ECO,ECO,ECO
IF is one of the specific days of the week at a specific time,", THEN deturn on eco mode on the appliance.",FREE,ECO,ECO,ECO
IF is one of the specific days of the week at a specific time,", THEN deturn on eco mode on the appliance.",FREE,ECO,ECO,ECO
IF is one of the specific days of the week at a specific time,", THEN destart fresh mode on the appliance.",FREE,ECO,NEUTRAL,ECO
IF is one of the specific days of the week at a specific time,", THEN destart fresh mode on the appliance.",FREE,ECO,NEUTRAL,ECO
IF is one of the specific days of the week at a specific time,", THEN destart fresh mode on the appliance.",FREE,ECO,NEUTRAL,ECO
IF is one of the specific days of the week at a specific time,", THEN destart fresh mode on the appliance.",FREE,ECO,NEUTRAL,ECO
IF is one of the specific days of the week at a specific time,", THEN destart fresh mode on the appliance.",FREE,ECO,NEUTRAL,ECO
IF is one of the specific days of the week at a specific time,", THEN destart fresh mode on the appliance.",FREE,ECO,NEUTRAL,ECO
IF is one of the specific days of the week at a specific time,", THEN destart fresh mode on the appliance.",FREE,ECO,NEUTRAL,ECO
IF is one of the specific days of the week at a specific time,", THEN destart fresh mode on the appliance.",FREE,ECO,NEUTRAL,ECO
IF is one of the specific days of the week at a specific time,", THEN destart fresh mode on the appliance.",FREE,ECO,NEUTRAL,ECO
IF is one of the specific days of the week at a specific time,", THEN destart fresh mode on the appliance.",FREE,ECO,NEUTRAL,ECO
IF is one of the specific days of the week at a specific time,", THEN preheat the dryer using the hot air program with fast preheat.",FREE,ECO,NEUTRAL,ECO
IF is one of the specific days of the week at a specific time,", THEN preheat the dryer using the hot air program with fast preheat.",FREE,ECO,NEUTRAL,ECO
IF is one of the specific days of the week at a specific time,", THEN preheat the dryer using the hot air program with fast preheat.",FREE,ECO,NEUTRAL,ECO
IF is one of the specific days of the week at a specific time,", THEN preheat the dryer using the hot air program with fast preheat.",FREE,ECO,NEUTRAL,ECO
IF is one of the specific days of the week at a specific time,", THEN preheat the dryer using the hot air program with fast preheat.",FREE,ECO,NEUTRAL,ECO
IF is one of the specific days of the week at a specific time,", THEN preheat the dryer using the hot air program with fast preheat.",FREE,ECO,NEUTRAL,ECO
IF is one of the specific days of the week at a specific time,", THEN preheat the dryer using the hot air program with fast preheat.",FREE,ECO,NEUTRAL,ECO
IF is one of the specific days of the week at a specific time,", THEN preheat the dryer using the hot air program with fast preheat.",FREE,ECO,NEUTRAL,ECO
IF is one of the specific days of the week at a specific time,", THEN preheat the dryer using the hot air program with fast preheat.",FREE,ECO,NEUTRAL,ECO
IF is one of the specific days of the week at a specific time,", THEN preheat the dryer using the hot air program with fast preheat.",FREE,ECO,NEUTRAL,ECO
IF is one of the specific days of the week at a specific time,", THEN preheat the oven using the hot air program with fast preheat.",FREE,ECO,NEUTRAL,ECO
IF is one of the specific days of the week at a specific time,", THEN preheat the oven using the hot air program with fast preheat.",FREE,ECO,NEUTRAL,ECO
IF is one of the specific days of the week at a specific time,", THEN preheat the oven using the hot air program with fast preheat.",FREE,ECO,NEUTRAL,ECO
IF is one of the specific days of the week at a specific time,", THEN preheat the oven using the hot air program with fast preheat.",FREE,ECO,NEUTRAL,ECO
IF is one of the specific days of the week at a specific time,", THEN preheat the oven using the hot air program with fast preheat.",FREE,ECO,NEUTRAL,ECO
IF is one of the specific days of the week at a specific time,", THEN preheat the oven using the hot air program with fast preheat.",FREE,ECO,NEUTRAL,ECO
IF is one of the specific days of the week at a specific time,", THEN preheat the oven using the hot air program with fast preheat.",FREE,ECO,NEUTRAL,ECO
IF is one of the specific days of the week at a specific time,", THEN preheat the oven using the hot air program with fast preheat.",FREE,ECO,NEUTRAL,ECO
IF is one of the specific days of the week at a specific time,", THEN preheat the oven using the hot air program with fast preheat.",FREE,ECO,NEUTRAL,ECO
IF is one of the specific days of the week at a specific time,", THEN preheat the oven using the hot air program with fast preheat.",FREE,ECO,NEUTRAL,ECO
IF is one of the specific days of the week at a specific time,", THEN disable then oven.",FREE,ECO,NEUTRAL,ECO
IF is one of the specific days of the week at a specific time,", THEN disable then oven.",FREE,ECO,NEUTRAL,ECO
IF is one of the specific days of the week at a specific time,", THEN disable then oven.",FREE,ECO,NEUTRAL,ECO
IF is one of the specific days of the week at a specific time,", THEN disable then oven.",FREE,ECO,NEUTRAL,ECO
IF is one of the specific days of the week at a specific time,", THEN disable then oven.",FREE,ECO,NEUTRAL,ECO
IF is one of the specific days of the week at a specific time,", THEN disable then oven.",FREE,ECO,NEUTRAL,ECO
IF is one of the specific days of the week at a specific time,", THEN disable then oven.",FREE,ECO,NEUTRAL,ECO
IF is one of the specific days of the week at a specific time,", THEN disable then oven.",FREE,ECO,NEUTRAL,ECO
IF is one of the specific days of the week at a specific time,", THEN disable then oven.",FREE,ECO,NEUTRAL,ECO
IF is one of the specific days of the week at a specific time,", THEN disable then oven.",FREE,ECO,NEUTRAL,ECO
IF is one of the specific days of the week at a specific time,", THEN deenable vacation mode on the appliance.",FREE,ECO,NEUTRAL,ECO
IF is one of the specific days of the week at a specific time,", THEN deenable vacation mode on the appliance.",FREE,ECO,NEUTRAL,ECO
IF is one of the specific days of the week at a specific time,", THEN deenable vacation mode on the appliance.",FREE,ECO,NEUTRAL,ECO
IF is one of the specific days of the week at a specific time,", THEN deenable vacation mode on the appliance.",FREE,ECO,NEUTRAL,ECO
IF is one of the specific days of the week at a specific time,", THEN deenable vacation mode on the appliance.",FREE,ECO,NEUTRAL,ECO
IF is one of the specific days of the week at a specific time,", THEN deenable vacation mode on the appliance.",FREE,ECO,NEUTRAL,ECO
IF is one of the specific days of the week at a specific time,", THEN deenable vacation mode on the appliance.",FREE,ECO,NEUTRAL,ECO
IF is one of the specific days of the week at a specific time,", THEN deenable vacation mode on the appliance.",FREE,ECO,NEUTRAL,ECO
IF is one of the specific days of the week at a specific time,", THEN deenable vacation mode on the appliance.",FREE,ECO,NEUTRAL,ECO
IF is one of the specific days of the week at a specific time,", THEN deenable vacation mode on the appliance.",FREE,ECO,NEUTRAL,ECO
IF is one of the specific days of the week at a specific time,", THEN start the coffee with the specified program.",FREE,ECO,ECO,ECO
IF is one of the specific days of the week at a specific time,", THEN start the coffee with the specified program.",FREE,ECO,ECO,ECO
IF is one of the specific days of the week at a specific time,", THEN start the coffee with the specified program.",FREE,ECO,ECO,ECO
IF is one of the specific days of the week at a specific time,", THEN start the coffee with the specified program.",FREE,ECO,ECO,ECO
IF is one of the specific days of the week at a specific time,", THEN start the coffee with the specified program.",FREE,ECO,ECO,ECO
IF is one of the specific days of the week at a specific time,", THEN start the coffee with the specified program.",FREE,ECO,ECO,ECO
IF is one of the specific days of the week at a specific time,", THEN start the coffee with the specified program.",FREE,ECO,ECO,ECO
IF is one of the specific days of the week at a specific time,", THEN start the coffee with the specified program.",FREE,ECO,ECO,ECO
IF is one of the specific days of the week at a specific time,", THEN start the coffee with the specified program.",FREE,ECO,ECO,ECO
IF is one of the specific days of the week at a specific time,", THEN start the coffee with the specified program.",FREE,ECO,ECO,ECO
IF is one of the specific days of the week at a specific time,", THEN deturn on fresh mode on the appliance.",FREE,ECO,NEUTRAL,ECO
IF is one of the specific days of the week at a specific time,", THEN deturn on fresh mode on the appliance.",FREE,ECO,NEUTRAL,ECO
IF is one of the specific days of the week at a specific time,", THEN deturn on fresh mode on the appliance.",FREE,ECO,NEUTRAL,ECO
IF is one of the specific days of the week at a specific time,", THEN deturn on fresh mode on the appliance.",FREE,ECO,NEUTRAL,ECO
IF is one of the specific days of the week at a specific time,", THEN deturn on fresh mode on the appliance.",FREE,ECO,NEUTRAL,ECO
IF is one of the specific days of the week at a specific time,", THEN deturn on fresh mode on the appliance.",FREE,ECO,NEUTRAL,ECO
IF is one of the specific days of the week at a specific time,", THEN deturn on fresh mode on the appliance.",FREE,ECO,NEUTRAL,ECO
IF is one of the specific days of the week at a specific time,", THEN deturn on fresh mode on the appliance.",FREE,ECO,NEUTRAL,ECO
IF is one of the specific days of the week at a specific time,", THEN deturn on fresh mode on the appliance.",FREE,ECO,NEUTRAL,ECO
IF is one of the specific days of the week at a specific time,", THEN deturn on fresh mode on the appliance.",FREE,ECO,NEUTRAL,ECO
IF is one of the specific days of the week at a specific time,", THEN deactivate fresh mode on the appliance.",FREE,ECO,NEUTRAL,ECO
IF is one of the specific days of the week at a specific time,", THEN deactivate fresh mode on the appliance.",FREE,ECO,NEUTRAL,ECO
IF is one of the specific days of the week at a specific time,", THEN deactivate fresh mode on the appliance.",FREE,ECO,NEUTRAL,ECO
IF is one of the specific days of the week at a specific time,", THEN deactivate fresh mode on the appliance.",FREE,ECO,NEUTRAL,ECO
IF is one of the specific days of the week at a specific time,", THEN deactivate fresh mode on the appliance.",FREE,ECO,NEUTRAL,ECO
IF is one of the specific days of the week at a specific time,", THEN deactivate fresh mode on the appliance.",FREE,ECO,NEUTRAL,ECO
IF is one of the specific days of the week at a specific time,", THEN deactivate fresh mode on the appliance.",FREE,ECO,NEUTRAL,ECO
IF is one of the specific days of the week at a specific time,", THEN deactivate fresh mode on the appliance.",FREE,ECO,NEUTRAL,ECO
IF is one of the specific days of the week at a specific time,", THEN deactivate fresh mode on the appliance.",FREE,ECO,NEUTRAL,ECO
IF is one of the specific days of the week at a specific time,", THEN deactivate fresh mode on the appliance.",FREE,ECO,NEUTRAL,ECO
IF is one of the specific days of the week at a specific time,", THEN stop the dishwasher.",FREE,ECO,NEUTRAL,ECO
IF is one of the specific days of the week at a specific time,", THEN stop the dishwasher.",FREE,ECO,NEUTRAL,ECO
IF is one of the specific days of the week at a specific time,", THEN stop the dishwasher.",FREE,ECO,NEUTRAL,ECO
IF is one of the specific days of the week at a specific time,", THEN stop the dishwasher.",FREE,ECO,NEUTRAL,ECO
IF is one of the specific days of the week at a specific time,", THEN stop the dishwasher.",FREE,ECO,NEUTRAL,ECO
IF is one of the specific days of the week at a specific time,", THEN stop the dishwasher.",FREE,ECO,NEUTRAL,ECO
IF is one of the specific days of the week at a specific time,", THEN stop the dishwasher.",FREE,ECO,NEUTRAL,ECO
IF is one of the specific days of the week at a specific time,", THEN stop the dishwasher.",FREE,ECO,NEUTRAL,ECO
IF is one of the specific days of the week at a specific time,", THEN stop the dishwasher.",FREE,ECO,NEUTRAL,ECO
IF is one of the specific days of the week at a specific time,", THEN stop the dishwasher.",FREE,ECO,NEUTRAL,ECO
IF is one of the specific days of the week at a specific time,", THEN turn off the dishwasher.",FREE,ECO,NEUTRAL,ECO
IF is one of the specific days of the week at a specific time,", THEN turn off the dishwasher.",FREE,ECO,NEUTRAL,ECO
IF is one of the specific days of the week at a specific time,", THEN turn off the dishwasher.",FREE,ECO,NEUTRAL,ECO
IF is one of the specific days of the week at a specific time,", THEN turn off the dishwasher.",FREE,ECO,NEUTRAL,ECO
IF is one of the specific days of the week at a specific time,", THEN turn off the dishwasher.",FREE,ECO,NEUTRAL,ECO
IF is one of the specific days of the week at a specific time,", THEN turn off the dishwasher.",FREE,ECO,NEUTRAL,ECO
IF is one of the specific days of the week at a specific time,", THEN turn off the dishwasher.",FREE,ECO,NEUTRAL,ECO
IF is one of the specific days of the week at a specific time,", THEN turn off the dishwasher.",FREE,ECO,NEUTRAL,ECO
IF is one of the specific days of the week at a specific time,", THEN turn off the dishwasher.",FREE,ECO,NEUTRAL,ECO
IF is one of the specific days of the week at a specific time,", THEN turn off the dishwasher.",FREE,ECO,NEUTRAL,ECO
IF is one of the specific days of the week at a specific time,", THEN turn on the coffee with the specific program.",FREE,ECO,ECO,ECO
IF is one of the specific days of the week at a specific time,", THEN turn on the coffee with the specific program.",FREE,ECO,ECO,ECO
IF is one of the specific days of the week at a specific time,", THEN turn on the coffee with the specific program.",FREE,ECO,ECO,ECO
IF is one of the specific days of the week at a specific time,", THEN turn on the coffee with the specific program.",FREE,ECO,ECO,ECO
IF is one of the specific days of the week at a specific time,", THEN turn on the coffee with the specific program.",FREE,ECO,ECO,ECO
IF is one of the specific days of the week at a specific time,", THEN turn on the coffee with the specific program.",FREE,ECO,ECO,ECO
IF is one of the specific days of the week at a specific time,", THEN turn on the coffee with the specific program.",FREE,ECO,ECO,ECO
IF is one of the specific days of the week at a specific time,", THEN turn on the coffee with the specific program.",FREE,ECO,ECO,ECO
IF is one of the specific days of the week at a specific time,", THEN turn on the coffee with the specific program.",FREE,ECO,ECO,ECO
IF is one of the specific days of the week at a specific time,", THEN turn on the coffee with the specific program.",FREE,ECO,ECO,ECO
IF is one of the specific days of the week at a specific time,", THEN disable the hood.",FREE,ECO,NEUTRAL,ECO
IF is one of the specific days of the week at a specific time,", THEN disable the hood.",FREE,ECO,NEUTRAL,ECO
IF is one of the specific days of the week at a specific time,", THEN disable the hood.",FREE,ECO,NEUTRAL,ECO
IF is one of the specific days of the week at a specific time,", THEN disable the hood.",FREE,ECO,NEUTRAL,ECO
IF is one of the specific days of the week at a specific time,", THEN disable the hood.",FREE,ECO,NEUTRAL,ECO
IF is one of the specific days of the week at a specific time,", THEN disable the hood.",FREE,ECO,NEUTRAL,ECO
IF is one of the specific days of the week at a specific time,", THEN disable the hood.",FREE,ECO,NEUTRAL,ECO
IF is one of the specific days of the week at a specific time,", THEN disable the hood.",FREE,ECO,NEUTRAL,ECO
IF is one of the specific days of the week at a specific time,", THEN disable the hood.",FREE,ECO,NEUTRAL,ECO
IF is one of the specific days of the week at a specific time,", THEN disable the hood.",FREE,ECO,NEUTRAL,ECO
IF is one of the specific days of the week at a specific time,", THEN start the dishwasher.",FREE,ECO,NEUTRAL,ECO
IF is one of the specific days of the week at a specific time,", THEN start the dishwasher.",FREE,ECO,NEUTRAL,ECO
IF is one of the specific days of the week at a specific time,", THEN start the dishwasher.",FREE,ECO,NEUTRAL,ECO
IF is one of the specific days of the week at a specific time,", THEN start the dishwasher.",FREE,ECO,NEUTRAL,ECO
IF is one of the specific days of the week at a specific time,", THEN start the dishwasher.",FREE,ECO,NEUTRAL,ECO
IF is one of the specific days of the week at a specific time,", THEN start the dishwasher.",FREE,ECO,NEUTRAL,ECO
IF is one of the specific days of the week at a specific time,", THEN start the dishwasher.",FREE,ECO,NEUTRAL,ECO
IF is one of the specific days of the week at a specific time,", THEN start the dishwasher.",FREE,ECO,NEUTRAL,ECO
IF is one of the specific days of the week at a specific time,", THEN start the dishwasher.",FREE,ECO,NEUTRAL,ECO
IF is one of the specific days of the week at a specific time,", THEN start the dishwasher.",FREE,ECO,NEUTRAL,ECO
IF is one of the specific days of the week at a specific time,", THEN activate the hood with the default program.",FREE,ECO,NEUTRAL,ECO
IF is one of the specific days of the week at a specific time,", THEN activate the hood with the default program.",FREE,ECO,NEUTRAL,ECO
IF is one of the specific days of the week at a specific time,", THEN activate the hood with the default program.",FREE,ECO,NEUTRAL,ECO
IF is one of the specific days of the week at a specific time,", THEN activate the hood with the default program.",FREE,ECO,NEUTRAL,ECO
IF is one of the specific days of the week at a specific time,", THEN activate the hood with the default program.",FREE,ECO,NEUTRAL,ECO
IF is one of the specific days of the week at a specific time,", THEN activate the hood with the default program.",FREE,ECO,NEUTRAL,ECO
IF is one of the specific days of the week at a specific time,", THEN activate the hood with the default program.",FREE,ECO,NEUTRAL,ECO
IF is one of the specific days of the week at a specific time,", THEN activate the hood with the default program.",FREE,ECO,NEUTRAL,ECO
IF is one of the specific days of the week at a specific time,", THEN activate the hood with the default program.",FREE,ECO,NEUTRAL,ECO
IF is one of the specific days of the week at a specific time,", THEN activate the hood with the default program.",FREE,ECO,NEUTRAL,ECO
IF is one of the specific days of the week at a specific time,", THEN turn on the selected dishwasher program.",FREE,ECO,NEUTRAL,ECO
IF is one of the specific days of the week at a specific time,", THEN turn on the selected dishwasher program.",FREE,ECO,NEUTRAL,ECO
IF is one of the specific days of the week at a specific time,", THEN turn on the selected dishwasher program.",FREE,ECO,NEUTRAL,ECO
IF is one of the specific days of the week at a specific time,", THEN turn on the selected dishwasher program.",FREE,ECO,NEUTRAL,ECO
IF is one of the specific days of the week at a specific time,", THEN turn on the selected dishwasher program.",FREE,ECO,NEUTRAL,ECO
IF is one of the specific days of the week at a specific time,", THEN turn on the selected dishwasher program.",FREE,ECO,NEUTRAL,ECO
IF is one of the specific days of the week at a specific time,", THEN turn on the selected dishwasher program.",FREE,ECO,NEUTRAL,ECO
IF is one of the specific days of the week at a specific time,", THEN turn on the selected dishwasher program.",FREE,ECO,NEUTRAL,ECO
IF is one of the specific days of the week at a specific time,", THEN turn on the selected dishwasher program.",FREE,ECO,NEUTRAL,ECO
IF is one of the specific days of the week at a specific time,", THEN turn on the selected dishwasher program.",FREE,ECO,NEUTRAL,ECO
IF is one of the specific days of the week at a specific time,", THEN start the hood.",FREE,ECO,NEUTRAL,ECO
IF is one of the specific days of the week at a specific time,", THEN start the hood.",FREE,ECO,NEUTRAL,ECO
IF is one of the specific days of the week at a specific time,", THEN start the hood.",FREE,ECO,NEUTRAL,ECO
IF is one of the specific days of the week at a specific time,", THEN start the hood.",FREE,ECO,NEUTRAL,ECO
IF is one of the specific days of the week at a specific time,", THEN start the hood.",FREE,ECO,NEUTRAL,ECO
IF is one of the specific days of the week at a specific time,", THEN start the hood.",FREE,ECO,NEUTRAL,ECO
IF is one of the specific days of the week at a specific time,", THEN start the hood.",FREE,ECO,NEUTRAL,ECO
IF is one of the specific days of the week at a specific time,", THEN start the hood.",FREE,ECO,NEUTRAL,ECO
IF is one of the specific days of the week at a specific time,", THEN start the hood.",FREE,ECO,NEUTRAL,ECO
IF is one of the specific days of the week at a specific time,", THEN start the hood.",FREE,ECO,NEUTRAL,ECO
IF is one of the specific days of the week at a specific time,", THEN preheat the microwave using the hot air program with fast preheat.",FREE,ECO,NEUTRAL,ECO
IF is one of the specific days of the week at a specific time,", THEN preheat the microwave using the hot air program with fast preheat.",FREE,ECO,NEUTRAL,ECO
IF is one of the specific days of the week at a specific time,", THEN preheat the microwave using the hot air program with fast preheat.",FREE,ECO,NEUTRAL,ECO
IF is one of the specific days of the week at a specific time,", THEN preheat the microwave using the hot air program with fast preheat.",FREE,ECO,NEUTRAL,ECO
IF is one of the specific days of the week at a specific time,", THEN preheat the microwave using the hot air program with fast preheat.",FREE,ECO,NEUTRAL,ECO
IF is one of the specific days of the week at a specific time,", THEN preheat the microwave using the hot air program with fast preheat.",FREE,ECO,NEUTRAL,ECO
IF is one of the specific days of the week at a specific time,", THEN preheat the microwave using the hot air program with fast preheat.",FREE,ECO,NEUTRAL,ECO
IF is one of the specific days of the week at a specific time,", THEN preheat the microwave using the hot air program with fast preheat.",FREE,ECO,NEUTRAL,ECO
IF is one of the specific days of the week at a specific time,", THEN preheat the microwave using the hot air program with fast preheat.",FREE,ECO,NEUTRAL,ECO
IF is one of the specific days of the week at a specific time,", THEN preheat the microwave using the hot air program with fast preheat.",FREE,ECO,NEUTRAL,ECO
IF is one of the specific days of the week at a specific time,", THEN turn off then oven.",FREE,ECO,NEUTRAL,ECO
IF is one of the specific days of the week at a specific time,", THEN turn off then oven.",FREE,ECO,NEUTRAL,ECO
IF is one of the specific days of the week at a specific time,", THEN turn off then oven.",FREE,ECO,NEUTRAL,ECO
IF is one of the specific days of the week at a specific time,", THEN turn off then oven.",FREE,ECO,NEUTRAL,ECO
IF is one of the specific days of the week at a specific time,", THEN turn off then oven.",FREE,ECO,NEUTRAL,ECO
IF is one of the specific days of the week at a specific time,", THEN turn off then oven.",FREE,ECO,NEUTRAL,ECO
IF is one of the specific days of the week at a specific time,", THEN turn off then oven.",FREE,ECO,NEUTRAL,ECO
IF is one of the specific days of the week at a specific time,", THEN turn off then oven.",FREE,ECO,NEUTRAL,ECO
IF is one of the specific days of the week at a specific time,", THEN turn off then oven.",FREE,ECO,NEUTRAL,ECO
IF is one of the specific days of the week at a specific time,", THEN turn off then oven.",FREE,ECO,NEUTRAL,ECO
IF is one of the specific days of the week at a specific time,", THEN turn on the coffee machine.",FREE,ECO,NEUTRAL,ECO
IF is one of the specific days of the week at a specific time,", THEN turn on the coffee machine.",FREE,ECO,NEUTRAL,ECO
IF is one of the specific days of the week at a specific time,", THEN turn on the coffee machine.",FREE,ECO,NEUTRAL,ECO
IF is one of the specific days of the week at a specific time,", THEN turn on the coffee machine.",FREE,ECO,NEUTRAL,ECO
IF is one of the specific days of the week at a specific time,", THEN turn on the coffee machine.",FREE,ECO,NEUTRAL,ECO
IF is one of the specific days of the week at a specific time,", THEN turn on the coffee machine.",FREE,ECO,NEUTRAL,ECO
IF is one of the specific days of the week at a specific time,", THEN turn on the coffee machine.",FREE,ECO,NEUTRAL,ECO
IF is one of the specific days of the week at a specific time,", THEN turn on the coffee machine.",FREE,ECO,NEUTRAL,ECO
IF is one of the specific days of the week at a specific time,", THEN turn on the coffee machine.",FREE,ECO,NEUTRAL,ECO
IF is one of the specific days of the week at a specific time,", THEN turn on the coffee machine.",FREE,ECO,NEUTRAL,ECO
IF is one of the specific days of the week at a specific time,", THEN start the coffee with the chosen program.",FREE,ECO,ECO,ECO
IF is one of the specific days of the week at a specific time,", THEN start the coffee with the chosen program.",FREE,ECO,ECO,ECO
IF is one of the specific days of the week at a specific time,", THEN start the coffee with the chosen program.",FREE,ECO,ECO,ECO
IF is one of the specific days of the week at a specific time,", THEN start the coffee with the chosen program.",FREE,ECO,ECO,ECO
IF is one of the specific days of the week at a specific time,", THEN start the coffee with the chosen program.",FREE,ECO,ECO,ECO
IF is one of the specific days of the week at a specific time,", THEN start the coffee with the chosen program.",FREE,ECO,ECO,ECO
IF is one of the specific days of the week at a specific time,", THEN start the coffee with the chosen program.",FREE,ECO,ECO,ECO
IF is one of the specific days of the week at a specific time,", THEN start the coffee with the chosen program.",FREE,ECO,ECO,ECO
IF is one of the specific days of the week at a specific time,", THEN start the coffee with the chosen program.",FREE,ECO,ECO,ECO
IF is one of the specific days of the week at a specific time,", THEN start the coffee with the chosen program.",FREE,ECO,ECO,ECO
IF is one of the specific days of the week at a specific time,", THEN turn off the hood.",FREE,ECO,NEUTRAL,ECO
IF is one of the specific days of the week at a specific time,", THEN turn off the hood.",FREE,ECO,NEUTRAL,ECO
IF is one of the specific days of the week at a specific time,", THEN turn off the hood.",FREE,ECO,NEUTRAL,ECO
IF is one of the specific days of the week at a specific time,", THEN turn off the hood.",FREE,ECO,NEUTRAL,ECO
IF is one of the specific days of the week at a specific time,", THEN turn off the hood.",FREE,ECO,NEUTRAL,ECO
IF is one of the specific days of the week at a specific time,", THEN turn off the hood.",FREE,ECO,NEUTRAL,ECO
IF is one of the specific days of the week at a specific time,", THEN turn off the hood.",FREE,ECO,NEUTRAL,ECO
IF is one of the specific days of the week at a specific time,", THEN turn off the hood.",FREE,ECO,NEUTRAL,ECO
IF is one of the specific days of the week at a specific time,", THEN turn off the hood.",FREE,ECO,NEUTRAL,ECO
IF is one of the specific days of the week at a specific time,", THEN turn off the hood.",FREE,ECO,NEUTRAL,ECO
IF is one of the specific days of the week at a specific time,", THEN deactivate a coffee machine.",FREE,ECO,NEUTRAL,ECO
IF is one of the specific days of the week at a specific time,", THEN deactivate a coffee machine.",FREE,ECO,NEUTRAL,ECO
IF is one of the specific days of the week at a specific time,", THEN deactivate a coffee machine.",FREE,ECO,NEUTRAL,ECO
IF is one of the specific days of the week at a specific time,", THEN deactivate a coffee machine.",FREE,ECO,NEUTRAL,ECO
IF is one of the specific days of the week at a specific time,", THEN deactivate a coffee machine.",FREE,ECO,NEUTRAL,ECO
IF is one of the specific days of the week at a specific time,", THEN deactivate a coffee machine.",FREE,ECO,NEUTRAL,ECO
IF is one of the specific days of the week at a specific time,", THEN deactivate a coffee machine.",FREE,ECO,NEUTRAL,ECO
IF is one of the specific days of the week at a specific time,", THEN deactivate a coffee machine.",FREE,ECO,NEUTRAL,ECO
IF is one of the specific days of the week at a specific time,", THEN deactivate a coffee machine.",FREE,ECO,NEUTRAL,ECO
IF is one of the specific days of the week at a specific time,", THEN deactivate a coffee machine.",FREE,ECO,NEUTRAL,ECO
IF is one of the specific days of the week at a specific time,", THEN activate the coffee machine.",FREE,ECO,NEUTRAL,ECO
IF is one of the specific days of the week at a specific time,", THEN activate the coffee machine.",FREE,ECO,NEUTRAL,ECO
IF is one of the specific days of the week at a specific time,", THEN activate the coffee machine.",FREE,ECO,NEUTRAL,ECO
IF is one of the specific days of the week at a specific time,", THEN activate the coffee machine.",FREE,ECO,NEUTRAL,ECO
IF is one of the specific days of the week at a specific time,", THEN activate the coffee machine.",FREE,ECO,NEUTRAL,ECO
IF is one of the specific days of the week at a specific time,", THEN activate the coffee machine.",FREE,ECO,NEUTRAL,ECO
IF is one of the specific days of the week at a specific time,", THEN activate the coffee machine.",FREE,ECO,NEUTRAL,ECO
IF is one of the specific days of the week at a specific time,", THEN activate the coffee machine.",FREE,ECO,NEUTRAL,ECO
IF is one of the specific days of the week at a specific time,", THEN activate the coffee machine.",FREE,ECO,NEUTRAL,ECO
IF is one of the specific days of the week at a specific time,", THEN activate the coffee machine.",FREE,ECO,NEUTRAL,ECO
IF is one of the specific days of the week at a specific time,", THEN turn on the hood with the default program.",FREE,ECO,NEUTRAL,ECO
IF is one of the specific days of the week at a specific time,", THEN turn on the hood with the default program.",FREE,ECO,NEUTRAL,ECO
IF is one of the specific days of the week at a specific time,", THEN turn on the hood with the default program.",FREE,ECO,NEUTRAL,ECO
IF is one of the specific days of the week at a specific time,", THEN turn on the hood with the default program.",FREE,ECO,NEUTRAL,ECO
IF is one of the specific days of the week at a specific time,", THEN turn on the hood with the default program.",FREE,ECO,NEUTRAL,ECO
IF is one of the specific days of the week at a specific time,", THEN turn on the hood with the default program.",FREE,ECO,NEUTRAL,ECO
IF is one of the specific days of the week at a specific time,", THEN turn on the hood with the default program.",FREE,ECO,NEUTRAL,ECO
IF is one of the specific days of the week at a specific time,", THEN turn on the hood with the default program.",FREE,ECO,NEUTRAL,ECO
IF is one of the specific days of the week at a specific time,", THEN turn on the hood with the default program.",FREE,ECO,NEUTRAL,ECO
IF is one of the specific days of the week at a specific time,", THEN turn on the hood with the default program.",FREE,ECO,NEUTRAL,ECO
IF is one of the specific days of the week at a specific time,", THEN deactivate the hood.",FREE,ECO,NEUTRAL,ECO
IF is one of the specific days of the week at a specific time,", THEN deactivate the hood.",FREE,ECO,NEUTRAL,ECO
IF is one of the specific days of the week at a specific time,", THEN deactivate the hood.",FREE,ECO,NEUTRAL,ECO
IF is one of the specific days of the week at a specific time,", THEN deactivate the hood.",FREE,ECO,NEUTRAL,ECO
IF is one of the specific days of the week at a specific time,", THEN deactivate the hood.",FREE,ECO,NEUTRAL,ECO
IF is one of the specific days of the week at a specific time,", THEN deactivate the hood.",FREE,ECO,NEUTRAL,ECO
IF is one of the specific days of the week at a specific time,", THEN deactivate the hood.",FREE,ECO,NEUTRAL,ECO
IF is one of the specific days of the week at a specific time,", THEN deactivate the hood.",FREE,ECO,NEUTRAL,ECO
IF is one of the specific days of the week at a specific time,", THEN deactivate the hood.",FREE,ECO,NEUTRAL,ECO
IF is one of the specific days of the week at a specific time,", THEN deactivate the hood.",FREE,ECO,NEUTRAL,ECO
IF is one of the specific days of the week at a specific time,", THEN turn on the hood.",FREE,ECO,NEUTRAL,ECO
IF is one of the specific days of the week at a specific time,", THEN turn on the hood.",FREE,ECO,NEUTRAL,ECO
IF is one of the specific days of the week at a specific time,", THEN turn on the hood.",FREE,ECO,NEUTRAL,ECO
IF is one of the specific days of the week at a specific time,", THEN turn on the hood.",FREE,ECO,NEUTRAL,ECO
IF is one of the specific days of the week at a specific time,", THEN turn on the hood.",FREE,ECO,NEUTRAL,ECO
IF is one of the specific days of the week at a specific time,", THEN turn on the hood.",FREE,ECO,NEUTRAL,ECO
IF is one of the specific days of the week at a specific time,", THEN turn on the hood.",FREE,ECO,NEUTRAL,ECO
IF is one of the specific days of the week at a specific time,", THEN turn on the hood.",FREE,ECO,NEUTRAL,ECO
IF is one of the specific days of the week at a specific time,", THEN turn on the hood.",FREE,ECO,NEUTRAL,ECO
IF is one of the specific days of the week at a specific time,", THEN turn on the hood.",FREE,ECO,NEUTRAL,ECO
IF is one of the specific days of the week at a specific time,", THEN turn on the oven.",FREE,ECO,NEUTRAL,ECO
IF is one of the specific days of the week at a specific time,", THEN turn on the oven.",FREE,ECO,NEUTRAL,ECO
IF is one of the specific days of the week at a specific time,", THEN turn on the oven.",FREE,ECO,NEUTRAL,ECO
IF is one of the specific days of the week at a specific time,", THEN turn on the oven.",FREE,ECO,NEUTRAL,ECO
IF is one of the specific days of the week at a specific time,", THEN turn on the oven.",FREE,ECO,NEUTRAL,ECO
IF is one of the specific days of the week at a specific time,", THEN turn on the oven.",FREE,ECO,NEUTRAL,ECO
IF is one of the specific days of the week at a specific time,", THEN turn on the oven.",FREE,ECO,NEUTRAL,ECO
IF is one of the specific days of the week at a specific time,", THEN turn on the oven.",FREE,ECO,NEUTRAL,ECO
IF is one of the specific days of the week at a specific time,", THEN turn on the oven.",FREE,ECO,NEUTRAL,ECO
IF is one of the specific days of the week at a specific time,", THEN turn on the oven.",FREE,ECO,NEUTRAL,ECO
IF is one of the specific days of the week at a specific time,", THEN destart vacation mode on the appliance.",FREE,ECO,NEUTRAL,ECO
IF is one of the specific days of the week at a specific time,", THEN destart vacation mode on the appliance.",FREE,ECO,NEUTRAL,ECO
IF is one of the specific days of the week at a specific time,", THEN destart vacation mode on the appliance.",FREE,ECO,NEUTRAL,ECO
IF is one of the specific days of the week at a specific time,", THEN destart vacation mode on the appliance.",FREE,ECO,NEUTRAL,ECO
IF is one of the specific days of the week at a specific time,", THEN destart vacation mode on the appliance.",FREE,ECO,NEUTRAL,ECO
IF is one of the specific days of the week at a specific time,", THEN destart vacation mode on the appliance.",FREE,ECO,NEUTRAL,ECO
IF is one of the specific days of the week at a specific time,", THEN destart vacation mode on the appliance.",FREE,ECO,NEUTRAL,ECO
IF is one of the specific days of the week at a specific time,", THEN destart vacation mode on the appliance.",FREE,ECO,NEUTRAL,ECO
IF is one of the specific days of the week at a specific time,", THEN destart vacation mode on the appliance.",FREE,ECO,NEUTRAL,ECO
IF is one of the specific days of the week at a specific time,", THEN destart vacation mode on the appliance.",FREE,ECO,NEUTRAL,ECO
IF is one of the specific days of the week at a specific time,", THEN turn off a coffee machine.",FREE,ECO,NEUTRAL,ECO
IF is one of the specific days of the week at a specific time,", THEN turn off a coffee machine.",FREE,ECO,NEUTRAL,ECO
IF is one of the specific days of the week at a specific time,", THEN turn off a coffee machine.",FREE,ECO,NEUTRAL,ECO
IF is one of the specific days of the week at a specific time,", THEN turn off a coffee machine.",FREE,ECO,NEUTRAL,ECO
IF is one of the specific days of the week at a specific time,", THEN turn off a coffee machine.",FREE,ECO,NEUTRAL,ECO
IF is one of the specific days of the week at a specific time,", THEN turn off a coffee machine.",FREE,ECO,NEUTRAL,ECO
IF is one of the specific days of the week at a specific time,", THEN turn off a coffee machine.",FREE,ECO,NEUTRAL,ECO
IF is one of the specific days of the week at a specific time,", THEN turn off a coffee machine.",FREE,ECO,NEUTRAL,ECO
IF is one of the specific days of the week at a specific time,", THEN turn off a coffee machine.",FREE,ECO,NEUTRAL,ECO
IF is one of the specific days of the week at a specific time,", THEN turn off a coffee machine.",FREE,ECO,NEUTRAL,ECO
IF is one of the specific days of the week at a specific time,", THEN turn on the coffee with the chosen program.",FREE,ECO,ECO,ECO
IF is one of the specific days of the week at a specific time,", THEN turn on the coffee with the chosen program.",FREE,ECO,ECO,ECO
IF is one of the specific days of the week at a specific time,", THEN turn on the coffee with the chosen program.",FREE,ECO,ECO,ECO
IF is one of the specific days of the week at a specific time,", THEN turn on the coffee with the chosen program.",FREE,ECO,ECO,ECO
IF is one of the specific days of the week at a specific time,", THEN turn on the coffee with the chosen program.",FREE,ECO,ECO,ECO
IF is one of the specific days of the week at a specific time,", THEN turn on the coffee with the chosen program.",FREE,ECO,ECO,ECO
IF is one of the specific days of the week at a specific time,", THEN turn on the coffee with the chosen program.",FREE,ECO,ECO,ECO
IF is one of the specific days of the week at a specific time,", THEN turn on the coffee with the chosen program.",FREE,ECO,ECO,ECO
IF is one of the specific days of the week at a specific time,", THEN turn on the coffee with the chosen program.",FREE,ECO,ECO,ECO
IF is one of the specific days of the week at a specific time,", THEN turn on the coffee with the chosen program.",FREE,ECO,ECO,ECO
IF is one of the specific days of the week at a specific time,", THEN stop eco mode on the appliance.",FREE,ECO,ECO,ECO
IF is one of the specific days of the week at a specific time,", THEN stop eco mode on the appliance.",FREE,ECO,ECO,ECO
IF is one of the specific days of the week at a specific time,", THEN stop eco mode on the appliance.",FREE,ECO,ECO,ECO
IF is one of the specific days of the week at a specific time,", THEN stop eco mode on the appliance.",FREE,ECO,ECO,ECO
IF is one of the specific days of the week at a specific time,", THEN stop eco mode on the appliance.",FREE,ECO,ECO,ECO
IF is one of the specific days of the week at a specific time,", THEN stop eco mode on the appliance.",FREE,ECO,ECO,ECO
IF is one of the specific days of the week at a specific time,", THEN stop eco mode on the appliance.",FREE,ECO,ECO,ECO
IF is one of the specific days of the week at a specific time,", THEN stop eco mode on the appliance.",FREE,ECO,ECO,ECO
IF is one of the specific days of the week at a specific time,", THEN stop eco mode on the appliance.",FREE,ECO,ECO,ECO
IF is one of the specific days of the week at a specific time,", THEN stop eco mode on the appliance.",FREE,ECO,ECO,ECO
IF is one of the specific days of the week at a specific time,", THEN activate the oven.",FREE,ECO,NEUTRAL,ECO
IF is one of the specific days of the week at a specific time,", THEN activate the oven.",FREE,ECO,NEUTRAL,ECO
IF is one of the specific days of the week at a specific time,", THEN activate the oven.",FREE,ECO,NEUTRAL,ECO
IF is one of the specific days of the week at a specific time,", THEN activate the oven.",FREE,ECO,NEUTRAL,ECO
IF is one of the specific days of the week at a specific time,", THEN activate the oven.",FREE,ECO,NEUTRAL,ECO
IF is one of the specific days of the week at a specific time,", THEN activate the oven.",FREE,ECO,NEUTRAL,ECO
IF is one of the specific days of the week at a specific time,", THEN activate the oven.",FREE,ECO,NEUTRAL,ECO
IF is one of the specific days of the week at a specific time,", THEN activate the oven.",FREE,ECO,NEUTRAL,ECO
IF is one of the specific days of the week at a specific time,", THEN activate the oven.",FREE,ECO,NEUTRAL,ECO
IF is one of the specific days of the week at a specific time,", THEN activate the oven.",FREE,ECO,NEUTRAL,ECO
IF is one of the specific days of the week at a specific time,", THEN deactivate eco mode on the appliance.",FREE,ECO,ECO,ECO
IF is one of the specific days of the week at a specific time,", THEN deactivate eco mode on the appliance.",FREE,ECO,ECO,ECO
IF is one of the specific days of the week at a specific time,", THEN deactivate eco mode on the appliance.",FREE,ECO,ECO,ECO
IF is one of the specific days of the week at a specific time,", THEN deactivate eco mode on the appliance.",FREE,ECO,ECO,ECO
IF is one of the specific days of the week at a specific time,", THEN deactivate eco mode on the appliance.",FREE,ECO,ECO,ECO
IF is one of the specific days of the week at a specific time,", THEN deactivate eco mode on the appliance.",FREE,ECO,ECO,ECO
IF is one of the specific days of the week at a specific time,", THEN deactivate eco mode on the appliance.",FREE,ECO,ECO,ECO
IF is one of the specific days of the week at a specific time,", THEN deactivate eco mode on the appliance.",FREE,ECO,ECO,ECO
IF is one of the specific days of the week at a specific time,", THEN deactivate eco mode on the appliance.",FREE,ECO,ECO,ECO
IF is one of the specific days of the week at a specific time,", THEN deactivate eco mode on the appliance.",FREE,ECO,ECO,ECO
IF is one of the specific days of the week at a specific time,", THEN deactivate vacation mode on the appliance.",FREE,ECO,NEUTRAL,ECO
IF is one of the specific days of the week at a specific time,", THEN deactivate vacation mode on the appliance.",FREE,ECO,NEUTRAL,ECO
IF is one of the specific days of the week at a specific time,", THEN deactivate vacation mode on the appliance.",FREE,ECO,NEUTRAL,ECO
IF is one of the specific days of the week at a specific time,", THEN deactivate vacation mode on the appliance.",FREE,ECO,NEUTRAL,ECO
IF is one of the specific days of the week at a specific time,", THEN deactivate vacation mode on the appliance.",FREE,ECO,NEUTRAL,ECO
IF is one of the specific days of the week at a specific time,", THEN deactivate vacation mode on the appliance.",FREE,ECO,NEUTRAL,ECO
IF is one of the specific days of the week at a specific time,", THEN deactivate vacation mode on the appliance.",FREE,ECO,NEUTRAL,ECO
IF is one of the specific days of the week at a specific time,", THEN deactivate vacation mode on the appliance.",FREE,ECO,NEUTRAL,ECO
IF is one of the specific days of the week at a specific time,", THEN deactivate vacation mode on the appliance.",FREE,ECO,NEUTRAL,ECO
IF is one of the specific days of the week at a specific time,", THEN deactivate vacation mode on the appliance.",FREE,ECO,NEUTRAL,ECO
IF is one of the specific days of the week at a specific time,", THEN turn off vacation mode on the appliance.",FREE,ECO,NEUTRAL,ECO
IF is one of the specific days of the week at a specific time,", THEN turn off vacation mode on the appliance.",FREE,ECO,NEUTRAL,ECO
IF is one of the specific days of the week at a specific time,", THEN turn off vacation mode on the appliance.",FREE,ECO,NEUTRAL,ECO
IF is one of the specific days of the week at a specific time,", THEN turn off vacation mode on the appliance.",FREE,ECO,NEUTRAL,ECO
IF is one of the specific days of the week at a specific time,", THEN turn off vacation mode on the appliance.",FREE,ECO,NEUTRAL,ECO
IF is one of the specific days of the week at a specific time,", THEN turn off vacation mode on the appliance.",FREE,ECO,NEUTRAL,ECO
IF is one of the specific days of the week at a specific time,", THEN turn off vacation mode on the appliance.",FREE,ECO,NEUTRAL,ECO
IF is one of the specific days of the week at a specific time,", THEN turn off vacation mode on the appliance.",FREE,ECO,NEUTRAL,ECO
IF is one of the specific days of the week at a specific time,", THEN turn off vacation mode on the appliance.",FREE,ECO,NEUTRAL,ECO
IF is one of the specific days of the week at a specific time,", THEN turn off vacation mode on the appliance.",FREE,ECO,NEUTRAL,ECO
IF is one of the specific days of the week at a specific time,", THEN start the selected dishwasher program.",FREE,ECO,NEUTRAL,ECO
IF is one of the specific days of the week at a specific time,", THEN start the selected dishwasher program.",FREE,ECO,NEUTRAL,ECO
IF is one of the specific days of the week at a specific time,", THEN start the selected dishwasher program.",FREE,ECO,NEUTRAL,ECO
IF is one of the specific days of the week at a specific time,", THEN start the selected dishwasher program.",FREE,ECO,NEUTRAL,ECO
IF is one of the specific days of the week at a specific time,", THEN start the selected dishwasher program.",FREE,ECO,NEUTRAL,ECO
IF is one of the specific days of the week at a specific time,", THEN start the selected dishwasher program.",FREE,ECO,NEUTRAL,ECO
IF is one of the specific days of the week at a specific time,", THEN start the selected dishwasher program.",FREE,ECO,NEUTRAL,ECO
IF is one of the specific days of the week at a specific time,", THEN start the selected dishwasher program.",FREE,ECO,NEUTRAL,ECO
IF is one of the specific days of the week at a specific time,", THEN start the selected dishwasher program.",FREE,ECO,NEUTRAL,ECO
IF is one of the specific days of the week at a specific time,", THEN start the selected dishwasher program.",FREE,ECO,NEUTRAL,ECO
IF is one of the specific days of the week at a specific time,", THEN start the oven.",FREE,ECO,NEUTRAL,ECO
IF is one of the specific days of the week at a specific time,", THEN start the oven.",FREE,ECO,NEUTRAL,ECO
IF is one of the specific days of the week at a specific time,", THEN start the oven.",FREE,ECO,NEUTRAL,ECO
IF is one of the specific days of the week at a specific time,", THEN start the oven.",FREE,ECO,NEUTRAL,ECO
IF is one of the specific days of the week at a specific time,", THEN start the oven.",FREE,ECO,NEUTRAL,ECO
IF is one of the specific days of the week at a specific time,", THEN start the oven.",FREE,ECO,NEUTRAL,ECO
IF is one of the specific days of the week at a specific time,", THEN start the oven.",FREE,ECO,NEUTRAL,ECO
IF is one of the specific days of the week at a specific time,", THEN start the oven.",FREE,ECO,NEUTRAL,ECO
IF is one of the specific days of the week at a specific time,", THEN start the oven.",FREE,ECO,NEUTRAL,ECO
IF is one of the specific days of the week at a specific time,", THEN start the oven.",FREE,ECO,NEUTRAL,ECO
IF is one of the specific days of the week at a specific time,", THEN disable a coffee machine.",FREE,ECO,NEUTRAL,ECO
IF is one of the specific days of the week at a specific time,", THEN disable a coffee machine.",FREE,ECO,NEUTRAL,ECO
IF is one of the specific days of the week at a specific time,", THEN disable a coffee machine.",FREE,ECO,NEUTRAL,ECO
IF is one of the specific days of the week at a specific time,", THEN disable a coffee machine.",FREE,ECO,NEUTRAL,ECO
IF is one of the specific days of the week at a specific time,", THEN disable a coffee machine.",FREE,ECO,NEUTRAL,ECO
IF is one of the specific days of the week at a specific time,", THEN disable a coffee machine.",FREE,ECO,NEUTRAL,ECO
IF is one of the specific days of the week at a specific time,", THEN disable a coffee machine.",FREE,ECO,NEUTRAL,ECO
IF is one of the specific days of the week at a specific time,", THEN disable a coffee machine.",FREE,ECO,NEUTRAL,ECO
IF is one of the specific days of the week at a specific time,", THEN disable a coffee machine.",FREE,ECO,NEUTRAL,ECO
IF is one of the specific days of the week at a specific time,", THEN disable a coffee machine.",FREE,ECO,NEUTRAL,ECO
IF is one of the specific days of the week at a specific time,", THEN start the coffee machine.",FREE,ECO,NEUTRAL,ECO
IF is one of the specific days of the week at a specific time,", THEN start the coffee machine.",FREE,ECO,NEUTRAL,ECO
IF is one of the specific days of the week at a specific time,", THEN start the coffee machine.",FREE,ECO,NEUTRAL,ECO
IF is one of the specific days of the week at a specific time,", THEN start the coffee machine.",FREE,ECO,NEUTRAL,ECO
IF is one of the specific days of the week at a specific time,", THEN start the coffee machine.",FREE,ECO,NEUTRAL,ECO
IF is one of the specific days of the week at a specific time,", THEN start the coffee machine.",FREE,ECO,NEUTRAL,ECO
IF is one of the specific days of the week at a specific time,", THEN start the coffee machine.",FREE,ECO,NEUTRAL,ECO
IF is one of the specific days of the week at a specific time,", THEN start the coffee machine.",FREE,ECO,NEUTRAL,ECO
IF is one of the specific days of the week at a specific time,", THEN start the coffee machine.",FREE,ECO,NEUTRAL,ECO
IF is one of the specific days of the week at a specific time,", THEN start the coffee machine.",FREE,ECO,NEUTRAL,ECO
IF is one of the specific days of the week at a specific time,", THEN turn on the dishwasher.",FREE,ECO,NEUTRAL,ECO
IF is one of the specific days of the week at a specific time,", THEN turn on the dishwasher.",FREE,ECO,NEUTRAL,ECO
IF is one of the specific days of the week at a specific time,", THEN turn on the dishwasher.",FREE,ECO,NEUTRAL,ECO
IF is one of the specific days of the week at a specific time,", THEN turn on the dishwasher.",FREE,ECO,NEUTRAL,ECO
IF is one of the specific days of the week at a specific time,", THEN turn on the dishwasher.",FREE,ECO,NEUTRAL,ECO
IF is one of the specific days of the week at a specific time,", THEN turn on the dishwasher.",FREE,ECO,NEUTRAL,ECO
IF is one of the specific days of the week at a specific time,", THEN turn on the dishwasher.",FREE,ECO,NEUTRAL,ECO
IF is one of the specific days of the week at a specific time,", THEN turn on the dishwasher.",FREE,ECO,NEUTRAL,ECO
IF is one of the specific days of the week at a specific time,", THEN turn on the dishwasher.",FREE,ECO,NEUTRAL,ECO
IF is one of the specific days of the week at a specific time,", THEN turn on the dishwasher.",FREE,ECO,NEUTRAL,ECO
IF is one of the specific days of the week at a specific time,", THEN deactivate the dishwasher.",FREE,ECO,NEUTRAL,ECO
IF is one of the specific days of the week at a specific time,", THEN deactivate the dishwasher.",FREE,ECO,NEUTRAL,ECO
IF is one of the specific days of the week at a specific time,", THEN deactivate the dishwasher.",FREE,ECO,NEUTRAL,ECO
IF is one of the specific days of the week at a specific time,", THEN deactivate the dishwasher.",FREE,ECO,NEUTRAL,ECO
IF is one of the specific days of the week at a specific time,", THEN deactivate the dishwasher.",FREE,ECO,NEUTRAL,ECO
IF is one of the specific days of the week at a specific time,", THEN deactivate the dishwasher.",FREE,ECO,NEUTRAL,ECO
IF is one of the specific days of the week at a specific time,", THEN deactivate the dishwasher.",FREE,ECO,NEUTRAL,ECO
IF is one of the specific days of the week at a specific time,", THEN deactivate the dishwasher.",FREE,ECO,NEUTRAL,ECO
IF is one of the specific days of the week at a specific time,", THEN deactivate the dishwasher.",FREE,ECO,NEUTRAL,ECO
IF is one of the specific days of the week at a specific time,", THEN deactivate the dishwasher.",FREE,ECO,NEUTRAL,ECO
IF is one of the specific days of the week at a specific time,", THEN deactivate then oven.",FREE,ECO,NEUTRAL,ECO
IF is one of the specific days of the week at a specific time,", THEN deactivate then oven.",FREE,ECO,NEUTRAL,ECO
IF is one of the specific days of the week at a specific time,", THEN deactivate then oven.",FREE,ECO,NEUTRAL,ECO
IF is one of the specific days of the week at a specific time,", THEN deactivate then oven.",FREE,ECO,NEUTRAL,ECO
IF is one of the specific days of the week at a specific time,", THEN deactivate then oven.",FREE,ECO,NEUTRAL,ECO
IF is one of the specific days of the week at a specific time,", THEN deactivate then oven.",FREE,ECO,NEUTRAL,ECO
IF is one of the specific days of the week at a specific time,", THEN deactivate then oven.",FREE,ECO,NEUTRAL,ECO
IF is one of the specific days of the week at a specific time,", THEN deactivate then oven.",FREE,ECO,NEUTRAL,ECO
IF is one of the specific days of the week at a specific time,", THEN deactivate then oven.",FREE,ECO,NEUTRAL,ECO
IF is one of the specific days of the week at a specific time,", THEN deactivate then oven.",FREE,ECO,NEUTRAL,ECO
IF is one of the specific days of the week at a specific time,", THEN enable the dishwasher.",FREE,ECO,NEUTRAL,ECO
IF is one of the specific days of the week at a specific time,", THEN enable the dishwasher.",FREE,ECO,NEUTRAL,ECO
IF is one of the specific days of the week at a specific time,", THEN enable the dishwasher.",FREE,ECO,NEUTRAL,ECO
IF is one of the specific days of the week at a specific time,", THEN enable the dishwasher.",FREE,ECO,NEUTRAL,ECO
IF is one of the specific days of the week at a specific time,", THEN enable the dishwasher.",FREE,ECO,NEUTRAL,ECO
IF is one of the specific days of the week at a specific time,", THEN enable the dishwasher.",FREE,ECO,NEUTRAL,ECO
IF is one of the specific days of the week at a specific time,", THEN enable the dishwasher.",FREE,ECO,NEUTRAL,ECO
IF is one of the specific days of the week at a specific time,", THEN enable the dishwasher.",FREE,ECO,NEUTRAL,ECO
IF is one of the specific days of the week at a specific time,", THEN enable the dishwasher.",FREE,ECO,NEUTRAL,ECO
IF is one of the specific days of the week at a specific time,", THEN enable the dishwasher.",FREE,ECO,NEUTRAL,ECO
IF is one of the specific days of the week at a specific time,", THEN activate the dishwasher.",FREE,ECO,NEUTRAL,ECO
IF is one of the specific days of the week at a specific time,", THEN activate the dishwasher.",FREE,ECO,NEUTRAL,ECO
IF is one of the specific days of the week at a specific time,", THEN activate the dishwasher.",FREE,ECO,NEUTRAL,ECO
IF is one of the specific days of the week at a specific time,", THEN activate the dishwasher.",FREE,ECO,NEUTRAL,ECO
IF is one of the specific days of the week at a specific time,", THEN activate the dishwasher.",FREE,ECO,NEUTRAL,ECO
IF is one of the specific days of the week at a specific time,", THEN activate the dishwasher.",FREE,ECO,NEUTRAL,ECO
IF is one of the specific days of the week at a specific time,", THEN activate the dishwasher.",FREE,ECO,NEUTRAL,ECO
IF is one of the specific days of the week at a specific time,", THEN activate the dishwasher.",FREE,ECO,NEUTRAL,ECO
IF is one of the specific days of the week at a specific time,", THEN activate the dishwasher.",FREE,ECO,NEUTRAL,ECO
IF is one of the specific days of the week at a specific time,", THEN activate the dishwasher.",FREE,ECO,NEUTRAL,ECO
IF every day at a specified time,", THEN start the dishwasher.",LOCKED,ECO,NEUTRAL,ECO
IF every day at a specified time,", THEN start the dishwasher.",LOCKED,ECO,NEUTRAL,ECO
IF every day at a specified time,", THEN start the dishwasher.",LOCKED,ECO,NEUTRAL,ECO
IF every day at a specified time,", THEN start the dishwasher.",LOCKED,ECO,NEUTRAL,ECO
IF every day at a specified time,", THEN start the dishwasher.",LOCKED,ECO,NEUTRAL,ECO
IF every day at a specified time,", THEN start the dishwasher.",LOCKED,ECO,NEUTRAL,ECO
IF every day at a specified time,", THEN start the dishwasher.",LOCKED,ECO,NEUTRAL,ECO
IF every day at a specified time,", THEN start the dishwasher.",LOCKED,ECO,NEUTRAL,ECO
IF every day at a specified time,", THEN start the dishwasher.",LOCKED,ECO,NEUTRAL,ECO
IF every day at a specified time,", THEN start the dishwasher.",LOCKED,ECO,NEUTRAL,ECO
IF every day at a specified time,", THEN turn on the coffee machine.",LOCKED,ECO,NEUTRAL,ECO
IF every day at a specified time,", THEN turn on the coffee machine.",LOCKED,ECO,NEUTRAL,ECO
IF every day at a specified time,", THEN turn on the coffee machine.",LOCKED,ECO,NEUTRAL,ECO
IF every day at a specified time,", THEN turn on the coffee machine.",LOCKED,ECO,NEUTRAL,ECO
IF every day at a specified time,", THEN turn on the coffee machine.",LOCKED,ECO,NEUTRAL,ECO
IF every day at a specified time,", THEN turn on the coffee machine.",LOCKED,ECO,NEUTRAL,ECO
IF every day at a specified time,", THEN turn on the coffee machine.",LOCKED,ECO,NEUTRAL,ECO
IF every day at a specified time,", THEN turn on the coffee machine.",LOCKED,ECO,NEUTRAL,ECO
IF every day at a specified time,", THEN turn on the coffee machine.",LOCKED,ECO,NEUTRAL,ECO
IF every day at a specified time,", THEN turn on the coffee machine.",LOCKED,ECO,NEUTRAL,ECO
IF every day at a specified time,", THEN deactivate eco mode on the appliance.",LOCKED,ECO,ECO,ECO
IF every day at a specified time,", THEN deactivate eco mode on the appliance.",LOCKED,ECO,ECO,ECO
IF every day at a specified time,", THEN deactivate eco mode on the appliance.",LOCKED,ECO,ECO,ECO
IF every day at a specified time,", THEN deactivate eco mode on the appliance.",LOCKED,ECO,ECO,ECO
IF every day at a specified time,", THEN deactivate eco mode on the appliance.",LOCKED,ECO,ECO,ECO
IF every day at a specified time,", THEN deactivate eco mode on the appliance.",LOCKED,ECO,ECO,ECO
IF every day at a specified time,", THEN deactivate eco mode on the appliance.",LOCKED,ECO,ECO,ECO
IF every day at a specified time,", THEN deactivate eco mode on the appliance.",LOCKED,ECO,ECO,ECO
IF every day at a specified time,", THEN deactivate eco mode on the appliance.",LOCKED,ECO,ECO,ECO
IF every day at a specified time,", THEN deactivate eco mode on the appliance.",LOCKED,ECO,ECO,ECO
IF a smoke detector detects smoke,", THEN turn off then oven.",LOCKED,ECO,NEUTRAL,ECO
IF a smoke detector detects smoke,", THEN turn off then oven.",LOCKED,ECO,NEUTRAL,ECO
IF a smoke detector detects smoke,", THEN turn off then oven.",LOCKED,ECO,NEUTRAL,ECO
IF a smoke detector detects smoke,", THEN turn off then oven.",LOCKED,ECO,NEUTRAL,ECO
IF a smoke detector detects smoke,", THEN turn off then oven.",LOCKED,ECO,NEUTRAL,ECO
IF a smoke detector detects smoke,", THEN turn off then oven.",LOCKED,ECO,NEUTRAL,ECO
IF a smoke detector detects smoke,", THEN turn off then oven.",LOCKED,ECO,NEUTRAL,ECO
IF a smoke detector detects smoke,", THEN turn off then oven.",LOCKED,ECO,NEUTRAL,ECO
IF a smoke detector detects smoke,", THEN turn off then oven.",LOCKED,ECO,NEUTRAL,ECO
IF a smoke detector detects smoke,", THEN turn off then oven.",LOCKED,ECO,NEUTRAL,ECO
IF a smoke detector detects smoke,", THEN turn off the hood.",LOCKED,ECO,NEUTRAL,ECO
IF a smoke detector detects smoke,", THEN turn off the hood.",LOCKED,ECO,NEUTRAL,ECO
IF a smoke detector detects smoke,", THEN turn off the hood.",LOCKED,ECO,NEUTRAL,ECO
IF a smoke detector detects smoke,", THEN turn off the hood.",LOCKED,ECO,NEUTRAL,ECO
IF a smoke detector detects smoke,", THEN turn off the hood.",LOCKED,ECO,NEUTRAL,ECO
IF a smoke detector detects smoke,", THEN turn off the hood.",LOCKED,ECO,NEUTRAL,ECO
IF a smoke detector detects smoke,", THEN turn off the hood.",LOCKED,ECO,NEUTRAL,ECO
IF a smoke detector detects smoke,", THEN turn off the hood.",LOCKED,ECO,NEUTRAL,ECO
IF a smoke detector detects smoke,", THEN turn off the hood.",LOCKED,ECO,NEUTRAL,ECO
IF a smoke detector detects smoke,", THEN turn off the hood.",LOCKED,ECO,NEUTRAL,ECO
IF the user exits a specified area,", THEN turn off a coffee machine.",LOCKED,ECO,NEUTRAL,ECO
IF the user exits a specified area,", THEN turn off a coffee machine.",LOCKED,ECO,NEUTRAL,ECO
IF the user exits a specified area,", THEN turn off a coffee machine.",LOCKED,ECO,NEUTRAL,ECO
IF the user exits a specified area,", THEN turn off a coffee machine.",LOCKED,ECO,NEUTRAL,ECO
IF the user exits a specified area,", THEN turn off a coffee machine.",LOCKED,ECO,NEUTRAL,ECO
IF the user exits a specified area,", THEN turn off a coffee machine.",LOCKED,ECO,NEUTRAL,ECO
IF the user exits a specified area,", THEN turn off a coffee machine.",LOCKED,ECO,NEUTRAL,ECO
IF the user exits a specified area,", THEN turn off a coffee machine.",LOCKED,ECO,NEUTRAL,ECO
IF the user exits a specified area,", THEN turn off a coffee machine.",LOCKED,ECO,NEUTRAL,ECO
IF the user exits a specified area,", THEN turn off a coffee machine.",LOCKED,ECO,NEUTRAL,ECO
IF the user exits a specified area,", THEN turn off then oven.",LOCKED,ECO,NEUTRAL,ECO
IF the user exits a specified area,", THEN turn off then oven.",LOCKED,ECO,NEUTRAL,ECO
IF the user exits a specified area,", THEN turn off then oven.",LOCKED,ECO,NEUTRAL,ECO
IF the user exits a specified area,", THEN turn off then oven.",LOCKED,ECO,NEUTRAL,ECO
IF the user exits a specified area,", THEN turn off then oven.",LOCKED,ECO,NEUTRAL,ECO
IF the user exits a specified area,", THEN turn off then oven.",LOCKED,ECO,NEUTRAL,ECO
IF the user exits a specified area,", THEN turn off then oven.",LOCKED,ECO,NEUTRAL,ECO
IF the user exits a specified area,", THEN turn off then oven.",LOCKED,ECO,NEUTRAL,ECO
IF the user exits a specified area,", THEN turn off then oven.",LOCKED,ECO,NEUTRAL,ECO
IF the user exits a specified area,", THEN turn off then oven.",LOCKED,ECO,NEUTRAL,ECO
IF electricity prices are low,", THEN turn on the dishwasher.",LOCKED,ECO,NEUTRAL,ECO
IF electricity prices are low,", THEN turn on the dishwasher.",LOCKED,ECO,NEUTRAL,ECO
IF electricity prices are low,", THEN turn on the dishwasher.",LOCKED,ECO,NEUTRAL,ECO
IF electricity prices are low,", THEN turn on the dishwasher.",LOCKED,ECO,NEUTRAL,ECO
IF electricity prices are low,", THEN turn on the dishwasher.",LOCKED,ECO,NEUTRAL,ECO
IF electricity prices are low,", THEN turn on the dishwasher.",LOCKED,ECO,NEUTRAL,ECO
IF electricity prices are low,", THEN turn on the dishwasher.",LOCKED,ECO,NEUTRAL,ECO
IF electricity prices are low,", THEN turn on the dishwasher.",LOCKED,ECO,NEUTRAL,ECO
IF electricity prices are low,", THEN turn on the dishwasher.",LOCKED,ECO,NEUTRAL,ECO
IF electricity prices are low,", THEN turn on the dishwasher.",LOCKED,ECO,NEUTRAL,ECO
IF electricity prices are low,", THEN start the dishwasher.",LOCKED,ECO,NEUTRAL,ECO
IF electricity prices are low,", THEN start the dishwasher.",LOCKED,ECO,NEUTRAL,ECO
IF electricity prices are low,", THEN start the dishwasher.",LOCKED,ECO,NEUTRAL,ECO
IF electricity prices are low,", THEN start the dishwasher.",LOCKED,ECO,NEUTRAL,ECO
IF electricity prices are low,", THEN start the dishwasher.",LOCKED,ECO,NEUTRAL,ECO
IF electricity prices are low,", THEN start the dishwasher.",LOCKED,ECO,NEUTRAL,ECO
IF electricity prices are low,", THEN start the dishwasher.",LOCKED,ECO,NEUTRAL,ECO
IF electricity prices are low,", THEN start the dishwasher.",LOCKED,ECO,NEUTRAL,ECO
IF electricity prices are low,", THEN start the dishwasher.",LOCKED,ECO,NEUTRAL,ECO
IF electricity prices are low,", THEN start the dishwasher.",LOCKED,ECO,NEUTRAL,ECO
IF carbon emissions is lowest within a time window,", THEN start the selected dishwasher program.",LOCKED,ECO,NEUTRAL,ECO
IF carbon emissions is lowest within a time window,", THEN start the selected dishwasher program.",LOCKED,ECO,NEUTRAL,ECO
IF carbon emissions is lowest within a time window,", THEN start the selected dishwasher program.",LOCKED,ECO,NEUTRAL,ECO
IF carbon emissions is lowest within a time window,", THEN start the selected dishwasher program.",LOCKED,ECO,NEUTRAL,ECO
IF carbon emissions is lowest within a time window,", THEN start the selected dishwasher program.",LOCKED,ECO,NEUTRAL,ECO
IF carbon emissions is lowest within a time window,", THEN start the selected dishwasher program.",LOCKED,ECO,NEUTRAL,ECO
IF carbon emissions is lowest within a time window,", THEN start the selected dishwasher program.",LOCKED,ECO,NEUTRAL,ECO
IF carbon emissions is lowest within a time window,", THEN start the selected dishwasher program.",LOCKED,ECO,NEUTRAL,ECO
IF carbon emissions is lowest within a time window,", THEN start the selected dishwasher program.",LOCKED,ECO,NEUTRAL,ECO
IF carbon emissions is lowest within a time window,", THEN start the selected dishwasher program.",LOCKED,ECO,NEUTRAL,ECO
IF carbon emissions is lowest within a time window,", THEN start the dishwasher.",LOCKED,ECO,NEUTRAL,ECO
IF carbon emissions is lowest within a time window,", THEN start the dishwasher.",LOCKED,ECO,NEUTRAL,ECO
IF carbon emissions is lowest within a time window,", THEN start the dishwasher.",LOCKED,ECO,NEUTRAL,ECO
IF carbon emissions is lowest within a time window,", THEN start the dishwasher.",LOCKED,ECO,NEUTRAL,ECO
IF carbon emissions is lowest within a time window,", THEN start the dishwasher.",LOCKED,ECO,NEUTRAL,ECO
IF carbon emissions is lowest within a time window,", THEN start the dishwasher.",LOCKED,ECO,NEUTRAL,ECO
IF carbon emissions is lowest within a time window,", THEN start the dishwasher.",LOCKED,ECO,NEUTRAL,ECO
IF carbon emissions is lowest within a time window,", THEN start the dishwasher.",LOCKED,ECO,NEUTRAL,ECO
IF carbon emissions is lowest within a time window,", THEN start the dishwasher.",LOCKED,ECO,NEUTRAL,ECO
IF carbon emissions is lowest within a time window,", THEN start the dishwasher.",LOCKED,ECO,NEUTRAL,ECO
IF a sleep tracking device detects the user leaving the bed,", THEN turn on the coffee machine.",LOCKED,ECO,NEUTRAL,ECO
IF a sleep tracking device detects the user leaving the bed,", THEN turn on the coffee machine.",LOCKED,ECO,NEUTRAL,ECO
IF a sleep tracking device detects the user leaving the bed,", THEN turn on the coffee machine.",LOCKED,ECO,NEUTRAL,ECO
IF a sleep tracking device detects the user leaving the bed,", THEN turn on the coffee machine.",LOCKED,ECO,NEUTRAL,ECO
IF a sleep tracking device detects the user leaving the bed,", THEN turn on the coffee machine.",LOCKED,ECO,NEUTRAL,ECO
IF a sleep tracking device detects the user leaving the bed,", THEN turn on the coffee machine.",LOCKED,ECO,NEUTRAL,ECO
IF a sleep tracking device detects the user leaving the bed,", THEN turn on the coffee machine.",LOCKED,ECO,NEUTRAL,ECO
IF a sleep tracking device detects the user leaving the bed,", THEN turn on the coffee machine.",LOCKED,ECO,NEUTRAL,ECO
IF a sleep tracking device detects the user leaving the bed,", THEN turn on the coffee machine.",LOCKED,ECO,NEUTRAL,ECO
IF a sleep tracking device detects the user leaving the bed,", THEN turn on the coffee machine.",LOCKED,ECO,NEUTRAL,ECO
IF the user enters a specified area,", THEN turn on the coffee machine.",LOCKED,ECO,NEUTRAL,ECO
IF the user enters a specified area,", THEN turn on the coffee machine.",LOCKED,ECO,NEUTRAL,ECO
IF the user enters a specified area,", THEN turn on the coffee machine.",LOCKED,ECO,NEUTRAL,ECO
IF the user enters a specified area,", THEN turn on the coffee machine.",LOCKED,ECO,NEUTRAL,ECO
IF the user enters a specified area,", THEN turn on the coffee machine.",LOCKED,ECO,NEUTRAL,ECO
IF the user enters a specified area,", THEN turn on the coffee machine.",LOCKED,ECO,NEUTRAL,ECO
IF the user enters a specified area,", THEN turn on the coffee machine.",LOCKED,ECO,NEUTRAL,ECO
IF the user enters a specified area,", THEN turn on the coffee machine.",LOCKED,ECO,NEUTRAL,ECO
IF the user enters a specified area,", THEN turn on the coffee machine.",LOCKED,ECO,NEUTRAL,ECO
IF the user enters a specified area,", THEN turn on the coffee machine.",LOCKED,ECO,NEUTRAL,ECO
IF air pollution or carbon intensity crosses a threshold,", THEN turn on a specified device.",LOCKED,NEUTRAL,ECO,ECO
IF air pollution or carbon intensity crosses a threshold,", THEN turn on a specified device.",LOCKED,NEUTRAL,ECO,ECO
IF air pollution or carbon intensity crosses a threshold,", THEN turn on a specified device.",LOCKED,NEUTRAL,ECO,ECO
IF air pollution or carbon intensity crosses a threshold,", THEN turn on a specified device.",LOCKED,NEUTRAL,ECO,ECO
IF air pollution or carbon intensity crosses a threshold,", THEN turn on a specified device.",LOCKED,NEUTRAL,ECO,ECO
IF the user exits a specified area,", THEN start the robot.",LOCKED,ECO,NEUTRAL,ECO
IF the user exits a specified area,", THEN start the robot.",LOCKED,ECO,NEUTRAL,ECO
IF the user exits a specified area,", THEN start the robot.",LOCKED,ECO,NEUTRAL,ECO
IF the user exits a specified area,", THEN start the robot.",LOCKED,ECO,NEUTRAL,ECO
IF the user exits a specified area,", THEN start the robot.",LOCKED,ECO,NEUTRAL,ECO
IF the user exits a specified area,", THEN turn off a device for a specified time.",LOCKED,ECO,ECO,ECO
IF the user exits a specified area,", THEN turn off a device for a specified time.",LOCKED,ECO,ECO,ECO
IF the user exits a specified area,", THEN turn off a device for a specified time.",LOCKED,ECO,ECO,ECO
IF the user exits a specified area,", THEN turn off a device for a specified time.",LOCKED,ECO,ECO,ECO
IF the user exits a specified area,", THEN turn off a device for a specified time.",LOCKED,ECO,ECO,ECO
IF the user exits a specified area,", THEN turn on a specified device.",LOCKED,ECO,ECO,ECO
IF the user exits a specified area,", THEN turn on a specified device.",LOCKED,ECO,ECO,ECO
IF the user exits a specified area,", THEN turn on a specified device.",LOCKED,ECO,ECO,ECO
IF the user exits a specified area,", THEN turn on a specified device.",LOCKED,ECO,ECO,ECO
IF the user exits a specified area,", THEN turn on a specified device.",LOCKED,ECO,ECO,ECO
IF the user exits a specified area,", THEN pause the thermostat.",LOCKED,ECO,NEUTRAL,ECO
IF the user exits a specified area,", THEN pause the thermostat.",LOCKED,ECO,NEUTRAL,ECO
IF the user exits a specified area,", THEN pause the thermostat.",LOCKED,ECO,NEUTRAL,ECO
IF the user exits a specified area,", THEN pause the thermostat.",LOCKED,ECO,NEUTRAL,ECO
IF the user exits a specified area,", THEN pause the thermostat.",LOCKED,ECO,NEUTRAL,ECO
IF the user exits a specified area,", THEN activate to a specified scene.",LOCKED,ECO,ECO,ECO
IF the user exits a specified area,", THEN activate to a specified scene.",LOCKED,ECO,ECO,ECO
IF the user exits a specified area,", THEN activate to a specified scene.",LOCKED,ECO,ECO,ECO
IF the user exits a specified area,", THEN activate to a specified scene.",LOCKED,ECO,ECO,ECO
IF the user exits a specified area,", THEN activate to a specified scene.",LOCKED,ECO,ECO,ECO
IF the user exits a specified area,", THEN turn off a device",LOCKED,ECO,NEUTRAL,ECO
IF the user exits a specified area,", THEN turn off a device",LOCKED,ECO,NEUTRAL,ECO
IF the user exits a specified area,", THEN turn off a device",LOCKED,ECO,NEUTRAL,ECO
IF the user exits a specified area,", THEN turn off a device",LOCKED,ECO,NEUTRAL,ECO
IF the user exits a specified area,", THEN turn off a device",LOCKED,ECO,NEUTRAL,ECO
IF the user exits a specified area,", THEN send a notify to a smart device.",LOCKED,ECO,NEUTRAL,ECO
IF the user exits a specified area,", THEN send a notify to a smart device.",LOCKED,ECO,NEUTRAL,ECO
IF the user exits a specified area,", THEN send a notify to a smart device.",LOCKED,ECO,NEUTRAL,ECO
IF the user exits a specified area,", THEN send a notify to a smart device.",LOCKED,ECO,NEUTRAL,ECO
IF the user exits a specified area,", THEN send a notify to a smart device.",LOCKED,ECO,NEUTRAL,ECO
IF the user exits a specified area,", THEN turn on a specified device for a specified duration.",LOCKED,ECO,ECO,ECO
IF the user exits a specified area,", THEN turn on a specified device for a specified duration.",LOCKED,ECO,ECO,ECO
IF the user exits a specified area,", THEN turn on a specified device for a specified duration.",LOCKED,ECO,ECO,ECO
IF the user exits a specified area,", THEN turn on a specified device for a specified duration.",LOCKED,ECO,ECO,ECO
IF the user exits a specified area,", THEN turn on a specified device for a specified duration.",LOCKED,ECO,ECO,ECO
IF a voice assistant is activated with a specific phrase,", THEN turn on a specified device.",LOCKED,NEUTRAL,ECO,ECO
IF a voice assistant is activated with a specific phrase,", THEN turn on a specified device.",LOCKED,NEUTRAL,ECO,ECO
IF a voice assistant is activated with a specific phrase,", THEN turn on a specified device.",LOCKED,NEUTRAL,ECO,ECO
IF a voice assistant is activated with a specific phrase,", THEN turn on a specified device.",LOCKED,NEUTRAL,ECO,ECO
IF a voice assistant is activated with a specific phrase,", THEN turn on a specified device.",LOCKED,NEUTRAL,ECO,ECO
IF a voice assistant is activated with a specific phrase,", THEN activate to a specified scene.",LOCKED,NEUTRAL,ECO,ECO
IF a voice assistant is activated with a specific phrase,", THEN activate to a specified scene.",LOCKED,NEUTRAL,ECO,ECO
IF a voice assistant is activated with a specific phrase,", THEN activate to a specified scene.",LOCKED,NEUTRAL,ECO,ECO
IF a voice assistant is activated with a specific phrase,", THEN activate to a specified scene.",LOCKED,NEUTRAL,ECO,ECO
IF a voice assistant is activated with a specific phrase,", THEN activate to a specified scene.",LOCKED,NEUTRAL,ECO,ECO
IF a voice assistant is activated with a specific phrase,", THEN turn on a specified device for a specified duration.",LOCKED,NEUTRAL,ECO,ECO
IF a voice assistant is activated with a specific phrase,", THEN turn on a specified device for a specified duration.",LOCKED,NEUTRAL,ECO,ECO
IF a voice assistant is activated with a specific phrase,", THEN turn on a specified device for a specified duration.",LOCKED,NEUTRAL,ECO,ECO
IF a voice assistant is activated with a specific phrase,", THEN turn on a specified device for a specified duration.",LOCKED,NEUTRAL,ECO,ECO
IF a voice assistant is activated with a specific phrase,", THEN turn on a specified device for a specified duration.",LOCKED,NEUTRAL,ECO,ECO
IF a voice assistant is activated with a specific phrase,", THEN set brightness to a specified level",LOCKED,NEUTRAL,ECO,ECO
IF a voice assistant is activated with a specific phrase,", THEN set brightness to a specified level",LOCKED,NEUTRAL,ECO,ECO
IF a voice assistant is activated with a specific phrase,", THEN set brightness to a specified level",LOCKED,NEUTRAL,ECO,ECO
IF a voice assistant is activated with a specific phrase,", THEN set brightness to a specified level",LOCKED,NEUTRAL,ECO,ECO
IF a voice assistant is activated with a specific phrase,", THEN set brightness to a specified level",LOCKED,NEUTRAL,ECO,ECO
IF a voice assistant is activated with a specific phrase,", THEN turn off a device for a specified time.",LOCKED,NEUTRAL,ECO,ECO
IF a voice assistant is activated with a specific phrase,", THEN turn off a device for a specified time.",LOCKED,NEUTRAL,ECO,ECO
IF a voice assistant is activated with a specific phrase,", THEN turn off a device for a specified time.",LOCKED,NEUTRAL,ECO,ECO
IF a voice assistant is activated with a specific phrase,", THEN turn off a device for a specified time.",LOCKED,NEUTRAL,ECO,ECO
IF a voice assistant is activated with a specific phrase,", THEN turn off a device for a specified time.",LOCKED,NEUTRAL,ECO,ECO
IF a voice assistant is activated with a specific phrase,", THEN change the device operating mode to eco",LOCKED,NEUTRAL,ECO,ECO
IF a voice assistant is activated with a specific phrase,", THEN change the device operating mode to eco",LOCKED,NEUTRAL,ECO,ECO
IF a voice assistant is activated with a specific phrase,", THEN change the device operating mode to eco",LOCKED,NEUTRAL,ECO,ECO
IF a voice assistant is activated with a specific phrase,", THEN change the device operating mode to eco",LOCKED,NEUTRAL,ECO,ECO
IF a voice assistant is activated with a specific phrase,", THEN change the device operating mode to eco",LOCKED,NEUTRAL,ECO,ECO
IF temperature rises above a threshold,", THEN turn off a device for a specified time.",LOCKED,NEUTRAL,ECO,ECO
IF temperature rises above a threshold,", THEN turn off a device for a specified time.",LOCKED,NEUTRAL,ECO,ECO
IF temperature rises above a threshold,", THEN turn off a device for a specified time.",LOCKED,NEUTRAL,ECO,ECO
IF temperature rises above a threshold,", THEN turn off a device for a specified time.",LOCKED,NEUTRAL,ECO,ECO
IF temperature rises above a threshold,", THEN turn off a device for a specified time.",LOCKED,NEUTRAL,ECO,ECO
IF temperature rises above a threshold,", THEN turn on a specified device.",LOCKED,NEUTRAL,ECO,ECO
IF temperature rises above a threshold,", THEN turn on a specified device.",LOCKED,NEUTRAL,ECO,ECO
IF temperature rises above a threshold,", THEN turn on a specified device.",LOCKED,NEUTRAL,ECO,ECO
IF temperature rises above a threshold,", THEN turn on a specified device.",LOCKED,NEUTRAL,ECO,ECO
IF temperature rises above a threshold,", THEN turn on a specified device.",LOCKED,NEUTRAL,ECO,ECO
IF temperature rises above a threshold,", THEN turn on a specified device for a specified duration.",LOCKED,NEUTRAL,ECO,ECO
IF temperature rises above a threshold,", THEN turn on a specified device for a specified duration.",LOCKED,NEUTRAL,ECO,ECO
IF temperature rises above a threshold,", THEN turn on a specified device for a specified duration.",LOCKED,NEUTRAL,ECO,ECO
IF temperature rises above a threshold,", THEN turn on a specified device for a specified duration.",LOCKED,NEUTRAL,ECO,ECO
IF temperature rises above a threshold,", THEN turn on a specified device for a specified duration.",LOCKED,NEUTRAL,ECO,ECO
IF temperature rises above a threshold,", THEN set brightness to a specified level",LOCKED,NEUTRAL,ECO,ECO
IF temperature rises above a threshold,", THEN set brightness to a specified level",LOCKED,NEUTRAL,ECO,ECO
IF temperature rises above a threshold,", THEN set brightness to a specified level",LOCKED,NEUTRAL,ECO,ECO
IF temperature rises above a threshold,", THEN set brightness to a specified level",LOCKED,NEUTRAL,ECO,ECO
IF temperature rises above a threshold,", THEN set brightness to a specified level",LOCKED,NEUTRAL,ECO,ECO
IF temperature drops below a specified threshold,", THEN turn on a specified device.",LOCKED,ECO,ECO,ECO
IF temperature drops below a specified threshold,", THEN turn on a specified device.",LOCKED,ECO,ECO,ECO
IF temperature drops below a specified threshold,", THEN turn on a specified device.",LOCKED,ECO,ECO,ECO
IF temperature drops below a specified threshold,", THEN turn on a specified device.",LOCKED,ECO,ECO,ECO
IF temperature drops below a specified threshold,", THEN turn on a specified device.",LOCKED,ECO,ECO,ECO
IF temperature drops below a specified threshold,", THEN turn on a specified device for a specified duration.",LOCKED,ECO,ECO,ECO
IF temperature drops below a specified threshold,", THEN turn on a specified device for a specified duration.",LOCKED,ECO,ECO,ECO
IF temperature drops below a specified threshold,", THEN turn on a specified device for a specified duration.",LOCKED,ECO,ECO,ECO
IF temperature drops below a specified threshold,", THEN turn on a specified device for a specified duration.",LOCKED,ECO,ECO,ECO
IF temperature drops below a specified threshold,", THEN turn on a specified device for a specified duration.",LOCKED,ECO,ECO,ECO
IF temperature drops below a specified threshold,", THEN turn on a device",LOCKED,ECO,NEUTRAL,ECO
IF temperature drops below a specified threshold,", THEN turn on a device",LOCKED,ECO,NEUTRAL,ECO
IF temperature drops below a specified threshold,", THEN turn on a device",LOCKED,ECO,NEUTRAL,ECO
IF temperature drops below a specified threshold,", THEN turn on a device",LOCKED,ECO,NEUTRAL,ECO
IF temperature drops below a specified threshold,", THEN turn on a device",LOCKED,ECO,NEUTRAL,ECO
IF temperature drops below a specified threshold,", THEN turn off a device for a specified time.",LOCKED,ECO,ECO,ECO
IF temperature drops below a specified threshold,", THEN turn off a device for a specified time.",LOCKED,ECO,ECO,ECO
IF temperature drops below a specified threshold,", THEN turn off a device for a specified time.",LOCKED,ECO,ECO,ECO
IF temperature drops below a specified threshold,", THEN turn off a device for a specified time.",LOCKED,ECO,ECO,ECO
IF temperature drops below a specified threshold,", THEN turn off a device for a specified time.",LOCKED,ECO,ECO,ECO
IF temperature drops below a specified threshold,", THEN turn off a device",LOCKED,ECO,NEUTRAL,ECO
IF temperature drops below a specified threshold,", THEN turn off a device",LOCKED,ECO,NEUTRAL,ECO
IF temperature drops below a specified threshold,", THEN turn off a device",LOCKED,ECO,NEUTRAL,ECO
IF temperature drops below a specified threshold,", THEN turn off a device",LOCKED,ECO,NEUTRAL,ECO
IF temperature drops below a specified threshold,", THEN turn off a device",LOCKED,ECO,NEUTRAL,ECO
IF temperature drops below a specified threshold,", THEN change the device operating mode to auto",LOCKED,ECO,NEUTRAL,ECO
IF temperature drops below a specified threshold,", THEN change the device operating mode to auto",LOCKED,ECO,NEUTRAL,ECO
IF temperature drops below a specified threshold,", THEN change the device operating mode to auto",LOCKED,ECO,NEUTRAL,ECO
IF temperature drops below a specified threshold,", THEN change the device operating mode to auto",LOCKED,ECO,NEUTRAL,ECO
IF temperature drops below a specified threshold,", THEN change the device operating mode to auto",LOCKED,ECO,NEUTRAL,ECO
IF temperature drops below a specified threshold,", THEN activate to a specified scene.",LOCKED,ECO,ECO,ECO
IF temperature drops below a specified threshold,", THEN activate to a specified scene.",LOCKED,ECO,ECO,ECO
IF temperature drops below a specified threshold,", THEN activate to a specified scene.",LOCKED,ECO,ECO,ECO
IF temperature drops below a specified threshold,", THEN activate to a specified scene.",LOCKED,ECO,ECO,ECO
IF temperature drops below a specified threshold,", THEN activate to a specified scene.",LOCKED,ECO,ECO,ECO
IF temperature rises above a specified threshold,", THEN activate to a specified scene.",LOCKED,NEUTRAL,ECO,ECO
IF temperature rises above a specified threshold,", THEN activate to a specified scene.",LOCKED,NEUTRAL,ECO,ECO
IF temperature rises above a specified threshold,", THEN activate to a specified scene.",LOCKED,NEUTRAL,ECO,ECO
IF temperature rises above a specified threshold,", THEN activate to a specified scene.",LOCKED,NEUTRAL,ECO,ECO
IF temperature rises above a specified threshold,", THEN activate to a specified scene.",LOCKED,NEUTRAL,ECO,ECO
IF temperature rises above a specified threshold,", THEN turn on a specified device for a specified duration.",LOCKED,NEUTRAL,ECO,ECO
IF temperature rises above a specified threshold,", THEN turn on a specified device for a specified duration.",LOCKED,NEUTRAL,ECO,ECO
IF temperature rises above a specified threshold,", THEN turn on a specified device for a specified duration.",LOCKED,NEUTRAL,ECO,ECO
IF temperature rises above a specified threshold,", THEN turn on a specified device for a specified duration.",LOCKED,NEUTRAL,ECO,ECO
IF temperature rises above a specified threshold,", THEN turn on a specified device for a specified duration.",LOCKED,NEUTRAL,ECO,ECO
IF temperature rises above a specified threshold,", THEN turn off a device for a specified time.",LOCKED,NEUTRAL,ECO,ECO
IF temperature rises above a specified threshold,", THEN turn off a device for a specified time.",LOCKED,NEUTRAL,ECO,ECO
IF temperature rises above a specified threshold,", THEN turn off a device for a specified time.",LOCKED,NEUTRAL,ECO,ECO
IF temperature rises above a specified threshold,", THEN turn off a device for a specified time.",LOCKED,NEUTRAL,ECO,ECO
IF temperature rises above a specified threshold,", THEN turn off a device for a specified time.",LOCKED,NEUTRAL,ECO,ECO
IF temperature rises above a specified threshold,", THEN turn on a specified device.",LOCKED,NEUTRAL,ECO,ECO
IF temperature rises above a specified threshold,", THEN turn on a specified device.",LOCKED,NEUTRAL,ECO,ECO
IF temperature rises above a specified threshold,", THEN turn on a specified device.",LOCKED,NEUTRAL,ECO,ECO
IF temperature rises above a specified threshold,", THEN turn on a specified device.",LOCKED,NEUTRAL,ECO,ECO
IF temperature rises above a specified threshold,", THEN turn on a specified device.",LOCKED,NEUTRAL,ECO,ECO
", IF it is sunset, within a specified time",", THEN turn on a specified device for a specified duration.",LOCKED,ECO,ECO,ECO
", IF it is sunset, within a specified time",", THEN turn on a specified device for a specified duration.",LOCKED,ECO,ECO,ECO
", IF it is sunset, within a specified time",", THEN turn on a specified device for a specified duration.",LOCKED,ECO,ECO,ECO
", IF it is sunset, within a specified time",", THEN turn on a specified device for a specified duration.",LOCKED,ECO,ECO,ECO
", IF it is sunset, within a specified time",", THEN turn on a specified device for a specified duration.",LOCKED,ECO,ECO,ECO
", IF it is sunset, within a specified time",", THEN turn on a specified device.",LOCKED,ECO,ECO,ECO
", IF it is sunset, within a specified time",", THEN turn on a specified device.",LOCKED,ECO,ECO,ECO
", IF it is sunset, within a specified time",", THEN turn on a specified device.",LOCKED,ECO,ECO,ECO
", IF it is sunset, within a specified time",", THEN turn on a specified device.",LOCKED,ECO,ECO,ECO
", IF it is sunset, within a specified time",", THEN turn on a specified device.",LOCKED,ECO,ECO,ECO
", IF it is sunset, within a specified time",", THEN turn off a device for a specified time.",LOCKED,ECO,ECO,ECO
", IF it is sunset, within a specified time",", THEN turn off a device for a specified time.",LOCKED,ECO,ECO,ECO
", IF it is sunset, within a specified time",", THEN turn off a device for a specified time.",LOCKED,ECO,ECO,ECO
", IF it is sunset, within a specified time",", THEN turn off a device for a specified time.",LOCKED,ECO,ECO,ECO
", IF it is sunset, within a specified time",", THEN turn off a device for a specified time.",LOCKED,ECO,ECO,ECO
", IF it is sunset, within a specified time",", THEN turn on a device",LOCKED,ECO,NEUTRAL,ECO
", IF it is sunset, within a specified time",", THEN turn on a device",LOCKED,ECO,NEUTRAL,ECO
", IF it is sunset, within a specified time",", THEN turn on a device",LOCKED,ECO,NEUTRAL,ECO
", IF it is sunset, within a specified time",", THEN turn on a device",LOCKED,ECO,NEUTRAL,ECO
", IF it is sunset, within a specified time",", THEN turn on a device",LOCKED,ECO,NEUTRAL,ECO
", IF it is sunset, within a specified time",", THEN set brightness to a specified level",LOCKED,ECO,ECO,ECO
", IF it is sunset, within a specified time",", THEN set brightness to a specified level",LOCKED,ECO,ECO,ECO
", IF it is sunset, within a specified time",", THEN set brightness to a specified level",LOCKED,ECO,ECO,ECO
", IF it is sunset, within a specified time",", THEN set brightness to a specified level",LOCKED,ECO,ECO,ECO
", IF it is sunset, within a specified time",", THEN set brightness to a specified level",LOCKED,ECO,ECO,ECO
", IF it is sunset, within a specified time",", THEN turn off a device",LOCKED,ECO,NEUTRAL,ECO
", IF it is sunset, within a specified time",", THEN turn off a device",LOCKED,ECO,NEUTRAL,ECO
", IF it is sunset, within a specified time",", THEN turn off a device",LOCKED,ECO,NEUTRAL,ECO
", IF it is sunset, within a specified time",", THEN turn off a device",LOCKED,ECO,NEUTRAL,ECO
", IF it is sunset, within a specified time",", THEN turn off a device",LOCKED,ECO,NEUTRAL,ECO
", IF it is sunset, within a specified time",", THEN activate to a specified scene.",LOCKED,ECO,ECO,ECO
", IF it is sunset, within a specified time",", THEN activate to a specified scene.",LOCKED,ECO,ECO,ECO
", IF it is sunset, within a specified time",", THEN activate to a specified scene.",LOCKED,ECO,ECO,ECO
", IF it is sunset, within a specified time",", THEN activate to a specified scene.",LOCKED,ECO,ECO,ECO
", IF it is sunset, within a specified time",", THEN activate to a specified scene.",LOCKED,ECO,ECO,ECO
", IF a specified time occurs",", THEN turn on a specified device.",LOCKED,ECO,ECO,ECO
", IF a specified time occurs",", THEN turn on a specified device.",LOCKED,ECO,ECO,ECO
", IF a specified time occurs",", THEN turn on a specified device.",LOCKED,ECO,ECO,ECO
", IF a specified time occurs",", THEN turn on a specified device.",LOCKED,ECO,ECO,ECO
", IF a specified time occurs",", THEN turn on a specified device.",LOCKED,ECO,ECO,ECO
", IF a specified time occurs",", THEN unlock a device",LOCKED,ECO,NEUTRAL,ECO
", IF a specified time occurs",", THEN unlock a device",LOCKED,ECO,NEUTRAL,ECO
", IF a specified time occurs",", THEN unlock a device",LOCKED,ECO,NEUTRAL,ECO
", IF a specified time occurs",", THEN unlock a device",LOCKED,ECO,NEUTRAL,ECO
", IF a specified time occurs",", THEN unlock a device",LOCKED,ECO,NEUTRAL,ECO
", IF a specified time occurs",", THEN turn off a device for a specified time.",LOCKED,ECO,ECO,ECO
", IF a specified time occurs",", THEN turn off a device for a specified time.",LOCKED,ECO,ECO,ECO
", IF a specified time occurs",", THEN turn off a device for a specified time.",LOCKED,ECO,ECO,ECO
", IF a specified time occurs",", THEN turn off a device for a specified time.",LOCKED,ECO,ECO,ECO
", IF a specified time occurs",", THEN turn off a device for a specified time.",LOCKED,ECO,ECO,ECO
", IF a specified time occurs",", THEN set brightness to a specified level",LOCKED,ECO,ECO,ECO
", IF a specified time occurs",", THEN set brightness to a specified level",LOCKED,ECO,ECO,ECO
", IF a specified time occurs",", THEN set brightness to a specified level",LOCKED,ECO,ECO,ECO
", IF a specified time occurs",", THEN set brightness to a specified level",LOCKED,ECO,ECO,ECO
", IF a specified time occurs",", THEN set brightness to a specified level",LOCKED,ECO,ECO,ECO
", IF a specified time occurs",", THEN activate to a specified scene.",LOCKED,ECO,ECO,ECO
", IF a specified time occurs",", THEN activate to a specified scene.",LOCKED,ECO,ECO,ECO
", IF a specified time occurs",", THEN activate to a specified scene.",LOCKED,ECO,ECO,ECO
", IF a specified time occurs",", THEN activate to a specified scene.",LOCKED,ECO,ECO,ECO
", IF a specified time occurs",", THEN activate to a specified scene.",LOCKED,ECO,ECO,ECO
", IF a specified time occurs",", THEN turn on a specified device for a specified duration.",LOCKED,ECO,ECO,ECO
", IF a specified time occurs",", THEN turn on a specified device for a specified duration.",LOCKED,ECO,ECO,ECO
", IF a specified time occurs",", THEN turn on a specified device for a specified duration.",LOCKED,ECO,ECO,ECO
", IF a specified time occurs",", THEN turn on a specified device for a specified duration.",LOCKED,ECO,ECO,ECO
", IF a specified time occurs",", THEN turn on a specified device for a specified duration.",LOCKED,ECO,ECO,ECO
", IF a specified time occurs",", THEN change the device operating mode to eco",LOCKED,ECO,ECO,ECO
", IF a specified time occurs",", THEN change the device operating mode to eco",LOCKED,ECO,ECO,ECO
", IF a specified time occurs",", THEN change the device operating mode to eco",LOCKED,ECO,ECO,ECO
", IF a specified time occurs",", THEN change the device operating mode to eco",LOCKED,ECO,ECO,ECO
", IF a specified time occurs",", THEN change the device operating mode to eco",LOCKED,ECO,ECO,ECO
", IF a specified time occurs",", THEN turn off a device",LOCKED,ECO,NEUTRAL,ECO
", IF a specified time occurs",", THEN turn off a device",LOCKED,ECO,NEUTRAL,ECO
", IF a specified time occurs",", THEN turn off a device",LOCKED,ECO,NEUTRAL,ECO
", IF a specified time occurs",", THEN turn off a device",LOCKED,ECO,NEUTRAL,ECO
", IF a specified time occurs",", THEN turn off a device",LOCKED,ECO,NEUTRAL,ECO
", IF a specified time occurs",", THEN trigger an automation bot",LOCKED,ECO,NEUTRAL,ECO
", IF a specified time occurs",", THEN trigger an automation bot",LOCKED,ECO,NEUTRAL,ECO
", IF a specified time occurs",", THEN trigger an automation bot",LOCKED,ECO,NEUTRAL,ECO
", IF a specified time occurs",", THEN trigger an automation bot",LOCKED,ECO,NEUTRAL,ECO
", IF a specified time occurs",", THEN trigger an automation bot",LOCKED,ECO,NEUTRAL,ECO
", IF a specified time occurs",", THEN change heating or water heater mode",LOCKED,ECO,NEUTRAL,ECO
", IF a specified time occurs",", THEN change heating or water heater mode",LOCKED,ECO,NEUTRAL,ECO
", IF a specified time occurs",", THEN change heating or water heater mode",LOCKED,ECO,NEUTRAL,ECO
", IF a specified time occurs",", THEN change heating or water heater mode",LOCKED,ECO,NEUTRAL,ECO
", IF a specified time occurs",", THEN change heating or water heater mode",LOCKED,ECO,NEUTRAL,ECO
IF a button is pressed,", THEN turn on a specified device for a specified duration.",LOCKED,NEUTRAL,ECO,ECO
IF a button is pressed,", THEN turn on a specified device for a specified duration.",LOCKED,NEUTRAL,ECO,ECO
IF a button is pressed,", THEN turn on a specified device for a specified duration.",LOCKED,NEUTRAL,ECO,ECO
IF a button is pressed,", THEN turn on a specified device for a specified duration.",LOCKED,NEUTRAL,ECO,ECO
IF a button is pressed,", THEN turn on a specified device for a specified duration.",LOCKED,NEUTRAL,ECO,ECO
IF a button is pressed,", THEN turn on a specified device.",LOCKED,NEUTRAL,ECO,ECO
IF a button is pressed,", THEN turn on a specified device.",LOCKED,NEUTRAL,ECO,ECO
IF a button is pressed,", THEN turn on a specified device.",LOCKED,NEUTRAL,ECO,ECO
IF a button is pressed,", THEN turn on a specified device.",LOCKED,NEUTRAL,ECO,ECO
IF a button is pressed,", THEN turn on a specified device.",LOCKED,NEUTRAL,ECO,ECO
IF a button is pressed,", THEN activate to a specified scene.",LOCKED,NEUTRAL,ECO,ECO
IF a button is pressed,", THEN activate to a specified scene.",LOCKED,NEUTRAL,ECO,ECO
IF a button is pressed,", THEN activate to a specified scene.",LOCKED,NEUTRAL,ECO,ECO
IF a button is pressed,", THEN activate to a specified scene.",LOCKED,NEUTRAL,ECO,ECO
IF a button is pressed,", THEN activate to a specified scene.",LOCKED,NEUTRAL,ECO,ECO
IF a button is pressed,", THEN turn off a device for a specified time.",LOCKED,NEUTRAL,ECO,ECO
IF a button is pressed,", THEN turn off a device for a specified time.",LOCKED,NEUTRAL,ECO,ECO
IF a button is pressed,", THEN turn off a device for a specified time.",LOCKED,NEUTRAL,ECO,ECO
IF a button is pressed,", THEN turn off a device for a specified time.",LOCKED,NEUTRAL,ECO,ECO
IF a button is pressed,", THEN turn off a device for a specified time.",LOCKED,NEUTRAL,ECO,ECO
IF a button is pressed,", THEN let the robot clean a specified room.",LOCKED,NEUTRAL,ECO,ECO
IF a button is pressed,", THEN let the robot clean a specified room.",LOCKED,NEUTRAL,ECO,ECO
IF a button is pressed,", THEN let the robot clean a specified room.",LOCKED,NEUTRAL,ECO,ECO
IF a button is pressed,", THEN let the robot clean a specified room.",LOCKED,NEUTRAL,ECO,ECO
IF a button is pressed,", THEN let the robot clean a specified room.",LOCKED,NEUTRAL,ECO,ECO
IF a button is pressed,", THEN change the device operating mode to eco",LOCKED,NEUTRAL,ECO,ECO
IF a button is pressed,", THEN change the device operating mode to eco",LOCKED,NEUTRAL,ECO,ECO
IF a button is pressed,", THEN change the device operating mode to eco",LOCKED,NEUTRAL,ECO,ECO
IF a button is pressed,", THEN change the device operating mode to eco",LOCKED,NEUTRAL,ECO,ECO
IF a button is pressed,", THEN change the device operating mode to eco",LOCKED,NEUTRAL,ECO,ECO
IF a button is pressed,", THEN set brightness to a specified level",LOCKED,NEUTRAL,ECO,ECO
IF a button is pressed,", THEN set brightness to a specified level",LOCKED,NEUTRAL,ECO,ECO
IF a button is pressed,", THEN set brightness to a specified level",LOCKED,NEUTRAL,ECO,ECO
IF a button is pressed,", THEN set brightness to a specified level",LOCKED,NEUTRAL,ECO,ECO
IF a button is pressed,", THEN set brightness to a specified level",LOCKED,NEUTRAL,ECO,ECO
IF motion is detected,", THEN turn on a specified device for a specified duration.",LOCKED,NEUTRAL,ECO,ECO
IF motion is detected,", THEN turn on a specified device for a specified duration.",LOCKED,NEUTRAL,ECO,ECO
IF motion is detected,", THEN turn on a specified device for a specified duration.",LOCKED,NEUTRAL,ECO,ECO
IF motion is detected,", THEN turn on a specified device for a specified duration.",LOCKED,NEUTRAL,ECO,ECO
IF motion is detected,", THEN turn on a specified device for a specified duration.",LOCKED,NEUTRAL,ECO,ECO
IF motion is detected,", THEN turn on a specified device.",LOCKED,NEUTRAL,ECO,ECO
IF motion is detected,", THEN turn on a specified device.",LOCKED,NEUTRAL,ECO,ECO
IF motion is detected,", THEN turn on a specified device.",LOCKED,NEUTRAL,ECO,ECO
IF motion is detected,", THEN turn on a specified device.",LOCKED,NEUTRAL,ECO,ECO
IF motion is detected,", THEN turn on a specified device.",LOCKED,NEUTRAL,ECO,ECO
IF motion is detected,", THEN set brightness to a specified level",LOCKED,NEUTRAL,ECO,ECO
IF motion is detected,", THEN set brightness to a specified level",LOCKED,NEUTRAL,ECO,ECO
IF motion is detected,", THEN set brightness to a specified level",LOCKED,NEUTRAL,ECO,ECO
IF motion is detected,", THEN set brightness to a specified level",LOCKED,NEUTRAL,ECO,ECO
IF motion is detected,", THEN set brightness to a specified level",LOCKED,NEUTRAL,ECO,ECO
IF motion is detected,", THEN activate to a specified scene.",LOCKED,NEUTRAL,ECO,ECO
IF motion is detected,", THEN activate to a specified scene.",LOCKED,NEUTRAL,ECO,ECO
IF motion is detected,", THEN activate to a specified scene.",LOCKED,NEUTRAL,ECO,ECO
IF motion is detected,", THEN activate to a specified scene.",LOCKED,NEUTRAL,ECO,ECO
IF motion is detected,", THEN activate to a specified scene.",LOCKED,NEUTRAL,ECO,ECO
IF a scheduled time interval occurs,", THEN toggle a device on",LOCKED,ECO,NEUTRAL,ECO
IF a scheduled time interval occurs,", THEN toggle a device on",LOCKED,ECO,NEUTRAL,ECO
IF a scheduled time interval occurs,", THEN toggle a device on",LOCKED,ECO,NEUTRAL,ECO
IF a scheduled time interval occurs,", THEN toggle a device on",LOCKED,ECO,NEUTRAL,ECO
IF a scheduled time interval occurs,", THEN toggle a device on",LOCKED,ECO,NEUTRAL,ECO
IF a scheduled time interval occurs,", THEN turn on a specified device.",LOCKED,ECO,ECO,ECO
IF a scheduled time interval occurs,", THEN turn on a specified device.",LOCKED,ECO,ECO,ECO
IF a scheduled time interval occurs,", THEN turn on a specified device.",LOCKED,ECO,ECO,ECO
IF a scheduled time interval occurs,", THEN turn on a specified device.",LOCKED,ECO,ECO,ECO
IF a scheduled time interval occurs,", THEN turn on a specified device.",LOCKED,ECO,ECO,ECO
IF a scheduled time interval occurs,", THEN turn on a specified device for a specified duration.",LOCKED,ECO,ECO,ECO
IF a scheduled time interval occurs,", THEN turn on a specified device for a specified duration.",LOCKED,ECO,ECO,ECO
IF a scheduled time interval occurs,", THEN turn on a specified device for a specified duration.",LOCKED,ECO,ECO,ECO
IF a scheduled time interval occurs,", THEN turn on a specified device for a specified duration.",LOCKED,ECO,ECO,ECO
IF a scheduled time interval occurs,", THEN turn on a specified device for a specified duration.",LOCKED,ECO,ECO,ECO
IF a scheduled time interval occurs,", THEN turn off a device",LOCKED,ECO,NEUTRAL,ECO
IF a scheduled time interval occurs,", THEN turn off a device",LOCKED,ECO,NEUTRAL,ECO
IF a scheduled time interval occurs,", THEN turn off a device",LOCKED,ECO,NEUTRAL,ECO
IF a scheduled time interval occurs,", THEN turn off a device",LOCKED,ECO,NEUTRAL,ECO
IF a scheduled time interval occurs,", THEN turn off a device",LOCKED,ECO,NEUTRAL,ECO
IF the weather conditions change,", THEN turn on a specified device.",LOCKED,NEUTRAL,ECO,ECO
IF the weather conditions change,", THEN turn on a specified device.",LOCKED,NEUTRAL,ECO,ECO
IF the weather conditions change,", THEN turn on a specified device.",LOCKED,NEUTRAL,ECO,ECO
IF the weather conditions change,", THEN turn on a specified device.",LOCKED,NEUTRAL,ECO,ECO
IF the weather conditions change,", THEN turn on a specified device.",LOCKED,NEUTRAL,ECO,ECO
IF the weather conditions change,", THEN turn off a device for a specified time.",LOCKED,NEUTRAL,ECO,ECO
IF the weather conditions change,", THEN turn off a device for a specified time.",LOCKED,NEUTRAL,ECO,ECO
IF the weather conditions change,", THEN turn off a device for a specified time.",LOCKED,NEUTRAL,ECO,ECO
IF the weather conditions change,", THEN turn off a device for a specified time.",LOCKED,NEUTRAL,ECO,ECO
IF the weather conditions change,", THEN turn off a device for a specified time.",LOCKED,NEUTRAL,ECO,ECO
IF the weather conditions change,", THEN set brightness to a specified level",LOCKED,NEUTRAL,ECO,ECO
IF the weather conditions change,", THEN set brightness to a specified level",LOCKED,NEUTRAL,ECO,ECO
IF the weather conditions change,", THEN set brightness to a specified level",LOCKED,NEUTRAL,ECO,ECO
IF the weather conditions change,", THEN set brightness to a specified level",LOCKED,NEUTRAL,ECO,ECO
IF the weather conditions change,", THEN set brightness to a specified level",LOCKED,NEUTRAL,ECO,ECO
IF the weather conditions change,", THEN activate to a specified scene.",LOCKED,NEUTRAL,ECO,ECO
IF the weather conditions change,", THEN activate to a specified scene.",LOCKED,NEUTRAL,ECO,ECO
IF the weather conditions change,", THEN activate to a specified scene.",LOCKED,NEUTRAL,ECO,ECO
IF the weather conditions change,", THEN activate to a specified scene.",LOCKED,NEUTRAL,ECO,ECO
IF the weather conditions change,", THEN activate to a specified scene.",LOCKED,NEUTRAL,ECO,ECO
IF the weather conditions change,", THEN turn on a specified device for a specified duration.",LOCKED,NEUTRAL,ECO,ECO
IF the weather conditions change,", THEN turn on a specified device for a specified duration.",LOCKED,NEUTRAL,ECO,ECO
IF the weather conditions change,", THEN turn on a specified device for a specified duration.",LOCKED,NEUTRAL,ECO,ECO
IF the weather conditions change,", THEN turn on a specified device for a specified duration.",LOCKED,NEUTRAL,ECO,ECO
IF the weather conditions change,", THEN turn on a specified device for a specified duration.",LOCKED,NEUTRAL,ECO,ECO
IF electricity price changes beyond a threshold,", THEN turn on a specified device.",LOCKED,NEUTRAL,ECO,ECO
IF electricity price changes beyond a threshold,", THEN turn on a specified device.",LOCKED,NEUTRAL,ECO,ECO
IF electricity price changes beyond a threshold,", THEN turn on a specified device.",LOCKED,NEUTRAL,ECO,ECO
IF electricity price changes beyond a threshold,", THEN turn on a specified device.",LOCKED,NEUTRAL,ECO,ECO
IF electricity price changes beyond a threshold,", THEN turn on a specified device.",LOCKED,NEUTRAL,ECO,ECO
IF electricity price changes beyond a threshold,", THEN turn off a device for a specified time.",LOCKED,NEUTRAL,ECO,ECO
IF electricity price changes beyond a threshold,", THEN turn off a device for a specified time.",LOCKED,NEUTRAL,ECO,ECO
IF electricity price changes beyond a threshold,", THEN turn off a device for a specified time.",LOCKED,NEUTRAL,ECO,ECO
IF electricity price changes beyond a threshold,", THEN turn off a device for a specified time.",LOCKED,NEUTRAL,ECO,ECO
IF electricity price changes beyond a threshold,", THEN turn off a device for a specified time.",LOCKED,NEUTRAL,ECO,ECO
IF an email is received with a specified hashtag,", THEN turn on a specified device.",LOCKED,NEUTRAL,ECO,ECO
IF an email is received with a specified hashtag,", THEN turn on a specified device.",LOCKED,NEUTRAL,ECO,ECO
IF an email is received with a specified hashtag,", THEN turn on a specified device.",LOCKED,NEUTRAL,ECO,ECO
IF an email is received with a specified hashtag,", THEN turn on a specified device.",LOCKED,NEUTRAL,ECO,ECO
IF an email is received with a specified hashtag,", THEN turn on a specified device.",LOCKED,NEUTRAL,ECO,ECO
IF an email is received with a specified hashtag,", THEN turn on a specified device for a specified duration.",LOCKED,NEUTRAL,ECO,ECO
IF an email is received with a specified hashtag,", THEN turn on a specified device for a specified duration.",LOCKED,NEUTRAL,ECO,ECO
IF an email is received with a specified hashtag,", THEN turn on a specified device for a specified duration.",LOCKED,NEUTRAL,ECO,ECO
IF an email is received with a specified hashtag,", THEN turn on a specified device for a specified duration.",LOCKED,NEUTRAL,ECO,ECO
IF an email is received with a specified hashtag,", THEN turn on a specified device for a specified duration.",LOCKED,NEUTRAL,ECO,ECO
IF an email is received with a specified hashtag,", THEN turn off a device for a specified time.",LOCKED,NEUTRAL,ECO,ECO
IF an email is received with a specified hashtag,", THEN turn off a device for a specified time.",LOCKED,NEUTRAL,ECO,ECO
IF an email is received with a specified hashtag,", THEN turn off a device for a specified time.",LOCKED,NEUTRAL,ECO,ECO
IF an email is received with a specified hashtag,", THEN turn off a device for a specified time.",LOCKED,NEUTRAL,ECO,ECO
IF an email is received with a specified hashtag,", THEN turn off a device for a specified time.",LOCKED,NEUTRAL,ECO,ECO
IF a specific day of the week occurs,", THEN turn off a device for a specified time.",LOCKED,NEUTRAL,ECO,ECO
IF a specific day of the week occurs,", THEN turn off a device for a specified time.",LOCKED,NEUTRAL,ECO,ECO
IF a specific day of the week occurs,", THEN turn off a device for a specified time.",LOCKED,NEUTRAL,ECO,ECO
IF a specific day of the week occurs,", THEN turn off a device for a specified time.",LOCKED,NEUTRAL,ECO,ECO
IF a specific day of the week occurs,", THEN turn off a device for a specified time.",LOCKED,NEUTRAL,ECO,ECO
IF a specific day of the week occurs,", THEN turn on a specified device.",LOCKED,NEUTRAL,ECO,ECO
IF a specific day of the week occurs,", THEN turn on a specified device.",LOCKED,NEUTRAL,ECO,ECO
IF a specific day of the week occurs,", THEN turn on a specified device.",LOCKED,NEUTRAL,ECO,ECO
IF a specific day of the week occurs,", THEN turn on a specified device.",LOCKED,NEUTRAL,ECO,ECO
IF a specific day of the week occurs,", THEN turn on a specified device.",LOCKED,NEUTRAL,ECO,ECO
IF a specific day of the week occurs,", THEN turn on a specified device for a specified duration.",LOCKED,NEUTRAL,ECO,ECO
IF a specific day of the week occurs,", THEN turn on a specified device for a specified duration.",LOCKED,NEUTRAL,ECO,ECO
IF a specific day of the week occurs,", THEN turn on a specified device for a specified duration.",LOCKED,NEUTRAL,ECO,ECO
IF a specific day of the week occurs,", THEN turn on a specified device for a specified duration.",LOCKED,NEUTRAL,ECO,ECO
IF a specific day of the week occurs,", THEN turn on a specified device for a specified duration.",LOCKED,NEUTRAL,ECO,ECO
IF a specific day of the week occurs,", THEN change the device operating mode to eco",LOCKED,NEUTRAL,ECO,ECO
IF a specific day of the week occurs,", THEN change the device operating mode to eco",LOCKED,NEUTRAL,ECO,ECO
IF a specific day of the week occurs,", THEN change the device operating mode to eco",LOCKED,NEUTRAL,ECO,ECO
IF a specific day of the week occurs,", THEN change the device operating mode to eco",LOCKED,NEUTRAL,ECO,ECO
IF a specific day of the week occurs,", THEN change the device operating mode to eco",LOCKED,NEUTRAL,ECO,ECO
IF a specific day of the week occurs,", THEN activate to a specified scene.",LOCKED,NEUTRAL,ECO,ECO
IF a specific day of the week occurs,", THEN activate to a specified scene.",LOCKED,NEUTRAL,ECO,ECO
IF a specific day of the week occurs,", THEN activate to a specified scene.",LOCKED,NEUTRAL,ECO,ECO
IF a specific day of the week occurs,", THEN activate to a specified scene.",LOCKED,NEUTRAL,ECO,ECO
IF a specific day of the week occurs,", THEN activate to a specified scene.",LOCKED,NEUTRAL,ECO,ECO
IF a specific day of the week occurs,", THEN set brightness to a specified level",LOCKED,NEUTRAL,ECO,ECO
IF a specific day of the week occurs,", THEN set brightness to a specified level",LOCKED,NEUTRAL,ECO,ECO
IF a specific day of the week occurs,", THEN set brightness to a specified level",LOCKED,NEUTRAL,ECO,ECO
IF a specific day of the week occurs,", THEN set brightness to a specified level",LOCKED,NEUTRAL,ECO,ECO
IF a specific day of the week occurs,", THEN set brightness to a specified level",LOCKED,NEUTRAL,ECO,ECO
IF volatile organic compounds cross a threshold,", THEN turn on a specified device for a specified duration.",LOCKED,NEUTRAL,ECO,ECO
IF volatile organic compounds cross a threshold,", THEN turn on a specified device for a specified duration.",LOCKED,NEUTRAL,ECO,ECO
IF volatile organic compounds cross a threshold,", THEN turn on a specified device for a specified duration.",LOCKED,NEUTRAL,ECO,ECO
IF volatile organic compounds cross a threshold,", THEN turn on a specified device for a specified duration.",LOCKED,NEUTRAL,ECO,ECO
IF volatile organic compounds cross a threshold,", THEN turn on a specified device for a specified duration.",LOCKED,NEUTRAL,ECO,ECO
IF volatile organic compounds cross a threshold,", THEN turn off a device for a specified time.",LOCKED,NEUTRAL,ECO,ECO
IF volatile organic compounds cross a threshold,", THEN turn off a device for a specified time.",LOCKED,NEUTRAL,ECO,ECO
IF volatile organic compounds cross a threshold,", THEN turn off a device for a specified time.",LOCKED,NEUTRAL,ECO,ECO
IF volatile organic compounds cross a threshold,", THEN turn off a device for a specified time.",LOCKED,NEUTRAL,ECO,ECO
IF volatile organic compounds cross a threshold,", THEN turn off a device for a specified time.",LOCKED,NEUTRAL,ECO,ECO
IF volatile organic compounds cross a threshold,", THEN turn on a specified device.",LOCKED,NEUTRAL,ECO,ECO
IF volatile organic compounds cross a threshold,", THEN turn on a specified device.",LOCKED,NEUTRAL,ECO,ECO
IF volatile organic compounds cross a threshold,", THEN turn on a specified device.",LOCKED,NEUTRAL,ECO,ECO
IF volatile organic compounds cross a threshold,", THEN turn on a specified device.",LOCKED,NEUTRAL,ECO,ECO
IF volatile organic compounds cross a threshold,", THEN turn on a specified device.",LOCKED,NEUTRAL,ECO,ECO
IF a smart device is turned off,", THEN turn on a specified device.",LOCKED,NEUTRAL,ECO,ECO
IF a smart device is turned off,", THEN turn on a specified device.",LOCKED,NEUTRAL,ECO,ECO
IF a smart device is turned off,", THEN turn on a specified device.",LOCKED,NEUTRAL,ECO,ECO
IF a smart device is turned off,", THEN turn on a specified device.",LOCKED,NEUTRAL,ECO,ECO
IF a smart device is turned off,", THEN turn on a specified device.",LOCKED,NEUTRAL,ECO,ECO
IF a smart device is turned off,", THEN turn on a specified device for a specified duration.",LOCKED,NEUTRAL,ECO,ECO
IF a smart device is turned off,", THEN turn on a specified device for a specified duration.",LOCKED,NEUTRAL,ECO,ECO
IF a smart device is turned off,", THEN turn on a specified device for a specified duration.",LOCKED,NEUTRAL,ECO,ECO
IF a smart device is turned off,", THEN turn on a specified device for a specified duration.",LOCKED,NEUTRAL,ECO,ECO
IF a smart device is turned off,", THEN turn on a specified device for a specified duration.",LOCKED,NEUTRAL,ECO,ECO
IF an external webhook event is received,", THEN activate to a specified scene.",LOCKED,NEUTRAL,ECO,ECO
IF an external webhook event is received,", THEN activate to a specified scene.",LOCKED,NEUTRAL,ECO,ECO
IF an external webhook event is received,", THEN activate to a specified scene.",LOCKED,NEUTRAL,ECO,ECO
IF an external webhook event is received,", THEN activate to a specified scene.",LOCKED,NEUTRAL,ECO,ECO
IF an external webhook event is received,", THEN activate to a specified scene.",LOCKED,NEUTRAL,ECO,ECO
IF an external webhook event is received,", THEN turn on a specified device for a specified duration.",LOCKED,NEUTRAL,ECO,ECO
IF an external webhook event is received,", THEN turn on a specified device for a specified duration.",LOCKED,NEUTRAL,ECO,ECO
IF an external webhook event is received,", THEN turn on a specified device for a specified duration.",LOCKED,NEUTRAL,ECO,ECO
IF an external webhook event is received,", THEN turn on a specified device for a specified duration.",LOCKED,NEUTRAL,ECO,ECO
IF an external webhook event is received,", THEN turn on a specified device for a specified duration.",LOCKED,NEUTRAL,ECO,ECO
IF an external webhook event is received,", THEN turn on a specified device.",LOCKED,NEUTRAL,ECO,ECO
IF an external webhook event is received,", THEN turn on a specified device.",LOCKED,NEUTRAL,ECO,ECO
IF an external webhook event is received,", THEN turn on a specified device.",LOCKED,NEUTRAL,ECO,ECO
IF an external webhook event is received,", THEN turn on a specified device.",LOCKED,NEUTRAL,ECO,ECO
IF an external webhook event is received,", THEN turn on a specified device.",LOCKED,NEUTRAL,ECO,ECO
IF an external webhook event is received,", THEN turn off a device for a specified time.",LOCKED,NEUTRAL,ECO,ECO
IF an external webhook event is received,", THEN turn off a device for a specified time.",LOCKED,NEUTRAL,ECO,ECO
IF an external webhook event is received,", THEN turn off a device for a specified time.",LOCKED,NEUTRAL,ECO,ECO
IF an external webhook event is received,", THEN turn off a device for a specified time.",LOCKED,NEUTRAL,ECO,ECO
IF an external webhook event is received,", THEN turn off a device for a specified time.",LOCKED,NEUTRAL,ECO,ECO
IF air pollution exceeds a threshold,", THEN turn off a device for a specified time.",LOCKED,NEUTRAL,ECO,ECO
IF air pollution exceeds a threshold,", THEN turn off a device for a specified time.",LOCKED,NEUTRAL,ECO,ECO
IF air pollution exceeds a threshold,", THEN turn off a device for a specified time.",LOCKED,NEUTRAL,ECO,ECO
IF air pollution exceeds a threshold,", THEN turn off a device for a specified time.",LOCKED,NEUTRAL,ECO,ECO
IF air pollution exceeds a threshold,", THEN turn off a device for a specified time.",LOCKED,NEUTRAL,ECO,ECO
IF air pollution exceeds a threshold,", THEN turn on a specified device for a specified duration.",LOCKED,NEUTRAL,ECO,ECO
IF air pollution exceeds a threshold,", THEN turn on a specified device for a specified duration.",LOCKED,NEUTRAL,ECO,ECO
IF air pollution exceeds a threshold,", THEN turn on a specified device for a specified duration.",LOCKED,NEUTRAL,ECO,ECO
IF air pollution exceeds a threshold,", THEN turn on a specified device for a specified duration.",LOCKED,NEUTRAL,ECO,ECO
IF air pollution exceeds a threshold,", THEN turn on a specified device for a specified duration.",LOCKED,NEUTRAL,ECO,ECO
IF air pollution exceeds a threshold,", THEN set brightness to a specified level",LOCKED,NEUTRAL,ECO,ECO
IF air pollution exceeds a threshold,", THEN set brightness to a specified level",LOCKED,NEUTRAL,ECO,ECO
IF air pollution exceeds a threshold,", THEN set brightness to a specified level",LOCKED,NEUTRAL,ECO,ECO
IF air pollution exceeds a threshold,", THEN set brightness to a specified level",LOCKED,NEUTRAL,ECO,ECO
IF air pollution exceeds a threshold,", THEN set brightness to a specified level",LOCKED,NEUTRAL,ECO,ECO
IF air pollution exceeds a threshold,", THEN turn on a specified device.",LOCKED,NEUTRAL,ECO,ECO
IF air pollution exceeds a threshold,", THEN turn on a specified device.",LOCKED,NEUTRAL,ECO,ECO
IF air pollution exceeds a threshold,", THEN turn on a specified device.",LOCKED,NEUTRAL,ECO,ECO
IF air pollution exceeds a threshold,", THEN turn on a specified device.",LOCKED,NEUTRAL,ECO,ECO
IF air pollution exceeds a threshold,", THEN turn on a specified device.",LOCKED,NEUTRAL,ECO,ECO
IF a smart switch is long-pressed,", THEN turn on a specified device.",LOCKED,NEUTRAL,ECO,ECO
IF a smart switch is long-pressed,", THEN turn on a specified device.",LOCKED,NEUTRAL,ECO,ECO
IF a smart switch is long-pressed,", THEN turn on a specified device.",LOCKED,NEUTRAL,ECO,ECO
IF a smart switch is long-pressed,", THEN turn on a specified device.",LOCKED,NEUTRAL,ECO,ECO
IF a smart switch is long-pressed,", THEN turn on a specified device.",LOCKED,NEUTRAL,ECO,ECO
IF a smart switch is long-pressed,", THEN turn on a specified device for a specified duration.",LOCKED,NEUTRAL,ECO,ECO
IF a smart switch is long-pressed,", THEN turn on a specified device for a specified duration.",LOCKED,NEUTRAL,ECO,ECO
IF a smart switch is long-pressed,", THEN turn on a specified device for a specified duration.",LOCKED,NEUTRAL,ECO,ECO
IF a smart switch is long-pressed,", THEN turn on a specified device for a specified duration.",LOCKED,NEUTRAL,ECO,ECO
IF a smart switch is long-pressed,", THEN turn on a specified device for a specified duration.",LOCKED,NEUTRAL,ECO,ECO
IF the user enters a specified area,", THEN turn on a specified device.",LOCKED,ECO,ECO,ECO
IF the user enters a specified area,", THEN turn on a specified device.",LOCKED,ECO,ECO,ECO
IF the user enters a specified area,", THEN turn on a specified device.",LOCKED,ECO,ECO,ECO
IF the user enters a specified area,", THEN turn on a specified device.",LOCKED,ECO,ECO,ECO
IF the user enters a specified area,", THEN turn on a specified device.",LOCKED,ECO,ECO,ECO
IF the user enters a specified area,", THEN turn on a specified device for a specified duration.",LOCKED,ECO,ECO,ECO
IF the user enters a specified area,", THEN turn on a specified device for a specified duration.",LOCKED,ECO,ECO,ECO
IF the user enters a specified area,", THEN turn on a specified device for a specified duration.",LOCKED,ECO,ECO,ECO
IF the user enters a specified area,", THEN turn on a specified device for a specified duration.",LOCKED,ECO,ECO,ECO
IF the user enters a specified area,", THEN turn on a specified device for a specified duration.",LOCKED,ECO,ECO,ECO
IF the user enters a specified area,", THEN pause the thermostat.",LOCKED,ECO,NEUTRAL,ECO
IF the user enters a specified area,", THEN pause the thermostat.",LOCKED,ECO,NEUTRAL,ECO
IF the user enters a specified area,", THEN pause the thermostat.",LOCKED,ECO,NEUTRAL,ECO
IF the user enters a specified area,", THEN pause the thermostat.",LOCKED,ECO,NEUTRAL,ECO
IF the user enters a specified area,", THEN pause the thermostat.",LOCKED,ECO,NEUTRAL,ECO
IF the user enters a specified area,", THEN set brightness to a specified level",LOCKED,ECO,ECO,ECO
IF the user enters a specified area,", THEN set brightness to a specified level",LOCKED,ECO,ECO,ECO
IF the user enters a specified area,", THEN set brightness to a specified level",LOCKED,ECO,ECO,ECO
IF the user enters a specified area,", THEN set brightness to a specified level",LOCKED,ECO,ECO,ECO
IF the user enters a specified area,", THEN set brightness to a specified level",LOCKED,ECO,ECO,ECO
IF the user enters a specified area,", THEN activate to a specified scene.",LOCKED,ECO,ECO,ECO
IF the user enters a specified area,", THEN activate to a specified scene.",LOCKED,ECO,ECO,ECO
IF the user enters a specified area,", THEN activate to a specified scene.",LOCKED,ECO,ECO,ECO
IF the user enters a specified area,", THEN activate to a specified scene.",LOCKED,ECO,ECO,ECO
IF the user enters a specified area,", THEN activate to a specified scene.",LOCKED,ECO,ECO,ECO
IF the user enters a specified area,", THEN pause the robot.",LOCKED,ECO,NEUTRAL,ECO
IF the user enters a specified area,", THEN pause the robot.",LOCKED,ECO,NEUTRAL,ECO
IF the user enters a specified area,", THEN pause the robot.",LOCKED,ECO,NEUTRAL,ECO
IF the user enters a specified area,", THEN pause the robot.",LOCKED,ECO,NEUTRAL,ECO
IF the user enters a specified area,", THEN pause the robot.",LOCKED,ECO,NEUTRAL,ECO
IF the user enters a specified area,", THEN turn on a device",LOCKED,ECO,NEUTRAL,ECO
IF the user enters a specified area,", THEN turn on a device",LOCKED,ECO,NEUTRAL,ECO
IF the user enters a specified area,", THEN turn on a device",LOCKED,ECO,NEUTRAL,ECO
IF the user enters a specified area,", THEN turn on a device",LOCKED,ECO,NEUTRAL,ECO
IF the user enters a specified area,", THEN turn on a device",LOCKED,ECO,NEUTRAL,ECO
IF the user enters a specified area,", THEN turn off a device for a specified time.",LOCKED,ECO,ECO,ECO
IF the user enters a specified area,", THEN turn off a device for a specified time.",LOCKED,ECO,ECO,ECO
IF the user enters a specified area,", THEN turn off a device for a specified time.",LOCKED,ECO,ECO,ECO
IF the user enters a specified area,", THEN turn off a device for a specified time.",LOCKED,ECO,ECO,ECO
IF the user enters a specified area,", THEN turn off a device for a specified time.",LOCKED,ECO,ECO,ECO
IF the user enters a specified area,", THEN change heating or water heater mode",LOCKED,ECO,NEUTRAL,ECO
IF the user enters a specified area,", THEN change heating or water heater mode",LOCKED,ECO,NEUTRAL,ECO
IF the user enters a specified area,", THEN change heating or water heater mode",LOCKED,ECO,NEUTRAL,ECO
IF the user enters a specified area,", THEN change heating or water heater mode",LOCKED,ECO,NEUTRAL,ECO
IF the user enters a specified area,", THEN change heating or water heater mode",LOCKED,ECO,NEUTRAL,ECO
IF a device connects to a WiFi network,", THEN turn on a specified device for a specified duration.",LOCKED,NEUTRAL,ECO,ECO
IF a device connects to a WiFi network,", THEN turn on a specified device for a specified duration.",LOCKED,NEUTRAL,ECO,ECO
IF a device connects to a WiFi network,", THEN turn on a specified device for a specified duration.",LOCKED,NEUTRAL,ECO,ECO
IF a device connects to a WiFi network,", THEN turn on a specified device for a specified duration.",LOCKED,NEUTRAL,ECO,ECO
IF a device connects to a WiFi network,", THEN turn on a specified device for a specified duration.",LOCKED,NEUTRAL,ECO,ECO
IF a device connects to a WiFi network,", THEN turn off a device for a specified time.",LOCKED,NEUTRAL,ECO,ECO
IF a device connects to a WiFi network,", THEN turn off a device for a specified time.",LOCKED,NEUTRAL,ECO,ECO
IF a device connects to a WiFi network,", THEN turn off a device for a specified time.",LOCKED,NEUTRAL,ECO,ECO
IF a device connects to a WiFi network,", THEN turn off a device for a specified time.",LOCKED,NEUTRAL,ECO,ECO
IF a device connects to a WiFi network,", THEN turn off a device for a specified time.",LOCKED,NEUTRAL,ECO,ECO
IF a device connects to a WiFi network,", THEN activate to a specified scene.",LOCKED,NEUTRAL,ECO,ECO
IF a device connects to a WiFi network,", THEN activate to a specified scene.",LOCKED,NEUTRAL,ECO,ECO
IF a device connects to a WiFi network,", THEN activate to a specified scene.",LOCKED,NEUTRAL,ECO,ECO
IF a device connects to a WiFi network,", THEN activate to a specified scene.",LOCKED,NEUTRAL,ECO,ECO
IF a device connects to a WiFi network,", THEN activate to a specified scene.",LOCKED,NEUTRAL,ECO,ECO
IF a device connects to a WiFi network,", THEN turn on a specified device.",LOCKED,NEUTRAL,ECO,ECO
IF a device connects to a WiFi network,", THEN turn on a specified device.",LOCKED,NEUTRAL,ECO,ECO
IF a device connects to a WiFi network,", THEN turn on a specified device.",LOCKED,NEUTRAL,ECO,ECO
IF a device connects to a WiFi network,", THEN turn on a specified device.",LOCKED,NEUTRAL,ECO,ECO
IF a device connects to a WiFi network,", THEN turn on a specified device.",LOCKED,NEUTRAL,ECO,ECO
IF a reminder or task changes,", THEN turn on a specified device.",LOCKED,NEUTRAL,ECO,ECO
IF a reminder or task changes,", THEN turn on a specified device.",LOCKED,NEUTRAL,ECO,ECO
IF a reminder or task changes,", THEN turn on a specified device.",LOCKED,NEUTRAL,ECO,ECO
IF a reminder or task changes,", THEN turn on a specified device.",LOCKED,NEUTRAL,ECO,ECO
IF a reminder or task changes,", THEN turn on a specified device.",LOCKED,NEUTRAL,ECO,ECO
IF a reminder or task changes,", THEN let the robot clean a specified room.",LOCKED,NEUTRAL,ECO,ECO
IF a reminder or task changes,", THEN let the robot clean a specified room.",LOCKED,NEUTRAL,ECO,ECO
IF a reminder or task changes,", THEN let the robot clean a specified room.",LOCKED,NEUTRAL,ECO,ECO
IF a reminder or task changes,", THEN let the robot clean a specified room.",LOCKED,NEUTRAL,ECO,ECO
IF a reminder or task changes,", THEN let the robot clean a specified room.",LOCKED,NEUTRAL,ECO,ECO
IF a reminder or task changes,", THEN turn off a device for a specified time.",LOCKED,NEUTRAL,ECO,ECO
IF a reminder or task changes,", THEN turn off a device for a specified time.",LOCKED,NEUTRAL,ECO,ECO
IF a reminder or task changes,", THEN turn off a device for a specified time.",LOCKED,NEUTRAL,ECO,ECO
IF a reminder or task changes,", THEN turn off a device for a specified time.",LOCKED,NEUTRAL,ECO,ECO
IF a reminder or task changes,", THEN turn off a device for a specified time.",LOCKED,NEUTRAL,ECO,ECO
IF a device is turned on,", THEN activate to a specified scene.",LOCKED,NEUTRAL,ECO,ECO
IF a device is turned on,", THEN activate to a specified scene.",LOCKED,NEUTRAL,ECO,ECO
IF a device is turned on,", THEN activate to a specified scene.",LOCKED,NEUTRAL,ECO,ECO
IF a device is turned on,", THEN activate to a specified scene.",LOCKED,NEUTRAL,ECO,ECO
IF a device is turned on,", THEN activate to a specified scene.",LOCKED,NEUTRAL,ECO,ECO
IF a device is turned on,", THEN turn on a specified device.",LOCKED,NEUTRAL,ECO,ECO
IF a device is turned on,", THEN turn on a specified device.",LOCKED,NEUTRAL,ECO,ECO
IF a device is turned on,", THEN turn on a specified device.",LOCKED,NEUTRAL,ECO,ECO
IF a device is turned on,", THEN turn on a specified device.",LOCKED,NEUTRAL,ECO,ECO
IF a device is turned on,", THEN turn on a specified device.",LOCKED,NEUTRAL,ECO,ECO
IF a device is turned on,", THEN turn on a specified device for a specified duration.",LOCKED,NEUTRAL,ECO,ECO
IF a device is turned on,", THEN turn on a specified device for a specified duration.",LOCKED,NEUTRAL,ECO,ECO
IF a device is turned on,", THEN turn on a specified device for a specified duration.",LOCKED,NEUTRAL,ECO,ECO
IF a device is turned on,", THEN turn on a specified device for a specified duration.",LOCKED,NEUTRAL,ECO,ECO
IF a device is turned on,", THEN turn on a specified device for a specified duration.",LOCKED,NEUTRAL,ECO,ECO
IF a device is turned on,", THEN set brightness to a specified level",LOCKED,NEUTRAL,ECO,ECO
IF a device is turned on,", THEN set brightness to a specified level",LOCKED,NEUTRAL,ECO,ECO
IF a device is turned on,", THEN set brightness to a specified level",LOCKED,NEUTRAL,ECO,ECO
IF a device is turned on,", THEN set brightness to a specified level",LOCKED,NEUTRAL,ECO,ECO
IF a device is turned on,", THEN set brightness to a specified level",LOCKED,NEUTRAL,ECO,ECO
IF a device is turned on,", THEN turn off a device for a specified time.",LOCKED,NEUTRAL,ECO,ECO
IF a device is turned on,", THEN turn off a device for a specified time.",LOCKED,NEUTRAL,ECO,ECO
IF a device is turned on,", THEN turn off a device for a specified time.",LOCKED,NEUTRAL,ECO,ECO
IF a device is turned on,", THEN turn off a device for a specified time.",LOCKED,NEUTRAL,ECO,ECO
IF a device is turned on,", THEN turn off a device for a specified time.",LOCKED,NEUTRAL,ECO,ECO
IF an SMS is sent or received,", THEN turn on a specified device for a specified duration.",LOCKED,NEUTRAL,ECO,ECO
IF an SMS is sent or received,", THEN turn on a specified device for a specified duration.",LOCKED,NEUTRAL,ECO,ECO
IF an SMS is sent or received,", THEN turn on a specified device for a specified duration.",LOCKED,NEUTRAL,ECO,ECO
IF an SMS is sent or received,", THEN turn on a specified device for a specified duration.",LOCKED,NEUTRAL,ECO,ECO
IF an SMS is sent or received,", THEN turn on a specified device for a specified duration.",LOCKED,NEUTRAL,ECO,ECO
IF an SMS is sent or received,", THEN activate to a specified scene.",LOCKED,NEUTRAL,ECO,ECO
IF an SMS is sent or received,", THEN activate to a specified scene.",LOCKED,NEUTRAL,ECO,ECO
IF an SMS is sent or received,", THEN activate to a specified scene.",LOCKED,NEUTRAL,ECO,ECO
IF an SMS is sent or received,", THEN activate to a specified scene.",LOCKED,NEUTRAL,ECO,ECO
IF an SMS is sent or received,", THEN activate to a specified scene.",LOCKED,NEUTRAL,ECO,ECO
IF an SMS is sent or received,", THEN turn on a specified device.",LOCKED,NEUTRAL,ECO,ECO
IF an SMS is sent or received,", THEN turn on a specified device.",LOCKED,NEUTRAL,ECO,ECO
IF an SMS is sent or received,", THEN turn on a specified device.",LOCKED,NEUTRAL,ECO,ECO
IF an SMS is sent or received,", THEN turn on a specified device.",LOCKED,NEUTRAL,ECO,ECO
IF an SMS is sent or received,", THEN turn on a specified device.",LOCKED,NEUTRAL,ECO,ECO
IF a new calendar event is added,", THEN activate to a specified scene.",LOCKED,NEUTRAL,ECO,ECO
IF a new calendar event is added,", THEN activate to a specified scene.",LOCKED,NEUTRAL,ECO,ECO
IF a new calendar event is added,", THEN activate to a specified scene.",LOCKED,NEUTRAL,ECO,ECO
IF a new calendar event is added,", THEN activate to a specified scene.",LOCKED,NEUTRAL,ECO,ECO
IF a new calendar event is added,", THEN activate to a specified scene.",LOCKED,NEUTRAL,ECO,ECO
IF electricity price changes within a time window,", THEN turn off a device for a specified time.",LOCKED,ECO,ECO,ECO
IF electricity price changes within a time window,", THEN turn off a device for a specified time.",LOCKED,ECO,ECO,ECO
IF electricity price changes within a time window,", THEN turn off a device for a specified time.",LOCKED,ECO,ECO,ECO
IF electricity price changes within a time window,", THEN turn off a device for a specified time.",LOCKED,ECO,ECO,ECO
IF electricity price changes within a time window,", THEN turn off a device for a specified time.",LOCKED,ECO,ECO,ECO
IF electricity price changes within a time window,", THEN turn on a specified device for a specified duration.",LOCKED,ECO,ECO,ECO
IF electricity price changes within a time window,", THEN turn on a specified device for a specified duration.",LOCKED,ECO,ECO,ECO
IF electricity price changes within a time window,", THEN turn on a specified device for a specified duration.",LOCKED,ECO,ECO,ECO
IF electricity price changes within a time window,", THEN turn on a specified device for a specified duration.",LOCKED,ECO,ECO,ECO
IF electricity price changes within a time window,", THEN turn on a specified device for a specified duration.",LOCKED,ECO,ECO,ECO
IF electricity price changes within a time window,", THEN turn on a specified device.",LOCKED,ECO,ECO,ECO
IF electricity price changes within a time window,", THEN turn on a specified device.",LOCKED,ECO,ECO,ECO
IF electricity price changes within a time window,", THEN turn on a specified device.",LOCKED,ECO,ECO,ECO
IF electricity price changes within a time window,", THEN turn on a specified device.",LOCKED,ECO,ECO,ECO
IF electricity price changes within a time window,", THEN turn on a specified device.",LOCKED,ECO,ECO,ECO
IF a relay is toggled on,", THEN turn on a specified device.",LOCKED,NEUTRAL,ECO,ECO
IF a relay is toggled on,", THEN turn on a specified device.",LOCKED,NEUTRAL,ECO,ECO
IF a relay is toggled on,", THEN turn on a specified device.",LOCKED,NEUTRAL,ECO,ECO
IF a relay is toggled on,", THEN turn on a specified device.",LOCKED,NEUTRAL,ECO,ECO
IF a relay is toggled on,", THEN turn on a specified device.",LOCKED,NEUTRAL,ECO,ECO
IF motion is detected or stops,", THEN turn off a device for a specified time.",LOCKED,NEUTRAL,ECO,ECO
IF motion is detected or stops,", THEN turn off a device for a specified time.",LOCKED,NEUTRAL,ECO,ECO
IF motion is detected or stops,", THEN turn off a device for a specified time.",LOCKED,NEUTRAL,ECO,ECO
IF motion is detected or stops,", THEN turn off a device for a specified time.",LOCKED,NEUTRAL,ECO,ECO
IF motion is detected or stops,", THEN turn off a device for a specified time.",LOCKED,NEUTRAL,ECO,ECO
IF motion is detected or stops,", THEN turn on a specified device.",LOCKED,NEUTRAL,ECO,ECO
IF motion is detected or stops,", THEN turn on a specified device.",LOCKED,NEUTRAL,ECO,ECO
IF motion is detected or stops,", THEN turn on a specified device.",LOCKED,NEUTRAL,ECO,ECO
IF motion is detected or stops,", THEN turn on a specified device.",LOCKED,NEUTRAL,ECO,ECO
IF motion is detected or stops,", THEN turn on a specified device.",LOCKED,NEUTRAL,ECO,ECO
IF motion is detected or stops,", THEN change the device operating mode to eco",LOCKED,NEUTRAL,ECO,ECO
IF motion is detected or stops,", THEN change the device operating mode to eco",LOCKED,NEUTRAL,ECO,ECO
IF motion is detected or stops,", THEN change the device operating mode to eco",LOCKED,NEUTRAL,ECO,ECO
IF motion is detected or stops,", THEN change the device operating mode to eco",LOCKED,NEUTRAL,ECO,ECO
IF motion is detected or stops,", THEN change the device operating mode to eco",LOCKED,NEUTRAL,ECO,ECO
IF motion is detected or stops,", THEN turn on a specified device for a specified duration.",LOCKED,NEUTRAL,ECO,ECO
IF motion is detected or stops,", THEN turn on a specified device for a specified duration.",LOCKED,NEUTRAL,ECO,ECO
IF motion is detected or stops,", THEN turn on a specified device for a specified duration.",LOCKED,NEUTRAL,ECO,ECO
IF motion is detected or stops,", THEN turn on a specified device for a specified duration.",LOCKED,NEUTRAL,ECO,ECO
IF motion is detected or stops,", THEN turn on a specified device for a specified duration.",LOCKED,NEUTRAL,ECO,ECO
", IF it is sunrise, within a specified time",", THEN turn off a device for a specified time.",LOCKED,ECO,ECO,ECO
", IF it is sunrise, within a specified time",", THEN turn off a device for a specified time.",LOCKED,ECO,ECO,ECO
", IF it is sunrise, within a specified time",", THEN turn off a device for a specified time.",LOCKED,ECO,ECO,ECO
", IF it is sunrise, within a specified time",", THEN turn off a device for a specified time.",LOCKED,ECO,ECO,ECO
", IF it is sunrise, within a specified time",", THEN turn off a device for a specified time.",LOCKED,ECO,ECO,ECO
", IF it is sunrise, within a specified time",", THEN turn on a specified device.",LOCKED,ECO,ECO,ECO
", IF it is sunrise, within a specified time",", THEN turn on a specified device.",LOCKED,ECO,ECO,ECO
", IF it is sunrise, within a specified time",", THEN turn on a specified device.",LOCKED,ECO,ECO,ECO
", IF it is sunrise, within a specified time",", THEN turn on a specified device.",LOCKED,ECO,ECO,ECO
", IF it is sunrise, within a specified time",", THEN turn on a specified device.",LOCKED,ECO,ECO,ECO
", IF it is sunrise, within a specified time",", THEN turn on a specified device for a specified duration.",LOCKED,ECO,ECO,ECO
", IF it is sunrise, within a specified time",", THEN turn on a specified device for a specified duration.",LOCKED,ECO,ECO,ECO
", IF it is sunrise, within a specified time",", THEN turn on a specified device for a specified duration.",LOCKED,ECO,ECO,ECO
", IF it is sunrise, within a specified time",", THEN turn on a specified device for a specified duration.",LOCKED,ECO,ECO,ECO
", IF it is sunrise, within a specified time",", THEN turn on a specified device for a specified duration.",LOCKED,ECO,ECO,ECO
", IF it is sunrise, within a specified time",", THEN turn off a device",LOCKED,ECO,NEUTRAL,ECO
", IF it is sunrise, within a specified time",", THEN turn off a device",LOCKED,ECO,NEUTRAL,ECO
", IF it is sunrise, within a specified time",", THEN turn off a device",LOCKED,ECO,NEUTRAL,ECO
", IF it is sunrise, within a specified time",", THEN turn off a device",LOCKED,ECO,NEUTRAL,ECO
", IF it is sunrise, within a specified time",", THEN turn off a device",LOCKED,ECO,NEUTRAL,ECO
", IF it is sunrise, within a specified time",", THEN start the robot.",LOCKED,ECO,NEUTRAL,ECO
", IF it is sunrise, within a specified time",", THEN start the robot.",LOCKED,ECO,NEUTRAL,ECO
", IF it is sunrise, within a specified time",", THEN start the robot.",LOCKED,ECO,NEUTRAL,ECO
", IF it is sunrise, within a specified time",", THEN start the robot.",LOCKED,ECO,NEUTRAL,ECO
", IF it is sunrise, within a specified time",", THEN start the robot.",LOCKED,ECO,NEUTRAL,ECO
", IF it is sunrise, within a specified time",", THEN activate to a specified scene.",LOCKED,ECO,ECO,ECO
", IF it is sunrise, within a specified time",", THEN activate to a specified scene.",LOCKED,ECO,ECO,ECO
", IF it is sunrise, within a specified time",", THEN activate to a specified scene.",LOCKED,ECO,ECO,ECO
", IF it is sunrise, within a specified time",", THEN activate to a specified scene.",LOCKED,ECO,ECO,ECO
", IF it is sunrise, within a specified time",", THEN activate to a specified scene.",LOCKED,ECO,ECO,ECO
", IF it is sunrise, within a specified time",", THEN set brightness to a specified level",LOCKED,ECO,ECO,ECO
", IF it is sunrise, within a specified time",", THEN set brightness to a specified level",LOCKED,ECO,ECO,ECO
", IF it is sunrise, within a specified time",", THEN set brightness to a specified level",LOCKED,ECO,ECO,ECO
", IF it is sunrise, within a specified time",", THEN set brightness to a specified level",LOCKED,ECO,ECO,ECO
", IF it is sunrise, within a specified time",", THEN set brightness to a specified level",LOCKED,ECO,ECO,ECO
IF a device is turned off,", THEN turn off a device for a specified time.",LOCKED,NEUTRAL,ECO,ECO
IF a device is turned off,", THEN turn off a device for a specified time.",LOCKED,NEUTRAL,ECO,ECO
IF a device is turned off,", THEN turn off a device for a specified time.",LOCKED,NEUTRAL,ECO,ECO
IF a device is turned off,", THEN turn off a device for a specified time.",LOCKED,NEUTRAL,ECO,ECO
IF a device is turned off,", THEN turn off a device for a specified time.",LOCKED,NEUTRAL,ECO,ECO
IF a device is turned off,", THEN set brightness to a specified level",LOCKED,NEUTRAL,ECO,ECO
IF a device is turned off,", THEN set brightness to a specified level",LOCKED,NEUTRAL,ECO,ECO
IF a device is turned off,", THEN set brightness to a specified level",LOCKED,NEUTRAL,ECO,ECO
IF a device is turned off,", THEN set brightness to a specified level",LOCKED,NEUTRAL,ECO,ECO
IF a device is turned off,", THEN set brightness to a specified level",LOCKED,NEUTRAL,ECO,ECO
IF a device is turned off,", THEN turn on a specified device for a specified duration.",LOCKED,NEUTRAL,ECO,ECO
IF a device is turned off,", THEN turn on a specified device for a specified duration.",LOCKED,NEUTRAL,ECO,ECO
IF a device is turned off,", THEN turn on a specified device for a specified duration.",LOCKED,NEUTRAL,ECO,ECO
IF a device is turned off,", THEN turn on a specified device for a specified duration.",LOCKED,NEUTRAL,ECO,ECO
IF a device is turned off,", THEN turn on a specified device for a specified duration.",LOCKED,NEUTRAL,ECO,ECO
IF a device is turned off,", THEN turn on a specified device.",LOCKED,NEUTRAL,ECO,ECO
IF a device is turned off,", THEN turn on a specified device.",LOCKED,NEUTRAL,ECO,ECO
IF a device is turned off,", THEN turn on a specified device.",LOCKED,NEUTRAL,ECO,ECO
IF a device is turned off,", THEN turn on a specified device.",LOCKED,NEUTRAL,ECO,ECO
IF a device is turned off,", THEN turn on a specified device.",LOCKED,NEUTRAL,ECO,ECO
IF a notification is received from a mobile app,", THEN turn on a specified device for a specified duration.",LOCKED,NEUTRAL,ECO,ECO
IF a notification is received from a mobile app,", THEN turn on a specified device for a specified duration.",LOCKED,NEUTRAL,ECO,ECO
IF a notification is received from a mobile app,", THEN turn on a specified device for a specified duration.",LOCKED,NEUTRAL,ECO,ECO
IF a notification is received from a mobile app,", THEN turn on a specified device for a specified duration.",LOCKED,NEUTRAL,ECO,ECO
IF a notification is received from a mobile app,", THEN turn on a specified device for a specified duration.",LOCKED,NEUTRAL,ECO,ECO
IF a notification is received from a mobile app,", THEN activate to a specified scene.",LOCKED,NEUTRAL,ECO,ECO
IF a notification is received from a mobile app,", THEN activate to a specified scene.",LOCKED,NEUTRAL,ECO,ECO
IF a notification is received from a mobile app,", THEN activate to a specified scene.",LOCKED,NEUTRAL,ECO,ECO
IF a notification is received from a mobile app,", THEN activate to a specified scene.",LOCKED,NEUTRAL,ECO,ECO
IF a notification is received from a mobile app,", THEN activate to a specified scene.",LOCKED,NEUTRAL,ECO,ECO
IF a notification is received from a mobile app,", THEN turn off a device for a specified time.",LOCKED,NEUTRAL,ECO,ECO
IF a notification is received from a mobile app,", THEN turn off a device for a specified time.",LOCKED,NEUTRAL,ECO,ECO
IF a notification is received from a mobile app,", THEN turn off a device for a specified time.",LOCKED,NEUTRAL,ECO,ECO
IF a notification is received from a mobile app,", THEN turn off a device for a specified time.",LOCKED,NEUTRAL,ECO,ECO
IF a notification is received from a mobile app,", THEN turn off a device for a specified time.",LOCKED,NEUTRAL,ECO,ECO
IF a notification is received from a mobile app,", THEN turn on a specified device.",LOCKED,NEUTRAL,ECO,ECO
IF a notification is received from a mobile app,", THEN turn on a specified device.",LOCKED,NEUTRAL,ECO,ECO
IF a notification is received from a mobile app,", THEN turn on a specified device.",LOCKED,NEUTRAL,ECO,ECO
IF a notification is received from a mobile app,", THEN turn on a specified device.",LOCKED,NEUTRAL,ECO,ECO
IF a notification is received from a mobile app,", THEN turn on a specified device.",LOCKED,NEUTRAL,ECO,ECO
IF shortly before a calendar event with a specific keyword,", THEN turn on a specified device.",LOCKED,NEUTRAL,ECO,ECO
IF shortly before a calendar event with a specific keyword,", THEN turn on a specified device.",LOCKED,NEUTRAL,ECO,ECO
IF shortly before a calendar event with a specific keyword,", THEN turn on a specified device.",LOCKED,NEUTRAL,ECO,ECO
IF shortly before a calendar event with a specific keyword,", THEN turn on a specified device.",LOCKED,NEUTRAL,ECO,ECO
IF shortly before a calendar event with a specific keyword,", THEN turn on a specified device.",LOCKED,NEUTRAL,ECO,ECO
IF shortly before a calendar event with a specific keyword,", THEN turn off a device for a specified time.",LOCKED,NEUTRAL,ECO,ECO
IF shortly before a calendar event with a specific keyword,", THEN turn off a device for a specified time.",LOCKED,NEUTRAL,ECO,ECO
IF shortly before a calendar event with a specific keyword,", THEN turn off a device for a specified time.",LOCKED,NEUTRAL,ECO,ECO
IF shortly before a calendar event with a specific keyword,", THEN turn off a device for a specified time.",LOCKED,NEUTRAL,ECO,ECO
IF shortly before a calendar event with a specific keyword,", THEN turn off a device for a specified time.",LOCKED,NEUTRAL,ECO,ECO
IF shortly before a calendar event with a specific keyword,", THEN activate to a specified scene.",LOCKED,NEUTRAL,ECO,ECO
IF shortly before a calendar event with a specific keyword,", THEN activate to a specified scene.",LOCKED,NEUTRAL,ECO,ECO
IF shortly before a calendar event with a specific keyword,", THEN activate to a specified scene.",LOCKED,NEUTRAL,ECO,ECO
IF shortly before a calendar event with a specific keyword,", THEN activate to a specified scene.",LOCKED,NEUTRAL,ECO,ECO
IF shortly before a calendar event with a specific keyword,", THEN activate to a specified scene.",LOCKED,NEUTRAL,ECO,ECO
IF device is plugged in or unplugged,", THEN turn off a device for a specified time.",LOCKED,NEUTRAL,ECO,ECO
IF device is plugged in or unplugged,", THEN turn off a device for a specified time.",LOCKED,NEUTRAL,ECO,ECO
IF device is plugged in or unplugged,", THEN turn off a device for a specified time.",LOCKED,NEUTRAL,ECO,ECO
IF device is plugged in or unplugged,", THEN turn off a device for a specified time.",LOCKED,NEUTRAL,ECO,ECO
IF device is plugged in or unplugged,", THEN turn off a device for a specified time.",LOCKED,NEUTRAL,ECO,ECO
IF device is plugged in or unplugged,", THEN set brightness to a specified level",LOCKED,NEUTRAL,ECO,ECO
IF device is plugged in or unplugged,", THEN set brightness to a specified level",LOCKED,NEUTRAL,ECO,ECO
IF device is plugged in or unplugged,", THEN set brightness to a specified level",LOCKED,NEUTRAL,ECO,ECO
IF device is plugged in or unplugged,", THEN set brightness to a specified level",LOCKED,NEUTRAL,ECO,ECO
IF device is plugged in or unplugged,", THEN set brightness to a specified level",LOCKED,NEUTRAL,ECO,ECO
IF device is plugged in or unplugged,", THEN turn on a specified device for a specified duration.",LOCKED,NEUTRAL,ECO,ECO
IF device is plugged in or unplugged,", THEN turn on a specified device for a specified duration.",LOCKED,NEUTRAL,ECO,ECO
IF device is plugged in or unplugged,", THEN turn on a specified device for a specified duration.",LOCKED,NEUTRAL,ECO,ECO
IF device is plugged in or unplugged,", THEN turn on a specified device for a specified duration.",LOCKED,NEUTRAL,ECO,ECO
IF device is plugged in or unplugged,", THEN turn on a specified device for a specified duration.",LOCKED,NEUTRAL,ECO,ECO
IF device is plugged in or unplugged,", THEN turn on a specified device.",LOCKED,NEUTRAL,ECO,ECO
IF device is plugged in or unplugged,", THEN turn on a specified device.",LOCKED,NEUTRAL,ECO,ECO
IF device is plugged in or unplugged,", THEN turn on a specified device.",LOCKED,NEUTRAL,ECO,ECO
IF device is plugged in or unplugged,", THEN turn on a specified device.",LOCKED,NEUTRAL,ECO,ECO
IF device is plugged in or unplugged,", THEN turn on a specified device.",LOCKED,NEUTRAL,ECO,ECO
IF everyone leaves home,", THEN turn on a specified device.",LOCKED,ECO,ECO,ECO
IF everyone leaves home,", THEN turn on a specified device.",LOCKED,ECO,ECO,ECO
IF everyone leaves home,", THEN turn on a specified device.",LOCKED,ECO,ECO,ECO
IF everyone leaves home,", THEN turn on a specified device.",LOCKED,ECO,ECO,ECO
IF everyone leaves home,", THEN turn on a specified device.",LOCKED,ECO,ECO,ECO
IF everyone leaves home,", THEN start the robot.",LOCKED,ECO,NEUTRAL,ECO
IF everyone leaves home,", THEN start the robot.",LOCKED,ECO,NEUTRAL,ECO
IF everyone leaves home,", THEN start the robot.",LOCKED,ECO,NEUTRAL,ECO
IF everyone leaves home,", THEN start the robot.",LOCKED,ECO,NEUTRAL,ECO
IF everyone leaves home,", THEN start the robot.",LOCKED,ECO,NEUTRAL,ECO
IF a specific keyword is spoken in a voice group,", THEN turn on a specified device for a specified duration.",LOCKED,NEUTRAL,ECO,ECO
IF a specific keyword is spoken in a voice group,", THEN turn on a specified device for a specified duration.",LOCKED,NEUTRAL,ECO,ECO
IF a specific keyword is spoken in a voice group,", THEN turn on a specified device for a specified duration.",LOCKED,NEUTRAL,ECO,ECO
IF a specific keyword is spoken in a voice group,", THEN turn on a specified device for a specified duration.",LOCKED,NEUTRAL,ECO,ECO
IF a specific keyword is spoken in a voice group,", THEN turn on a specified device for a specified duration.",LOCKED,NEUTRAL,ECO,ECO
IF humidity crosses a threshold,", THEN turn on a specified device.",LOCKED,NEUTRAL,ECO,ECO
IF humidity crosses a threshold,", THEN turn on a specified device.",LOCKED,NEUTRAL,ECO,ECO
IF humidity crosses a threshold,", THEN turn on a specified device.",LOCKED,NEUTRAL,ECO,ECO
IF humidity crosses a threshold,", THEN turn on a specified device.",LOCKED,NEUTRAL,ECO,ECO
IF humidity crosses a threshold,", THEN turn on a specified device.",LOCKED,NEUTRAL,ECO,ECO
IF humidity crosses a threshold,", THEN turn on a specified device for a specified duration.",LOCKED,NEUTRAL,ECO,ECO
IF humidity crosses a threshold,", THEN turn on a specified device for a specified duration.",LOCKED,NEUTRAL,ECO,ECO
IF humidity crosses a threshold,", THEN turn on a specified device for a specified duration.",LOCKED,NEUTRAL,ECO,ECO
IF humidity crosses a threshold,", THEN turn on a specified device for a specified duration.",LOCKED,NEUTRAL,ECO,ECO
IF humidity crosses a threshold,", THEN turn on a specified device for a specified duration.",LOCKED,NEUTRAL,ECO,ECO
IF sleep activity is detected,", THEN change the device operating mode to eco",LOCKED,NEUTRAL,ECO,ECO
IF sleep activity is detected,", THEN change the device operating mode to eco",LOCKED,NEUTRAL,ECO,ECO
IF sleep activity is detected,", THEN change the device operating mode to eco",LOCKED,NEUTRAL,ECO,ECO
IF sleep activity is detected,", THEN change the device operating mode to eco",LOCKED,NEUTRAL,ECO,ECO
IF sleep activity is detected,", THEN change the device operating mode to eco",LOCKED,NEUTRAL,ECO,ECO
IF sleep activity is detected,", THEN turn off a device for a specified time.",LOCKED,NEUTRAL,ECO,ECO
IF sleep activity is detected,", THEN turn off a device for a specified time.",LOCKED,NEUTRAL,ECO,ECO
IF sleep activity is detected,", THEN turn off a device for a specified time.",LOCKED,NEUTRAL,ECO,ECO
IF sleep activity is detected,", THEN turn off a device for a specified time.",LOCKED,NEUTRAL,ECO,ECO
IF sleep activity is detected,", THEN turn off a device for a specified time.",LOCKED,NEUTRAL,ECO,ECO
IF sleep activity is detected,", THEN turn on a specified device.",LOCKED,NEUTRAL,ECO,ECO
IF sleep activity is detected,", THEN turn on a specified device.",LOCKED,NEUTRAL,ECO,ECO
IF sleep activity is detected,", THEN turn on a specified device.",LOCKED,NEUTRAL,ECO,ECO
IF sleep activity is detected,", THEN turn on a specified device.",LOCKED,NEUTRAL,ECO,ECO
IF sleep activity is detected,", THEN turn on a specified device.",LOCKED,NEUTRAL,ECO,ECO
IF home presence is set to away,", THEN turn off a device for a specified time.",LOCKED,NEUTRAL,ECO,ECO
IF home presence is set to away,", THEN turn off a device for a specified time.",LOCKED,NEUTRAL,ECO,ECO
IF home presence is set to away,", THEN turn off a device for a specified time.",LOCKED,NEUTRAL,ECO,ECO
IF home presence is set to away,", THEN turn off a device for a specified time.",LOCKED,NEUTRAL,ECO,ECO
IF home presence is set to away,", THEN turn off a device for a specified time.",LOCKED,NEUTRAL,ECO,ECO
IF home presence is set to away,", THEN turn on a specified device.",LOCKED,NEUTRAL,ECO,ECO
IF home presence is set to away,", THEN turn on a specified device.",LOCKED,NEUTRAL,ECO,ECO
IF home presence is set to away,", THEN turn on a specified device.",LOCKED,NEUTRAL,ECO,ECO
IF home presence is set to away,", THEN turn on a specified device.",LOCKED,NEUTRAL,ECO,ECO
IF home presence is set to away,", THEN turn on a specified device.",LOCKED,NEUTRAL,ECO,ECO
IF home presence is set to away,", THEN turn on a specified device for a specified duration.",LOCKED,NEUTRAL,ECO,ECO
IF home presence is set to away,", THEN turn on a specified device for a specified duration.",LOCKED,NEUTRAL,ECO,ECO
IF home presence is set to away,", THEN turn on a specified device for a specified duration.",LOCKED,NEUTRAL,ECO,ECO
IF home presence is set to away,", THEN turn on a specified device for a specified duration.",LOCKED,NEUTRAL,ECO,ECO
IF home presence is set to away,", THEN turn on a specified device for a specified duration.",LOCKED,NEUTRAL,ECO,ECO
IF a demand response event starts or ends,", THEN turn on a specified device.",LOCKED,NEUTRAL,ECO,ECO
IF a demand response event starts or ends,", THEN turn on a specified device.",LOCKED,NEUTRAL,ECO,ECO
IF a demand response event starts or ends,", THEN turn on a specified device.",LOCKED,NEUTRAL,ECO,ECO
IF a demand response event starts or ends,", THEN turn on a specified device.",LOCKED,NEUTRAL,ECO,ECO
IF a demand response event starts or ends,", THEN turn on a specified device.",LOCKED,NEUTRAL,ECO,ECO
IF a demand response event starts or ends,", THEN activate to a specified scene.",LOCKED,NEUTRAL,ECO,ECO
IF a demand response event starts or ends,", THEN activate to a specified scene.",LOCKED,NEUTRAL,ECO,ECO
IF a demand response event starts or ends,", THEN activate to a specified scene.",LOCKED,NEUTRAL,ECO,ECO
IF a demand response event starts or ends,", THEN activate to a specified scene.",LOCKED,NEUTRAL,ECO,ECO
IF a demand response event starts or ends,", THEN activate to a specified scene.",LOCKED,NEUTRAL,ECO,ECO
IF an automation flow is started,", THEN change the device operating mode to auto",LOCKED,ECO,NEUTRAL,ECO
IF an automation flow is started,", THEN change the device operating mode to auto",LOCKED,ECO,NEUTRAL,ECO
IF an automation flow is started,", THEN change the device operating mode to auto",LOCKED,ECO,NEUTRAL,ECO
IF an automation flow is started,", THEN change the device operating mode to auto",LOCKED,ECO,NEUTRAL,ECO
IF an automation flow is started,", THEN change the device operating mode to auto",LOCKED,ECO,NEUTRAL,ECO
IF an automation flow is started,", THEN turn off a device for a specified time.",LOCKED,ECO,ECO,ECO
IF an automation flow is started,", THEN turn off a device for a specified time.",LOCKED,ECO,ECO,ECO
IF an automation flow is started,", THEN turn off a device for a specified time.",LOCKED,ECO,ECO,ECO
IF an automation flow is started,", THEN turn off a device for a specified time.",LOCKED,ECO,ECO,ECO
IF an automation flow is started,", THEN turn off a device for a specified time.",LOCKED,ECO,ECO,ECO
IF an automation flow is started,", THEN change the device operating mode to eco",LOCKED,ECO,ECO,ECO
IF an automation flow is started,", THEN change the device operating mode to eco",LOCKED,ECO,ECO,ECO
IF an automation flow is started,", THEN change the device operating mode to eco",LOCKED,ECO,ECO,ECO
IF an automation flow is started,", THEN change the device operating mode to eco",LOCKED,ECO,ECO,ECO
IF an automation flow is started,", THEN change the device operating mode to eco",LOCKED,ECO,ECO,ECO
IF an automation flow is started,", THEN turn on a specified device for a specified duration.",LOCKED,ECO,ECO,ECO
IF an automation flow is started,", THEN turn on a specified device for a specified duration.",LOCKED,ECO,ECO,ECO
IF an automation flow is started,", THEN turn on a specified device for a specified duration.",LOCKED,ECO,ECO,ECO
IF an automation flow is started,", THEN turn on a specified device for a specified duration.",LOCKED,ECO,ECO,ECO
IF an automation flow is started,", THEN turn on a specified device for a specified duration.",LOCKED,ECO,ECO,ECO
IF a door or contact sensor closes,", THEN activate to a specified scene.",LOCKED,NEUTRAL,ECO,ECO
IF a door or contact sensor closes,", THEN activate to a specified scene.",LOCKED,NEUTRAL,ECO,ECO
IF a door or contact sensor closes,", THEN activate to a specified scene.",LOCKED,NEUTRAL,ECO,ECO
IF a door or contact sensor closes,", THEN activate to a specified scene.",LOCKED,NEUTRAL,ECO,ECO
IF a door or contact sensor closes,", THEN activate to a specified scene.",LOCKED,NEUTRAL,ECO,ECO
IF a door or contact sensor closes,", THEN turn off a device for a specified time.",LOCKED,NEUTRAL,ECO,ECO
IF a door or contact sensor closes,", THEN turn off a device for a specified time.",LOCKED,NEUTRAL,ECO,ECO
IF a door or contact sensor closes,", THEN turn off a device for a specified time.",LOCKED,NEUTRAL,ECO,ECO
IF a door or contact sensor closes,", THEN turn off a device for a specified time.",LOCKED,NEUTRAL,ECO,ECO
IF a door or contact sensor closes,", THEN turn off a device for a specified time.",LOCKED,NEUTRAL,ECO,ECO
IF a smart device is turned on,", THEN turn on a specified device.",LOCKED,NEUTRAL,ECO,ECO
IF a smart device is turned on,", THEN turn on a specified device.",LOCKED,NEUTRAL,ECO,ECO
IF a smart device is turned on,", THEN turn on a specified device.",LOCKED,NEUTRAL,ECO,ECO
IF a smart device is turned on,", THEN turn on a specified device.",LOCKED,NEUTRAL,ECO,ECO
IF a smart device is turned on,", THEN turn on a specified device.",LOCKED,NEUTRAL,ECO,ECO
IF a smart device is turned on,", THEN turn on a specified device for a specified duration.",LOCKED,NEUTRAL,ECO,ECO
IF a smart device is turned on,", THEN turn on a specified device for a specified duration.",LOCKED,NEUTRAL,ECO,ECO
IF a smart device is turned on,", THEN turn on a specified device for a specified duration.",LOCKED,NEUTRAL,ECO,ECO
IF a smart device is turned on,", THEN turn on a specified device for a specified duration.",LOCKED,NEUTRAL,ECO,ECO
IF a smart device is turned on,", THEN turn on a specified device for a specified duration.",LOCKED,NEUTRAL,ECO,ECO
IF a smart device is turned on,", THEN set brightness to a specified level",LOCKED,NEUTRAL,ECO,ECO
IF a smart device is turned on,", THEN set brightness to a specified level",LOCKED,NEUTRAL,ECO,ECO
IF a smart device is turned on,", THEN set brightness to a specified level",LOCKED,NEUTRAL,ECO,ECO
IF a smart device is turned on,", THEN set brightness to a specified level",LOCKED,NEUTRAL,ECO,ECO
IF a smart device is turned on,", THEN set brightness to a specified level",LOCKED,NEUTRAL,ECO,ECO
IF shortly after a calendar event,", THEN turn on a specified device for a specified duration.",LOCKED,NEUTRAL,ECO,ECO
IF shortly after a calendar event,", THEN turn on a specified device for a specified duration.",LOCKED,NEUTRAL,ECO,ECO
IF shortly after a calendar event,", THEN turn on a specified device for a specified duration.",LOCKED,NEUTRAL,ECO,ECO
IF shortly after a calendar event,", THEN turn on a specified device for a specified duration.",LOCKED,NEUTRAL,ECO,ECO
IF shortly after a calendar event,", THEN turn on a specified device for a specified duration.",LOCKED,NEUTRAL,ECO,ECO
IF a tariff period starts (French),", THEN turn on a specified device.",LOCKED,NEUTRAL,ECO,ECO
IF a tariff period starts (French),", THEN turn on a specified device.",LOCKED,NEUTRAL,ECO,ECO
IF a tariff period starts (French),", THEN turn on a specified device.",LOCKED,NEUTRAL,ECO,ECO
IF a tariff period starts (French),", THEN turn on a specified device.",LOCKED,NEUTRAL,ECO,ECO
IF a tariff period starts (French),", THEN turn on a specified device.",LOCKED,NEUTRAL,ECO,ECO
IF Nest Protect detects smoke,", THEN turn on a specified device for a specified duration.",LOCKED,ECO,ECO,ECO
IF Nest Protect detects smoke,", THEN turn on a specified device for a specified duration.",LOCKED,ECO,ECO,ECO
IF Nest Protect detects smoke,", THEN turn on a specified device for a specified duration.",LOCKED,ECO,ECO,ECO
IF Nest Protect detects smoke,", THEN turn on a specified device for a specified duration.",LOCKED,ECO,ECO,ECO
IF Nest Protect detects smoke,", THEN turn on a specified device for a specified duration.",LOCKED,ECO,ECO,ECO
IF Nest Protect detects smoke,", THEN turn on a specified device.",LOCKED,ECO,ECO,ECO
IF Nest Protect detects smoke,", THEN turn on a specified device.",LOCKED,ECO,ECO,ECO
IF Nest Protect detects smoke,", THEN turn on a specified device.",LOCKED,ECO,ECO,ECO
IF Nest Protect detects smoke,", THEN turn on a specified device.",LOCKED,ECO,ECO,ECO
IF Nest Protect detects smoke,", THEN turn on a specified device.",LOCKED,ECO,ECO,ECO
IF home presence is set to home,", THEN turn on a specified device.",LOCKED,NEUTRAL,ECO,ECO
IF home presence is set to home,", THEN turn on a specified device.",LOCKED,NEUTRAL,ECO,ECO
IF home presence is set to home,", THEN turn on a specified device.",LOCKED,NEUTRAL,ECO,ECO
IF home presence is set to home,", THEN turn on a specified device.",LOCKED,NEUTRAL,ECO,ECO
IF home presence is set to home,", THEN turn on a specified device.",LOCKED,NEUTRAL,ECO,ECO
IF home presence is set to home,", THEN turn on a specified device for a specified duration.",LOCKED,NEUTRAL,ECO,ECO
IF home presence is set to home,", THEN turn on a specified device for a specified duration.",LOCKED,NEUTRAL,ECO,ECO
IF home presence is set to home,", THEN turn on a specified device for a specified duration.",LOCKED,NEUTRAL,ECO,ECO
IF home presence is set to home,", THEN turn on a specified device for a specified duration.",LOCKED,NEUTRAL,ECO,ECO
IF home presence is set to home,", THEN turn on a specified device for a specified duration.",LOCKED,NEUTRAL,ECO,ECO
IF home presence is set to home,", THEN turn off a device for a specified time.",LOCKED,NEUTRAL,ECO,ECO
IF home presence is set to home,", THEN turn off a device for a specified time.",LOCKED,NEUTRAL,ECO,ECO
IF home presence is set to home,", THEN turn off a device for a specified time.",LOCKED,NEUTRAL,ECO,ECO
IF home presence is set to home,", THEN turn off a device for a specified time.",LOCKED,NEUTRAL,ECO,ECO
IF home presence is set to home,", THEN turn off a device for a specified time.",LOCKED,NEUTRAL,ECO,ECO
IF home presence is set to home,", THEN activate to a specified scene.",LOCKED,NEUTRAL,ECO,ECO
IF home presence is set to home,", THEN activate to a specified scene.",LOCKED,NEUTRAL,ECO,ECO
IF home presence is set to home,", THEN activate to a specified scene.",LOCKED,NEUTRAL,ECO,ECO
IF home presence is set to home,", THEN activate to a specified scene.",LOCKED,NEUTRAL,ECO,ECO
IF home presence is set to home,", THEN activate to a specified scene.",LOCKED,NEUTRAL,ECO,ECO
IF an alarm is triggered,", THEN turn on a specified device for a specified duration.",LOCKED,NEUTRAL,ECO,ECO
IF an alarm is triggered,", THEN turn on a specified device for a specified duration.",LOCKED,NEUTRAL,ECO,ECO
IF an alarm is triggered,", THEN turn on a specified device for a specified duration.",LOCKED,NEUTRAL,ECO,ECO
IF an alarm is triggered,", THEN turn on a specified device for a specified duration.",LOCKED,NEUTRAL,ECO,ECO
IF an alarm is triggered,", THEN turn on a specified device for a specified duration.",LOCKED,NEUTRAL,ECO,ECO
IF an alarm is triggered,", THEN turn on a specified device.",LOCKED,NEUTRAL,ECO,ECO
IF an alarm is triggered,", THEN turn on a specified device.",LOCKED,NEUTRAL,ECO,ECO
IF an alarm is triggered,", THEN turn on a specified device.",LOCKED,NEUTRAL,ECO,ECO
IF an alarm is triggered,", THEN turn on a specified device.",LOCKED,NEUTRAL,ECO,ECO
IF an alarm is triggered,", THEN turn on a specified device.",LOCKED,NEUTRAL,ECO,ECO
IF an alarm is triggered,", THEN activate to a specified scene.",LOCKED,NEUTRAL,ECO,ECO
IF an alarm is triggered,", THEN activate to a specified scene.",LOCKED,NEUTRAL,ECO,ECO
IF an alarm is triggered,", THEN activate to a specified scene.",LOCKED,NEUTRAL,ECO,ECO
IF an alarm is triggered,", THEN activate to a specified scene.",LOCKED,NEUTRAL,ECO,ECO
IF an alarm is triggered,", THEN activate to a specified scene.",LOCKED,NEUTRAL,ECO,ECO
IF a custom gesture or automation is triggered,", THEN turn on a specified device for a specified duration.",LOCKED,NEUTRAL,ECO,ECO
IF a custom gesture or automation is triggered,", THEN turn on a specified device for a specified duration.",LOCKED,NEUTRAL,ECO,ECO
IF a custom gesture or automation is triggered,", THEN turn on a specified device for a specified duration.",LOCKED,NEUTRAL,ECO,ECO
IF a custom gesture or automation is triggered,", THEN turn on a specified device for a specified duration.",LOCKED,NEUTRAL,ECO,ECO
IF a custom gesture or automation is triggered,", THEN turn on a specified device for a specified duration.",LOCKED,NEUTRAL,ECO,ECO
IF a custom gesture or automation is triggered,", THEN turn on a specified device.",LOCKED,NEUTRAL,ECO,ECO
IF a custom gesture or automation is triggered,", THEN turn on a specified device.",LOCKED,NEUTRAL,ECO,ECO
IF a custom gesture or automation is triggered,", THEN turn on a specified device.",LOCKED,NEUTRAL,ECO,ECO
IF a custom gesture or automation is triggered,", THEN turn on a specified device.",LOCKED,NEUTRAL,ECO,ECO
IF a custom gesture or automation is triggered,", THEN turn on a specified device.",LOCKED,NEUTRAL,ECO,ECO
IF a custom gesture or automation is triggered,", THEN activate to a specified scene.",LOCKED,NEUTRAL,ECO,ECO
IF a custom gesture or automation is triggered,", THEN activate to a specified scene.",LOCKED,NEUTRAL,ECO,ECO
IF a custom gesture or automation is triggered,", THEN activate to a specified scene.",LOCKED,NEUTRAL,ECO,ECO
IF a custom gesture or automation is triggered,", THEN activate to a specified scene.",LOCKED,NEUTRAL,ECO,ECO
IF a custom gesture or automation is triggered,", THEN activate to a specified scene.",LOCKED,NEUTRAL,ECO,ECO
IF a custom gesture or automation is triggered,", THEN turn off a device for a specified time.",LOCKED,NEUTRAL,ECO,ECO
IF a custom gesture or automation is triggered,", THEN turn off a device for a specified time.",LOCKED,NEUTRAL,ECO,ECO
IF a custom gesture or automation is triggered,", THEN turn off a device for a specified time.",LOCKED,NEUTRAL,ECO,ECO
IF a custom gesture or automation is triggered,", THEN turn off a device for a specified time.",LOCKED,NEUTRAL,ECO,ECO
IF a custom gesture or automation is triggered,", THEN turn off a device for a specified time.",LOCKED,NEUTRAL,ECO,ECO
IF a light or switch changes state,", THEN turn on a specified device.",LOCKED,NEUTRAL,ECO,ECO
IF a light or switch changes state,", THEN turn on a specified device.",LOCKED,NEUTRAL,ECO,ECO
IF a light or switch changes state,", THEN turn on a specified device.",LOCKED,NEUTRAL,ECO,ECO
IF a light or switch changes state,", THEN turn on a specified device.",LOCKED,NEUTRAL,ECO,ECO
IF a light or switch changes state,", THEN turn on a specified device.",LOCKED,NEUTRAL,ECO,ECO
IF a light or switch changes state,", THEN turn on a specified device for a specified duration.",LOCKED,NEUTRAL,ECO,ECO
IF a light or switch changes state,", THEN turn on a specified device for a specified duration.",LOCKED,NEUTRAL,ECO,ECO
IF a light or switch changes state,", THEN turn on a specified device for a specified duration.",LOCKED,NEUTRAL,ECO,ECO
IF a light or switch changes state,", THEN turn on a specified device for a specified duration.",LOCKED,NEUTRAL,ECO,ECO
IF a light or switch changes state,", THEN turn on a specified device for a specified duration.",LOCKED,NEUTRAL,ECO,ECO
IF an audio event is detected,", THEN turn on a specified device.",LOCKED,NEUTRAL,ECO,ECO
IF an audio event is detected,", THEN turn on a specified device.",LOCKED,NEUTRAL,ECO,ECO
IF an audio event is detected,", THEN turn on a specified device.",LOCKED,NEUTRAL,ECO,ECO
IF an audio event is detected,", THEN turn on a specified device.",LOCKED,NEUTRAL,ECO,ECO
IF an audio event is detected,", THEN turn on a specified device.",LOCKED,NEUTRAL,ECO,ECO
IF a smartwatch button is pressed,", THEN turn on a specified device for a specified duration.",LOCKED,NEUTRAL,ECO,ECO
IF a smartwatch button is pressed,", THEN turn on a specified device for a specified duration.",LOCKED,NEUTRAL,ECO,ECO
IF a smartwatch button is pressed,", THEN turn on a specified device for a specified duration.",LOCKED,NEUTRAL,ECO,ECO
IF a smartwatch button is pressed,", THEN turn on a specified device for a specified duration.",LOCKED,NEUTRAL,ECO,ECO
IF a smartwatch button is pressed,", THEN turn on a specified device for a specified duration.",LOCKED,NEUTRAL,ECO,ECO
IF a smartwatch button is pressed,", THEN turn on a specified device.",LOCKED,NEUTRAL,ECO,ECO
IF a smartwatch button is pressed,", THEN turn on a specified device.",LOCKED,NEUTRAL,ECO,ECO
IF a smartwatch button is pressed,", THEN turn on a specified device.",LOCKED,NEUTRAL,ECO,ECO
IF a smartwatch button is pressed,", THEN turn on a specified device.",LOCKED,NEUTRAL,ECO,ECO
IF a smartwatch button is pressed,", THEN turn on a specified device.",LOCKED,NEUTRAL,ECO,ECO
IF user presence changes,", THEN turn on a specified device for a specified duration.",LOCKED,NEUTRAL,ECO,ECO
IF user presence changes,", THEN turn on a specified device for a specified duration.",LOCKED,NEUTRAL,ECO,ECO
IF user presence changes,", THEN turn on a specified device for a specified duration.",LOCKED,NEUTRAL,ECO,ECO
IF user presence changes,", THEN turn on a specified device for a specified duration.",LOCKED,NEUTRAL,ECO,ECO
IF user presence changes,", THEN turn on a specified device for a specified duration.",LOCKED,NEUTRAL,ECO,ECO
IF user presence changes,", THEN turn on a specified device.",LOCKED,NEUTRAL,ECO,ECO
IF user presence changes,", THEN turn on a specified device.",LOCKED,NEUTRAL,ECO,ECO
IF user presence changes,", THEN turn on a specified device.",LOCKED,NEUTRAL,ECO,ECO
IF user presence changes,", THEN turn on a specified device.",LOCKED,NEUTRAL,ECO,ECO
IF user presence changes,", THEN turn on a specified device.",LOCKED,NEUTRAL,ECO,ECO
IF a tweet is posted,", THEN turn on a specified device for a specified duration.",LOCKED,NEUTRAL,ECO,ECO
IF a tweet is posted,", THEN turn on a specified device for a specified duration.",LOCKED,NEUTRAL,ECO,ECO
IF a tweet is posted,", THEN turn on a specified device for a specified duration.",LOCKED,NEUTRAL,ECO,ECO
IF a tweet is posted,", THEN turn on a specified device for a specified duration.",LOCKED,NEUTRAL,ECO,ECO
IF a tweet is posted,", THEN turn on a specified device for a specified duration.",LOCKED,NEUTRAL,ECO,ECO
IF a tweet is posted,", THEN turn on a specified device.",LOCKED,NEUTRAL,ECO,ECO
IF a tweet is posted,", THEN turn on a specified device.",LOCKED,NEUTRAL,ECO,ECO
IF a tweet is posted,", THEN turn on a specified device.",LOCKED,NEUTRAL,ECO,ECO
IF a tweet is posted,", THEN turn on a specified device.",LOCKED,NEUTRAL,ECO,ECO
IF a tweet is posted,", THEN turn on a specified device.",LOCKED,NEUTRAL,ECO,ECO
IF wind speed exceeds a threshold,", THEN set brightness to a specified level",LOCKED,NEUTRAL,ECO,ECO
IF wind speed exceeds a threshold,", THEN set brightness to a specified level",LOCKED,NEUTRAL,ECO,ECO
IF wind speed exceeds a threshold,", THEN set brightness to a specified level",LOCKED,NEUTRAL,ECO,ECO
IF wind speed exceeds a threshold,", THEN set brightness to a specified level",LOCKED,NEUTRAL,ECO,ECO
IF wind speed exceeds a threshold,", THEN set brightness to a specified level",LOCKED,NEUTRAL,ECO,ECO
IF wind speed exceeds a threshold,", THEN turn on a specified device.",LOCKED,NEUTRAL,ECO,ECO
IF wind speed exceeds a threshold,", THEN turn on a specified device.",LOCKED,NEUTRAL,ECO,ECO
IF wind speed exceeds a threshold,", THEN turn on a specified device.",LOCKED,NEUTRAL,ECO,ECO
IF wind speed exceeds a threshold,", THEN turn on a specified device.",LOCKED,NEUTRAL,ECO,ECO
IF wind speed exceeds a threshold,", THEN turn on a specified device.",LOCKED,NEUTRAL,ECO,ECO
IF a security alarm changes state,", THEN turn on a specified device.",LOCKED,NEUTRAL,ECO,ECO
IF a security alarm changes state,", THEN turn on a specified device.",LOCKED,NEUTRAL,ECO,ECO
IF a security alarm changes state,", THEN turn on a specified device.",LOCKED,NEUTRAL,ECO,ECO
IF a security alarm changes state,", THEN turn on a specified device.",LOCKED,NEUTRAL,ECO,ECO
IF a security alarm changes state,", THEN turn on a specified device.",LOCKED,NEUTRAL,ECO,ECO
IF thermostat switches to away mode,", THEN turn on a specified device.",LOCKED,NEUTRAL,ECO,ECO
IF thermostat switches to away mode,", THEN turn on a specified device.",LOCKED,NEUTRAL,ECO,ECO
IF thermostat switches to away mode,", THEN turn on a specified device.",LOCKED,NEUTRAL,ECO,ECO
IF thermostat switches to away mode,", THEN turn on a specified device.",LOCKED,NEUTRAL,ECO,ECO
IF thermostat switches to away mode,", THEN turn on a specified device.",LOCKED,NEUTRAL,ECO,ECO
IF thermostat switches to away mode,", THEN turn off a device for a specified time.",LOCKED,NEUTRAL,ECO,ECO
IF thermostat switches to away mode,", THEN turn off a device for a specified time.",LOCKED,NEUTRAL,ECO,ECO
IF thermostat switches to away mode,", THEN turn off a device for a specified time.",LOCKED,NEUTRAL,ECO,ECO
IF thermostat switches to away mode,", THEN turn off a device for a specified time.",LOCKED,NEUTRAL,ECO,ECO
IF thermostat switches to away mode,", THEN turn off a device for a specified time.",LOCKED,NEUTRAL,ECO,ECO
IF thermostat switches to home mode,", THEN turn on a specified device.",LOCKED,NEUTRAL,ECO,ECO
IF thermostat switches to home mode,", THEN turn on a specified device.",LOCKED,NEUTRAL,ECO,ECO
IF thermostat switches to home mode,", THEN turn on a specified device.",LOCKED,NEUTRAL,ECO,ECO
IF thermostat switches to home mode,", THEN turn on a specified device.",LOCKED,NEUTRAL,ECO,ECO
IF thermostat switches to home mode,", THEN turn on a specified device.",LOCKED,NEUTRAL,ECO,ECO
IF thermostat switches to home mode,", THEN turn on a specified device for a specified duration.",LOCKED,NEUTRAL,ECO,ECO
IF thermostat switches to home mode,", THEN turn on a specified device for a specified duration.",LOCKED,NEUTRAL,ECO,ECO
IF thermostat switches to home mode,", THEN turn on a specified device for a specified duration.",LOCKED,NEUTRAL,ECO,ECO
IF thermostat switches to home mode,", THEN turn on a specified device for a specified duration.",LOCKED,NEUTRAL,ECO,ECO
IF thermostat switches to home mode,", THEN turn on a specified device for a specified duration.",LOCKED,NEUTRAL,ECO,ECO
IF a calendar event ends,", THEN turn on a specified device for a specified duration.",LOCKED,NEUTRAL,ECO,ECO
IF a calendar event ends,", THEN turn on a specified device for a specified duration.",LOCKED,NEUTRAL,ECO,ECO
IF a calendar event ends,", THEN turn on a specified device for a specified duration.",LOCKED,NEUTRAL,ECO,ECO
IF a calendar event ends,", THEN turn on a specified device for a specified duration.",LOCKED,NEUTRAL,ECO,ECO
IF a calendar event ends,", THEN turn on a specified device for a specified duration.",LOCKED,NEUTRAL,ECO,ECO
IF a calendar event ends,", THEN turn off a device for a specified time.",LOCKED,NEUTRAL,ECO,ECO
IF a calendar event ends,", THEN turn off a device for a specified time.",LOCKED,NEUTRAL,ECO,ECO
IF a calendar event ends,", THEN turn off a device for a specified time.",LOCKED,NEUTRAL,ECO,ECO
IF a calendar event ends,", THEN turn off a device for a specified time.",LOCKED,NEUTRAL,ECO,ECO
IF a calendar event ends,", THEN turn off a device for a specified time.",LOCKED,NEUTRAL,ECO,ECO
IF a door or contact sensor opens,", THEN activate to a specified scene.",LOCKED,NEUTRAL,ECO,ECO
IF a door or contact sensor opens,", THEN activate to a specified scene.",LOCKED,NEUTRAL,ECO,ECO
IF a door or contact sensor opens,", THEN activate to a specified scene.",LOCKED,NEUTRAL,ECO,ECO
IF a door or contact sensor opens,", THEN activate to a specified scene.",LOCKED,NEUTRAL,ECO,ECO
IF a door or contact sensor opens,", THEN activate to a specified scene.",LOCKED,NEUTRAL,ECO,ECO
IF a door or contact sensor opens,", THEN turn on a specified device.",LOCKED,NEUTRAL,ECO,ECO
IF a door or contact sensor opens,", THEN turn on a specified device.",LOCKED,NEUTRAL,ECO,ECO
IF a door or contact sensor opens,", THEN turn on a specified device.",LOCKED,NEUTRAL,ECO,ECO
IF a door or contact sensor opens,", THEN turn on a specified device.",LOCKED,NEUTRAL,ECO,ECO
IF a door or contact sensor opens,", THEN turn on a specified device.",LOCKED,NEUTRAL,ECO,ECO
IF a door or contact sensor opens,", THEN turn on a specified device for a specified duration.",LOCKED,NEUTRAL,ECO,ECO
IF a door or contact sensor opens,", THEN turn on a specified device for a specified duration.",LOCKED,NEUTRAL,ECO,ECO
IF a door or contact sensor opens,", THEN turn on a specified device for a specified duration.",LOCKED,NEUTRAL,ECO,ECO
IF a door or contact sensor opens,", THEN turn on a specified device for a specified duration.",LOCKED,NEUTRAL,ECO,ECO
IF a door or contact sensor opens,", THEN turn on a specified device for a specified duration.",LOCKED,NEUTRAL,ECO,ECO
IF security system enters home mode,", THEN pause the robot.",LOCKED,ECO,NEUTRAL,ECO
IF security system enters home mode,", THEN pause the robot.",LOCKED,ECO,NEUTRAL,ECO
IF security system enters home mode,", THEN pause the robot.",LOCKED,ECO,NEUTRAL,ECO
IF security system enters home mode,", THEN pause the robot.",LOCKED,ECO,NEUTRAL,ECO
IF security system enters home mode,", THEN pause the robot.",LOCKED,ECO,NEUTRAL,ECO
IF prayer time occurs,", THEN turn on a specified device.",LOCKED,ECO,ECO,ECO
IF prayer time occurs,", THEN turn on a specified device.",LOCKED,ECO,ECO,ECO
IF prayer time occurs,", THEN turn on a specified device.",LOCKED,ECO,ECO,ECO
IF prayer time occurs,", THEN turn on a specified device.",LOCKED,ECO,ECO,ECO
IF prayer time occurs,", THEN turn on a specified device.",LOCKED,ECO,ECO,ECO
IF prayer time occurs,", THEN turn on a specified device for a specified duration.",LOCKED,ECO,ECO,ECO
IF prayer time occurs,", THEN turn on a specified device for a specified duration.",LOCKED,ECO,ECO,ECO
IF prayer time occurs,", THEN turn on a specified device for a specified duration.",LOCKED,ECO,ECO,ECO
IF prayer time occurs,", THEN turn on a specified device for a specified duration.",LOCKED,ECO,ECO,ECO
IF prayer time occurs,", THEN turn on a specified device for a specified duration.",LOCKED,ECO,ECO,ECO
IF a calendar event starts,", THEN turn on a specified device for a specified duration.",LOCKED,NEUTRAL,ECO,ECO
IF a calendar event starts,", THEN turn on a specified device for a specified duration.",LOCKED,NEUTRAL,ECO,ECO
IF a calendar event starts,", THEN turn on a specified device for a specified duration.",LOCKED,NEUTRAL,ECO,ECO
IF a calendar event starts,", THEN turn on a specified device for a specified duration.",LOCKED,NEUTRAL,ECO,ECO
IF a calendar event starts,", THEN turn on a specified device for a specified duration.",LOCKED,NEUTRAL,ECO,ECO
IF a voicemail is received,", THEN turn on a specified device for a specified duration.",LOCKED,NEUTRAL,ECO,ECO
IF a voicemail is received,", THEN turn on a specified device for a specified duration.",LOCKED,NEUTRAL,ECO,ECO
IF a voicemail is received,", THEN turn on a specified device for a specified duration.",LOCKED,NEUTRAL,ECO,ECO
IF a voicemail is received,", THEN turn on a specified device for a specified duration.",LOCKED,NEUTRAL,ECO,ECO
IF a voicemail is received,", THEN turn on a specified device for a specified duration.",LOCKED,NEUTRAL,ECO,ECO
IF a voicemail is received,", THEN turn on a specified device.",LOCKED,NEUTRAL,ECO,ECO
IF a voicemail is received,", THEN turn on a specified device.",LOCKED,NEUTRAL,ECO,ECO
IF a voicemail is received,", THEN turn on a specified device.",LOCKED,NEUTRAL,ECO,ECO
IF a voicemail is received,", THEN turn on a specified device.",LOCKED,NEUTRAL,ECO,ECO
IF a voicemail is received,", THEN turn on a specified device.",LOCKED,NEUTRAL,ECO,ECO
IF temperature drops below a threshold,", THEN turn on a specified device.",LOCKED,ECO,ECO,ECO
IF temperature drops below a threshold,", THEN turn on a specified device.",LOCKED,ECO,ECO,ECO
IF temperature drops below a threshold,", THEN turn on a specified device.",LOCKED,ECO,ECO,ECO
IF temperature drops below a threshold,", THEN turn on a specified device.",LOCKED,ECO,ECO,ECO
IF temperature drops below a threshold,", THEN turn on a specified device.",LOCKED,ECO,ECO,ECO
IF temperature drops below a threshold,", THEN turn off a device for a specified time.",LOCKED,ECO,ECO,ECO
IF temperature drops below a threshold,", THEN turn off a device for a specified time.",LOCKED,ECO,ECO,ECO
IF temperature drops below a threshold,", THEN turn off a device for a specified time.",LOCKED,ECO,ECO,ECO
IF temperature drops below a threshold,", THEN turn off a device for a specified time.",LOCKED,ECO,ECO,ECO
IF temperature drops below a threshold,", THEN turn off a device for a specified time.",LOCKED,ECO,ECO,ECO
IF a lock is locked or unlocked,", THEN turn on a specified device.",LOCKED,NEUTRAL,ECO,ECO
IF a lock is locked or unlocked,", THEN turn on a specified device.",LOCKED,NEUTRAL,ECO,ECO
IF a lock is locked or unlocked,", THEN turn on a specified device.",LOCKED,NEUTRAL,ECO,ECO
IF a lock is locked or unlocked,", THEN turn on a specified device.",LOCKED,NEUTRAL,ECO,ECO
IF a lock is locked or unlocked,", THEN turn on a specified device.",LOCKED,NEUTRAL,ECO,ECO
IF a lock is locked or unlocked,", THEN turn on a specified device for a specified duration.",LOCKED,NEUTRAL,ECO,ECO
IF a lock is locked or unlocked,", THEN turn on a specified device for a specified duration.",LOCKED,NEUTRAL,ECO,ECO
IF a lock is locked or unlocked,", THEN turn on a specified device for a specified duration.",LOCKED,NEUTRAL,ECO,ECO
IF a lock is locked or unlocked,", THEN turn on a specified device for a specified duration.",LOCKED,NEUTRAL,ECO,ECO
IF a lock is locked or unlocked,", THEN turn on a specified device for a specified duration.",LOCKED,NEUTRAL,ECO,ECO
IF a lock is locked or unlocked,", THEN turn off a device for a specified time.",LOCKED,NEUTRAL,ECO,ECO
IF a lock is locked or unlocked,", THEN turn off a device for a specified time.",LOCKED,NEUTRAL,ECO,ECO
IF a lock is locked or unlocked,", THEN turn off a device for a specified time.",LOCKED,NEUTRAL,ECO,ECO
IF a lock is locked or unlocked,", THEN turn off a device for a specified time.",LOCKED,NEUTRAL,ECO,ECO
IF a lock is locked or unlocked,", THEN turn off a device for a specified time.",LOCKED,NEUTRAL,ECO,ECO
IF a lock is locked or unlocked,", THEN set brightness to a specified level",LOCKED,NEUTRAL,ECO,ECO
IF a lock is locked or unlocked,", THEN set brightness to a specified level",LOCKED,NEUTRAL,ECO,ECO
IF a lock is locked or unlocked,", THEN set brightness to a specified level",LOCKED,NEUTRAL,ECO,ECO
IF a lock is locked or unlocked,", THEN set brightness to a specified level",LOCKED,NEUTRAL,ECO,ECO
IF a lock is locked or unlocked,", THEN set brightness to a specified level",LOCKED,NEUTRAL,ECO,ECO
IF weather forecast changes,", THEN turn on a specified device.",LOCKED,NEUTRAL,ECO,ECO
IF weather forecast changes,", THEN turn on a specified device.",LOCKED,NEUTRAL,ECO,ECO
IF weather forecast changes,", THEN turn on a specified device.",LOCKED,NEUTRAL,ECO,ECO
IF weather forecast changes,", THEN turn on a specified device.",LOCKED,NEUTRAL,ECO,ECO
IF weather forecast changes,", THEN turn on a specified device.",LOCKED,NEUTRAL,ECO,ECO
IF temperature crosses configured thresholds,", THEN turn on a specified device.",LOCKED,NEUTRAL,ECO,ECO
IF temperature crosses configured thresholds,", THEN turn on a specified device.",LOCKED,NEUTRAL,ECO,ECO
IF temperature crosses configured thresholds,", THEN turn on a specified device.",LOCKED,NEUTRAL,ECO,ECO
IF temperature crosses configured thresholds,", THEN turn on a specified device.",LOCKED,NEUTRAL,ECO,ECO
IF temperature crosses configured thresholds,", THEN turn on a specified device.",LOCKED,NEUTRAL,ECO,ECO
IF mentioned on Twitter,", THEN turn on a specified device.",LOCKED,NEUTRAL,ECO,ECO
IF mentioned on Twitter,", THEN turn on a specified device.",LOCKED,NEUTRAL,ECO,ECO
IF mentioned on Twitter,", THEN turn on a specified device.",LOCKED,NEUTRAL,ECO,ECO
IF mentioned on Twitter,", THEN turn on a specified device.",LOCKED,NEUTRAL,ECO,ECO
IF mentioned on Twitter,", THEN turn on a specified device.",LOCKED,NEUTRAL,ECO,ECO
IF device connects or disconnects from WiFi,", THEN turn on a specified device.",LOCKED,NEUTRAL,ECO,ECO
IF device connects or disconnects from WiFi,", THEN turn on a specified device.",LOCKED,NEUTRAL,ECO,ECO
IF device connects or disconnects from WiFi,", THEN turn on a specified device.",LOCKED,NEUTRAL,ECO,ECO
IF device connects or disconnects from WiFi,", THEN turn on a specified device.",LOCKED,NEUTRAL,ECO,ECO
IF device connects or disconnects from WiFi,", THEN turn on a specified device.",LOCKED,NEUTRAL,ECO,ECO
IF a Facebook post or tag occurs,", THEN turn on a specified device for a specified duration.",LOCKED,NEUTRAL,ECO,ECO
IF a Facebook post or tag occurs,", THEN turn on a specified device for a specified duration.",LOCKED,NEUTRAL,ECO,ECO
IF a Facebook post or tag occurs,", THEN turn on a specified device for a specified duration.",LOCKED,NEUTRAL,ECO,ECO
IF a Facebook post or tag occurs,", THEN turn on a specified device for a specified duration.",LOCKED,NEUTRAL,ECO,ECO
IF a Facebook post or tag occurs,", THEN turn on a specified device for a specified duration.",LOCKED,NEUTRAL,ECO,ECO
IF a Facebook post or tag occurs,", THEN turn on a specified device.",LOCKED,NEUTRAL,ECO,ECO
IF a Facebook post or tag occurs,", THEN turn on a specified device.",LOCKED,NEUTRAL,ECO,ECO
IF a Facebook post or tag occurs,", THEN turn on a specified device.",LOCKED,NEUTRAL,ECO,ECO
IF a Facebook post or tag occurs,", THEN turn on a specified device.",LOCKED,NEUTRAL,ECO,ECO
IF a Facebook post or tag occurs,", THEN turn on a specified device.",LOCKED,NEUTRAL,ECO,ECO
IF a phone call event occurs,", THEN turn on a specified device.",LOCKED,NEUTRAL,ECO,ECO
IF a phone call event occurs,", THEN turn on a specified device.",LOCKED,NEUTRAL,ECO,ECO
IF a phone call event occurs,", THEN turn on a specified device.",LOCKED,NEUTRAL,ECO,ECO
IF a phone call event occurs,", THEN turn on a specified device.",LOCKED,NEUTRAL,ECO,ECO
IF a phone call event occurs,", THEN turn on a specified device.",LOCKED,NEUTRAL,ECO,ECO
IF a phone call event occurs,", THEN turn on a specified device for a specified duration.",LOCKED,NEUTRAL,ECO,ECO
IF a phone call event occurs,", THEN turn on a specified device for a specified duration.",LOCKED,NEUTRAL,ECO,ECO
IF a phone call event occurs,", THEN turn on a specified device for a specified duration.",LOCKED,NEUTRAL,ECO,ECO
IF a phone call event occurs,", THEN turn on a specified device for a specified duration.",LOCKED,NEUTRAL,ECO,ECO
IF a phone call event occurs,", THEN turn on a specified device for a specified duration.",LOCKED,NEUTRAL,ECO,ECO
IF a phone call event occurs,", THEN activate to a specified scene.",LOCKED,NEUTRAL,ECO,ECO
IF a phone call event occurs,", THEN activate to a specified scene.",LOCKED,NEUTRAL,ECO,ECO
IF a phone call event occurs,", THEN activate to a specified scene.",LOCKED,NEUTRAL,ECO,ECO
IF a phone call event occurs,", THEN activate to a specified scene.",LOCKED,NEUTRAL,ECO,ECO
IF a phone call event occurs,", THEN activate to a specified scene.",LOCKED,NEUTRAL,ECO,ECO
IF a tariff or peak rate period starts or ends,", THEN turn on a specified device for a specified duration.",LOCKED,NEUTRAL,ECO,ECO
IF a tariff or peak rate period starts or ends,", THEN turn on a specified device for a specified duration.",LOCKED,NEUTRAL,ECO,ECO
IF a tariff or peak rate period starts or ends,", THEN turn on a specified device for a specified duration.",LOCKED,NEUTRAL,ECO,ECO
IF a tariff or peak rate period starts or ends,", THEN turn on a specified device for a specified duration.",LOCKED,NEUTRAL,ECO,ECO
IF a tariff or peak rate period starts or ends,", THEN turn on a specified device for a specified duration.",LOCKED,NEUTRAL,ECO,ECO
IF a tariff or peak rate period starts or ends,", THEN turn on a specified device.",LOCKED,NEUTRAL,ECO,ECO
IF a tariff or peak rate period starts or ends,", THEN turn on a specified device.",LOCKED,NEUTRAL,ECO,ECO
IF a tariff or peak rate period starts or ends,", THEN turn on a specified device.",LOCKED,NEUTRAL,ECO,ECO
IF a tariff or peak rate period starts or ends,", THEN turn on a specified device.",LOCKED,NEUTRAL,ECO,ECO
IF a tariff or peak rate period starts or ends,", THEN turn on a specified device.",LOCKED,NEUTRAL,ECO,ECO
IF a tariff or peak rate period starts or ends,", THEN turn off a device for a specified time.",LOCKED,NEUTRAL,ECO,ECO
IF a tariff or peak rate period starts or ends,", THEN turn off a device for a specified time.",LOCKED,NEUTRAL,ECO,ECO
IF a tariff or peak rate period starts or ends,", THEN turn off a device for a specified time.",LOCKED,NEUTRAL,ECO,ECO
IF a tariff or peak rate period starts or ends,", THEN turn off a device for a specified time.",LOCKED,NEUTRAL,ECO,ECO
IF a tariff or peak rate period starts or ends,", THEN turn off a device for a specified time.",LOCKED,NEUTRAL,ECO,ECO
IF a scheduled periodic event occurs,", THEN activate to a specified scene.",LOCKED,NEUTRAL,ECO,ECO
IF a scheduled periodic event occurs,", THEN activate to a specified scene.",LOCKED,NEUTRAL,ECO,ECO
IF a scheduled periodic event occurs,", THEN activate to a specified scene.",LOCKED,NEUTRAL,ECO,ECO
IF a scheduled periodic event occurs,", THEN activate to a specified scene.",LOCKED,NEUTRAL,ECO,ECO
IF a scheduled periodic event occurs,", THEN activate to a specified scene.",LOCKED,NEUTRAL,ECO,ECO
IF a scheduled periodic event occurs,", THEN turn on a specified device for a specified duration.",LOCKED,NEUTRAL,ECO,ECO
IF a scheduled periodic event occurs,", THEN turn on a specified device for a specified duration.",LOCKED,NEUTRAL,ECO,ECO
IF a scheduled periodic event occurs,", THEN turn on a specified device for a specified duration.",LOCKED,NEUTRAL,ECO,ECO
IF a scheduled periodic event occurs,", THEN turn on a specified device for a specified duration.",LOCKED,NEUTRAL,ECO,ECO
IF a scheduled periodic event occurs,", THEN turn on a specified device for a specified duration.",LOCKED,NEUTRAL,ECO,ECO
IF a scheduled periodic event occurs,", THEN turn on a specified device.",LOCKED,NEUTRAL,ECO,ECO
IF a scheduled periodic event occurs,", THEN turn on a specified device.",LOCKED,NEUTRAL,ECO,ECO
IF a scheduled periodic event occurs,", THEN turn on a specified device.",LOCKED,NEUTRAL,ECO,ECO
IF a scheduled periodic event occurs,", THEN turn on a specified device.",LOCKED,NEUTRAL,ECO,ECO
IF a scheduled periodic event occurs,", THEN turn on a specified device.",LOCKED,NEUTRAL,ECO,ECO
IF carbon intensity changes,", THEN turn on a specified device.",LOCKED,NEUTRAL,ECO,ECO
IF carbon intensity changes,", THEN turn on a specified device.",LOCKED,NEUTRAL,ECO,ECO
IF carbon intensity changes,", THEN turn on a specified device.",LOCKED,NEUTRAL,ECO,ECO
IF carbon intensity changes,", THEN turn on a specified device.",LOCKED,NEUTRAL,ECO,ECO
IF carbon intensity changes,", THEN turn on a specified device.",LOCKED,NEUTRAL,ECO,ECO
IF carbon dioxide level exceeds a threshold,", THEN turn on a specified device.",LOCKED,NEUTRAL,ECO,ECO
IF carbon dioxide level exceeds a threshold,", THEN turn on a specified device.",LOCKED,NEUTRAL,ECO,ECO
IF carbon dioxide level exceeds a threshold,", THEN turn on a specified device.",LOCKED,NEUTRAL,ECO,ECO
IF carbon dioxide level exceeds a threshold,", THEN turn on a specified device.",LOCKED,NEUTRAL,ECO,ECO
IF carbon dioxide level exceeds a threshold,", THEN turn on a specified device.",LOCKED,NEUTRAL,ECO,ECO
IF a channel interaction occurs,", THEN turn on a specified device.",LOCKED,NEUTRAL,ECO,ECO
IF a channel interaction occurs,", THEN turn on a specified device.",LOCKED,NEUTRAL,ECO,ECO
IF a channel interaction occurs,", THEN turn on a specified device.",LOCKED,NEUTRAL,ECO,ECO
IF a channel interaction occurs,", THEN turn on a specified device.",LOCKED,NEUTRAL,ECO,ECO
IF a channel interaction occurs,", THEN turn on a specified device.",LOCKED,NEUTRAL,ECO,ECO
IF a water leak is detected,", THEN turn on a specified device for a specified duration.",LOCKED,NEUTRAL,ECO,ECO
IF a water leak is detected,", THEN turn on a specified device for a specified duration.",LOCKED,NEUTRAL,ECO,ECO
IF a water leak is detected,", THEN turn on a specified device for a specified duration.",LOCKED,NEUTRAL,ECO,ECO
IF a water leak is detected,", THEN turn on a specified device for a specified duration.",LOCKED,NEUTRAL,ECO,ECO
IF a water leak is detected,", THEN turn on a specified device for a specified duration.",LOCKED,NEUTRAL,ECO,ECO
IF a water leak is detected,", THEN turn on a specified device.",LOCKED,NEUTRAL,ECO,ECO
IF a water leak is detected,", THEN turn on a specified device.",LOCKED,NEUTRAL,ECO,ECO
IF a water leak is detected,", THEN turn on a specified device.",LOCKED,NEUTRAL,ECO,ECO
IF a water leak is detected,", THEN turn on a specified device.",LOCKED,NEUTRAL,ECO,ECO
IF a water leak is detected,", THEN turn on a specified device.",LOCKED,NEUTRAL,ECO,ECO
IF a doorbell is rung,", THEN turn on a specified device.",LOCKED,NEUTRAL,ECO,ECO
IF a doorbell is rung,", THEN turn on a specified device.",LOCKED,NEUTRAL,ECO,ECO
IF a doorbell is rung,", THEN turn on a specified device.",LOCKED,NEUTRAL,ECO,ECO
IF a doorbell is rung,", THEN turn on a specified device.",LOCKED,NEUTRAL,ECO,ECO
IF a doorbell is rung,", THEN turn on a specified device.",LOCKED,NEUTRAL,ECO,ECO
IF a doorbell is rung,", THEN turn on a specified device for a specified duration.",LOCKED,NEUTRAL,ECO,ECO
IF a doorbell is rung,", THEN turn on a specified device for a specified duration.",LOCKED,NEUTRAL,ECO,ECO
IF a doorbell is rung,", THEN turn on a specified device for a specified duration.",LOCKED,NEUTRAL,ECO,ECO
IF a doorbell is rung,", THEN turn on a specified device for a specified duration.",LOCKED,NEUTRAL,ECO,ECO
IF a doorbell is rung,", THEN turn on a specified device for a specified duration.",LOCKED,NEUTRAL,ECO,ECO
", THEN set device temperature",", THEN change the device operating mode to eco",LOCKED,NEUTRAL,ECO,ECO
", THEN set device temperature",", THEN change the device operating mode to eco",LOCKED,NEUTRAL,ECO,ECO
", THEN set device temperature",", THEN change the device operating mode to eco",LOCKED,NEUTRAL,ECO,ECO
", THEN set device temperature",", THEN change the device operating mode to eco",LOCKED,NEUTRAL,ECO,ECO
", THEN set device temperature",", THEN change the device operating mode to eco",LOCKED,NEUTRAL,ECO,ECO
", THEN set device temperature",", THEN turn off a device for a specified time.",LOCKED,NEUTRAL,ECO,ECO
", THEN set device temperature",", THEN turn off a device for a specified time.",LOCKED,NEUTRAL,ECO,ECO
", THEN set device temperature",", THEN turn off a device for a specified time.",LOCKED,NEUTRAL,ECO,ECO
", THEN set device temperature",", THEN turn off a device for a specified time.",LOCKED,NEUTRAL,ECO,ECO
", THEN set device temperature",", THEN turn off a device for a specified time.",LOCKED,NEUTRAL,ECO,ECO
", THEN set device temperature",", THEN turn on a specified device for a specified duration.",LOCKED,NEUTRAL,ECO,ECO
", THEN set device temperature",", THEN turn on a specified device for a specified duration.",LOCKED,NEUTRAL,ECO,ECO
", THEN set device temperature",", THEN turn on a specified device for a specified duration.",LOCKED,NEUTRAL,ECO,ECO
", THEN set device temperature",", THEN turn on a specified device for a specified duration.",LOCKED,NEUTRAL,ECO,ECO
", THEN set device temperature",", THEN turn on a specified device for a specified duration.",LOCKED,NEUTRAL,ECO,ECO
IF daily step goal is achieved,", THEN turn on a specified device.",LOCKED,NEUTRAL,ECO,ECO
IF daily step goal is achieved,", THEN turn on a specified device.",LOCKED,NEUTRAL,ECO,ECO
IF daily step goal is achieved,", THEN turn on a specified device.",LOCKED,NEUTRAL,ECO,ECO
IF daily step goal is achieved,", THEN turn on a specified device.",LOCKED,NEUTRAL,ECO,ECO
IF daily step goal is achieved,", THEN turn on a specified device.",LOCKED,NEUTRAL,ECO,ECO
IF a vehicle exits a geofence,", THEN start the robot.",LOCKED,ECO,NEUTRAL,ECO
IF a vehicle exits a geofence,", THEN start the robot.",LOCKED,ECO,NEUTRAL,ECO
IF a vehicle exits a geofence,", THEN start the robot.",LOCKED,ECO,NEUTRAL,ECO
IF a vehicle exits a geofence,", THEN start the robot.",LOCKED,ECO,NEUTRAL,ECO
IF a vehicle exits a geofence,", THEN start the robot.",LOCKED,ECO,NEUTRAL,ECO
IF a security panel alarm occurs,", THEN set brightness to a specified level",LOCKED,NEUTRAL,ECO,ECO
IF a security panel alarm occurs,", THEN set brightness to a specified level",LOCKED,NEUTRAL,ECO,ECO
IF a security panel alarm occurs,", THEN set brightness to a specified level",LOCKED,NEUTRAL,ECO,ECO
IF a security panel alarm occurs,", THEN set brightness to a specified level",LOCKED,NEUTRAL,ECO,ECO
IF a security panel alarm occurs,", THEN set brightness to a specified level",LOCKED,NEUTRAL,ECO,ECO
IF a group decision is made,", THEN turn on a specified device for a specified duration.",LOCKED,NEUTRAL,ECO,ECO
IF a group decision is made,", THEN turn on a specified device for a specified duration.",LOCKED,NEUTRAL,ECO,ECO
IF a group decision is made,", THEN turn on a specified device for a specified duration.",LOCKED,NEUTRAL,ECO,ECO
IF a group decision is made,", THEN turn on a specified device for a specified duration.",LOCKED,NEUTRAL,ECO,ECO
IF a group decision is made,", THEN turn on a specified device for a specified duration.",LOCKED,NEUTRAL,ECO,ECO
IF a group decision is made,", THEN turn off a device for a specified time.",LOCKED,NEUTRAL,ECO,ECO
IF a group decision is made,", THEN turn off a device for a specified time.",LOCKED,NEUTRAL,ECO,ECO
IF a group decision is made,", THEN turn off a device for a specified time.",LOCKED,NEUTRAL,ECO,ECO
IF a group decision is made,", THEN turn off a device for a specified time.",LOCKED,NEUTRAL,ECO,ECO
IF a group decision is made,", THEN turn off a device for a specified time.",LOCKED,NEUTRAL,ECO,ECO
IF device disconnects from Bluetooth,", THEN turn on a specified device for a specified duration.",LOCKED,NEUTRAL,ECO,ECO
IF device disconnects from Bluetooth,", THEN turn on a specified device for a specified duration.",LOCKED,NEUTRAL,ECO,ECO
IF device disconnects from Bluetooth,", THEN turn on a specified device for a specified duration.",LOCKED,NEUTRAL,ECO,ECO
IF device disconnects from Bluetooth,", THEN turn on a specified device for a specified duration.",LOCKED,NEUTRAL,ECO,ECO
IF device disconnects from Bluetooth,", THEN turn on a specified device for a specified duration.",LOCKED,NEUTRAL,ECO,ECO
IF a location check-in occurs,", THEN turn on a specified device.",LOCKED,NEUTRAL,ECO,ECO
IF a location check-in occurs,", THEN turn on a specified device.",LOCKED,NEUTRAL,ECO,ECO
IF a location check-in occurs,", THEN turn on a specified device.",LOCKED,NEUTRAL,ECO,ECO
IF a location check-in occurs,", THEN turn on a specified device.",LOCKED,NEUTRAL,ECO,ECO
IF a location check-in occurs,", THEN turn on a specified device.",LOCKED,NEUTRAL,ECO,ECO
IF a new feed item is published,", THEN turn on a specified device.",LOCKED,NEUTRAL,ECO,ECO
IF a new feed item is published,", THEN turn on a specified device.",LOCKED,NEUTRAL,ECO,ECO
IF a new feed item is published,", THEN turn on a specified device.",LOCKED,NEUTRAL,ECO,ECO
IF a new feed item is published,", THEN turn on a specified device.",LOCKED,NEUTRAL,ECO,ECO
IF a new feed item is published,", THEN turn on a specified device.",LOCKED,NEUTRAL,ECO,ECO
IF a sensor is activated,", THEN turn on a specified device.",LOCKED,NEUTRAL,ECO,ECO
IF a sensor is activated,", THEN turn on a specified device.",LOCKED,NEUTRAL,ECO,ECO
IF a sensor is activated,", THEN turn on a specified device.",LOCKED,NEUTRAL,ECO,ECO
IF a sensor is activated,", THEN turn on a specified device.",LOCKED,NEUTRAL,ECO,ECO
IF a sensor is activated,", THEN turn on a specified device.",LOCKED,NEUTRAL,ECO,ECO
IF a sensor is activated,", THEN turn on a specified device for a specified duration.",LOCKED,NEUTRAL,ECO,ECO
IF a sensor is activated,", THEN turn on a specified device for a specified duration.",LOCKED,NEUTRAL,ECO,ECO
IF a sensor is activated,", THEN turn on a specified device for a specified duration.",LOCKED,NEUTRAL,ECO,ECO
IF a sensor is activated,", THEN turn on a specified device for a specified duration.",LOCKED,NEUTRAL,ECO,ECO
IF a sensor is activated,", THEN turn on a specified device for a specified duration.",LOCKED,NEUTRAL,ECO,ECO
IF a MiHome device is powered on,", THEN turn on a specified device for a specified duration.",LOCKED,NEUTRAL,ECO,ECO
IF a MiHome device is powered on,", THEN turn on a specified device for a specified duration.",LOCKED,NEUTRAL,ECO,ECO
IF a MiHome device is powered on,", THEN turn on a specified device for a specified duration.",LOCKED,NEUTRAL,ECO,ECO
IF a MiHome device is powered on,", THEN turn on a specified device for a specified duration.",LOCKED,NEUTRAL,ECO,ECO
IF a MiHome device is powered on,", THEN turn on a specified device for a specified duration.",LOCKED,NEUTRAL,ECO,ECO
IF radon level crosses a threshold,", THEN turn on a specified device.",LOCKED,NEUTRAL,ECO,ECO
IF radon level crosses a threshold,", THEN turn on a specified device.",LOCKED,NEUTRAL,ECO,ECO
IF radon level crosses a threshold,", THEN turn on a specified device.",LOCKED,NEUTRAL,ECO,ECO
IF radon level crosses a threshold,", THEN turn on a specified device.",LOCKED,NEUTRAL,ECO,ECO
IF radon level crosses a threshold,", THEN turn on a specified device.",LOCKED,NEUTRAL,ECO,ECO
IF Myfox security alarm occurs,", THEN turn on a specified device.",LOCKED,NEUTRAL,ECO,ECO
IF Myfox security alarm occurs,", THEN turn on a specified device.",LOCKED,NEUTRAL,ECO,ECO
IF Myfox security alarm occurs,", THEN turn on a specified device.",LOCKED,NEUTRAL,ECO,ECO
IF Myfox security alarm occurs,", THEN turn on a specified device.",LOCKED,NEUTRAL,ECO,ECO
IF Myfox security alarm occurs,", THEN turn on a specified device.",LOCKED,NEUTRAL,ECO,ECO
IF a subscribed user publishes a video,", THEN turn on a specified device for a specified duration.",LOCKED,NEUTRAL,ECO,ECO
IF a subscribed user publishes a video,", THEN turn on a specified device for a specified duration.",LOCKED,NEUTRAL,ECO,ECO
IF a subscribed user publishes a video,", THEN turn on a specified device for a specified duration.",LOCKED,NEUTRAL,ECO,ECO
IF a subscribed user publishes a video,", THEN turn on a specified device for a specified duration.",LOCKED,NEUTRAL,ECO,ECO
IF a subscribed user publishes a video,", THEN turn on a specified device for a specified duration.",LOCKED,NEUTRAL,ECO,ECO
IF a device switches to heat mode,", THEN change the device operating mode to eco",LOCKED,NEUTRAL,ECO,ECO
IF a device switches to heat mode,", THEN change the device operating mode to eco",LOCKED,NEUTRAL,ECO,ECO
IF a device switches to heat mode,", THEN change the device operating mode to eco",LOCKED,NEUTRAL,ECO,ECO
IF a device switches to heat mode,", THEN change the device operating mode to eco",LOCKED,NEUTRAL,ECO,ECO
IF a device switches to heat mode,", THEN change the device operating mode to eco",LOCKED,NEUTRAL,ECO,ECO
IF someone arrives home,", THEN pause the robot.",LOCKED,ECO,NEUTRAL,ECO
IF someone arrives home,", THEN pause the robot.",LOCKED,ECO,NEUTRAL,ECO
IF someone arrives home,", THEN pause the robot.",LOCKED,ECO,NEUTRAL,ECO
IF someone arrives home,", THEN pause the robot.",LOCKED,ECO,NEUTRAL,ECO
IF someone arrives home,", THEN pause the robot.",LOCKED,ECO,NEUTRAL,ECO
IF an alarm of your network bridge is activated,", THEN turn on a specified device for a specified duration.",LOCKED,NEUTRAL,ECO,ECO
IF an alarm of your network bridge is activated,", THEN turn on a specified device for a specified duration.",LOCKED,NEUTRAL,ECO,ECO
IF an alarm of your network bridge is activated,", THEN turn on a specified device for a specified duration.",LOCKED,NEUTRAL,ECO,ECO
IF an alarm of your network bridge is activated,", THEN turn on a specified device for a specified duration.",LOCKED,NEUTRAL,ECO,ECO
IF an alarm of your network bridge is activated,", THEN turn on a specified device for a specified duration.",LOCKED,NEUTRAL,ECO,ECO
IF an alarm of your network bridge is activated,", THEN activate to a specified scene.",LOCKED,NEUTRAL,ECO,ECO
IF an alarm of your network bridge is activated,", THEN activate to a specified scene.",LOCKED,NEUTRAL,ECO,ECO
IF an alarm of your network bridge is activated,", THEN activate to a specified scene.",LOCKED,NEUTRAL,ECO,ECO
IF an alarm of your network bridge is activated,", THEN activate to a specified scene.",LOCKED,NEUTRAL,ECO,ECO
IF an alarm of your network bridge is activated,", THEN activate to a specified scene.",LOCKED,NEUTRAL,ECO,ECO
IF Myfox detects a household risk,", THEN turn on a specified device.",LOCKED,ECO,ECO,ECO
IF Myfox detects a household risk,", THEN turn on a specified device.",LOCKED,ECO,ECO,ECO
IF Myfox detects a household risk,", THEN turn on a specified device.",LOCKED,ECO,ECO,ECO
IF Myfox detects a household risk,", THEN turn on a specified device.",LOCKED,ECO,ECO,ECO
IF Myfox detects a household risk,", THEN turn on a specified device.",LOCKED,ECO,ECO,ECO
IF Swann camera detects motion,", THEN turn on a specified device for a specified duration.",LOCKED,ECO,ECO,ECO
IF Swann camera detects motion,", THEN turn on a specified device for a specified duration.",LOCKED,ECO,ECO,ECO
IF Swann camera detects motion,", THEN turn on a specified device for a specified duration.",LOCKED,ECO,ECO,ECO
IF Swann camera detects motion,", THEN turn on a specified device for a specified duration.",LOCKED,ECO,ECO,ECO
IF Swann camera detects motion,", THEN turn on a specified device for a specified duration.",LOCKED,ECO,ECO,ECO
IF UV index exceeds a threshold,", THEN turn on a specified device.",LOCKED,NEUTRAL,ECO,ECO
IF UV index exceeds a threshold,", THEN turn on a specified device.",LOCKED,NEUTRAL,ECO,ECO
IF UV index exceeds a threshold,", THEN turn on a specified device.",LOCKED,NEUTRAL,ECO,ECO
IF UV index exceeds a threshold,", THEN turn on a specified device.",LOCKED,NEUTRAL,ECO,ECO
IF UV index exceeds a threshold,", THEN turn on a specified device.",LOCKED,NEUTRAL,ECO,ECO
IF a social status is posted,", THEN turn on a specified device.",LOCKED,NEUTRAL,ECO,ECO
IF a social status is posted,", THEN turn on a specified device.",LOCKED,NEUTRAL,ECO,ECO
IF a social status is posted,", THEN turn on a specified device.",LOCKED,NEUTRAL,ECO,ECO
IF a social status is posted,", THEN turn on a specified device.",LOCKED,NEUTRAL,ECO,ECO
IF a social status is posted,", THEN turn on a specified device.",LOCKED,NEUTRAL,ECO,ECO
IF Nest Protect detects carbon monoxide,", THEN turn on a specified device for a specified duration.",LOCKED,ECO,ECO,ECO
IF Nest Protect detects carbon monoxide,", THEN turn on a specified device for a specified duration.",LOCKED,ECO,ECO,ECO
IF Nest Protect detects carbon monoxide,", THEN turn on a specified device for a specified duration.",LOCKED,ECO,ECO,ECO
IF Nest Protect detects carbon monoxide,", THEN turn on a specified device for a specified duration.",LOCKED,ECO,ECO,ECO
IF Nest Protect detects carbon monoxide,", THEN turn on a specified device for a specified duration.",LOCKED,ECO,ECO,ECO
IF Nest Protect detects carbon monoxide,", THEN turn on a specified device.",LOCKED,ECO,ECO,ECO
IF Nest Protect detects carbon monoxide,", THEN turn on a specified device.",LOCKED,ECO,ECO,ECO
IF Nest Protect detects carbon monoxide,", THEN turn on a specified device.",LOCKED,ECO,ECO,ECO
IF Nest Protect detects carbon monoxide,", THEN turn on a specified device.",LOCKED,ECO,ECO,ECO
IF Nest Protect detects carbon monoxide,", THEN turn on a specified device.",LOCKED,ECO,ECO,ECO
IF a door or lock changes state,", THEN turn off a device for a specified time.",LOCKED,NEUTRAL,ECO,ECO
IF a door or lock changes state,", THEN turn off a device for a specified time.",LOCKED,NEUTRAL,ECO,ECO
IF a door or lock changes state,", THEN turn off a device for a specified time.",LOCKED,NEUTRAL,ECO,ECO
IF a door or lock changes state,", THEN turn off a device for a specified time.",LOCKED,NEUTRAL,ECO,ECO
IF a door or lock changes state,", THEN turn off a device for a specified time.",LOCKED,NEUTRAL,ECO,ECO
IF solar power is exported to the grid,", THEN turn on a specified device for a specified duration.",LOCKED,NEUTRAL,ECO,ECO
IF solar power is exported to the grid,", THEN turn on a specified device for a specified duration.",LOCKED,NEUTRAL,ECO,ECO
IF solar power is exported to the grid,", THEN turn on a specified device for a specified duration.",LOCKED,NEUTRAL,ECO,ECO
IF solar power is exported to the grid,", THEN turn on a specified device for a specified duration.",LOCKED,NEUTRAL,ECO,ECO
IF solar power is exported to the grid,", THEN turn on a specified device for a specified duration.",LOCKED,NEUTRAL,ECO,ECO
IF an alarm is active,", THEN turn off a device for a specified time.",LOCKED,NEUTRAL,ECO,ECO
IF an alarm is active,", THEN turn off a device for a specified time.",LOCKED,NEUTRAL,ECO,ECO
IF an alarm is active,", THEN turn off a device for a specified time.",LOCKED,NEUTRAL,ECO,ECO
IF an alarm is active,", THEN turn off a device for a specified time.",LOCKED,NEUTRAL,ECO,ECO
IF an alarm is active,", THEN turn off a device for a specified time.",LOCKED,NEUTRAL,ECO,ECO
IF a screenshot is taken,", THEN turn on a specified device for a specified duration.",LOCKED,NEUTRAL,ECO,ECO
IF a screenshot is taken,", THEN turn on a specified device for a specified duration.",LOCKED,NEUTRAL,ECO,ECO
IF a screenshot is taken,", THEN turn on a specified device for a specified duration.",LOCKED,NEUTRAL,ECO,ECO
IF a screenshot is taken,", THEN turn on a specified device for a specified duration.",LOCKED,NEUTRAL,ECO,ECO
IF a screenshot is taken,", THEN turn on a specified device for a specified duration.",LOCKED,NEUTRAL,ECO,ECO
IF a timer expires,", THEN turn on a specified device.",LOCKED,ECO,ECO,ECO
IF a timer expires,", THEN turn on a specified device.",LOCKED,ECO,ECO,ECO
IF a timer expires,", THEN turn on a specified device.",LOCKED,ECO,ECO,ECO
IF a timer expires,", THEN turn on a specified device.",LOCKED,ECO,ECO,ECO
IF a timer expires,", THEN turn on a specified device.",LOCKED,ECO,ECO,ECO
IF Alexa shopping list is queried,", THEN turn on a specified device.",LOCKED,NEUTRAL,ECO,ECO
IF Alexa shopping list is queried,", THEN turn on a specified device.",LOCKED,NEUTRAL,ECO,ECO
IF Alexa shopping list is queried,", THEN turn on a specified device.",LOCKED,NEUTRAL,ECO,ECO
IF Alexa shopping list is queried,", THEN turn on a specified device.",LOCKED,NEUTRAL,ECO,ECO
IF Alexa shopping list is queried,", THEN turn on a specified device.",LOCKED,NEUTRAL,ECO,ECO
IF a device powers on or enters standby,", THEN turn on a specified device.",LOCKED,ECO,ECO,ECO
IF a device powers on or enters standby,", THEN turn on a specified device.",LOCKED,ECO,ECO,ECO
IF a device powers on or enters standby,", THEN turn on a specified device.",LOCKED,ECO,ECO,ECO
IF a device powers on or enters standby,", THEN turn on a specified device.",LOCKED,ECO,ECO,ECO
IF a device powers on or enters standby,", THEN turn on a specified device.",LOCKED,ECO,ECO,ECO
IF the user exits a specified area,", THEN turns off smart lights.",LOCKED,ECO,NEUTRAL,ECO
IF on specific days of the week at a specified time,", THEN activates a lighting scene.",LOCKED,ECO,NEUTRAL,ECO
IF a voice assistant detects a spoken phrase,", THEN turns off smart lights.",LOCKED,ECO,NEUTRAL,ECO
IF on specific days of the week at a specified time,", THEN adjusts the brightness of lights.",LOCKED,ECO,NEUTRAL,ECO
IF on specific days of the week at a specified time,", THEN changes the color of lights.",LOCKED,ECO,NEUTRAL,ECO
IF every day at a specified time,", THEN turns off smart lights.",LOCKED,ECO,NEUTRAL,ECO
IF every day at a specified time,", THEN turns on smart lights.",LOCKED,ECO,NEUTRAL,ECO
IF it is time for prayer,", THEN sets lights to a predefined scene.",LOCKED,ECO,NEUTRAL,ECO
IF the user exits a specified area,", THEN turns off smart lights.",LOCKED,ECO,NEUTRAL,ECO
IF on specific days of the week at a specified time,", THEN adjusts the brightness of lights.",LOCKED,ECO,NEUTRAL,ECO
IF temperature drops below a threshold,", THEN changes the color of lights.",LOCKED,ECO,NEUTRAL,ECO
IF on specific days of the week at a specified time,", THEN changes the color of lights.",LOCKED,ECO,NEUTRAL,ECO
IF on specific days of the week at a specified time,", THEN turns on smart lights.",LOCKED,ECO,NEUTRAL,ECO
IF the user enters a specified area,", THEN turns on smart lights.",LOCKED,ECO,NEUTRAL,ECO
IF every day at a specified time,", THEN turns off smart lights.",LOCKED,ECO,NEUTRAL,ECO
IF the user enters a specified area,", THEN turns on smart lights.",LOCKED,ECO,NEUTRAL,ECO
IF someone arrives home,", THEN turns on smart lights.",LOCKED,ECO,NEUTRAL,ECO
IF a button is pressed,", THEN turns off the light for a specified duration.",LOCKED,NEUTRAL,ECO,ECO
IF on specific days of the week at a specified time,", THEN turns on smart lights.",LOCKED,ECO,NEUTRAL,ECO
IF on specific days of the week at a specified time,", THEN changes the color of lights.",LOCKED,ECO,NEUTRAL,ECO
IF shortly before sunrise at the user's location,", THEN turns on the light for a specified duration.",LOCKED,NEUTRAL,ECO,ECO
IF every day at a specified time,", THEN briefly toggles the lights off and on.",LOCKED,ECO,NEUTRAL,ECO
IF a motion sensor detects motion,", THEN turns on a light switch.",LOCKED,ECO,NEUTRAL,ECO
IF once a year at a specified date and time,", THEN changes the color of lights.",LOCKED,ECO,NEUTRAL,ECO
IF a motion sensor detects motion,", THEN turns on smart lights.",LOCKED,ECO,NEUTRAL,ECO
IF every day at a specified time,", THEN activates a lighting scene.",LOCKED,ECO,NEUTRAL,ECO
IF it is time for prayer,", THEN activates a lighting scene.",LOCKED,ECO,NEUTRAL,ECO
IF every day at a specified time,", THEN toggles the projector LED light.",LOCKED,ECO,NEUTRAL,ECO
IF on specific days of the week at a specified time,", THEN adjusts the brightness of lights.",LOCKED,ECO,NEUTRAL,ECO
IF on specific days of the week at a specified time,", THEN turns on smart lights.",LOCKED,ECO,NEUTRAL,ECO
IF every day at a specified time,", THEN triggers a light animation effect.",LOCKED,ECO,NEUTRAL,ECO
IF every day at a specified time,", THEN turns off smart lights.",LOCKED,ECO,NEUTRAL,ECO
IF a smoke detector detects dangerous smoke,", THEN turns on smart lights.",LOCKED,ECO,NEUTRAL,ECO
IF every day at a specified time,", THEN turns on smart lights.",LOCKED,ECO,NEUTRAL,ECO
IF every day at a specified time,", THEN turns on a light switch.",LOCKED,ECO,NEUTRAL,ECO
IF every day at a specified time,", THEN turns on smart lights.",LOCKED,ECO,NEUTRAL,ECO
IF a timer goes off,", THEN briefly toggles the lights off and on.",LOCKED,ECO,NEUTRAL,ECO
IF a timer goes off,", THEN triggers a light animation effect.",LOCKED,ECO,NEUTRAL,ECO
IF on specific days of the week at a specified time,", THEN turns on smart lights.",LOCKED,ECO,NEUTRAL,ECO
IF every day at a specified time,", THEN turns off smart lights.",LOCKED,ECO,NEUTRAL,ECO
IF temperature drops below a threshold,", THEN changes the color of lights.",LOCKED,ECO,NEUTRAL,ECO
IF every day at a specified time,", THEN turns on smart lights.",LOCKED,ECO,NEUTRAL,ECO
IF it is time for prayer,", THEN activates a lighting scene.",LOCKED,ECO,NEUTRAL,ECO
IF every day at a specified time,", THEN turns on smart lights.",LOCKED,ECO,NEUTRAL,ECO
IF battery level is low,", THEN briefly toggles the lights off and on.",LOCKED,ECO,NEUTRAL,ECO
IF every day at a specified time,", THEN changes the color of lights.",LOCKED,ECO,NEUTRAL,ECO
IF a new follower is added,", THEN briefly toggles the lights off and on.",LOCKED,ECO,NEUTRAL,ECO
IF on specific days of the week at a specified time,", THEN turns on smart lights.",LOCKED,ECO,NEUTRAL,ECO
IF on specific days of the week at a specified time,", THEN turns on smart lights.",LOCKED,ECO,NEUTRAL,ECO
IF every day at a specified time,", THEN turns off smart lights.",LOCKED,ECO,NEUTRAL,ECO
IF the user enters a specified area,", THEN turns on smart lights.",LOCKED,ECO,NEUTRAL,ECO
IF every day at a specified time,", THEN turns on smart lights.",LOCKED,ECO,NEUTRAL,ECO
IF every day at a specified time,", THEN turns on smart lights.",LOCKED,ECO,NEUTRAL,ECO
IF every day at a specified time,", THEN turns on smart lights.",LOCKED,ECO,NEUTRAL,ECO
IF the user enters a specified area,", THEN turns on smart lights.",LOCKED,ECO,NEUTRAL,ECO
IF the user exits a specified area,", THEN turns off a light switch.",LOCKED,ECO,NEUTRAL,ECO
IF every day at a specified time,", THEN turns on smart lights.",LOCKED,ECO,NEUTRAL,ECO
IF the user exits a specified area,", THEN turns off smart lights.",LOCKED,ECO,NEUTRAL,ECO
IF the user exits a specified area,", THEN toggles the lights on or off.",LOCKED,ECO,NEUTRAL,ECO
IF on specific days of the week at a specified time,", THEN turns on smart lights.",LOCKED,ECO,NEUTRAL,ECO
IF temperature drops below a threshold,", THEN triggers a light animation effect.",LOCKED,ECO,NEUTRAL,ECO
IF a security camera detects motion,", THEN briefly toggles the lights off and on.",LOCKED,ECO,NEUTRAL,ECO
IF temperature drops below a threshold,", THEN triggers a light animation effect.",LOCKED,ECO,NEUTRAL,ECO
IF on specific days of the week at a specified time,", THEN turns off smart lights.",LOCKED,ECO,NEUTRAL,ECO
IF temperature drops below a threshold,", THEN turns on smart lights.",LOCKED,ECO,NEUTRAL,ECO
IF a security camera detects motion,", THEN turns on smart lights.",LOCKED,ECO,NEUTRAL,ECO
IF the user enters a specified area,", THEN activates a lighting scene.",LOCKED,ECO,NEUTRAL,ECO
IF every day at a specified time,", THEN turns off smart lights.",LOCKED,ECO,NEUTRAL,ECO
IF on specific days of the week at a specified time,", THEN turns on smart lights.",LOCKED,ECO,NEUTRAL,ECO
IF a cooking timer ends,", THEN turns on the hood lighting.",LOCKED,ECO,NEUTRAL,ECO
IF the user exits a specified area,", THEN sets lights to a predefined scene.",LOCKED,ECO,NEUTRAL,ECO
IF on specific days of the week at a specified time,", THEN briefly toggles the lights off and on.",LOCKED,ECO,NEUTRAL,ECO
IF a security camera detects motion,", THEN turns on smart lights.",LOCKED,ECO,NEUTRAL,ECO
IF every day at a specified time,", THEN turns on smart lights.",LOCKED,ECO,NEUTRAL,ECO
IF an alarm goes off,", THEN turns on the light for a specified duration.",LOCKED,NEUTRAL,ECO,ECO
IF every day at a specified time,", THEN turns on smart lights.",LOCKED,ECO,NEUTRAL,ECO
IF on specific days of the week at a specified time,", THEN turns on smart lights.",LOCKED,ECO,NEUTRAL,ECO
IF every day at a specified time,", THEN triggers a light animation effect.",LOCKED,ECO,NEUTRAL,ECO
IF the user exits a specified area,", THEN turns off smart lights.",LOCKED,ECO,NEUTRAL,ECO
IF the user enters a specified area,", THEN turns on a light switch.",LOCKED,ECO,NEUTRAL,ECO
IF every day at a specified time,", THEN turns on smart lights.",LOCKED,ECO,NEUTRAL,ECO
IF every day at a specified time,", THEN turns off smart lights.",LOCKED,ECO,NEUTRAL,ECO
IF on specific days of the week at a specified time,", THEN turns off smart lights.",LOCKED,ECO,NEUTRAL,ECO
IF a new follower is added,", THEN changes the color of lights.",LOCKED,ECO,NEUTRAL,ECO
IF every day at a specified time,", THEN turns off smart lights.",LOCKED,ECO,NEUTRAL,ECO
IF a camera detects motion,", THEN turns on smart lights.",LOCKED,ECO,NEUTRAL,ECO
IF the user enters a specified area,", THEN triggers a light animation effect.",LOCKED,ECO,NEUTRAL,ECO
IF on specific days of the week at a specified time,", THEN briefly toggles the lights off and on.",LOCKED,ECO,NEUTRAL,ECO
IF on specific days of the week at a specified time,", THEN turns off smart lights.",LOCKED,ECO,NEUTRAL,ECO
IF a camera detects motion,", THEN turns on smart lights.",LOCKED,ECO,NEUTRAL,ECO
IF the user enters a specified area,", THEN toggles the lights on or off.",LOCKED,ECO,NEUTRAL,ECO
IF someone arrives home,", THEN turns on smart lights.",LOCKED,ECO,NEUTRAL,ECO
IF the user exits a specified area,", THEN turns off smart lights.",LOCKED,ECO,NEUTRAL,ECO
IF on specific days of the week at a specified time,", THEN triggers a light animation effect.",LOCKED,ECO,NEUTRAL,ECO
IF a sleep tracking device detects the user leaving the bed,", THEN turns on smart lights.",LOCKED,ECO,NEUTRAL,ECO
IF on specific days of the week at a specified time,", THEN turns on smart lights.",LOCKED,ECO,NEUTRAL,ECO
IF a security camera detects motion,", THEN changes the color of lights.",LOCKED,ECO,NEUTRAL,ECO
IF a smoke detector detects dangerous smoke,", THEN turns on a light switch.",LOCKED,ECO,NEUTRAL,ECO
IF every day at a specified time,", THEN turns on smart lights.",LOCKED,ECO,NEUTRAL,ECO
IF every day at a specified time,", THEN triggers a light animation effect.",LOCKED,ECO,NEUTRAL,ECO
IF every day at a specified time,", THEN turns off smart lights.",LOCKED,ECO,NEUTRAL,ECO
IF every day at a specified time,", THEN turns off smart lights.",LOCKED,ECO,NEUTRAL,ECO
IF every day at a specified time,", THEN turns on smart lights.",LOCKED,ECO,NEUTRAL,ECO
IF every day at a specified time,", THEN turns off smart lights.",LOCKED,ECO,NEUTRAL,ECO
IF carbon emissions are low,", THEN changes the color of lights.",LOCKED,ECO,NEUTRAL,ECO
IF a cooking timer ends,", THEN briefly toggles the lights off and on.",LOCKED,ECO,NEUTRAL,ECO
IF on specific days of the week at a specified time,", THEN turns on smart lights.",LOCKED,ECO,NEUTRAL,ECO
IF someone arrives home,", THEN turns on smart lights.",LOCKED,ECO,NEUTRAL,ECO
IF once a year at a specified date and time,", THEN turns on smart lights.",LOCKED,ECO,NEUTRAL,ECO
IF everyone leaves home,", THEN turns off smart lights.",LOCKED,ECO,NEUTRAL,ECO
IF on specific days of the week at a specified time,", THEN turns on smart lights.",LOCKED,ECO,NEUTRAL,ECO
IF on specific days of the week at a specified time,", THEN briefly toggles the lights off and on.",LOCKED,ECO,NEUTRAL,ECO
IF it is time to fast,", THEN turns on smart lights.",LOCKED,ECO,NEUTRAL,ECO
IF a security camera detects motion,", THEN turns on smart lights.",LOCKED,ECO,NEUTRAL,ECO
IF every day at a specified time,", THEN turns off smart lights.",LOCKED,ECO,NEUTRAL,ECO
IF the user enters a specified area,", THEN turns on smart lights.",LOCKED,ECO,NEUTRAL,ECO
IF once a year at a specified date and time,", THEN turns on smart lights.",LOCKED,ECO,NEUTRAL,ECO
IF every day at a specified time,", THEN turns off smart lights.",LOCKED,ECO,NEUTRAL,ECO
IF a camera detects motion,", THEN changes the color of lights.",LOCKED,ECO,NEUTRAL,ECO
IF a button is pressed,", THEN turns off the light for a specified duration.",LOCKED,NEUTRAL,ECO,ECO
IF a camera detects motion,", THEN changes the color of lights.",LOCKED,ECO,NEUTRAL,ECO
IF every day at a specified time,", THEN turns on smart lights.",LOCKED,ECO,NEUTRAL,ECO
IF once a year at a specified date and time,", THEN turns on smart lights.",LOCKED,ECO,NEUTRAL,ECO
IF the user enters a specified area,", THEN turns on smart lights.",LOCKED,ECO,NEUTRAL,ECO
IF it is time for prayer,", THEN turns on smart lights.",LOCKED,ECO,NEUTRAL,ECO
IF on specific days of the week at a specified time,", THEN turns off smart lights.",LOCKED,ECO,NEUTRAL,ECO
IF every day at a specified time,", THEN turns off smart lights.",LOCKED,ECO,NEUTRAL,ECO
IF the user exits a specified area,", THEN turns off smart lights.",LOCKED,ECO,NEUTRAL,ECO
IF a new channel follower is added,", THEN changes the color of lights.",LOCKED,ECO,NEUTRAL,ECO
IF temperature drops below a threshold,", THEN changes the color of lights.",LOCKED,ECO,NEUTRAL,ECO
IF every day at a specified time,", THEN toggles the projector LED light.",LOCKED,ECO,NEUTRAL,ECO
IF every day at a specified time,", THEN turns off smart lights.",LOCKED,ECO,NEUTRAL,ECO
IF once a year at a specified date and time,", THEN turns on smart lights.",LOCKED,ECO,NEUTRAL,ECO
IF on specific days of the week at a specified time,", THEN turns off smart lights.",LOCKED,ECO,NEUTRAL,ECO
IF every day at a specified time,", THEN turns on smart lights.",LOCKED,ECO,NEUTRAL,ECO
IF every day at a specified time,", THEN turns on smart lights.",LOCKED,ECO,NEUTRAL,ECO
IF on specific days of the week at a specified time,", THEN changes the color of lights.",LOCKED,ECO,NEUTRAL,ECO
IF once a year at a specified date and time,", THEN turns on smart lights.",LOCKED,ECO,NEUTRAL,ECO
IF the user enters a specified area,", THEN turns on smart lights.",LOCKED,ECO,NEUTRAL,ECO
IF every day at a specified time,", THEN turns off smart lights.",LOCKED,ECO,NEUTRAL,ECO
IF on specific days of the week at a specified time,", THEN changes the color of lights.",LOCKED,ECO,NEUTRAL,ECO
IF electricity prices are low,", THEN changes the color of lights.",LOCKED,ECO,NEUTRAL,ECO
IF once a year at a specified date and time,", THEN changes the color of lights.",LOCKED,ECO,NEUTRAL,ECO
IF every day at a specified time,", THEN turns off smart lights.",LOCKED,ECO,NEUTRAL,ECO
IF a motion sensor detects motion,", THEN changes the color of lights.",LOCKED,ECO,NEUTRAL,ECO
IF every day at a specified time,", THEN turns off smart lights.",LOCKED,ECO,NEUTRAL,ECO
IF every day at a specified time,", THEN turns off smart lights.",LOCKED,ECO,NEUTRAL,ECO
IF every day at a specified time,", THEN turns off smart lights.",LOCKED,ECO,NEUTRAL,ECO
IF temperature drops below a threshold,", THEN changes the color of lights.",LOCKED,ECO,NEUTRAL,ECO
IF every day at a specified time,", THEN turns on smart lights.",LOCKED,ECO,NEUTRAL,ECO
IF a smoke detector detects warning smoke,", THEN changes the color of lights.",LOCKED,ECO,NEUTRAL,ECO
IF a new channel follower is added,", THEN triggers a light animation effect.",LOCKED,ECO,NEUTRAL,ECO
IF every day at a specified time,", THEN switches on the lights.",LOCKED,ECO,NEUTRAL,ECO
IF on specific days of the week at a specified time,", THEN turns off smart lights.",LOCKED,ECO,NEUTRAL,ECO
IF the user enters a specified area,", THEN turns on smart lights.",LOCKED,ECO,NEUTRAL,ECO
IF on specific days of the week at a specified time,", THEN turns off smart lights.",LOCKED,ECO,NEUTRAL,ECO
IF the user enters a specified area,", THEN sets lights to a predefined scene.",LOCKED,ECO,NEUTRAL,ECO
IF a camera detects motion,", THEN turns on smart lights.",LOCKED,ECO,NEUTRAL,ECO
IF every day at a specified time,", THEN turns off smart lights.",LOCKED,ECO,NEUTRAL,ECO
IF a smoke detector detects dangerous smoke,", THEN briefly toggles the lights off and on.",LOCKED,ECO,NEUTRAL,ECO
IF on specific days of the week at a specified time,", THEN turns on smart lights.",LOCKED,ECO,NEUTRAL,ECO
IF every day at a specified time,", THEN adjusts the brightness of lights.",LOCKED,ECO,NEUTRAL,ECO
IF every day at a specified time,", THEN turns on smart lights.",LOCKED,ECO,NEUTRAL,ECO
IF every day at a specified time,", THEN turns on smart lights.",LOCKED,ECO,NEUTRAL,ECO
IF the user enters a specified area,", THEN toggles the lights on or off.",LOCKED,ECO,NEUTRAL,ECO
IF the user enters a specified area,", THEN activates a lighting scene.",LOCKED,ECO,NEUTRAL,ECO
IF every day at a specified time,", THEN turns on smart lights.",LOCKED,ECO,NEUTRAL,ECO
IF a smart switch changes state,", THEN starts a sleep fade on smart lights.",LOCKED,NEUTRAL,ECO,ECO
IF on specific days of the week at a specified time,", THEN turns on smart lights.",LOCKED,ECO,NEUTRAL,ECO
IF the user enters a specified area,", THEN turns on smart lights.",LOCKED,ECO,NEUTRAL,ECO
IF once a year at a specified date and time,", THEN turns on the hood lighting.",LOCKED,ECO,NEUTRAL,ECO
IF a smoke detector detects dangerous smoke,", THEN turns on a light switch.",LOCKED,ECO,NEUTRAL,ECO
IF on specific days of the week at a specified time,", THEN turns on smart lights.",LOCKED,ECO,NEUTRAL,ECO
IF every day at a specified time,", THEN turns off smart lights.",LOCKED,ECO,NEUTRAL,ECO
IF once a year at a specified date and time,", THEN turns on smart lights.",LOCKED,ECO,NEUTRAL,ECO
IF every day at a specified time,", THEN briefly toggles the lights off and on.",LOCKED,ECO,NEUTRAL,ECO
IF the user enters a specified area,", THEN turns on smart lights.",LOCKED,ECO,NEUTRAL,ECO
IF it is time for prayer,", THEN sets lights to a predefined scene.",LOCKED,ECO,NEUTRAL,ECO
IF the user exits a specified area,", THEN turns off smart lights.",LOCKED,ECO,NEUTRAL,ECO
IF some time has passed after a cycle ends,", THEN changes the color of lights.",LOCKED,ECO,NEUTRAL,ECO
IF on specific days of the week at a specified time,", THEN changes the color of lights.",LOCKED,ECO,NEUTRAL,ECO
IF every day at a specified time,", THEN turns on smart lights.",LOCKED,ECO,NEUTRAL,ECO
IF every day at a specified time,", THEN turns off smart lights.",LOCKED,ECO,NEUTRAL,ECO
IF a security camera detects motion,", THEN activates a lighting scene.",LOCKED,ECO,NEUTRAL,ECO
IF on specific days of the week at a specified time,", THEN turns on smart lights.",LOCKED,ECO,NEUTRAL,ECO
IF Phyn detects an alert,", THEN changes the color of lights.",LOCKED,ECO,NEUTRAL,ECO
IF a timer goes off,", THEN briefly toggles the lights off and on.",LOCKED,ECO,NEUTRAL,ECO
IF every day at a specified time,", THEN turns off smart lights.",LOCKED,ECO,NEUTRAL,ECO
IF once a year at a specified date and time,", THEN changes the color of lights.",LOCKED,ECO,NEUTRAL,ECO
IF every day at a specified time,", THEN turns off a light switch.",LOCKED,ECO,NEUTRAL,ECO
IF a timer goes off,", THEN triggers a light animation effect.",LOCKED,ECO,NEUTRAL,ECO
IF every day at a specified time,", THEN turns on smart lights.",LOCKED,ECO,NEUTRAL,ECO
IF once a year at a specified date and time,", THEN turns on smart lights.",LOCKED,ECO,NEUTRAL,ECO
IF every day at a specified time,", THEN turns off smart lights.",LOCKED,ECO,NEUTRAL,ECO
IF on specific days of the week at a specified time,", THEN turns on smart lights.",LOCKED,ECO,NEUTRAL,ECO
IF every day at a specified time,", THEN triggers a light animation effect.",LOCKED,ECO,NEUTRAL,ECO
IF a motion sensor detects motion,", THEN changes the color of lights.",LOCKED,ECO,NEUTRAL,ECO
IF a timer goes off,", THEN briefly toggles the lights off and on.",LOCKED,ECO,NEUTRAL,ECO
IF the user enters a specified area,", THEN adjusts the brightness of lights.",LOCKED,ECO,NEUTRAL,ECO
IF every day at a specified time,", THEN toggles the lights on or off.",LOCKED,ECO,NEUTRAL,ECO
IF Beseye camera detects human,", THEN turns on smart lights.",LOCKED,ECO,NEUTRAL,ECO
IF a sleep tracking device detects the user leaving the bed,", THEN turns on smart lights.",LOCKED,ECO,NEUTRAL,ECO
IF every day at a specified time,", THEN turns on smart lights.",LOCKED,ECO,NEUTRAL,ECO
IF on specific days of the week at a specified time,", THEN turns on smart lights.",LOCKED,ECO,NEUTRAL,ECO
IF every day at a specified time,", THEN toggles the lights on or off.",LOCKED,ECO,NEUTRAL,ECO
IF a timer goes off,", THEN switches on the lights.",LOCKED,ECO,NEUTRAL,ECO
IF a smoke detector detects smoke,", THEN briefly toggles the lights off and on.",LOCKED,ECO,NEUTRAL,ECO
IF the user exits a specified area,", THEN sets lights to a predefined scene.",LOCKED,ECO,NEUTRAL,ECO
IF Nest Protect battery is low,", THEN changes the color of lights.",LOCKED,ECO,NEUTRAL,ECO
IF a cooking timer ends,", THEN turns on the hood lighting.",LOCKED,ECO,NEUTRAL,ECO
IF a button is pressed,", THEN turns on the light for a specified duration.",LOCKED,NEUTRAL,ECO,ECO
IF every day at a specified time,", THEN turns off smart lights.",LOCKED,ECO,NEUTRAL,ECO
IF every day at a specified time,", THEN turns off smart lights.",LOCKED,ECO,NEUTRAL,ECO
IF the user exits a specified area,", THEN turns off smart lights.",LOCKED,ECO,NEUTRAL,ECO
IF electricity prices are low,", THEN changes the color of lights.",LOCKED,ECO,NEUTRAL,ECO
IF every day at a specified time,", THEN turns on smart lights.",LOCKED,ECO,NEUTRAL,ECO
IF on specific days of the week at a specified time,", THEN triggers a light animation effect.",LOCKED,ECO,NEUTRAL,ECO
IF the user exits a specified area,", THEN turns off smart lights.",LOCKED,ECO,NEUTRAL,ECO
IF every day at a specified time,", THEN toggles lights based on current state.",LOCKED,ECO,NEUTRAL,ECO
IF every day at a specified time,", THEN turns on smart lights.",LOCKED,ECO,NEUTRAL,ECO
IF the user enters a specified area,", THEN turns on smart lights.",LOCKED,ECO,NEUTRAL,ECO
IF a button is pressed,", THEN starts a sleep fade on smart lights.",LOCKED,NEUTRAL,ECO,ECO
IF temperature drops below a threshold,", THEN changes the color of lights.",LOCKED,ECO,NEUTRAL,ECO
IF tag detects vibrations,", THEN turns on smart lights.",LOCKED,ECO,NEUTRAL,ECO
IF on specific days of the week at a specified time,", THEN turns on smart lights.",LOCKED,ECO,NEUTRAL,ECO
IF a followed channel starts streaming,", THEN changes the color of lights.",LOCKED,ECO,NEUTRAL,ECO
IF every day at a specified time,", THEN turns off smart lights.",LOCKED,ECO,NEUTRAL,ECO
IF a doorbell detects motion,", THEN turns on a light switch.",LOCKED,ECO,NEUTRAL,ECO
IF it is time for prayer,", THEN turns on smart lights.",LOCKED,ECO,NEUTRAL,ECO
IF every day at a specified time,", THEN changes the color of lights.",LOCKED,ECO,NEUTRAL,ECO
IF every day at a specified time,", THEN turns off smart lights.",LOCKED,ECO,NEUTRAL,ECO
IF the user enters a specified area,", THEN turns on smart lights.",LOCKED,ECO,NEUTRAL,ECO
IF a camera detects motion,", THEN activates a lighting scene.",LOCKED,ECO,NEUTRAL,ECO
IF the user exits a specified area,", THEN turns off smart lights.",LOCKED,ECO,NEUTRAL,ECO
IF on specific days of the week at a specified time,", THEN turns on smart lights.",LOCKED,ECO,NEUTRAL,ECO
IF on specific days of the week at a specified time,", THEN triggers a light animation effect.",LOCKED,ECO,NEUTRAL,ECO
IF every day at a specified time,", THEN turns off smart lights.",LOCKED,ECO,NEUTRAL,ECO
IF the user enters a specified area,", THEN turns on a light switch.",LOCKED,ECO,NEUTRAL,ECO
IF the user enters a specified area,", THEN turns on smart lights.",LOCKED,ECO,NEUTRAL,ECO
IF every day at a specified time,", THEN turns off the light for a specified duration.",LOCKED,ECO,ECO,ECO
IF temperature drops below a threshold,", THEN briefly toggles the lights off and on.",LOCKED,ECO,NEUTRAL,ECO
IF a camera detects motion,", THEN turns on smart lights.",LOCKED,ECO,NEUTRAL,ECO
IF a sleep tracking device detects the user leaving the bed,", THEN toggles the lights on or off.",LOCKED,ECO,NEUTRAL,ECO
IF on specific days of the week at a specified time,", THEN activates a lighting scene.",LOCKED,ECO,NEUTRAL,ECO
IF every day at a specified time,", THEN turns off smart lights.",LOCKED,ECO,NEUTRAL,ECO
IF a smart camera detects motion,", THEN briefly toggles the lights off and on.",LOCKED,ECO,NEUTRAL,ECO
IF every day at a specified time,", THEN turns on smart lights.",LOCKED,ECO,NEUTRAL,ECO
IF every day at a specified time,", THEN turns on smart lights.",LOCKED,ECO,NEUTRAL,ECO
IF on specific days of the week at a specified time,", THEN turns on smart lights.",LOCKED,ECO,NEUTRAL,ECO
IF a smoke detector detects smoke,", THEN changes the color of lights.",LOCKED,ECO,NEUTRAL,ECO
IF every day at a specified time,", THEN turns off smart lights.",LOCKED,ECO,NEUTRAL,ECO
IF a timer goes off,", THEN briefly toggles the lights off and on.",LOCKED,ECO,NEUTRAL,ECO
IF a new follower is added,", THEN changes the color of lights.",LOCKED,ECO,NEUTRAL,ECO
IF every day at a specified time,", THEN turns off smart lights.",LOCKED,ECO,NEUTRAL,ECO
IF the user enters a specified area,", THEN turns on smart lights.",LOCKED,ECO,NEUTRAL,ECO
IF a timer goes off,", THEN briefly toggles the lights off and on.",LOCKED,ECO,NEUTRAL,ECO
IF once a year at a specified date and time,", THEN sets lights to a predefined scene.",LOCKED,ECO,NEUTRAL,ECO
IF every day at a specified time,", THEN turns on smart lights.",LOCKED,ECO,NEUTRAL,ECO
IF a voice assistant detects a spoken phrase,", THEN turns on smart lights.",LOCKED,ECO,NEUTRAL,ECO
IF a smart camera detects motion,", THEN briefly toggles the lights off and on.",LOCKED,ECO,NEUTRAL,ECO
IF on specific days of the week at a specified time,", THEN turns on smart lights.",LOCKED,ECO,NEUTRAL,ECO
IF every day at a specified time,", THEN turns on smart lights.",LOCKED,ECO,NEUTRAL,ECO
IF every day at a specified time,", THEN turns off smart lights.",LOCKED,ECO,NEUTRAL,ECO
IF on specific days of the week at a specified time,", THEN turns on smart lights.",LOCKED,ECO,NEUTRAL,ECO
IF every day at a specified time,", THEN adjusts the brightness of lights.",LOCKED,ECO,NEUTRAL,ECO
IF on specific days of the week at a specified time,", THEN turns on smart lights.",LOCKED,ECO,NEUTRAL,ECO
IF a security camera detects motion,", THEN adjusts the brightness of lights.",LOCKED,ECO,NEUTRAL,ECO
IF a motion sensor detects motion,", THEN turns on smart lights.",LOCKED,ECO,NEUTRAL,ECO
IF every day at a specified time,", THEN briefly toggles the lights off and on.",LOCKED,ECO,NEUTRAL,ECO
IF on specific days of the week at a specified time,", THEN turns on smart lights.",LOCKED,ECO,NEUTRAL,ECO
IF on specific days of the week at a specified time,", THEN turns on smart lights.",LOCKED,ECO,NEUTRAL,ECO
IF once a year at a specified date and time,", THEN changes the color of lights.",LOCKED,ECO,NEUTRAL,ECO
IF a security camera detects motion,", THEN triggers a light animation effect.",LOCKED,ECO,NEUTRAL,ECO
IF a timer goes off,", THEN briefly toggles the lights off and on.",LOCKED,ECO,NEUTRAL,ECO
IF on specific days of the week at a specified time,", THEN turns off smart lights.",LOCKED,ECO,NEUTRAL,ECO
IF the user enters a specified area,", THEN turns on smart lights.",LOCKED,ECO,NEUTRAL,ECO
IF on specific days of the week at a specified time,", THEN turns off smart lights.",LOCKED,ECO,NEUTRAL,ECO
IF on specific days of the week at a specified time,", THEN activates a lighting scene.",LOCKED,ECO,NEUTRAL,ECO
IF someone enters or leaves a room,", THEN turns on smart lights.",LOCKED,ECO,NEUTRAL,ECO
IF the user exits a specified area,", THEN turns off smart lights.",LOCKED,ECO,NEUTRAL,ECO
IF the user exits a specified area,", THEN turns off smart lights.",LOCKED,ECO,NEUTRAL,ECO
IF a camera detects motion,", THEN turns on smart lights.",LOCKED,ECO,NEUTRAL,ECO
IF the user enters a specified area,", THEN turns on smart lights.",LOCKED,ECO,NEUTRAL,ECO
IF every day at a specified time,", THEN briefly toggles the lights off and on.",LOCKED,ECO,NEUTRAL,ECO
IF once a year at a specified date and time,", THEN turns on smart lights.",LOCKED,ECO,NEUTRAL,ECO
IF temperature drops below a threshold,", THEN briefly toggles the lights off and on.",LOCKED,ECO,NEUTRAL,ECO
IF every day at a specified time,", THEN adjusts the brightness of lights.",LOCKED,ECO,NEUTRAL,ECO
IF once a year at a specified date and time,", THEN changes the color of lights.",LOCKED,ECO,NEUTRAL,ECO
IF on specific days of the week at a specified time,", THEN changes the color of lights.",LOCKED,ECO,NEUTRAL,ECO
IF the user exits a specified area,", THEN turns off smart lights.",LOCKED,ECO,NEUTRAL,ECO
IF electricity prices are low,", THEN changes the color of lights.",LOCKED,ECO,NEUTRAL,ECO
IF a smoke detector detects dangerous smoke,", THEN turns on smart lights.",LOCKED,ECO,NEUTRAL,ECO
IF battery level is low,", THEN changes the color of lights.",LOCKED,ECO,NEUTRAL,ECO
IF a smoke detector detects dangerous smoke,", THEN turns on smart lights.",LOCKED,ECO,NEUTRAL,ECO
IF every day at a specified time,", THEN adjusts the brightness of lights.",LOCKED,ECO,NEUTRAL,ECO
IF a camera detects motion,", THEN briefly toggles the lights off and on.",LOCKED,ECO,NEUTRAL,ECO
IF the user enters a specified area,", THEN turns on smart lights.",LOCKED,ECO,NEUTRAL,ECO
IF every day at a specified time,", THEN toggles the lights on or off.",LOCKED,ECO,NEUTRAL,ECO
IF the user enters a specified area,", THEN turns on smart lights.",LOCKED,ECO,NEUTRAL,ECO
IF the user enters a specified area,", THEN turns on a light switch.",LOCKED,ECO,NEUTRAL,ECO
IF Wyze Cam detects sound,", THEN turns on smart lights.",LOCKED,ECO,NEUTRAL,ECO
IF the user enters a specified area,", THEN turns on smart lights.",LOCKED,ECO,NEUTRAL,ECO
IF on specific days of the week at a specified time,", THEN turns on smart lights.",LOCKED,ECO,NEUTRAL,ECO
IF the user enters a specified area,", THEN turns on smart lights.",LOCKED,ECO,NEUTRAL,ECO
IF temperature drops below a threshold,", THEN turns on smart lights.",LOCKED,ECO,NEUTRAL,ECO
IF the user exits a specified area,", THEN turns off smart lights.",LOCKED,ECO,NEUTRAL,ECO
IF a doorbell detects motion,", THEN power-cycles a smart switch.",LOCKED,ECO,NEUTRAL,ECO
IF once a year at a specified date and time,", THEN power-cycles a smart switch.",LOCKED,ECO,NEUTRAL,ECO
IF every day at a specified time,", THEN adjusts the brightness of lights.",LOCKED,ECO,NEUTRAL,ECO
IF every day at a specified time,", THEN turns on smart lights.",LOCKED,ECO,NEUTRAL,ECO
IF on specific days of the week at a specified time,", THEN adjusts the brightness of lights.",LOCKED,ECO,NEUTRAL,ECO
IF every day at a specified time,", THEN changes the color of lights.",LOCKED,ECO,NEUTRAL,ECO
IF every day at a specified time,", THEN turns off smart lights.",LOCKED,ECO,NEUTRAL,ECO
IF on specific days of the week at a specified time,", THEN turns on smart lights.",LOCKED,ECO,NEUTRAL,ECO
IF on specific days of the week at a specified time,", THEN turns off the light for a specified duration.",LOCKED,ECO,ECO,ECO
IF the user enters a specified area,", THEN turns on smart lights.",LOCKED,ECO,NEUTRAL,ECO
IF temperature drops below a threshold,", THEN changes the color of lights.",LOCKED,ECO,NEUTRAL,ECO
IF a timer goes off,", THEN briefly toggles the lights off and on.",LOCKED,ECO,NEUTRAL,ECO
IF temperature drops below a threshold,", THEN turns on a light switch.",LOCKED,ECO,NEUTRAL,ECO
IF temperature drops below a threshold,", THEN changes the color of lights.",LOCKED,ECO,NEUTRAL,ECO
IF every day at a specified time,", THEN turns on smart lights.",LOCKED,ECO,NEUTRAL,ECO
IF every day at a specified time,", THEN turns off smart lights.",LOCKED,ECO,NEUTRAL,ECO
IF shortly before sunrise at the user's location,", THEN turns off the light for a specified duration.",LOCKED,NEUTRAL,ECO,ECO
IF every day at a specified time,", THEN turns on smart lights.",LOCKED,ECO,NEUTRAL,ECO
IF a timer goes off,", THEN changes the color of lights.",LOCKED,ECO,NEUTRAL,ECO
IF every day at a specified time,", THEN adjusts the brightness of lights.",LOCKED,ECO,NEUTRAL,ECO
IF every day at a specified time,", THEN turns off smart lights.",LOCKED,ECO,NEUTRAL,ECO
IF the user enters a specified area,", THEN triggers a light animation effect.",LOCKED,ECO,NEUTRAL,ECO
IF every day at a specified time,", THEN turns on smart lights.",LOCKED,ECO,NEUTRAL,ECO
IF the user enters a specified area,", THEN turns on smart lights.",LOCKED,ECO,NEUTRAL,ECO
IF every day at a specified time,", THEN turns on smart lights.",LOCKED,ECO,NEUTRAL,ECO
IF once a year at a specified date and time,", THEN turns on smart lights.",LOCKED,ECO,NEUTRAL,ECO
IF the user enters a specified area,", THEN turns on smart lights.",LOCKED,ECO,NEUTRAL,ECO
IF on specific days of the week at a specified time,", THEN triggers a light animation effect.",LOCKED,ECO,NEUTRAL,ECO
IF on specific days of the week at a specified time,", THEN changes the color of lights.",LOCKED,ECO,NEUTRAL,ECO
IF the user enters a specified area,", THEN turns on smart lights.",LOCKED,ECO,NEUTRAL,ECO
IF on specific days of the week at a specified time,", THEN turns on smart lights.",LOCKED,ECO,NEUTRAL,ECO
IF a security camera detects motion,", THEN turns on smart lights.",LOCKED,ECO,NEUTRAL,ECO
IF a smoke detector detects dangerous smoke,", THEN changes the color of lights.",LOCKED,ECO,NEUTRAL,ECO
IF every day at a specified time,", THEN turns off a light switch.",LOCKED,ECO,NEUTRAL,ECO
IF once a year at a specified date and time,", THEN turns off smart lights.",LOCKED,ECO,NEUTRAL,ECO
IF every day at a specified time,", THEN turns on smart lights.",LOCKED,ECO,NEUTRAL,ECO
IF a security camera detects motion,", THEN changes the color of lights.",LOCKED,ECO,NEUTRAL,ECO
IF it is time for prayer,", THEN turns off smart lights.",LOCKED,ECO,NEUTRAL,ECO
IF a camera detects motion,", THEN turns on smart lights.",LOCKED,ECO,NEUTRAL,ECO
IF on specific days of the week at a specified time,", THEN turns on smart lights.",LOCKED,ECO,NEUTRAL,ECO
IF every day at a specified time,", THEN turns off smart lights.",LOCKED,ECO,NEUTRAL,ECO
IF the user enters a specified area,", THEN turns on smart lights.",LOCKED,ECO,NEUTRAL,ECO
IF the user enters a specified area,", THEN starts a sleep fade on smart lights.",LOCKED,ECO,ECO,ECO
IF on specific days of the week at a specified time,", THEN turns off smart lights.",LOCKED,ECO,NEUTRAL,ECO
IF on specific days of the week at a specified time,", THEN turns off smart lights.",LOCKED,ECO,NEUTRAL,ECO
IF on specific days of the week at a specified time,", THEN turns off smart lights.",LOCKED,ECO,NEUTRAL,ECO
IF temperature drops below a threshold,", THEN changes the color of lights.",LOCKED,ECO,NEUTRAL,ECO
IF a smart device detects motion,", THEN briefly toggles the lights off and on.",LOCKED,ECO,NEUTRAL,ECO
IF every day at a specified time,", THEN adjusts the brightness of lights.",LOCKED,ECO,NEUTRAL,ECO
IF on specific days of the week at a specified time,", THEN turns off smart lights.",LOCKED,ECO,NEUTRAL,ECO
IF the user exits a specified area,", THEN turns off smart lights.",LOCKED,ECO,NEUTRAL,ECO
IF the user enters a specified area,", THEN turns on smart lights.",LOCKED,ECO,NEUTRAL,ECO
IF on specific days of the week at a specified time,", THEN turns on smart lights.",LOCKED,ECO,NEUTRAL,ECO
IF every day at a specified time,", THEN changes the color of lights.",LOCKED,ECO,NEUTRAL,ECO
IF the user exits a specified area,", THEN activates a lighting scene.",LOCKED,ECO,NEUTRAL,ECO
IF temperature drops below a threshold,", THEN turns on a light switch.",LOCKED,ECO,NEUTRAL,ECO
IF the user enters a specified area,", THEN turns on smart lights.",LOCKED,ECO,NEUTRAL,ECO
IF on specific days of the week at a specified time,", THEN turns on smart lights.",LOCKED,ECO,NEUTRAL,ECO
IF every day at a specified time,", THEN turns off a light switch.",LOCKED,ECO,NEUTRAL,ECO
IF on specific days of the week at a specified time,", THEN changes the color of lights.",LOCKED,ECO,NEUTRAL,ECO
IF the user enters a specified area,", THEN turns on smart lights.",LOCKED,ECO,NEUTRAL,ECO
IF every day at a specified time,", THEN turns off smart lights.",LOCKED,ECO,NEUTRAL,ECO
IF every day at a specified time,", THEN turns on smart lights.",LOCKED,ECO,NEUTRAL,ECO
IF the user enters a specified area,", THEN turns on smart lights.",LOCKED,ECO,NEUTRAL,ECO
IF a followed channel starts streaming,", THEN turns on smart lights.",LOCKED,ECO,NEUTRAL,ECO
IF on specific days of the week at a specified time,", THEN adjusts the brightness of lights.",LOCKED,ECO,NEUTRAL,ECO
IF a security camera detects motion,", THEN turns on smart lights.",LOCKED,ECO,NEUTRAL,ECO
IF a security camera detects motion,", THEN briefly toggles the lights off and on.",LOCKED,ECO,NEUTRAL,ECO
IF the user enters a specified area,", THEN turns on smart lights.",LOCKED,ECO,NEUTRAL,ECO
IF a smart device detects motion,", THEN switches on the lights.",LOCKED,ECO,NEUTRAL,ECO
IF every day at a specified time,", THEN turns off smart lights.",LOCKED,ECO,NEUTRAL,ECO
IF temperature drops below a threshold,", THEN turns on smart lights.",LOCKED,ECO,NEUTRAL,ECO
IF a smoke detector detects dangerous smoke,", THEN changes the color of lights.",LOCKED,ECO,NEUTRAL,ECO
IF every day at a specified time,", THEN changes the color of lights.",LOCKED,ECO,NEUTRAL,ECO
IF every day at a specified time,", THEN turns off a light switch.",LOCKED,ECO,NEUTRAL,ECO
IF on specific days of the week at a specified time,", THEN activates a lighting scene.",LOCKED,ECO,NEUTRAL,ECO
IF a security camera detects motion,", THEN changes the color of lights.",LOCKED,ECO,NEUTRAL,ECO
IF someone arrives home,", THEN turns on smart lights.",LOCKED,ECO,NEUTRAL,ECO
IF a new channel follower is added,", THEN changes the color of lights.",LOCKED,ECO,NEUTRAL,ECO
IF a new channel follower is added,", THEN briefly toggles the lights off and on.",LOCKED,ECO,NEUTRAL,ECO
IF every day at a specified time,", THEN briefly toggles the lights off and on.",LOCKED,ECO,NEUTRAL,ECO
IF a smoke detector detects dangerous smoke,", THEN turns on smart lights.",LOCKED,ECO,NEUTRAL,ECO
IF Swann security device detects activity,", THEN changes the color of lights.",LOCKED,ECO,NEUTRAL,ECO
IF a new follower is added,", THEN briefly toggles the lights off and on.",LOCKED,ECO,NEUTRAL,ECO
IF the user exits a specified area,", THEN turns off smart lights.",LOCKED,ECO,NEUTRAL,ECO
IF a smoke detector detects warning smoke,", THEN changes the color of lights.",LOCKED,ECO,NEUTRAL,ECO
IF a doorbell detects motion,", THEN triggers a light animation effect.",LOCKED,ECO,NEUTRAL,ECO
IF the user exits a specified area,", THEN turns off smart lights.",LOCKED,ECO,NEUTRAL,ECO
IF a security camera detects motion,", THEN briefly toggles the lights off and on.",LOCKED,ECO,NEUTRAL,ECO
IF once a year at a specified date and time,", THEN changes the color of lights.",LOCKED,ECO,NEUTRAL,ECO
IF every day at a specified time,", THEN turns on smart lights.",LOCKED,ECO,NEUTRAL,ECO
IF the user enters a specified area,", THEN adjusts the brightness of lights.",LOCKED,ECO,NEUTRAL,ECO
IF every day at a specified time,", THEN turns off smart lights.",LOCKED,ECO,NEUTRAL,ECO
IF every day at a specified time,", THEN changes the color of lights.",LOCKED,ECO,NEUTRAL,ECO
IF every day at a specified time,", THEN turns off smart lights.",LOCKED,ECO,NEUTRAL,ECO
IF on specific days of the week at a specified time,", THEN changes the color of lights.",LOCKED,ECO,NEUTRAL,ECO
IF a voice assistant is activated with a specific phrase,", THEN turns on the light for a specified duration.",LOCKED,NEUTRAL,ECO,ECO
IF every day at a specified time,", THEN triggers a light animation effect.",LOCKED,ECO,NEUTRAL,ECO
IF every day at a specified time,", THEN changes the color of lights.",LOCKED,ECO,NEUTRAL,ECO
IF every day at a specified time,", THEN turns off smart lights.",LOCKED,ECO,NEUTRAL,ECO
IF temperature drops below a threshold,", THEN changes the color of lights.",LOCKED,ECO,NEUTRAL,ECO
IF the user enters a specified area,", THEN activates a lighting scene.",LOCKED,ECO,NEUTRAL,ECO
IF the user enters a specified area,", THEN turns on smart lights.",LOCKED,ECO,NEUTRAL,ECO
IF every day at a specified time,", THEN turns off smart lights.",LOCKED,ECO,NEUTRAL,ECO
IF the user enters a specified area,", THEN sets lights to a predefined scene.",LOCKED,ECO,NEUTRAL,ECO
IF someone arrives home,", THEN turns on smart lights.",LOCKED,ECO,NEUTRAL,ECO
IF the user enters a specified area,", THEN toggles the lights on or off.",LOCKED,ECO,NEUTRAL,ECO
IF on specific days of the week at a specified time,", THEN switches off the lights.",LOCKED,ECO,NEUTRAL,ECO
IF every day at a specified time,", THEN adjusts the brightness of lights.",LOCKED,ECO,NEUTRAL,ECO
IF every day at a specified time,", THEN turns on smart lights.",LOCKED,ECO,NEUTRAL,ECO
IF a camera detects motion,", THEN turns on smart lights.",LOCKED,ECO,NEUTRAL,ECO
IF every day at a specified time,", THEN turns on smart lights.",LOCKED,ECO,NEUTRAL,ECO
IF on specific days of the week at a specified time,", THEN turns on smart lights.",LOCKED,ECO,NEUTRAL,ECO
IF every day at a specified time,", THEN turns on smart lights.",LOCKED,ECO,NEUTRAL,ECO
IF shortly before sunrise at the user's location,", THEN turns off the light for a specified duration.",LOCKED,NEUTRAL,ECO,ECO
IF a camera detects motion,", THEN triggers a light animation effect.",LOCKED,ECO,NEUTRAL,ECO
IF once a year at a specified date and time,", THEN briefly toggles the lights off and on.",LOCKED,ECO,NEUTRAL,ECO
IF on specific days of the week at a specified time,", THEN triggers a light animation effect.",LOCKED,ECO,NEUTRAL,ECO
IF on specific days of the week at a specified time,", THEN turns on smart lights.",LOCKED,ECO,NEUTRAL,ECO
IF a new follower is added,", THEN briefly toggles the lights off and on.",LOCKED,ECO,NEUTRAL,ECO
IF every day at a specified time,", THEN changes the color of lights.",LOCKED,ECO,NEUTRAL,ECO
IF a new channel follower is added,", THEN briefly toggles the lights off and on.",LOCKED,ECO,NEUTRAL,ECO
IF a motion sensor detects motion,", THEN changes the color of lights.",LOCKED,ECO,NEUTRAL,ECO
IF once a year at a specified date and time,", THEN changes the color of lights.",LOCKED,ECO,NEUTRAL,ECO
IF a security camera detects motion,", THEN turns on a light switch.",LOCKED,ECO,NEUTRAL,ECO
IF the user exits a specified area,", THEN turns off smart lights.",LOCKED,ECO,NEUTRAL,ECO
IF a smoke detector detects warning smoke,", THEN turns on smart lights.",LOCKED,ECO,NEUTRAL,ECO
IF every day at a specified time,", THEN turns on smart lights.",LOCKED,ECO,NEUTRAL,ECO
IF temperature drops below a threshold,", THEN changes the color of lights.",LOCKED,ECO,NEUTRAL,ECO
IF on specific days of the week at a specified time,", THEN power-cycles a smart switch.",LOCKED,ECO,NEUTRAL,ECO
IF on specific days of the week at a specified time,", THEN triggers a light animation effect.",LOCKED,ECO,NEUTRAL,ECO
IF a security camera detects motion,", THEN triggers a light animation effect.",LOCKED,ECO,NEUTRAL,ECO
IF a new channel follower is added,", THEN briefly toggles the lights off and on.",LOCKED,ECO,NEUTRAL,ECO
IF on specific days of the week at a specified time,", THEN adjusts the brightness of lights.",LOCKED,ECO,NEUTRAL,ECO
IF the user enters a specified area,", THEN turns on a light switch.",LOCKED,ECO,NEUTRAL,ECO
IF the user enters a specified area,", THEN turns on smart lights.",LOCKED,ECO,NEUTRAL,ECO
IF on specific days of the week at a specified time,", THEN changes the color of lights.",LOCKED,ECO,NEUTRAL,ECO
IF every day at a specified time,", THEN turns off smart lights.",LOCKED,ECO,NEUTRAL,ECO
IF a smoke detector detects dangerous smoke,", THEN changes the color of lights.",LOCKED,ECO,NEUTRAL,ECO
IF every day at a specified time,", THEN turns on a light switch.",LOCKED,ECO,NEUTRAL,ECO
IF the user exits a specified area,", THEN turns off smart lights.",LOCKED,ECO,NEUTRAL,ECO
IF every day at a specified time,", THEN turns on smart lights.",LOCKED,ECO,NEUTRAL,ECO
IF every day at a specified time,", THEN turns on smart lights.",LOCKED,ECO,NEUTRAL,ECO
IF every day at a specified time,", THEN turns off smart lights.",LOCKED,ECO,NEUTRAL,ECO
IF a camera detects motion,", THEN turns on smart lights.",LOCKED,ECO,NEUTRAL,ECO
IF the user enters a specified area,", THEN changes the color of lights.",LOCKED,ECO,NEUTRAL,ECO
IF a smoke detector detects dangerous smoke,", THEN turns on a light switch.",LOCKED,ECO,NEUTRAL,ECO
IF a timer goes off,", THEN briefly toggles the lights off and on.",LOCKED,ECO,NEUTRAL,ECO
IF every day at a specified time,", THEN turns off smart lights.",LOCKED,ECO,NEUTRAL,ECO
IF a security camera detects motion,", THEN briefly toggles the lights off and on.",LOCKED,ECO,NEUTRAL,ECO
IF every day at a specified time,", THEN turns off a light switch.",LOCKED,ECO,NEUTRAL,ECO
IF it is time to fast,", THEN turns on smart lights.",LOCKED,ECO,NEUTRAL,ECO
IF every day at a specified time,", THEN turns off the hood lighting.",LOCKED,ECO,NEUTRAL,ECO
IF every day at a specified time,", THEN adjusts the brightness of lights.",LOCKED,ECO,NEUTRAL,ECO
IF on specific days of the week at a specified time,", THEN triggers a light animation effect.",LOCKED,ECO,NEUTRAL,ECO
IF the user exits a specified area,", THEN turns off smart lights.",LOCKED,ECO,NEUTRAL,ECO
IF every day at a specified time,", THEN turns off smart lights.",LOCKED,ECO,NEUTRAL,ECO
IF a security camera detects motion,", THEN turns on smart lights.",LOCKED,ECO,NEUTRAL,ECO
IF on specific days of the week at a specified time,", THEN turns on smart lights.",LOCKED,ECO,NEUTRAL,ECO
IF on specific days of the week at a specified time,", THEN turns off smart lights.",LOCKED,ECO,NEUTRAL,ECO
IF every day at a specified time,", THEN turns on smart lights.",LOCKED,ECO,NEUTRAL,ECO
IF a voice assistant is activated with a specific phrase,", THEN starts a sleep fade on smart lights.",LOCKED,NEUTRAL,ECO,ECO
IF on specific days of the week at a specified time,", THEN changes the color of lights.",LOCKED,ECO,NEUTRAL,ECO
IF on specific days of the week at a specified time,", THEN turns on smart lights.",LOCKED,ECO,NEUTRAL,ECO
IF a camera detects motion,", THEN turns on smart lights.",LOCKED,ECO,NEUTRAL,ECO
IF a smart camera detects motion,", THEN briefly toggles the lights off and on.",LOCKED,ECO,NEUTRAL,ECO
IF every day at a specified time,", THEN turns on smart lights.",LOCKED,ECO,NEUTRAL,ECO
IF on specific days of the week at a specified time,", THEN turns on smart lights.",LOCKED,ECO,NEUTRAL,ECO
IF once a year at a specified date and time,", THEN changes the color of lights.",LOCKED,ECO,NEUTRAL,ECO
IF every day at a specified time,", THEN turns off smart lights.",LOCKED,ECO,NEUTRAL,ECO
IF every day at a specified time,", THEN turns on smart lights.",LOCKED,ECO,NEUTRAL,ECO
IF on specific days of the week at a specified time,", THEN turns on smart lights.",LOCKED,ECO,NEUTRAL,ECO
IF the user exits a specified area,", THEN turns off smart lights.",LOCKED,ECO,NEUTRAL,ECO
IF a cooking timer ends,", THEN briefly toggles the lights off and on.",LOCKED,ECO,NEUTRAL,ECO
IF a camera detects motion,", THEN activates a lighting scene.",LOCKED,ECO,NEUTRAL,ECO
IF every day at a specified time,", THEN adjusts the brightness of lights.",LOCKED,ECO,NEUTRAL,ECO
IF every day at a specified time,", THEN turns off smart lights.",LOCKED,ECO,NEUTRAL,ECO
IF every day at a specified time,", THEN turns on smart lights.",LOCKED,ECO,NEUTRAL,ECO
IF every day at a specified time,", THEN adjusts the brightness of lights.",LOCKED,ECO,NEUTRAL,ECO
IF on specific days of the week at a specified time,", THEN turns off smart lights.",LOCKED,ECO,NEUTRAL,ECO
IF every day at a specified time,", THEN turns off smart lights.",LOCKED,ECO,NEUTRAL,ECO
IF every day at a specified time,", THEN changes the color of lights.",LOCKED,ECO,NEUTRAL,ECO
IF the user enters a specified area,", THEN turns on smart lights.",LOCKED,ECO,NEUTRAL,ECO
IF a security camera detects motion,", THEN briefly toggles the lights off and on.",LOCKED,ECO,NEUTRAL,ECO
IF on specific days of the week at a specified time,", THEN turns on smart lights.",LOCKED,ECO,NEUTRAL,ECO
IF every day at a specified time,", THEN turns off smart lights.",LOCKED,ECO,NEUTRAL,ECO
IF the user enters a specified area,", THEN turns on smart lights.",LOCKED,ECO,NEUTRAL,ECO
IF every day at a specified time,", THEN turns on smart lights.",LOCKED,ECO,NEUTRAL,ECO
IF a smoke detector detects warning smoke,", THEN turns on smart lights.",LOCKED,ECO,NEUTRAL,ECO
IF a timer goes off,", THEN briefly toggles the lights off and on.",LOCKED,ECO,NEUTRAL,ECO
IF on specific days of the week at a specified time,", THEN turns off a light switch.",LOCKED,ECO,NEUTRAL,ECO
IF a smart camera detects motion,", THEN turns on smart lights.",LOCKED,ECO,NEUTRAL,ECO
IF every day at a specified time,", THEN turns off smart lights.",LOCKED,ECO,NEUTRAL,ECO
IF a security camera detects motion,", THEN toggles the lights on or off.",LOCKED,ECO,NEUTRAL,ECO
IF the user enters a specified area,", THEN turns on smart lights.",LOCKED,ECO,NEUTRAL,ECO
IF every day at a specified time,", THEN turns off a light switch.",LOCKED,ECO,NEUTRAL,ECO
IF it is time for prayer,", THEN changes the color of lights.",LOCKED,ECO,NEUTRAL,ECO
IF every day at a specified time,", THEN sets lights to a predefined scene.",LOCKED,ECO,NEUTRAL,ECO
IF a security camera detects motion,", THEN turns on smart lights.",LOCKED,ECO,NEUTRAL,ECO
IF a smoke detector detects dangerous smoke,", THEN turns on smart lights.",LOCKED,ECO,NEUTRAL,ECO
IF once a year at a specified date and time,", THEN turns on smart lights.",LOCKED,ECO,NEUTRAL,ECO
IF battery level is low,", THEN toggles lights based on current state.",LOCKED,ECO,NEUTRAL,ECO
IF it is time for prayer,", THEN changes the color of lights.",LOCKED,ECO,NEUTRAL,ECO
IF every day at a specified time,", THEN changes the color of lights.",LOCKED,ECO,NEUTRAL,ECO
IF a smoke detector detects warning smoke,", THEN turns on smart lights.",LOCKED,ECO,NEUTRAL,ECO
IF on specific days of the week at a specified time,", THEN turns on smart lights.",LOCKED,ECO,NEUTRAL,ECO
IF it is time to fast,", THEN sets lights to a predefined scene.",LOCKED,ECO,NEUTRAL,ECO
IF on specific days of the week at a specified time,", THEN adjusts the brightness of lights.",LOCKED,ECO,NEUTRAL,ECO
IF every day at a specified time,", THEN briefly toggles the lights off and on.",LOCKED,ECO,NEUTRAL,ECO
IF every day at a specified time,", THEN turns off smart lights.",LOCKED,ECO,NEUTRAL,ECO
IF on specific days of the week at a specified time,", THEN turns on smart lights.",LOCKED,ECO,NEUTRAL,ECO
IF the user enters a specified area,", THEN adjusts the brightness of lights.",LOCKED,ECO,NEUTRAL,ECO
IF on specific days of the week at a specified time,", THEN turns on smart lights.",LOCKED,ECO,NEUTRAL,ECO
IF the user enters a specified area,", THEN turns on smart lights.",LOCKED,ECO,NEUTRAL,ECO
IF temperature drops below a threshold,", THEN triggers a light animation effect.",LOCKED,ECO,NEUTRAL,ECO
IF on specific days of the week at a specified time,", THEN turns on smart lights.",LOCKED,ECO,NEUTRAL,ECO
IF a timer goes off,", THEN briefly toggles the lights off and on.",LOCKED,ECO,NEUTRAL,ECO
IF every day at a specified time,", THEN turns on smart lights.",LOCKED,ECO,NEUTRAL,ECO
IF on specific days of the week at a specified time,", THEN turns on smart lights.",LOCKED,ECO,NEUTRAL,ECO
IF a smoke detector detects dangerous smoke,", THEN triggers a light animation effect.",LOCKED,ECO,NEUTRAL,ECO
IF every day at a specified time,", THEN turns on smart lights.",LOCKED,ECO,NEUTRAL,ECO
IF temperature drops below a threshold,", THEN changes the color of lights.",LOCKED,ECO,NEUTRAL,ECO
IF the user enters a specified area,", THEN turns on smart lights.",LOCKED,ECO,NEUTRAL,ECO
IF every day at a specified time,", THEN briefly toggles the lights off and on.",LOCKED,ECO,NEUTRAL,ECO
IF the user exits a specified area,", THEN turns off smart lights.",LOCKED,ECO,NEUTRAL,ECO
IF the user enters a specified area,", THEN turns on smart lights.",LOCKED,ECO,NEUTRAL,ECO
IF a smoke detector detects dangerous smoke,", THEN turns on a light switch.",LOCKED,ECO,NEUTRAL,ECO
IF every day at a specified time,", THEN turns on smart lights.",LOCKED,ECO,NEUTRAL,ECO
IF the user enters a specified area,", THEN turns on smart lights.",LOCKED,ECO,NEUTRAL,ECO
IF the user exits a specified area,", THEN switches off the lights.",LOCKED,ECO,NEUTRAL,ECO
IF every day at a specified time,", THEN turns on smart lights.",LOCKED,ECO,NEUTRAL,ECO
IF a followed channel starts streaming,", THEN changes the color of lights.",LOCKED,ECO,NEUTRAL,ECO
IF the user exits a specified area,", THEN sets lights to a predefined scene.",LOCKED,ECO,NEUTRAL,ECO
IF the user exits a specified area,", THEN turns off smart lights.",LOCKED,ECO,NEUTRAL,ECO
IF on specific days of the week at a specified time,", THEN turns on smart lights.",LOCKED,ECO,NEUTRAL,ECO
IF a door is left open for a period,", THEN changes the color of lights.",LOCKED,ECO,NEUTRAL,ECO
IF a motion sensor detects motion,", THEN triggers a light animation effect.",LOCKED,ECO,NEUTRAL,ECO
IF a specific weather condition is met,", THEN turns on the light for a specified duration.",LOCKED,NEUTRAL,ECO,ECO
IF the user enters a specified area,", THEN turns on smart lights.",LOCKED,ECO,NEUTRAL,ECO
IF on specific days of the week at a specified time,", THEN changes the color of lights.",LOCKED,ECO,NEUTRAL,ECO
IF the user enters a specified area,", THEN turns on smart lights.",LOCKED,ECO,NEUTRAL,ECO
IF the user exits a specified area,", THEN turns off smart lights.",LOCKED,ECO,NEUTRAL,ECO
IF every day at a specified time,", THEN triggers a light animation effect.",LOCKED,ECO,NEUTRAL,ECO
IF a followed channel starts streaming,", THEN triggers a light animation effect.",LOCKED,ECO,NEUTRAL,ECO
IF the user exits a specified area,", THEN turns off smart lights.",LOCKED,ECO,NEUTRAL,ECO
IF every day at a specified time,", THEN turns on smart lights.",LOCKED,ECO,NEUTRAL,ECO
IF someone arrives home,", THEN turns on smart lights.",LOCKED,ECO,NEUTRAL,ECO
IF the user enters a specified area,", THEN turns on smart lights.",LOCKED,ECO,NEUTRAL,ECO
IF on specific days of the week at a specified time,", THEN briefly toggles the lights off and on.",LOCKED,ECO,NEUTRAL,ECO
IF once a year at a specified date and time,", THEN changes the color of lights.",LOCKED,ECO,NEUTRAL,ECO
IF every day at a specified time,", THEN turns on a light switch.",LOCKED,ECO,NEUTRAL,ECO
IF the user exits a specified area,", THEN briefly toggles the lights off and on.",LOCKED,ECO,NEUTRAL,ECO
IF the user enters a specified area,", THEN turns on smart lights.",LOCKED,ECO,NEUTRAL,ECO
IF the user enters a specified area,", THEN activates a lighting scene.",LOCKED,ECO,NEUTRAL,ECO
IF on specific days of the week at a specified time,", THEN turns on smart lights.",LOCKED,ECO,NEUTRAL,ECO
IF the user exits a specified area,", THEN turns off smart lights.",LOCKED,ECO,NEUTRAL,ECO
IF a smoke detector detects dangerous smoke,", THEN changes the color of lights.",LOCKED,ECO,NEUTRAL,ECO
IF battery level is low,", THEN changes the color of lights.",LOCKED,ECO,NEUTRAL,ECO
IF a timer goes off,", THEN briefly toggles the lights off and on.",LOCKED,ECO,NEUTRAL,ECO
IF shortly before sunrise at the user's location,", THEN turns off the light for a specified duration.",LOCKED,NEUTRAL,ECO,ECO
IF every hour at quarter intervals,", THEN starts a sleep fade on smart lights.",LOCKED,NEUTRAL,ECO,ECO
IF a voice assistant is activated with a specific phrase,", THEN turns off the light for a specified duration.",LOCKED,NEUTRAL,ECO,ECO
IF the user exits a specified area,", THEN turns off smart lights.",LOCKED,ECO,NEUTRAL,ECO
IF temperature drops below a threshold,", THEN turns on smart lights.",LOCKED,ECO,NEUTRAL,ECO
IF a security camera detects motion,", THEN turns on a light switch.",LOCKED,ECO,NEUTRAL,ECO
IF the user enters a specified area,", THEN turns on smart lights.",LOCKED,ECO,NEUTRAL,ECO
IF the user enters a specified area,", THEN adjusts the brightness of lights.",LOCKED,ECO,NEUTRAL,ECO
IF a motion sensor detects motion,", THEN turns on smart lights.",LOCKED,ECO,NEUTRAL,ECO
IF Wyze Cam detects smoke alarm,", THEN turns on smart lights.",LOCKED,ECO,NEUTRAL,ECO
IF battery level is low,", THEN triggers a light animation effect.",LOCKED,ECO,NEUTRAL,ECO
IF the user enters a specified area,", THEN turns on smart lights.",LOCKED,ECO,NEUTRAL,ECO
IF once a year at a specified date and time,", THEN changes the color of lights.",LOCKED,ECO,NEUTRAL,ECO
IF every day at a specified time,", THEN briefly toggles the lights off and on.",LOCKED,ECO,NEUTRAL,ECO
IF once a year at a specified date and time,", THEN triggers a light animation effect.",LOCKED,ECO,NEUTRAL,ECO
IF temperature drops below a threshold,", THEN changes the color of lights.",LOCKED,ECO,NEUTRAL,ECO
IF on specific days of the week at a specified time,", THEN turns off smart lights.",LOCKED,ECO,NEUTRAL,ECO
IF a security camera detects motion,", THEN turns on smart lights.",LOCKED,ECO,NEUTRAL,ECO
IF every day at a specified time,", THEN turns on smart lights.",LOCKED,ECO,NEUTRAL,ECO
IF on specific days of the week at a specified time,", THEN turns off smart lights.",LOCKED,ECO,NEUTRAL,ECO
IF carbon intensity is lowest within a time window,", THEN changes the color of lights.",LOCKED,ECO,NEUTRAL,ECO
IF every day at a specified time,", THEN turns off smart lights.",LOCKED,ECO,NEUTRAL,ECO
IF every day at a specified time,", THEN changes the color of lights.",LOCKED,ECO,NEUTRAL,ECO
IF every day at a specified time,", THEN turns on the light for a specified duration.",LOCKED,ECO,ECO,ECO
IF a cooking timer ends,", THEN briefly toggles the lights off and on.",LOCKED,ECO,NEUTRAL,ECO
IF every day at a specified time,", THEN turns off smart lights.",LOCKED,ECO,NEUTRAL,ECO
IF every day at a specified time,", THEN briefly toggles the lights off and on.",LOCKED,ECO,NEUTRAL,ECO
IF every day at a specified time,", THEN adjusts the brightness of lights.",LOCKED,ECO,NEUTRAL,ECO
IF the user exits a specified area,", THEN turns off smart lights.",LOCKED,ECO,NEUTRAL,ECO
IF every day at a specified time,", THEN adjusts the brightness of lights.",LOCKED,ECO,NEUTRAL,ECO
IF a smart camera detects motion,", THEN briefly toggles the lights off and on.",LOCKED,ECO,NEUTRAL,ECO
IF on specific days of the week at a specified time,", THEN turns off smart lights.",LOCKED,ECO,NEUTRAL,ECO
IF a doorbell detects motion,", THEN turns on a light switch.",LOCKED,ECO,NEUTRAL,ECO
IF a security camera detects motion,", THEN briefly toggles the lights off and on.",LOCKED,ECO,NEUTRAL,ECO
IF the user enters a specified area,", THEN starts a sleep fade on smart lights.",LOCKED,ECO,ECO,ECO
IF every day at a specified time,", THEN turns on smart lights.",LOCKED,ECO,NEUTRAL,ECO
IF the user enters a specified area,", THEN briefly toggles the lights off and on.",LOCKED,ECO,NEUTRAL,ECO
IF a smoke detector detects warning smoke,", THEN briefly toggles the lights off and on.",LOCKED,ECO,NEUTRAL,ECO
IF every day at a specified time,", THEN turns off smart lights.",LOCKED,ECO,NEUTRAL,ECO
IF a cooking timer ends,", THEN briefly toggles the lights off and on.",LOCKED,ECO,NEUTRAL,ECO
IF every day at a specified time,", THEN changes the color of lights.",LOCKED,ECO,NEUTRAL,ECO
IF temperature drops below a threshold,", THEN turns off a light switch.",LOCKED,ECO,NEUTRAL,ECO
IF a smoke detector detects dangerous smoke,", THEN changes the color of lights.",LOCKED,ECO,NEUTRAL,ECO
IF every day at a specified time,", THEN changes the color of lights.",LOCKED,ECO,NEUTRAL,ECO
IF once a year at a specified date and time,", THEN turns on smart lights.",LOCKED,ECO,NEUTRAL,ECO
IF a security camera detects motion,", THEN briefly toggles the lights off and on.",LOCKED,ECO,NEUTRAL,ECO
IF on specific days of the week at a specified time,", THEN turns on smart lights.",LOCKED,ECO,NEUTRAL,ECO
IF a device is plugged in,", THEN starts a sleep fade on smart lights.",LOCKED,NEUTRAL,ECO,ECO
IF the user enters a specified area,", THEN turns on smart lights.",LOCKED,ECO,NEUTRAL,ECO
IF once a year at a specified date and time,", THEN turns on smart lights.",LOCKED,ECO,NEUTRAL,ECO
IF on specific days of the week at a specified time,", THEN adjusts the brightness of lights.",LOCKED,ECO,NEUTRAL,ECO
IF once a year at a specified date and time,", THEN changes the color of lights.",LOCKED,ECO,NEUTRAL,ECO
IF a security camera detects motion,", THEN turns on smart lights.",LOCKED,ECO,NEUTRAL,ECO
IF battery level is low,", THEN briefly toggles the lights off and on.",LOCKED,ECO,NEUTRAL,ECO
IF every day at a specified time,", THEN turns off smart lights.",LOCKED,ECO,NEUTRAL,ECO
IF on specific days of the week at a specified time,", THEN adjusts the brightness of lights.",LOCKED,ECO,NEUTRAL,ECO
IF on specific days of the week at a specified time,", THEN turns off smart lights.",LOCKED,ECO,NEUTRAL,ECO
IF a motion sensor detects motion,", THEN turns on smart lights.",LOCKED,ECO,NEUTRAL,ECO
IF a security camera detects motion,", THEN turns on smart lights.",LOCKED,ECO,NEUTRAL,ECO
IF a security camera detects motion,", THEN turns on smart lights.",LOCKED,ECO,NEUTRAL,ECO
IF once a year at a specified date and time,", THEN changes the color of lights.",LOCKED,ECO,NEUTRAL,ECO
IF temperature drops below a threshold,", THEN turns on smart lights.",LOCKED,ECO,NEUTRAL,ECO
IF every day at a specified time,", THEN turns on smart lights.",LOCKED,ECO,NEUTRAL,ECO
IF the user enters a specified area,", THEN adjusts the brightness of lights.",LOCKED,ECO,NEUTRAL,ECO
IF a camera detects motion,", THEN turns on smart lights.",LOCKED,ECO,NEUTRAL,ECO
IF the user exits a specified area,", THEN turns off smart lights.",LOCKED,ECO,NEUTRAL,ECO
IF every day at a specified time,", THEN changes the color of lights.",LOCKED,ECO,NEUTRAL,ECO
IF a timer goes off,", THEN briefly toggles the lights off and on.",LOCKED,ECO,NEUTRAL,ECO
IF once a year at a specified date and time,", THEN turns on smart lights.",LOCKED,ECO,NEUTRAL,ECO
IF a timer goes off,", THEN turns on smart lights.",LOCKED,ECO,NEUTRAL,ECO
IF a voice assistant is activated with a specific phrase,", THEN turns off the light for a specified duration.",LOCKED,NEUTRAL,ECO,ECO
IF every day at a specified time,", THEN turns off smart lights.",LOCKED,ECO,NEUTRAL,ECO
IF a timer goes off,", THEN triggers a light animation effect.",LOCKED,ECO,NEUTRAL,ECO
IF battery level is low,", THEN turns on smart lights.",LOCKED,ECO,NEUTRAL,ECO
IF a security camera detects motion,", THEN briefly toggles the lights off and on.",LOCKED,ECO,NEUTRAL,ECO
IF on specific days of the week at a specified time,", THEN briefly toggles the lights off and on.",LOCKED,ECO,NEUTRAL,ECO
IF the user exits a specified area,", THEN turns on smart lights.",LOCKED,ECO,NEUTRAL,ECO
IF the user enters a specified area,", THEN briefly toggles the lights off and on.",LOCKED,ECO,NEUTRAL,ECO
IF every day at a specified time,", THEN adjusts the brightness of lights.",LOCKED,ECO,NEUTRAL,ECO
IF every day at a specified time,", THEN turns on smart lights.",LOCKED,ECO,NEUTRAL,ECO
IF once a year at a specified date and time,", THEN changes the color of lights.",LOCKED,ECO,NEUTRAL,ECO
IF every day at a specified time,", THEN turns on the hood lighting.",LOCKED,ECO,NEUTRAL,ECO
IF every day at a specified time,", THEN turns off smart lights.",LOCKED,ECO,NEUTRAL,ECO
IF a security camera detects motion,", THEN turns on smart lights.",LOCKED,ECO,NEUTRAL,ECO
IF every day at a specified time,", THEN turns off smart lights.",LOCKED,ECO,NEUTRAL,ECO
IF a timer goes off,", THEN briefly toggles the lights off and on.",LOCKED,ECO,NEUTRAL,ECO
IF every day at a specified time,", THEN changes the color of lights.",LOCKED,ECO,NEUTRAL,ECO
IF every day at a specified time,", THEN turns off smart lights.",LOCKED,ECO,NEUTRAL,ECO
IF a motion sensor detects motion,", THEN turns on smart lights.",LOCKED,ECO,NEUTRAL,ECO
IF every day at a specified time,", THEN turns on smart lights.",LOCKED,ECO,NEUTRAL,ECO
IF the user enters a specified area,", THEN turns on a light switch.",LOCKED,ECO,NEUTRAL,ECO
IF every day at a specified time,", THEN turns on smart lights.",LOCKED,ECO,NEUTRAL,ECO
IF motion is detected,", THEN turns on the light for a specified duration.",LOCKED,NEUTRAL,ECO,ECO
IF every day at a specified time,", THEN turns off smart lights.",LOCKED,ECO,NEUTRAL,ECO
IF on specific days of the week at a specified time,", THEN turns on smart lights.",LOCKED,ECO,NEUTRAL,ECO
IF a new channel follower is added,", THEN adjusts the brightness of lights.",LOCKED,ECO,NEUTRAL,ECO
IF the user enters a specified area,", THEN turns on smart lights.",LOCKED,ECO,NEUTRAL,ECO
IF battery level is low,", THEN changes the color of lights.",LOCKED,ECO,NEUTRAL,ECO
IF every day at a specified time,", THEN turns on smart lights.",LOCKED,ECO,NEUTRAL,ECO
IF on specific days of the week at a specified time,", THEN briefly toggles the lights off and on.",LOCKED,ECO,NEUTRAL,ECO
IF every day at a specified time,", THEN turns off smart lights.",LOCKED,ECO,NEUTRAL,ECO
IF on specific days of the week at a specified time,", THEN turns on smart lights.",LOCKED,ECO,NEUTRAL,ECO
IF the user exits a specified area,", THEN turns off smart lights.",LOCKED,ECO,NEUTRAL,ECO
IF the user enters a specified area,", THEN turns on a light switch.",LOCKED,ECO,NEUTRAL,ECO
IF a timer goes off,", THEN sets lights to a predefined scene.",LOCKED,ECO,NEUTRAL,ECO
IF temperature drops below a threshold,", THEN changes the color of lights.",LOCKED,ECO,NEUTRAL,ECO
IF the user exits a specified area,", THEN turns off smart lights.",LOCKED,ECO,NEUTRAL,ECO
IF on specific days of the week at a specified time,", THEN turns on a light switch.",LOCKED,ECO,NEUTRAL,ECO
IF every day at a specified time,", THEN turns off smart lights.",LOCKED,ECO,NEUTRAL,ECO
IF on specific days of the week at a specified time,", THEN turns on the light for a specified duration.",LOCKED,ECO,ECO,ECO
IF every day at a specified time,", THEN turns off smart lights.",LOCKED,ECO,NEUTRAL,ECO
IF the user enters a specified area,", THEN toggles the lights on or off.",LOCKED,ECO,NEUTRAL,ECO
IF every day at a specified time,", THEN turns off smart lights.",LOCKED,ECO,NEUTRAL,ECO
IF a camera detects motion,", THEN turns on smart lights.",LOCKED,ECO,NEUTRAL,ECO
IF on specific days of the week at a specified time,", THEN turns off smart lights.",LOCKED,ECO,NEUTRAL,ECO
IF every day at a specified time,", THEN turns off smart lights.",LOCKED,ECO,NEUTRAL,ECO
IF every day at a specified time,", THEN turns on smart lights.",LOCKED,ECO,NEUTRAL,ECO
IF every day at a specified time,", THEN turns on smart lights.",LOCKED,ECO,NEUTRAL,ECO
IF the user enters a specified area,", THEN turns on smart lights.",LOCKED,ECO,NEUTRAL,ECO
IF a camera detects motion,", THEN turns on smart lights.",LOCKED,ECO,NEUTRAL,ECO
IF the user enters a specified area,", THEN turns off smart lights.",LOCKED,ECO,NEUTRAL,ECO
IF every day at a specified time,", THEN turns on smart lights.",LOCKED,ECO,NEUTRAL,ECO
IF on specific days of the week at a specified time,", THEN changes the color of lights.",LOCKED,ECO,NEUTRAL,ECO
IF battery level is low,", THEN triggers a light animation effect.",LOCKED,ECO,NEUTRAL,ECO
IF a security camera detects motion,", THEN triggers a light animation effect.",LOCKED,ECO,NEUTRAL,ECO
IF every day at a specified time,", THEN turns on smart lights.",LOCKED,ECO,NEUTRAL,ECO
IF every day at a specified time,", THEN adjusts the brightness of lights.",LOCKED,ECO,NEUTRAL,ECO
IF on specific days of the week at a specified time,", THEN changes the color of lights.",LOCKED,ECO,NEUTRAL,ECO
IF the user exits a specified area,", THEN switches off the lights.",LOCKED,ECO,NEUTRAL,ECO
IF every day at a specified time,", THEN turns off smart lights.",LOCKED,ECO,NEUTRAL,ECO
IF battery level is low,", THEN activates a lighting scene.",LOCKED,ECO,NEUTRAL,ECO
IF the user exits a specified area,", THEN turns off a light switch.",LOCKED,ECO,NEUTRAL,ECO
IF the user exits a specified area,", THEN turns off the light for a specified duration.",LOCKED,ECO,ECO,ECO
IF every day at a specified time,", THEN triggers a light animation effect.",LOCKED,ECO,NEUTRAL,ECO
IF a sleep tracking device detects the user leaving the bed,", THEN activates a lighting scene.",LOCKED,ECO,NEUTRAL,ECO
IF every day at a specified time,", THEN adjusts the brightness of lights.",LOCKED,ECO,NEUTRAL,ECO
IF every day at a specified time,", THEN turns off smart lights.",LOCKED,ECO,NEUTRAL,ECO
IF on specific days of the week at a specified time,", THEN turns off smart lights.",LOCKED,ECO,NEUTRAL,ECO
IF on specific days of the week at a specified time,", THEN briefly toggles the lights off and on.",LOCKED,ECO,NEUTRAL,ECO
IF on specific days of the week at a specified time,", THEN turns on smart lights.",LOCKED,ECO,NEUTRAL,ECO
IF every day at a specified time,", THEN briefly toggles the lights off and on.",LOCKED,ECO,NEUTRAL,ECO
IF a smoke detector detects warning smoke,", THEN activates a lighting scene.",LOCKED,ECO,NEUTRAL,ECO
IF the user exits a specified area,", THEN turns off smart lights.",LOCKED,ECO,NEUTRAL,ECO
IF the user exits a specified area,", THEN turns on smart lights.",LOCKED,ECO,NEUTRAL,ECO
IF the user exits a specified area,", THEN turns off smart lights.",LOCKED,ECO,NEUTRAL,ECO
IF a security camera detects motion,", THEN turns on smart lights.",LOCKED,ECO,NEUTRAL,ECO
IF a security camera detects motion,", THEN turns on smart lights.",LOCKED,ECO,NEUTRAL,ECO
IF a timer goes off,", THEN briefly toggles the lights off and on.",LOCKED,ECO,NEUTRAL,ECO
IF temperature drops below a threshold,", THEN changes the color of lights.",LOCKED,ECO,NEUTRAL,ECO
IF the user enters a specified area,", THEN turns on a light switch.",LOCKED,ECO,NEUTRAL,ECO
IF a timer goes off,", THEN turns on a light switch.",LOCKED,ECO,NEUTRAL,ECO
IF every day at a specified time,", THEN turns off smart lights.",LOCKED,ECO,NEUTRAL,ECO
IF the user exits a specified area,", THEN turns off smart lights.",LOCKED,ECO,NEUTRAL,ECO
IF once a year at a specified date and time,", THEN changes the color of lights.",LOCKED,ECO,NEUTRAL,ECO
IF every day at a specified time,", THEN turns off smart lights.",LOCKED,ECO,NEUTRAL,ECO
IF on specific days of the week at a specified time,", THEN turns on a light switch.",LOCKED,ECO,NEUTRAL,ECO
IF every day at a specified time,", THEN toggles lights based on current state.",LOCKED,ECO,NEUTRAL,ECO
IF the user exits a specified area,", THEN turns off smart lights.",LOCKED,ECO,NEUTRAL,ECO
IF every day at a specified time,", THEN turns off smart lights.",LOCKED,ECO,NEUTRAL,ECO
IF a camera detects motion,", THEN turns on smart lights.",LOCKED,ECO,NEUTRAL,ECO
IF every day at a specified time,", THEN turns on smart lights.",LOCKED,ECO,NEUTRAL,ECO
IF temperature drops below a threshold,", THEN changes the color of lights.",LOCKED,ECO,NEUTRAL,ECO
IF a smoke detector detects warning smoke,", THEN turns off a light switch.",LOCKED,ECO,NEUTRAL,ECO
IF every day at a specified time,", THEN turns on smart lights.",LOCKED,ECO,NEUTRAL,ECO
IF the user enters a specified area,", THEN sets lights to a predefined scene.",LOCKED,ECO,NEUTRAL,ECO
IF a smoke detector detects warning smoke,", THEN turns on smart lights.",LOCKED,ECO,NEUTRAL,ECO
IF a timer goes off,", THEN triggers a light animation effect.",LOCKED,ECO,NEUTRAL,ECO
IF once a year at a specified date and time,", THEN briefly toggles the lights off and on.",LOCKED,ECO,NEUTRAL,ECO
IF on specific days of the week at a specified time,", THEN turns on smart lights.",LOCKED,ECO,NEUTRAL,ECO
IF every day at a specified time,", THEN briefly toggles the lights off and on.",LOCKED,ECO,NEUTRAL,ECO
IF every day at a specified time,", THEN turns off smart lights.",LOCKED,ECO,NEUTRAL,ECO
IF the user enters a specified area,", THEN turns on smart lights.",LOCKED,ECO,NEUTRAL,ECO
IF the user enters a specified area,", THEN turns on smart lights.",LOCKED,ECO,NEUTRAL,ECO
IF every day at a specified time,", THEN turns off smart lights.",LOCKED,ECO,NEUTRAL,ECO
IF every day at a specified time,", THEN turns on smart lights.",LOCKED,ECO,NEUTRAL,ECO
IF on specific days of the week at a specified time,", THEN turns off smart lights.",LOCKED,ECO,NEUTRAL,ECO
IF temperature drops below a threshold,", THEN changes the color of lights.",LOCKED,ECO,NEUTRAL,ECO
IF a security camera detects motion,", THEN briefly toggles the lights off and on.",LOCKED,ECO,NEUTRAL,ECO
IF a voice assistant is activated with a specific phrase,", THEN turns on the light for a specified duration.",LOCKED,NEUTRAL,ECO,ECO
IF every day at a specified time,", THEN toggles lights based on current state.",LOCKED,ECO,NEUTRAL,ECO
IF every day at a specified time,", THEN turns off smart lights.",LOCKED,ECO,NEUTRAL,ECO
IF a camera detects motion,", THEN turns on smart lights.",LOCKED,ECO,NEUTRAL,ECO
IF every day at a specified time,", THEN turns on smart lights.",LOCKED,ECO,NEUTRAL,ECO
IF on specific days of the week at a specified time,", THEN turns on smart lights.",LOCKED,ECO,NEUTRAL,ECO
IF a timer goes off,", THEN power-cycles a smart switch.",LOCKED,ECO,NEUTRAL,ECO
IF every day at a specified time,", THEN turns off smart lights.",LOCKED,ECO,NEUTRAL,ECO
IF a new channel follower is added,", THEN changes the color of lights.",LOCKED,ECO,NEUTRAL,ECO
IF on specific days of the week at a specified time,", THEN adjusts the brightness of lights.",LOCKED,ECO,NEUTRAL,ECO
IF every day at a specified time,", THEN turns off a light switch.",LOCKED,ECO,NEUTRAL,ECO
IF a security camera detects motion,", THEN turns on smart lights.",LOCKED,ECO,NEUTRAL,ECO
IF a cooking timer ends,", THEN briefly toggles the lights off and on.",LOCKED,ECO,NEUTRAL,ECO
IF on specific days of the week at a specified time,", THEN turns on smart lights.",LOCKED,ECO,NEUTRAL,ECO
IF every day at a specified time,", THEN changes the color of lights.",LOCKED,ECO,NEUTRAL,ECO
IF the user enters a specified area,", THEN turns on smart lights.",LOCKED,ECO,NEUTRAL,ECO
IF every day at a specified time,", THEN turns on smart lights.",LOCKED,ECO,NEUTRAL,ECO
IF the user exits a specified area,", THEN turns off smart lights.",LOCKED,ECO,NEUTRAL,ECO
IF a smoke detector detects dangerous smoke,", THEN activates a lighting scene.",LOCKED,ECO,NEUTRAL,ECO
IF every day at a specified time,", THEN turns off smart lights.",LOCKED,ECO,NEUTRAL,ECO
IF on specific days of the week at a specified time,", THEN turns on smart lights.",LOCKED,ECO,NEUTRAL,ECO
IF every day at a specified time,", THEN turns off a light switch.",LOCKED,ECO,NEUTRAL,ECO
IF every day at a specified time,", THEN turns on smart lights.",LOCKED,ECO,NEUTRAL,ECO
IF every day at a specified time,", THEN turns off smart lights.",LOCKED,ECO,NEUTRAL,ECO
IF a smart camera detects motion,", THEN briefly toggles the lights off and on.",LOCKED,ECO,NEUTRAL,ECO
IF a camera detects motion,", THEN changes the color of lights.",LOCKED,ECO,NEUTRAL,ECO
IF on specific days of the week at a specified time,", THEN turns on smart lights.",LOCKED,ECO,NEUTRAL,ECO
IF every day at a specified time,", THEN turns off smart lights.",LOCKED,ECO,NEUTRAL,ECO
IF the user exits a specified area,", THEN turns off smart lights.",LOCKED,ECO,NEUTRAL,ECO
IF every day at a specified time,", THEN turns off smart lights.",LOCKED,ECO,NEUTRAL,ECO
IF on specific days of the week at a specified time,", THEN turns on smart lights.",LOCKED,ECO,NEUTRAL,ECO
IF every day at a specified time,", THEN adjusts the brightness of lights.",LOCKED,ECO,NEUTRAL,ECO
IF a timer goes off,", THEN turns on smart lights.",LOCKED,ECO,NEUTRAL,ECO
IF a cooking timer ends,", THEN activates a lighting scene.",LOCKED,ECO,NEUTRAL,ECO
IF the user enters a specified area,", THEN turns on smart lights.",LOCKED,ECO,NEUTRAL,ECO
IF every day at a specified time,", THEN turns on smart lights.",LOCKED,ECO,NEUTRAL,ECO
IF the user enters a specified area,", THEN turns on smart lights.",LOCKED,ECO,NEUTRAL,ECO
IF on specific days of the week at a specified time,", THEN turns on smart lights.",LOCKED,ECO,NEUTRAL,ECO
IF once a year at a specified date and time,", THEN changes the color of lights.",LOCKED,ECO,NEUTRAL,ECO
IF every day at a specified time,", THEN turns off smart lights.",LOCKED,ECO,NEUTRAL,ECO
IF every day at a specified time,", THEN turns off smart lights.",LOCKED,ECO,NEUTRAL,ECO
IF every day at a specified time,", THEN turns on smart lights.",LOCKED,ECO,NEUTRAL,ECO
IF a security camera detects motion,", THEN turns on smart lights.",LOCKED,ECO,NEUTRAL,ECO
IF every day at a specified time,", THEN sets the brightness level of smart lights.",LOCKED,ECO,NEUTRAL,ECO
IF on specific days of the week at a specified time,", THEN turns on smart lights.",LOCKED,ECO,NEUTRAL,ECO
IF every day at a specified time,", THEN turns off smart lights.",LOCKED,ECO,NEUTRAL,ECO
IF the user enters a specified area,", THEN turns on the light for a specified duration.",LOCKED,ECO,ECO,ECO
IF on specific days of the week at a specified time,", THEN adjusts the brightness of lights.",LOCKED,ECO,NEUTRAL,ECO
IF every day at a specified time,", THEN turns off smart lights.",LOCKED,ECO,NEUTRAL,ECO
IF every day at a specified time,", THEN changes the color of lights.",LOCKED,ECO,NEUTRAL,ECO
IF on specific days of the week at a specified time,", THEN briefly toggles the lights off and on.",LOCKED,ECO,NEUTRAL,ECO
IF the user exits a specified area,", THEN turns off smart lights.",LOCKED,ECO,NEUTRAL,ECO
IF every day at a specified time,", THEN toggles lights based on current state.",LOCKED,ECO,NEUTRAL,ECO
IF every day at a specified time,", THEN turns off smart lights.",LOCKED,ECO,NEUTRAL,ECO
IF the user enters a specified area,", THEN turns on smart lights.",LOCKED,ECO,NEUTRAL,ECO
IF the user exits a specified area,", THEN turns off smart lights.",LOCKED,ECO,NEUTRAL,ECO
IF every day at a specified time,", THEN changes the color of lights.",LOCKED,ECO,NEUTRAL,ECO
IF on specific days of the week at a specified time,", THEN changes the color of lights.",LOCKED,ECO,NEUTRAL,ECO
IF on specific days of the week at a specified time,", THEN briefly toggles the lights off and on.",LOCKED,ECO,NEUTRAL,ECO
IF every day at a specified time,", THEN activates a lighting scene.",LOCKED,ECO,NEUTRAL,ECO
IF the user exits a specified area,", THEN turns off smart lights.",LOCKED,ECO,NEUTRAL,ECO
IF on specific days of the week at a specified time,", THEN turns on smart lights.",LOCKED,ECO,NEUTRAL,ECO
IF a security camera detects motion,", THEN changes the color of lights.",LOCKED,ECO,NEUTRAL,ECO
IF the user enters a specified area,", THEN turns on smart lights.",LOCKED,ECO,NEUTRAL,ECO
IF someone enters or leaves a room,", THEN turns off smart lights.",LOCKED,ECO,NEUTRAL,ECO
IF a doorbell detects motion,", THEN triggers a light animation effect.",LOCKED,ECO,NEUTRAL,ECO
IF on specific days of the week at a specified time,", THEN briefly toggles the lights off and on.",LOCKED,ECO,NEUTRAL,ECO
IF once a year at a specified date and time,", THEN briefly toggles the lights off and on.",LOCKED,ECO,NEUTRAL,ECO
IF a timer goes off,", THEN triggers a light animation effect.",LOCKED,ECO,NEUTRAL,ECO
IF every day at a specified time,", THEN turns on smart lights.",LOCKED,ECO,NEUTRAL,ECO
IF every day at a specified time,", THEN turns on smart lights.",LOCKED,ECO,NEUTRAL,ECO
IF every day at a specified time,", THEN turns on smart lights.",LOCKED,ECO,NEUTRAL,ECO
IF once a year at a specified date and time,", THEN turns off smart lights.",LOCKED,ECO,NEUTRAL,ECO
IF every day at a specified time,", THEN changes the color of lights.",LOCKED,ECO,NEUTRAL,ECO
IF the user enters a specified area,", THEN turns on smart lights.",LOCKED,ECO,NEUTRAL,ECO
IF a timer goes off,", THEN briefly toggles the lights off and on.",LOCKED,ECO,NEUTRAL,ECO
IF every day at a specified time,", THEN toggles the lights on or off.",LOCKED,ECO,NEUTRAL,ECO
IF the user enters a specified area,", THEN turns on a light switch.",LOCKED,ECO,NEUTRAL,ECO
IF every day at a specified time,", THEN turns on smart lights.",LOCKED,ECO,NEUTRAL,ECO
IF every day at a specified time,", THEN briefly toggles the lights off and on.",LOCKED,ECO,NEUTRAL,ECO
IF on specific days of the week at a specified time,", THEN turns on smart lights.",LOCKED,ECO,NEUTRAL,ECO
IF every day at a specified time,", THEN turns off a light switch.",LOCKED,ECO,NEUTRAL,ECO
IF a smart device detects motion,", THEN turns on the hood lighting.",LOCKED,ECO,NEUTRAL,ECO
IF a security camera detects motion,", THEN turns on smart lights.",LOCKED,ECO,NEUTRAL,ECO
IF on specific days of the week at a specified time,", THEN turns on a light switch.",LOCKED,ECO,NEUTRAL,ECO
IF the user enters a specified area,", THEN sets lights to a predefined scene.",LOCKED,ECO,NEUTRAL,ECO
IF a timer goes off,", THEN triggers a light animation effect.",LOCKED,ECO,NEUTRAL,ECO
IF a smart device detects motion,", THEN turns on smart lights.",LOCKED,ECO,NEUTRAL,ECO
IF the user exits a specified area,", THEN changes the color of lights.",LOCKED,ECO,NEUTRAL,ECO
IF on specific days of the week at a specified time,", THEN changes the color of lights.",LOCKED,ECO,NEUTRAL,ECO
IF a smoke detector detects dangerous smoke,", THEN turns on smart lights.",LOCKED,ECO,NEUTRAL,ECO
IF every day at a specified time,", THEN changes the color of lights.",LOCKED,ECO,NEUTRAL,ECO
IF battery level is low,", THEN briefly toggles the lights off and on.",LOCKED,ECO,NEUTRAL,ECO
IF every day at a specified time,", THEN turns off smart lights.",LOCKED,ECO,NEUTRAL,ECO
IF the user enters a specified area,", THEN turns on smart lights.",LOCKED,ECO,NEUTRAL,ECO
IF once a year at a specified date and time,", THEN turns on smart lights.",LOCKED,ECO,NEUTRAL,ECO
IF a cooking timer ends,", THEN activates a lighting scene.",LOCKED,ECO,NEUTRAL,ECO
IF the user exits a specified area,", THEN turns off smart lights.",LOCKED,ECO,NEUTRAL,ECO
IF every day at a specified time,", THEN adjusts the brightness of lights.",LOCKED,ECO,NEUTRAL,ECO
IF a button is pressed,", THEN turns on the light for a specified duration.",LOCKED,NEUTRAL,ECO,ECO
IF the user exits a specified area,", THEN turns off smart lights.",LOCKED,ECO,NEUTRAL,ECO
IF the user exits a specified area,", THEN turns off smart lights.",LOCKED,ECO,NEUTRAL,ECO
IF every day at a specified time,", THEN turns off smart lights.",LOCKED,ECO,NEUTRAL,ECO
IF a smart camera detects motion,", THEN turns on smart lights.",LOCKED,ECO,NEUTRAL,ECO
IF once a year at a specified date and time,", THEN turns on smart lights.",LOCKED,ECO,NEUTRAL,ECO
IF on specific days of the week at a specified time,", THEN turns on smart lights.",LOCKED,ECO,NEUTRAL,ECO
IF the user exits a specified area,", THEN turns off smart lights.",LOCKED,ECO,NEUTRAL,ECO
IF the user enters a specified area,", THEN turns on smart lights.",LOCKED,ECO,NEUTRAL,ECO
IF once a year at a specified date and time,", THEN changes the color of lights.",LOCKED,ECO,NEUTRAL,ECO
IF the user enters a specified area,", THEN turns on smart lights.",LOCKED,ECO,NEUTRAL,ECO
IF on specific days of the week at a specified time,", THEN activates a lighting scene.",LOCKED,ECO,NEUTRAL,ECO
IF it is time for prayer,", THEN changes the color of lights.",LOCKED,ECO,NEUTRAL,ECO
IF once a year at a specified date and time,", THEN turns off smart lights.",LOCKED,ECO,NEUTRAL,ECO
IF the user enters a specified area,", THEN turns on smart lights.",LOCKED,ECO,NEUTRAL,ECO
IF once a year at a specified date and time,", THEN changes the color of lights.",LOCKED,ECO,NEUTRAL,ECO
IF every day at a specified time,", THEN changes the color of lights.",LOCKED,ECO,NEUTRAL,ECO
IF every day at a specified time,", THEN turns on smart lights.",LOCKED,ECO,NEUTRAL,ECO
IF a security camera detects motion,", THEN briefly toggles the lights off and on.",LOCKED,ECO,NEUTRAL,ECO
IF every day at a specified time,", THEN turns on smart lights.",LOCKED,ECO,NEUTRAL,ECO
IF every day at a specified time,", THEN turns off smart lights.",LOCKED,ECO,NEUTRAL,ECO
IF once a year at a specified date and time,", THEN changes the color of lights.",LOCKED,ECO,NEUTRAL,ECO
IF a smoke detector detects warning smoke,", THEN turns on smart lights.",LOCKED,ECO,NEUTRAL,ECO
IF every day at a specified time,", THEN toggles the lights on or off.",LOCKED,ECO,NEUTRAL,ECO
IF every day at a specified time,", THEN turns off smart lights.",LOCKED,ECO,NEUTRAL,ECO
IF every day at a specified time,", THEN turns on smart lights.",LOCKED,ECO,NEUTRAL,ECO
IF a security camera detects motion,", THEN changes the color of lights.",LOCKED,ECO,NEUTRAL,ECO
IF a timer goes off,", THEN sets lights to a predefined scene.",LOCKED,ECO,NEUTRAL,ECO
IF Swann security device detects activity,", THEN turns off smart lights.",LOCKED,ECO,NEUTRAL,ECO
IF the user enters a specified area,", THEN turns on smart lights.",LOCKED,ECO,NEUTRAL,ECO
IF the user exits a specified area,", THEN turns off a light switch.",LOCKED,ECO,NEUTRAL,ECO
IF every day at a specified time,", THEN turns on smart lights.",LOCKED,ECO,NEUTRAL,ECO
IF every day at a specified time,", THEN briefly toggles the lights off and on.",LOCKED,ECO,NEUTRAL,ECO
IF a smart device detects motion,", THEN briefly toggles the lights off and on.",LOCKED,ECO,NEUTRAL,ECO
IF temperature drops below a threshold,", THEN changes the color of lights.",LOCKED,ECO,NEUTRAL,ECO
IF a camera detects motion,", THEN turns on smart lights.",LOCKED,ECO,NEUTRAL,ECO
IF a voice assistant is activated with a specific phrase,", THEN turns on the light for a specified duration.",LOCKED,NEUTRAL,ECO,ECO
IF the user enters a specified area,", THEN turns on smart lights.",LOCKED,ECO,NEUTRAL,ECO
IF every day at a specified time,", THEN turns on smart lights.",LOCKED,ECO,NEUTRAL,ECO
IF every day at a specified time,", THEN turns off smart lights.",LOCKED,ECO,NEUTRAL,ECO
IF every day at a specified time,", THEN changes the color of lights.",LOCKED,ECO,NEUTRAL,ECO
IF temperature drops below a threshold,", THEN toggles the lights on or off.",LOCKED,ECO,NEUTRAL,ECO
IF a camera detects motion,", THEN turns on a light switch.",LOCKED,ECO,NEUTRAL,ECO
IF every day at a specified time,", THEN turns off smart lights.",LOCKED,ECO,NEUTRAL,ECO
IF the user enters a specified area,", THEN turns on smart lights.",LOCKED,ECO,NEUTRAL,ECO
IF electricity prices are low,", THEN changes the color of lights.",LOCKED,ECO,NEUTRAL,ECO
IF a timer goes off,", THEN changes the color of lights.",LOCKED,ECO,NEUTRAL,ECO
IF every day at a specified time,", THEN turns on smart lights.",LOCKED,ECO,NEUTRAL,ECO
IF temperature drops below a threshold,", THEN turns on smart lights.",LOCKED,ECO,NEUTRAL,ECO
IF on specific days of the week at a specified time,", THEN turns on smart lights.",LOCKED,ECO,NEUTRAL,ECO
IF temperature drops below a threshold,", THEN changes the color of lights.",LOCKED,ECO,NEUTRAL,ECO
IF once a year at a specified date and time,", THEN changes the color of lights.",LOCKED,ECO,NEUTRAL,ECO
IF the user enters a specified area,", THEN turns on a light switch.",LOCKED,ECO,NEUTRAL,ECO
IF every day at a specified time,", THEN turns off smart lights.",LOCKED,ECO,NEUTRAL,ECO
IF every day at a specified time,", THEN turns off smart lights.",LOCKED,ECO,NEUTRAL,ECO
IF the user exits a specified area,", THEN turns off a light switch.",LOCKED,ECO,NEUTRAL,ECO
IF on specific days of the week at a specified time,", THEN changes the color of lights.",LOCKED,ECO,NEUTRAL,ECO
IF every day at a specified time,", THEN turns off smart lights.",LOCKED,ECO,NEUTRAL,ECO
IF every day at a specified time,", THEN turns on smart lights.",LOCKED,ECO,NEUTRAL,ECO
IF every day at a specified time,", THEN turns off the hood lighting.",LOCKED,ECO,NEUTRAL,ECO
IF a smoke detector detects warning smoke,", THEN briefly toggles the lights off and on.",LOCKED,ECO,NEUTRAL,ECO
IF every day at a specified time,", THEN turns on smart lights.",LOCKED,ECO,NEUTRAL,ECO
IF the user enters a specified area,", THEN turns on smart lights.",LOCKED,ECO,NEUTRAL,ECO
IF a cooking timer ends,", THEN briefly toggles the lights off and on.",LOCKED,ECO,NEUTRAL,ECO
IF a cooking timer ends,", THEN briefly toggles the lights off and on.",LOCKED,ECO,NEUTRAL,ECO
IF every day at a specified time,", THEN turns off smart lights.",LOCKED,ECO,NEUTRAL,ECO
IF the user enters a specified area,", THEN turns on a light switch.",LOCKED,ECO,NEUTRAL,ECO
IF a smart camera detects motion,", THEN turns on smart lights.",LOCKED,ECO,NEUTRAL,ECO
IF a new channel follower is added,", THEN toggles the lights on or off.",LOCKED,ECO,NEUTRAL,ECO
IF the user enters a specified area,", THEN briefly toggles the lights off and on.",LOCKED,ECO,NEUTRAL,ECO
IF a security camera detects motion,", THEN turns on smart lights.",LOCKED,ECO,NEUTRAL,ECO
IF on specific days of the week at a specified time,", THEN turns on a light switch.",LOCKED,ECO,NEUTRAL,ECO
IF a smoke detector detects warning smoke,", THEN changes the color of lights.",LOCKED,ECO,NEUTRAL,ECO
IF every day at a specified time,", THEN turns off smart lights.",LOCKED,ECO,NEUTRAL,ECO
IF a timer goes off,", THEN changes the color of lights.",LOCKED,ECO,NEUTRAL,ECO
IF the user exits a specified area,", THEN turns off smart lights.",LOCKED,ECO,NEUTRAL,ECO
IF once a year at a specified date and time,", THEN turns on smart lights.",LOCKED,ECO,NEUTRAL,ECO
IF the user enters a specified area,", THEN sets lights to a predefined scene.",LOCKED,ECO,NEUTRAL,ECO
IF a motion sensor detects motion,", THEN turns on smart lights.",LOCKED,ECO,NEUTRAL,ECO
IF a timer goes off,", THEN briefly toggles the lights off and on.",LOCKED,ECO,NEUTRAL,ECO
IF temperature drops below a threshold,", THEN turns on smart lights.",LOCKED,ECO,NEUTRAL,ECO
IF a security camera detects motion,", THEN briefly toggles the lights off and on.",LOCKED,ECO,NEUTRAL,ECO
IF every day at a specified time,", THEN adjusts the brightness of lights.",LOCKED,ECO,NEUTRAL,ECO
IF once a year at a specified date and time,", THEN turns on smart lights.",LOCKED,ECO,NEUTRAL,ECO
IF a motion sensor detects motion,", THEN toggles the lights on or off.",LOCKED,ECO,NEUTRAL,ECO
IF once a year at a specified date and time,", THEN briefly toggles the lights off and on.",LOCKED,ECO,NEUTRAL,ECO
IF the user exits a specified area,", THEN turns off a light switch.",LOCKED,ECO,NEUTRAL,ECO
IF it is time for prayer,", THEN turns on smart lights.",LOCKED,ECO,NEUTRAL,ECO
IF every day at a specified time,", THEN turns on smart lights.",LOCKED,ECO,NEUTRAL,ECO
IF once a year at a specified date and time,", THEN briefly toggles the lights off and on.",LOCKED,ECO,NEUTRAL,ECO
IF a doorbell detects motion,", THEN turns on smart lights.",LOCKED,ECO,NEUTRAL,ECO
IF battery level is low,", THEN triggers a light animation effect.",LOCKED,ECO,NEUTRAL,ECO
IF once a year at a specified date and time,", THEN turns off smart lights.",LOCKED,ECO,NEUTRAL,ECO
IF a sleep tracking device detects the user leaving the bed,", THEN turns off smart lights.",LOCKED,ECO,NEUTRAL,ECO
IF a camera detects motion,", THEN turns on smart lights.",LOCKED,ECO,NEUTRAL,ECO
IF on specific days of the week at a specified time,", THEN turns on smart lights.",LOCKED,ECO,NEUTRAL,ECO
IF it is time for prayer,", THEN briefly toggles the lights off and on.",LOCKED,ECO,NEUTRAL,ECO
IF on specific days of the week at a specified time,", THEN turns on smart lights.",LOCKED,ECO,NEUTRAL,ECO
IF every day at a specified time,", THEN turns off smart lights.",LOCKED,ECO,NEUTRAL,ECO
IF on specific days of the week at a specified time,", THEN turns on smart lights.",LOCKED,ECO,NEUTRAL,ECO
IF a camera detects motion,", THEN changes the color of lights.",LOCKED,ECO,NEUTRAL,ECO
IF on specific days of the week at a specified time,", THEN triggers a light animation effect.",LOCKED,ECO,NEUTRAL,ECO
IF on specific days of the week at a specified time,", THEN changes the color of lights.",LOCKED,ECO,NEUTRAL,ECO
IF every day at a specified time,", THEN changes the color of lights.",LOCKED,ECO,NEUTRAL,ECO
IF every day at a specified time,", THEN turns off smart lights.",LOCKED,ECO,NEUTRAL,ECO
IF a security camera detects motion,", THEN turns on smart lights.",LOCKED,ECO,NEUTRAL,ECO
IF the user enters a specified area,", THEN turns on smart lights.",LOCKED,ECO,NEUTRAL,ECO
IF on specific days of the week at a specified time,", THEN turns on smart lights.",LOCKED,ECO,NEUTRAL,ECO
IF a smoke detector detects dangerous smoke,", THEN turns on smart lights.",LOCKED,ECO,NEUTRAL,ECO
IF on specific days of the week at a specified time,", THEN changes the color of lights.",LOCKED,ECO,NEUTRAL,ECO
IF the user exits a specified area,", THEN turns off smart lights.",LOCKED,ECO,NEUTRAL,ECO
IF a security camera detects motion,", THEN turns on smart lights.",LOCKED,ECO,NEUTRAL,ECO
IF electricity prices are low,", THEN changes the color of lights.",LOCKED,ECO,NEUTRAL,ECO
IF once a year at a specified date and time,", THEN power-cycles a smart switch.",LOCKED,ECO,NEUTRAL,ECO
IF a camera detects motion,", THEN turns on the light for a specified duration.",LOCKED,ECO,ECO,ECO
IF every day at a specified time,", THEN turns on smart lights.",LOCKED,ECO,NEUTRAL,ECO
IF a smoke detector detects warning smoke,", THEN triggers a light animation effect.",LOCKED,ECO,NEUTRAL,ECO
IF temperature drops below a threshold,", THEN changes the color of lights.",LOCKED,ECO,NEUTRAL,ECO
IF on specific days of the week at a specified time,", THEN turns on smart lights.",LOCKED,ECO,NEUTRAL,ECO
IF every day at a specified time,", THEN turns off smart lights.",LOCKED,ECO,NEUTRAL,ECO
IF every day at a specified time,", THEN turns off smart lights.",LOCKED,ECO,NEUTRAL,ECO
IF a smart device detects motion,", THEN briefly toggles the lights off and on.",LOCKED,ECO,NEUTRAL,ECO
IF every day at a specified time,", THEN turns on smart lights.",LOCKED,ECO,NEUTRAL,ECO
IF the user enters a specified area,", THEN triggers a light animation effect.",LOCKED,ECO,NEUTRAL,ECO
IF the user enters a specified area,", THEN turns on smart lights.",LOCKED,ECO,NEUTRAL,ECO
IF on specific days of the week at a specified time,", THEN turns on smart lights.",LOCKED,ECO,NEUTRAL,ECO
IF a smart camera detects motion,", THEN briefly toggles the lights off and on.",LOCKED,ECO,NEUTRAL,ECO
IF every day at a specified time,", THEN turns off smart lights.",LOCKED,ECO,NEUTRAL,ECO
IF a smoke detector detects warning smoke,", THEN briefly toggles the lights off and on.",LOCKED,ECO,NEUTRAL,ECO
IF on specific days of the week at a specified time,", THEN briefly toggles the lights off and on.",LOCKED,ECO,NEUTRAL,ECO
IF on specific days of the week at a specified time,", THEN switches on the lights.",LOCKED,ECO,NEUTRAL,ECO
IF every day at a specified time,", THEN changes the color of lights.",LOCKED,ECO,NEUTRAL,ECO
IF the user enters a specified area,", THEN turns on a light switch.",LOCKED,ECO,NEUTRAL,ECO
IF every day at a specified time,", THEN turns off smart lights.",LOCKED,ECO,NEUTRAL,ECO
IF every day at a specified time,", THEN turns off smart lights.",LOCKED,ECO,NEUTRAL,ECO
IF every day at a specified time,", THEN turns off smart lights.",LOCKED,ECO,NEUTRAL,ECO
IF it is time for prayer,", THEN changes the color of lights.",LOCKED,ECO,NEUTRAL,ECO
IF a camera detects motion,", THEN briefly toggles the lights off and on.",LOCKED,ECO,NEUTRAL,ECO
IF every day at a specified time,", THEN adjusts the brightness of lights.",LOCKED,ECO,NEUTRAL,ECO
IF on specific days of the week at a specified time,", THEN briefly toggles the lights off and on.",LOCKED,ECO,NEUTRAL,ECO
IF a door is left open for a period,", THEN briefly toggles the lights off and on.",LOCKED,ECO,NEUTRAL,ECO
IF every day at a specified time,", THEN turns off smart lights.",LOCKED,ECO,NEUTRAL,ECO
IF on specific days of the week at a specified time,", THEN changes the color of lights.",LOCKED,ECO,NEUTRAL,ECO
IF the user enters a specified area,", THEN turns on smart lights.",LOCKED,ECO,NEUTRAL,ECO
IF a camera detects motion,", THEN briefly toggles the lights off and on.",LOCKED,ECO,NEUTRAL,ECO
IF every day at a specified time,", THEN turns on smart lights.",LOCKED,ECO,NEUTRAL,ECO
IF the user enters a specified area,", THEN toggles the lights on or off.",LOCKED,ECO,NEUTRAL,ECO
IF on specific days of the week at a specified time,", THEN turns off smart lights.",LOCKED,ECO,NEUTRAL,ECO
IF on specific days of the week at a specified time,", THEN turns on smart lights.",LOCKED,ECO,NEUTRAL,ECO
IF on specific days of the week at a specified time,", THEN turns on smart lights.",LOCKED,ECO,NEUTRAL,ECO
IF every day at a specified time,", THEN changes the color of lights.",LOCKED,ECO,NEUTRAL,ECO
IF CO2 level drops below threshold,", THEN turns off smart lights.",LOCKED,ECO,NEUTRAL,ECO
IF on specific days of the week at a specified time,", THEN turns off smart lights.",LOCKED,ECO,NEUTRAL,ECO
IF the user exits a specified area,", THEN turns off smart lights.",LOCKED,ECO,NEUTRAL,ECO
IF a smoke detector detects dangerous smoke,", THEN changes the color of lights.",LOCKED,ECO,NEUTRAL,ECO
IF every day at a specified time,", THEN turns on a light switch.",LOCKED,ECO,NEUTRAL,ECO
IF every day at a specified time,", THEN adjusts the brightness of lights.",LOCKED,ECO,NEUTRAL,ECO
IF every day at a specified time,", THEN turns on smart lights.",LOCKED,ECO,NEUTRAL,ECO
IF a smoke detector detects dangerous smoke,", THEN turns on smart lights.",LOCKED,ECO,NEUTRAL,ECO
IF every day at a specified time,", THEN turns off smart lights.",LOCKED,ECO,NEUTRAL,ECO
IF temperature drops below a threshold,", THEN changes the color of lights.",LOCKED,ECO,NEUTRAL,ECO
IF the user enters a specified area,", THEN triggers a light animation effect.",LOCKED,ECO,NEUTRAL,ECO
IF a cooking timer ends,", THEN briefly toggles the lights off and on.",LOCKED,ECO,NEUTRAL,ECO
IF the user exits a specified area,", THEN turns off smart lights.",LOCKED,ECO,NEUTRAL,ECO
IF every day at a specified time,", THEN changes the color of lights.",LOCKED,ECO,NEUTRAL,ECO
IF Swann security device detects activity,", THEN turns on smart lights.",LOCKED,ECO,NEUTRAL,ECO
IF a voice assistant is activated with a specific phrase,", THEN turns off the light for a specified duration.",LOCKED,NEUTRAL,ECO,ECO
IF on specific days of the week at a specified time,", THEN turns on smart lights.",LOCKED,ECO,NEUTRAL,ECO
IF the user enters a specified area,", THEN briefly toggles the lights off and on.",LOCKED,ECO,NEUTRAL,ECO
IF on specific days of the week at a specified time,", THEN turns on smart lights.",LOCKED,ECO,NEUTRAL,ECO
IF a security camera detects motion,", THEN turns on a light switch.",LOCKED,ECO,NEUTRAL,ECO
IF the user exits a specified area,", THEN turns off smart lights.",LOCKED,ECO,NEUTRAL,ECO
IF a message containing a key phrase is sent,", THEN sets a timed comfort profile hold.",FREE,NEUTRAL,ECO,ECO
IF a message containing a key phrase is sent,", THEN sets a timed comfort profile hold.",FREE,NEUTRAL,ECO,ECO
IF a message containing a key phrase is sent,", THEN sets a timed comfort profile hold.",FREE,NEUTRAL,ECO,ECO
IF a message containing a key phrase is sent,", THEN sets a timed comfort profile hold.",FREE,NEUTRAL,ECO,ECO
IF a message containing a key phrase is sent,", THEN sets a timed comfort profile hold.",FREE,NEUTRAL,ECO,ECO
IF a message containing a key phrase is sent,", THEN turn ons eco mode on the appliance.",FREE,NEUTRAL,ECO,ECO
IF a message containing a key phrase is sent,", THEN turn ons eco mode on the appliance.",FREE,NEUTRAL,ECO,ECO
IF a message containing a key phrase is sent,", THEN turn ons eco mode on the appliance.",FREE,NEUTRAL,ECO,ECO
IF a message containing a key phrase is sent,", THEN turn ons eco mode on the appliance.",FREE,NEUTRAL,ECO,ECO
IF a message containing a key phrase is sent,", THEN turn ons eco mode on the appliance.",FREE,NEUTRAL,ECO,ECO
IF a message containing a key phrase is sent,", THEN starts eco mode on the appliance.",FREE,NEUTRAL,ECO,ECO
IF a message containing a key phrase is sent,", THEN starts eco mode on the appliance.",FREE,NEUTRAL,ECO,ECO
IF a message containing a key phrase is sent,", THEN starts eco mode on the appliance.",FREE,NEUTRAL,ECO,ECO
IF a message containing a key phrase is sent,", THEN starts eco mode on the appliance.",FREE,NEUTRAL,ECO,ECO
IF a message containing a key phrase is sent,", THEN starts eco mode on the appliance.",FREE,NEUTRAL,ECO,ECO
IF a message containing a key phrase is sent,", THEN enables eco mode on the appliance.",FREE,NEUTRAL,ECO,ECO
IF a message containing a key phrase is sent,", THEN enables eco mode on the appliance.",FREE,NEUTRAL,ECO,ECO
IF a message containing a key phrase is sent,", THEN enables eco mode on the appliance.",FREE,NEUTRAL,ECO,ECO
IF a message containing a key phrase is sent,", THEN enables eco mode on the appliance.",FREE,NEUTRAL,ECO,ECO
IF a message containing a key phrase is sent,", THEN enables eco mode on the appliance.",FREE,NEUTRAL,ECO,ECO
IF a message containing a key phrase is sent,", THEN activates eco mode on the appliance.",FREE,NEUTRAL,ECO,ECO
IF a message containing a key phrase is sent,", THEN activates eco mode on the appliance.",FREE,NEUTRAL,ECO,ECO
IF a message containing a key phrase is sent,", THEN activates eco mode on the appliance.",FREE,NEUTRAL,ECO,ECO
IF a message containing a key phrase is sent,", THEN activates eco mode on the appliance.",FREE,NEUTRAL,ECO,ECO
IF a message containing a key phrase is sent,", THEN activates eco mode on the appliance.",FREE,NEUTRAL,ECO,ECO
IF a message containing a key phrase is sent,", THEN the thermostat to the temperature you specify.",FREE,NEUTRAL,ECO,ECO
IF a message containing a key phrase is sent,", THEN the thermostat to the temperature you specify.",FREE,NEUTRAL,ECO,ECO
IF a message containing a key phrase is sent,", THEN the thermostat to the temperature you specify.",FREE,NEUTRAL,ECO,ECO
IF a message containing a key phrase is sent,", THEN the thermostat to the temperature you specify.",FREE,NEUTRAL,ECO,ECO
IF a message containing a key phrase is sent,", THEN the thermostat to the temperature you specify.",FREE,NEUTRAL,ECO,ECO
IF a message containing a key phrase is sent,", THEN turn ons heating at a preferred temperature.",FREE,NEUTRAL,ECO,ECO
IF a message containing a key phrase is sent,", THEN turn ons heating at a preferred temperature.",FREE,NEUTRAL,ECO,ECO
IF a message containing a key phrase is sent,", THEN turn ons heating at a preferred temperature.",FREE,NEUTRAL,ECO,ECO
IF a message containing a key phrase is sent,", THEN turn ons heating at a preferred temperature.",FREE,NEUTRAL,ECO,ECO
IF a message containing a key phrase is sent,", THEN turn ons heating at a preferred temperature.",FREE,NEUTRAL,ECO,ECO
IF a message containing a key phrase is sent,", THEN starts heating at a preferred temperature.",FREE,NEUTRAL,ECO,ECO
IF a message containing a key phrase is sent,", THEN starts heating at a preferred temperature.",FREE,NEUTRAL,ECO,ECO
IF a message containing a key phrase is sent,", THEN starts heating at a preferred temperature.",FREE,NEUTRAL,ECO,ECO
IF a message containing a key phrase is sent,", THEN starts heating at a preferred temperature.",FREE,NEUTRAL,ECO,ECO
IF a message containing a key phrase is sent,", THEN starts heating at a preferred temperature.",FREE,NEUTRAL,ECO,ECO
IF a smart device is switched off,", THEN sets a timed comfort profile hold.",FREE,NEUTRAL,ECO,ECO
IF a smart device is switched off,", THEN sets a timed comfort profile hold.",FREE,NEUTRAL,ECO,ECO
IF a smart device is switched off,", THEN sets a timed comfort profile hold.",FREE,NEUTRAL,ECO,ECO
IF a smart device is switched off,", THEN sets a timed comfort profile hold.",FREE,NEUTRAL,ECO,ECO
IF a smart device is switched off,", THEN sets a timed comfort profile hold.",FREE,NEUTRAL,ECO,ECO
IF a smart device is switched off,", THEN turn ons eco mode on the appliance.",FREE,NEUTRAL,ECO,ECO
IF a smart device is switched off,", THEN turn ons eco mode on the appliance.",FREE,NEUTRAL,ECO,ECO
IF a smart device is switched off,", THEN turn ons eco mode on the appliance.",FREE,NEUTRAL,ECO,ECO
IF a smart device is switched off,", THEN turn ons eco mode on the appliance.",FREE,NEUTRAL,ECO,ECO
IF a smart device is switched off,", THEN turn ons eco mode on the appliance.",FREE,NEUTRAL,ECO,ECO
IF a smart device is switched off,", THEN starts eco mode on the appliance.",FREE,NEUTRAL,ECO,ECO
IF a smart device is switched off,", THEN starts eco mode on the appliance.",FREE,NEUTRAL,ECO,ECO
IF a smart device is switched off,", THEN starts eco mode on the appliance.",FREE,NEUTRAL,ECO,ECO
IF a smart device is switched off,", THEN starts eco mode on the appliance.",FREE,NEUTRAL,ECO,ECO
IF a smart device is switched off,", THEN starts eco mode on the appliance.",FREE,NEUTRAL,ECO,ECO
IF a smart device is switched off,", THEN enables eco mode on the appliance.",FREE,NEUTRAL,ECO,ECO
IF a smart device is switched off,", THEN enables eco mode on the appliance.",FREE,NEUTRAL,ECO,ECO
IF a smart device is switched off,", THEN enables eco mode on the appliance.",FREE,NEUTRAL,ECO,ECO
IF a smart device is switched off,", THEN enables eco mode on the appliance.",FREE,NEUTRAL,ECO,ECO
IF a smart device is switched off,", THEN enables eco mode on the appliance.",FREE,NEUTRAL,ECO,ECO
IF a smart device is switched off,", THEN activates eco mode on the appliance.",FREE,NEUTRAL,ECO,ECO
IF a smart device is switched off,", THEN activates eco mode on the appliance.",FREE,NEUTRAL,ECO,ECO
IF a smart device is switched off,", THEN activates eco mode on the appliance.",FREE,NEUTRAL,ECO,ECO
IF a smart device is switched off,", THEN activates eco mode on the appliance.",FREE,NEUTRAL,ECO,ECO
IF a smart device is switched off,", THEN activates eco mode on the appliance.",FREE,NEUTRAL,ECO,ECO
IF a smart device is switched off,", THEN the thermostat to the temperature you specify.",FREE,NEUTRAL,ECO,ECO
IF a smart device is switched off,", THEN the thermostat to the temperature you specify.",FREE,NEUTRAL,ECO,ECO
IF a smart device is switched off,", THEN the thermostat to the temperature you specify.",FREE,NEUTRAL,ECO,ECO
IF a smart device is switched off,", THEN the thermostat to the temperature you specify.",FREE,NEUTRAL,ECO,ECO
IF a smart device is switched off,", THEN the thermostat to the temperature you specify.",FREE,NEUTRAL,ECO,ECO
IF a smart device is switched off,", THEN turn ons heating at a preferred temperature.",FREE,NEUTRAL,ECO,ECO
IF a smart device is switched off,", THEN turn ons heating at a preferred temperature.",FREE,NEUTRAL,ECO,ECO
IF a smart device is switched off,", THEN turn ons heating at a preferred temperature.",FREE,NEUTRAL,ECO,ECO
IF a smart device is switched off,", THEN turn ons heating at a preferred temperature.",FREE,NEUTRAL,ECO,ECO
IF a smart device is switched off,", THEN turn ons heating at a preferred temperature.",FREE,NEUTRAL,ECO,ECO
IF a smart device is switched off,", THEN starts heating at a preferred temperature.",FREE,NEUTRAL,ECO,ECO
IF a smart device is switched off,", THEN starts heating at a preferred temperature.",FREE,NEUTRAL,ECO,ECO
IF a smart device is switched off,", THEN starts heating at a preferred temperature.",FREE,NEUTRAL,ECO,ECO
IF a smart device is switched off,", THEN starts heating at a preferred temperature.",FREE,NEUTRAL,ECO,ECO
IF a smart device is switched off,", THEN starts heating at a preferred temperature.",FREE,NEUTRAL,ECO,ECO
IF is one of the specific days of the week at a specific time,", THEN turn ons a temperature hold.",FREE,ECO,NEUTRAL,ECO
IF is one of the specific days of the week at a specific time,", THEN turn ons a temperature hold.",FREE,ECO,NEUTRAL,ECO
IF is one of the specific days of the week at a specific time,", THEN turn ons a temperature hold.",FREE,ECO,NEUTRAL,ECO
IF is one of the specific days of the week at a specific time,", THEN turn ons a temperature hold.",FREE,ECO,NEUTRAL,ECO
IF is one of the specific days of the week at a specific time,", THEN turn ons a temperature hold.",FREE,ECO,NEUTRAL,ECO
IF is one of the specific days of the week at a specific time,", THEN temporarily boosts freezer cooling.",FREE,ECO,NEUTRAL,ECO
IF is one of the specific days of the week at a specific time,", THEN temporarily boosts freezer cooling.",FREE,ECO,NEUTRAL,ECO
IF is one of the specific days of the week at a specific time,", THEN temporarily boosts freezer cooling.",FREE,ECO,NEUTRAL,ECO
IF is one of the specific days of the week at a specific time,", THEN temporarily boosts freezer cooling.",FREE,ECO,NEUTRAL,ECO
IF is one of the specific days of the week at a specific time,", THEN temporarily boosts freezer cooling.",FREE,ECO,NEUTRAL,ECO
IF is one of the specific days of the week at a specific time,", THEN sets a comfort profile hold.",FREE,ECO,NEUTRAL,ECO
IF is one of the specific days of the week at a specific time,", THEN sets a comfort profile hold.",FREE,ECO,NEUTRAL,ECO
IF is one of the specific days of the week at a specific time,", THEN sets a comfort profile hold.",FREE,ECO,NEUTRAL,ECO
IF is one of the specific days of the week at a specific time,", THEN sets a comfort profile hold.",FREE,ECO,NEUTRAL,ECO
IF is one of the specific days of the week at a specific time,", THEN sets a comfort profile hold.",FREE,ECO,NEUTRAL,ECO
IF is one of the specific days of the week at a specific time,", THEN turn ons fresh mode on the appliance.",FREE,ECO,NEUTRAL,ECO
IF is one of the specific days of the week at a specific time,", THEN turn ons fresh mode on the appliance.",FREE,ECO,NEUTRAL,ECO
IF is one of the specific days of the week at a specific time,", THEN turn ons fresh mode on the appliance.",FREE,ECO,NEUTRAL,ECO
IF is one of the specific days of the week at a specific time,", THEN turn ons fresh mode on the appliance.",FREE,ECO,NEUTRAL,ECO
IF is one of the specific days of the week at a specific time,", THEN turn ons fresh mode on the appliance.",FREE,ECO,NEUTRAL,ECO
IF is one of the specific days of the week at a specific time,", THEN creates a vacation temperature schedule.",FREE,ECO,NEUTRAL,ECO
IF is one of the specific days of the week at a specific time,", THEN creates a vacation temperature schedule.",FREE,ECO,NEUTRAL,ECO
IF is one of the specific days of the week at a specific time,", THEN creates a vacation temperature schedule.",FREE,ECO,NEUTRAL,ECO
IF is one of the specific days of the week at a specific time,", THEN creates a vacation temperature schedule.",FREE,ECO,NEUTRAL,ECO
IF is one of the specific days of the week at a specific time,", THEN creates a vacation temperature schedule.",FREE,ECO,NEUTRAL,ECO
IF is one of the specific days of the week at a specific time,", THEN decreases room temperature.",FREE,ECO,NEUTRAL,ECO
IF is one of the specific days of the week at a specific time,", THEN decreases room temperature.",FREE,ECO,NEUTRAL,ECO
IF is one of the specific days of the week at a specific time,", THEN decreases room temperature.",FREE,ECO,NEUTRAL,ECO
IF is one of the specific days of the week at a specific time,", THEN decreases room temperature.",FREE,ECO,NEUTRAL,ECO
IF is one of the specific days of the week at a specific time,", THEN decreases room temperature.",FREE,ECO,NEUTRAL,ECO
IF is one of the specific days of the week at a specific time,", THEN configures thermostat fan mode.",FREE,ECO,NEUTRAL,ECO
IF is one of the specific days of the week at a specific time,", THEN configures thermostat fan mode.",FREE,ECO,NEUTRAL,ECO
IF is one of the specific days of the week at a specific time,", THEN configures thermostat fan mode.",FREE,ECO,NEUTRAL,ECO
IF is one of the specific days of the week at a specific time,", THEN configures thermostat fan mode.",FREE,ECO,NEUTRAL,ECO
IF is one of the specific days of the week at a specific time,", THEN configures thermostat fan mode.",FREE,ECO,NEUTRAL,ECO
IF is one of the specific days of the week at a specific time,", THEN sets heating mode to scheduled.",FREE,ECO,NEUTRAL,ECO
IF is one of the specific days of the week at a specific time,", THEN sets heating mode to scheduled.",FREE,ECO,NEUTRAL,ECO
IF is one of the specific days of the week at a specific time,", THEN sets heating mode to scheduled.",FREE,ECO,NEUTRAL,ECO
IF is one of the specific days of the week at a specific time,", THEN sets heating mode to scheduled.",FREE,ECO,NEUTRAL,ECO
IF is one of the specific days of the week at a specific time,", THEN sets heating mode to scheduled.",FREE,ECO,NEUTRAL,ECO
IF is one of the specific days of the week at a specific time,", THEN boosts heating temporarily.",FREE,ECO,NEUTRAL,ECO
IF is one of the specific days of the week at a specific time,", THEN boosts heating temporarily.",FREE,ECO,NEUTRAL,ECO
IF is one of the specific days of the week at a specific time,", THEN boosts heating temporarily.",FREE,ECO,NEUTRAL,ECO
IF is one of the specific days of the week at a specific time,", THEN boosts heating temporarily.",FREE,ECO,NEUTRAL,ECO
IF is one of the specific days of the week at a specific time,", THEN boosts heating temporarily.",FREE,ECO,NEUTRAL,ECO
IF is one of the specific days of the week at a specific time,", THEN turn ons heating.",FREE,ECO,NEUTRAL,ECO
IF is one of the specific days of the week at a specific time,", THEN turn ons heating.",FREE,ECO,NEUTRAL,ECO
IF is one of the specific days of the week at a specific time,", THEN turn ons heating.",FREE,ECO,NEUTRAL,ECO
IF is one of the specific days of the week at a specific time,", THEN turn ons heating.",FREE,ECO,NEUTRAL,ECO
IF is one of the specific days of the week at a specific time,", THEN turn ons heating.",FREE,ECO,NEUTRAL,ECO
IF is one of the specific days of the week at a specific time,", THEN sets the freezer temperature.",FREE,ECO,NEUTRAL,ECO
IF is one of the specific days of the week at a specific time,", THEN sets the freezer temperature.",FREE,ECO,NEUTRAL,ECO
IF is one of the specific days of the week at a specific time,", THEN sets the freezer temperature.",FREE,ECO,NEUTRAL,ECO
IF is one of the specific days of the week at a specific time,", THEN sets the freezer temperature.",FREE,ECO,NEUTRAL,ECO
IF is one of the specific days of the week at a specific time,", THEN sets the freezer temperature.",FREE,ECO,NEUTRAL,ECO
IF is one of the specific days of the week at a specific time,", THEN sets a timed comfort profile hold.",FREE,ECO,ECO,ECO
IF is one of the specific days of the week at a specific time,", THEN sets a timed comfort profile hold.",FREE,ECO,ECO,ECO
IF is one of the specific days of the week at a specific time,", THEN sets a timed comfort profile hold.",FREE,ECO,ECO,ECO
IF is one of the specific days of the week at a specific time,", THEN sets a timed comfort profile hold.",FREE,ECO,ECO,ECO
IF is one of the specific days of the week at a specific time,", THEN sets a timed comfort profile hold.",FREE,ECO,ECO,ECO
IF is one of the specific days of the week at a specific time,", THEN sets cooling mode.",FREE,ECO,NEUTRAL,ECO
IF is one of the specific days of the week at a specific time,", THEN sets cooling mode.",FREE,ECO,NEUTRAL,ECO
IF is one of the specific days of the week at a specific time,", THEN sets cooling mode.",FREE,ECO,NEUTRAL,ECO
IF is one of the specific days of the week at a specific time,", THEN sets cooling mode.",FREE,ECO,NEUTRAL,ECO
IF is one of the specific days of the week at a specific time,", THEN sets cooling mode.",FREE,ECO,NEUTRAL,ECO
IF is one of the specific days of the week at a specific time,", THEN sets home to away mode.",FREE,ECO,NEUTRAL,ECO
IF is one of the specific days of the week at a specific time,", THEN sets home to away mode.",FREE,ECO,NEUTRAL,ECO
IF is one of the specific days of the week at a specific time,", THEN sets home to away mode.",FREE,ECO,NEUTRAL,ECO
IF is one of the specific days of the week at a specific time,", THEN sets home to away mode.",FREE,ECO,NEUTRAL,ECO
IF is one of the specific days of the week at a specific time,", THEN sets home to away mode.",FREE,ECO,NEUTRAL,ECO
IF is one of the specific days of the week at a specific time,", THEN sets the thermostat target temperature.",FREE,ECO,NEUTRAL,ECO
IF is one of the specific days of the week at a specific time,", THEN sets the thermostat target temperature.",FREE,ECO,NEUTRAL,ECO
IF is one of the specific days of the week at a specific time,", THEN sets the thermostat target temperature.",FREE,ECO,NEUTRAL,ECO
IF is one of the specific days of the week at a specific time,", THEN sets the thermostat target temperature.",FREE,ECO,NEUTRAL,ECO
IF is one of the specific days of the week at a specific time,", THEN sets the thermostat target temperature.",FREE,ECO,NEUTRAL,ECO
IF is one of the specific days of the week at a specific time,", THEN enables a temperature hold.",FREE,ECO,NEUTRAL,ECO
IF is one of the specific days of the week at a specific time,", THEN enables a temperature hold.",FREE,ECO,NEUTRAL,ECO
IF is one of the specific days of the week at a specific time,", THEN enables a temperature hold.",FREE,ECO,NEUTRAL,ECO
IF is one of the specific days of the week at a specific time,", THEN enables a temperature hold.",FREE,ECO,NEUTRAL,ECO
IF is one of the specific days of the week at a specific time,", THEN enables a temperature hold.",FREE,ECO,NEUTRAL,ECO
IF is one of the specific days of the week at a specific time,", THEN switches off the electric switch.",FREE,ECO,NEUTRAL,ECO
IF is one of the specific days of the week at a specific time,", THEN switches off the electric switch.",FREE,ECO,NEUTRAL,ECO
IF is one of the specific days of the week at a specific time,", THEN switches off the electric switch.",FREE,ECO,NEUTRAL,ECO
IF is one of the specific days of the week at a specific time,", THEN switches off the electric switch.",FREE,ECO,NEUTRAL,ECO
IF is one of the specific days of the week at a specific time,", THEN switches off the electric switch.",FREE,ECO,NEUTRAL,ECO
IF is one of the specific days of the week at a specific time,", THEN turn ons eco mode on the appliance.",FREE,ECO,ECO,ECO
IF is one of the specific days of the week at a specific time,", THEN turn ons eco mode on the appliance.",FREE,ECO,ECO,ECO
IF is one of the specific days of the week at a specific time,", THEN turn ons eco mode on the appliance.",FREE,ECO,ECO,ECO
IF is one of the specific days of the week at a specific time,", THEN turn ons eco mode on the appliance.",FREE,ECO,ECO,ECO
IF is one of the specific days of the week at a specific time,", THEN turn ons eco mode on the appliance.",FREE,ECO,ECO,ECO
IF is one of the specific days of the week at a specific time,", THEN sets heating mode.",FREE,ECO,NEUTRAL,ECO
IF is one of the specific days of the week at a specific time,", THEN sets heating mode.",FREE,ECO,NEUTRAL,ECO
IF is one of the specific days of the week at a specific time,", THEN sets heating mode.",FREE,ECO,NEUTRAL,ECO
IF is one of the specific days of the week at a specific time,", THEN sets heating mode.",FREE,ECO,NEUTRAL,ECO
IF is one of the specific days of the week at a specific time,", THEN sets heating mode.",FREE,ECO,NEUTRAL,ECO
IF is one of the specific days of the week at a specific time,", THEN sets thermostat group mode.",FREE,ECO,NEUTRAL,ECO
IF is one of the specific days of the week at a specific time,", THEN sets thermostat group mode.",FREE,ECO,NEUTRAL,ECO
IF is one of the specific days of the week at a specific time,", THEN sets thermostat group mode.",FREE,ECO,NEUTRAL,ECO
IF is one of the specific days of the week at a specific time,", THEN sets thermostat group mode.",FREE,ECO,NEUTRAL,ECO
IF is one of the specific days of the week at a specific time,", THEN sets thermostat group mode.",FREE,ECO,NEUTRAL,ECO
IF is one of the specific days of the week at a specific time,", THEN turns on the air conditioner and configures settings.",FREE,ECO,NEUTRAL,ECO
IF is one of the specific days of the week at a specific time,", THEN turns on the air conditioner and configures settings.",FREE,ECO,NEUTRAL,ECO
IF is one of the specific days of the week at a specific time,", THEN turns on the air conditioner and configures settings.",FREE,ECO,NEUTRAL,ECO
IF is one of the specific days of the week at a specific time,", THEN turns on the air conditioner and configures settings.",FREE,ECO,NEUTRAL,ECO
IF is one of the specific days of the week at a specific time,", THEN turns on the air conditioner and configures settings.",FREE,ECO,NEUTRAL,ECO
IF is one of the specific days of the week at a specific time,", THEN restores default heating schedule.",FREE,ECO,NEUTRAL,ECO
IF is one of the specific days of the week at a specific time,", THEN restores default heating schedule.",FREE,ECO,NEUTRAL,ECO
IF is one of the specific days of the week at a specific time,", THEN restores default heating schedule.",FREE,ECO,NEUTRAL,ECO
IF is one of the specific days of the week at a specific time,", THEN restores default heating schedule.",FREE,ECO,NEUTRAL,ECO
IF is one of the specific days of the week at a specific time,", THEN restores default heating schedule.",FREE,ECO,NEUTRAL,ECO
IF is one of the specific days of the week at a specific time,", THEN turns off heating.",FREE,ECO,NEUTRAL,ECO
IF is one of the specific days of the week at a specific time,", THEN turns off heating.",FREE,ECO,NEUTRAL,ECO
IF is one of the specific days of the week at a specific time,", THEN turns off heating.",FREE,ECO,NEUTRAL,ECO
IF is one of the specific days of the week at a specific time,", THEN turns off heating.",FREE,ECO,NEUTRAL,ECO
IF is one of the specific days of the week at a specific time,", THEN turns off heating.",FREE,ECO,NEUTRAL,ECO
IF is one of the specific days of the week at a specific time,", THEN cancels the current thermostat event.",FREE,ECO,NEUTRAL,ECO
IF is one of the specific days of the week at a specific time,", THEN cancels the current thermostat event.",FREE,ECO,NEUTRAL,ECO
IF is one of the specific days of the week at a specific time,", THEN cancels the current thermostat event.",FREE,ECO,NEUTRAL,ECO
IF is one of the specific days of the week at a specific time,", THEN cancels the current thermostat event.",FREE,ECO,NEUTRAL,ECO
IF is one of the specific days of the week at a specific time,", THEN cancels the current thermostat event.",FREE,ECO,NEUTRAL,ECO
IF is one of the specific days of the week at a specific time,", THEN resumes the programmed schedule.",FREE,ECO,NEUTRAL,ECO
IF is one of the specific days of the week at a specific time,", THEN resumes the programmed schedule.",FREE,ECO,NEUTRAL,ECO
IF is one of the specific days of the week at a specific time,", THEN resumes the programmed schedule.",FREE,ECO,NEUTRAL,ECO
IF is one of the specific days of the week at a specific time,", THEN resumes the programmed schedule.",FREE,ECO,NEUTRAL,ECO
IF is one of the specific days of the week at a specific time,", THEN resumes the programmed schedule.",FREE,ECO,NEUTRAL,ECO
IF is one of the specific days of the week at a specific time,", THEN starts heating.",FREE,ECO,NEUTRAL,ECO
IF is one of the specific days of the week at a specific time,", THEN starts heating.",FREE,ECO,NEUTRAL,ECO
IF is one of the specific days of the week at a specific time,", THEN starts heating.",FREE,ECO,NEUTRAL,ECO
IF is one of the specific days of the week at a specific time,", THEN starts heating.",FREE,ECO,NEUTRAL,ECO
IF is one of the specific days of the week at a specific time,", THEN starts heating.",FREE,ECO,NEUTRAL,ECO
IF is one of the specific days of the week at a specific time,", THEN sets the water heater temperature.",FREE,ECO,NEUTRAL,ECO
IF is one of the specific days of the week at a specific time,", THEN sets the water heater temperature.",FREE,ECO,NEUTRAL,ECO
IF is one of the specific days of the week at a specific time,", THEN sets the water heater temperature.",FREE,ECO,NEUTRAL,ECO
IF is one of the specific days of the week at a specific time,", THEN sets the water heater temperature.",FREE,ECO,NEUTRAL,ECO
IF is one of the specific days of the week at a specific time,", THEN sets the water heater temperature.",FREE,ECO,NEUTRAL,ECO
IF is one of the specific days of the week at a specific time,", THEN starts frost protection mode.",FREE,ECO,NEUTRAL,ECO
IF is one of the specific days of the week at a specific time,", THEN starts frost protection mode.",FREE,ECO,NEUTRAL,ECO
IF is one of the specific days of the week at a specific time,", THEN starts frost protection mode.",FREE,ECO,NEUTRAL,ECO
IF is one of the specific days of the week at a specific time,", THEN starts frost protection mode.",FREE,ECO,NEUTRAL,ECO
IF is one of the specific days of the week at a specific time,", THEN starts frost protection mode.",FREE,ECO,NEUTRAL,ECO
IF is one of the specific days of the week at a specific time,", THEN activates a temperature hold.",FREE,ECO,NEUTRAL,ECO
IF is one of the specific days of the week at a specific time,", THEN activates a temperature hold.",FREE,ECO,NEUTRAL,ECO
IF is one of the specific days of the week at a specific time,", THEN activates a temperature hold.",FREE,ECO,NEUTRAL,ECO
IF is one of the specific days of the week at a specific time,", THEN activates a temperature hold.",FREE,ECO,NEUTRAL,ECO
IF is one of the specific days of the week at a specific time,", THEN activates a temperature hold.",FREE,ECO,NEUTRAL,ECO
IF is one of the specific days of the week at a specific time,", THEN activates frost protection mode.",FREE,ECO,NEUTRAL,ECO
IF is one of the specific days of the week at a specific time,", THEN activates frost protection mode.",FREE,ECO,NEUTRAL,ECO
IF is one of the specific days of the week at a specific time,", THEN activates frost protection mode.",FREE,ECO,NEUTRAL,ECO
IF is one of the specific days of the week at a specific time,", THEN activates frost protection mode.",FREE,ECO,NEUTRAL,ECO
IF is one of the specific days of the week at a specific time,", THEN activates frost protection mode.",FREE,ECO,NEUTRAL,ECO
IF is one of the specific days of the week at a specific time,", THEN stop the thermostat.",FREE,ECO,NEUTRAL,ECO
IF is one of the specific days of the week at a specific time,", THEN stop the thermostat.",FREE,ECO,NEUTRAL,ECO
IF is one of the specific days of the week at a specific time,", THEN stop the thermostat.",FREE,ECO,NEUTRAL,ECO
IF is one of the specific days of the week at a specific time,", THEN stop the thermostat.",FREE,ECO,NEUTRAL,ECO
IF is one of the specific days of the week at a specific time,", THEN stop the thermostat.",FREE,ECO,NEUTRAL,ECO
IF is one of the specific days of the week at a specific time,", THEN sets the room temperature.",FREE,ECO,NEUTRAL,ECO
IF is one of the specific days of the week at a specific time,", THEN sets the room temperature.",FREE,ECO,NEUTRAL,ECO
IF is one of the specific days of the week at a specific time,", THEN sets the room temperature.",FREE,ECO,NEUTRAL,ECO
IF is one of the specific days of the week at a specific time,", THEN sets the room temperature.",FREE,ECO,NEUTRAL,ECO
IF is one of the specific days of the week at a specific time,", THEN sets the room temperature.",FREE,ECO,NEUTRAL,ECO
IF is one of the specific days of the week at a specific time,", THEN sets the refrigerator temperature.",FREE,ECO,NEUTRAL,ECO
IF is one of the specific days of the week at a specific time,", THEN sets the refrigerator temperature.",FREE,ECO,NEUTRAL,ECO
IF is one of the specific days of the week at a specific time,", THEN sets the refrigerator temperature.",FREE,ECO,NEUTRAL,ECO
IF is one of the specific days of the week at a specific time,", THEN sets the refrigerator temperature.",FREE,ECO,NEUTRAL,ECO
IF is one of the specific days of the week at a specific time,", THEN sets the refrigerator temperature.",FREE,ECO,NEUTRAL,ECO
IF is one of the specific days of the week at a specific time,", THEN cancels standby mode.",FREE,ECO,NEUTRAL,ECO
IF is one of the specific days of the week at a specific time,", THEN cancels standby mode.",FREE,ECO,NEUTRAL,ECO
IF is one of the specific days of the week at a specific time,", THEN cancels standby mode.",FREE,ECO,NEUTRAL,ECO
IF is one of the specific days of the week at a specific time,", THEN cancels standby mode.",FREE,ECO,NEUTRAL,ECO
IF is one of the specific days of the week at a specific time,", THEN cancels standby mode.",FREE,ECO,NEUTRAL,ECO
IF is one of the specific days of the week at a specific time,", THEN starts eco mode on the appliance.",FREE,ECO,ECO,ECO
IF is one of the specific days of the week at a specific time,", THEN starts eco mode on the appliance.",FREE,ECO,ECO,ECO
IF is one of the specific days of the week at a specific time,", THEN starts eco mode on the appliance.",FREE,ECO,ECO,ECO
IF is one of the specific days of the week at a specific time,", THEN starts eco mode on the appliance.",FREE,ECO,ECO,ECO
IF is one of the specific days of the week at a specific time,", THEN starts eco mode on the appliance.",FREE,ECO,ECO,ECO
IF is one of the specific days of the week at a specific time,", THEN sets the thermostat to manual mode at a fixed temperature.",FREE,ECO,NEUTRAL,ECO
IF is one of the specific days of the week at a specific time,", THEN sets the thermostat to manual mode at a fixed temperature.",FREE,ECO,NEUTRAL,ECO
IF is one of the specific days of the week at a specific time,", THEN sets the thermostat to manual mode at a fixed temperature.",FREE,ECO,NEUTRAL,ECO
IF is one of the specific days of the week at a specific time,", THEN sets the thermostat to manual mode at a fixed temperature.",FREE,ECO,NEUTRAL,ECO
IF is one of the specific days of the week at a specific time,", THEN sets the thermostat to manual mode at a fixed temperature.",FREE,ECO,NEUTRAL,ECO
IF is one of the specific days of the week at a specific time,", THEN sets the temperature on the Heatmiser thermostat.",FREE,ECO,NEUTRAL,ECO
IF is one of the specific days of the week at a specific time,", THEN sets the temperature on the Heatmiser thermostat.",FREE,ECO,NEUTRAL,ECO
IF is one of the specific days of the week at a specific time,", THEN sets the temperature on the Heatmiser thermostat.",FREE,ECO,NEUTRAL,ECO
IF is one of the specific days of the week at a specific time,", THEN sets the temperature on the Heatmiser thermostat.",FREE,ECO,NEUTRAL,ECO
IF is one of the specific days of the week at a specific time,", THEN sets the temperature on the Heatmiser thermostat.",FREE,ECO,NEUTRAL,ECO
IF is one of the specific days of the week at a specific time,", THEN turns on the Aros air conditioner.",FREE,ECO,NEUTRAL,ECO
IF is one of the specific days of the week at a specific time,", THEN turns on the Aros air conditioner.",FREE,ECO,NEUTRAL,ECO
IF is one of the specific days of the week at a specific time,", THEN turns on the Aros air conditioner.",FREE,ECO,NEUTRAL,ECO
IF is one of the specific days of the week at a specific time,", THEN turns on the Aros air conditioner.",FREE,ECO,NEUTRAL,ECO
IF is one of the specific days of the week at a specific time,", THEN turns on the Aros air conditioner.",FREE,ECO,NEUTRAL,ECO
IF is one of the specific days of the week at a specific time,", THEN boosts hot water temporarily.",FREE,ECO,NEUTRAL,ECO
IF is one of the specific days of the week at a specific time,", THEN boosts hot water temporarily.",FREE,ECO,NEUTRAL,ECO
IF is one of the specific days of the week at a specific time,", THEN boosts hot water temporarily.",FREE,ECO,NEUTRAL,ECO
IF is one of the specific days of the week at a specific time,", THEN boosts hot water temporarily.",FREE,ECO,NEUTRAL,ECO
IF is one of the specific days of the week at a specific time,", THEN boosts hot water temporarily.",FREE,ECO,NEUTRAL,ECO
IF is one of the specific days of the week at a specific time,", THEN sets the heating mode.",FREE,ECO,NEUTRAL,ECO
IF is one of the specific days of the week at a specific time,", THEN sets the heating mode.",FREE,ECO,NEUTRAL,ECO
IF is one of the specific days of the week at a specific time,", THEN sets the heating mode.",FREE,ECO,NEUTRAL,ECO
IF is one of the specific days of the week at a specific time,", THEN sets the heating mode.",FREE,ECO,NEUTRAL,ECO
IF is one of the specific days of the week at a specific time,", THEN sets the heating mode.",FREE,ECO,NEUTRAL,ECO
IF is one of the specific days of the week at a specific time,", THEN enables eco mode on the appliance.",FREE,ECO,ECO,ECO
IF is one of the specific days of the week at a specific time,", THEN enables eco mode on the appliance.",FREE,ECO,ECO,ECO
IF is one of the specific days of the week at a specific time,", THEN enables eco mode on the appliance.",FREE,ECO,ECO,ECO
IF is one of the specific days of the week at a specific time,", THEN enables eco mode on the appliance.",FREE,ECO,ECO,ECO
IF is one of the specific days of the week at a specific time,", THEN enables eco mode on the appliance.",FREE,ECO,ECO,ECO
IF is one of the specific days of the week at a specific time,", THEN sets the TRV temperature.",FREE,ECO,NEUTRAL,ECO
IF is one of the specific days of the week at a specific time,", THEN sets the TRV temperature.",FREE,ECO,NEUTRAL,ECO
IF is one of the specific days of the week at a specific time,", THEN sets the TRV temperature.",FREE,ECO,NEUTRAL,ECO
IF is one of the specific days of the week at a specific time,", THEN sets the TRV temperature.",FREE,ECO,NEUTRAL,ECO
IF is one of the specific days of the week at a specific time,", THEN sets the TRV temperature.",FREE,ECO,NEUTRAL,ECO
IF is one of the specific days of the week at a specific time,", THEN increases room temperature.",FREE,ECO,NEUTRAL,ECO
IF is one of the specific days of the week at a specific time,", THEN increases room temperature.",FREE,ECO,NEUTRAL,ECO
IF is one of the specific days of the week at a specific time,", THEN increases room temperature.",FREE,ECO,NEUTRAL,ECO
IF is one of the specific days of the week at a specific time,", THEN increases room temperature.",FREE,ECO,NEUTRAL,ECO
IF is one of the specific days of the week at a specific time,", THEN increases room temperature.",FREE,ECO,NEUTRAL,ECO
IF is one of the specific days of the week at a specific time,", THEN activates eco mode on the appliance.",FREE,ECO,ECO,ECO
IF is one of the specific days of the week at a specific time,", THEN activates eco mode on the appliance.",FREE,ECO,ECO,ECO
IF is one of the specific days of the week at a specific time,", THEN activates eco mode on the appliance.",FREE,ECO,ECO,ECO
IF is one of the specific days of the week at a specific time,", THEN activates eco mode on the appliance.",FREE,ECO,ECO,ECO
IF is one of the specific days of the week at a specific time,", THEN activates eco mode on the appliance.",FREE,ECO,ECO,ECO
IF is one of the specific days of the week at a specific time,", THEN sets the target temperature on the window air conditioner.",FREE,ECO,NEUTRAL,ECO
IF is one of the specific days of the week at a specific time,", THEN sets the target temperature on the window air conditioner.",FREE,ECO,NEUTRAL,ECO
IF is one of the specific days of the week at a specific time,", THEN sets the target temperature on the window air conditioner.",FREE,ECO,NEUTRAL,ECO
IF is one of the specific days of the week at a specific time,", THEN sets the target temperature on the window air conditioner.",FREE,ECO,NEUTRAL,ECO
IF is one of the specific days of the week at a specific time,", THEN sets the target temperature on the window air conditioner.",FREE,ECO,NEUTRAL,ECO
IF is one of the specific days of the week at a specific time,", THEN activates vacation mode.",FREE,ECO,NEUTRAL,ECO
IF is one of the specific days of the week at a specific time,", THEN activates vacation mode.",FREE,ECO,NEUTRAL,ECO
IF is one of the specific days of the week at a specific time,", THEN activates vacation mode.",FREE,ECO,NEUTRAL,ECO
IF is one of the specific days of the week at a specific time,", THEN activates vacation mode.",FREE,ECO,NEUTRAL,ECO
IF is one of the specific days of the week at a specific time,", THEN activates vacation mode.",FREE,ECO,NEUTRAL,ECO
IF is one of the specific days of the week at a specific time,", THEN disable the thermostat.",FREE,ECO,NEUTRAL,ECO
IF is one of the specific days of the week at a specific time,", THEN disable the thermostat.",FREE,ECO,NEUTRAL,ECO
IF is one of the specific days of the week at a specific time,", THEN disable the thermostat.",FREE,ECO,NEUTRAL,ECO
IF is one of the specific days of the week at a specific time,", THEN disable the thermostat.",FREE,ECO,NEUTRAL,ECO
IF is one of the specific days of the week at a specific time,", THEN disable the thermostat.",FREE,ECO,NEUTRAL,ECO
IF is one of the specific days of the week at a specific time,", THEN sets the thermostat temperature.",FREE,ECO,NEUTRAL,ECO
IF is one of the specific days of the week at a specific time,", THEN sets the thermostat temperature.",FREE,ECO,NEUTRAL,ECO
IF is one of the specific days of the week at a specific time,", THEN sets the thermostat temperature.",FREE,ECO,NEUTRAL,ECO
IF is one of the specific days of the week at a specific time,", THEN sets the thermostat temperature.",FREE,ECO,NEUTRAL,ECO
IF is one of the specific days of the week at a specific time,", THEN sets the thermostat temperature.",FREE,ECO,NEUTRAL,ECO
IF is one of the specific days of the week at a specific time,", THEN the thermostat to the temperature you specify.",FREE,ECO,ECO,ECO
IF is one of the specific days of the week at a specific time,", THEN the thermostat to the temperature you specify.",FREE,ECO,ECO,ECO
IF is one of the specific days of the week at a specific time,", THEN the thermostat to the temperature you specify.",FREE,ECO,ECO,ECO
IF is one of the specific days of the week at a specific time,", THEN the thermostat to the temperature you specify.",FREE,ECO,ECO,ECO
IF is one of the specific days of the week at a specific time,", THEN the thermostat to the temperature you specify.",FREE,ECO,ECO,ECO
IF is one of the specific days of the week at a specific time,", THEN enables frost protection mode.",FREE,ECO,NEUTRAL,ECO
IF is one of the specific days of the week at a specific time,", THEN enables frost protection mode.",FREE,ECO,NEUTRAL,ECO
IF is one of the specific days of the week at a specific time,", THEN enables frost protection mode.",FREE,ECO,NEUTRAL,ECO
IF is one of the specific days of the week at a specific time,", THEN enables frost protection mode.",FREE,ECO,NEUTRAL,ECO
IF is one of the specific days of the week at a specific time,", THEN enables frost protection mode.",FREE,ECO,NEUTRAL,ECO
IF is one of the specific days of the week at a specific time,", THEN starts vacation mode.",FREE,ECO,NEUTRAL,ECO
IF is one of the specific days of the week at a specific time,", THEN starts vacation mode.",FREE,ECO,NEUTRAL,ECO
IF is one of the specific days of the week at a specific time,", THEN starts vacation mode.",FREE,ECO,NEUTRAL,ECO
IF is one of the specific days of the week at a specific time,", THEN starts vacation mode.",FREE,ECO,NEUTRAL,ECO
IF is one of the specific days of the week at a specific time,", THEN starts vacation mode.",FREE,ECO,NEUTRAL,ECO
IF is one of the specific days of the week at a specific time,", THEN sets the thermostat mode.",FREE,ECO,NEUTRAL,ECO
IF is one of the specific days of the week at a specific time,", THEN sets the thermostat mode.",FREE,ECO,NEUTRAL,ECO
IF is one of the specific days of the week at a specific time,", THEN sets the thermostat mode.",FREE,ECO,NEUTRAL,ECO
IF is one of the specific days of the week at a specific time,", THEN sets the thermostat mode.",FREE,ECO,NEUTRAL,ECO
IF is one of the specific days of the week at a specific time,", THEN sets the thermostat mode.",FREE,ECO,NEUTRAL,ECO
IF is one of the specific days of the week at a specific time,", THEN turn ons heating at a preferred temperature.",FREE,ECO,ECO,ECO
IF is one of the specific days of the week at a specific time,", THEN turn ons heating at a preferred temperature.",FREE,ECO,ECO,ECO
IF is one of the specific days of the week at a specific time,", THEN turn ons heating at a preferred temperature.",FREE,ECO,ECO,ECO
IF is one of the specific days of the week at a specific time,", THEN turn ons heating at a preferred temperature.",FREE,ECO,ECO,ECO
IF is one of the specific days of the week at a specific time,", THEN turn ons heating at a preferred temperature.",FREE,ECO,ECO,ECO
IF is one of the specific days of the week at a specific time,", THEN turns heating mode off.",FREE,ECO,NEUTRAL,ECO
IF is one of the specific days of the week at a specific time,", THEN turns heating mode off.",FREE,ECO,NEUTRAL,ECO
IF is one of the specific days of the week at a specific time,", THEN turns heating mode off.",FREE,ECO,NEUTRAL,ECO
IF is one of the specific days of the week at a specific time,", THEN turns heating mode off.",FREE,ECO,NEUTRAL,ECO
IF is one of the specific days of the week at a specific time,", THEN turns heating mode off.",FREE,ECO,NEUTRAL,ECO
IF is one of the specific days of the week at a specific time,", THEN starts heating at a preferred temperature.",FREE,ECO,ECO,ECO
IF is one of the specific days of the week at a specific time,", THEN starts heating at a preferred temperature.",FREE,ECO,ECO,ECO
IF is one of the specific days of the week at a specific time,", THEN starts heating at a preferred temperature.",FREE,ECO,ECO,ECO
IF is one of the specific days of the week at a specific time,", THEN starts heating at a preferred temperature.",FREE,ECO,ECO,ECO
IF is one of the specific days of the week at a specific time,", THEN starts heating at a preferred temperature.",FREE,ECO,ECO,ECO
IF is one of the specific days of the week at a specific time,", THEN turn ons frost protection mode.",FREE,ECO,NEUTRAL,ECO
IF is one of the specific days of the week at a specific time,", THEN turn ons frost protection mode.",FREE,ECO,NEUTRAL,ECO
IF is one of the specific days of the week at a specific time,", THEN turn ons frost protection mode.",FREE,ECO,NEUTRAL,ECO
IF is one of the specific days of the week at a specific time,", THEN turn ons frost protection mode.",FREE,ECO,NEUTRAL,ECO
IF is one of the specific days of the week at a specific time,", THEN turn ons frost protection mode.",FREE,ECO,NEUTRAL,ECO
IF is one of the specific days of the week at a specific time,", THEN turn off the thermostat.",FREE,ECO,NEUTRAL,ECO
IF is one of the specific days of the week at a specific time,", THEN turn off the thermostat.",FREE,ECO,NEUTRAL,ECO
IF is one of the specific days of the week at a specific time,", THEN turn off the thermostat.",FREE,ECO,NEUTRAL,ECO
IF is one of the specific days of the week at a specific time,", THEN turn off the thermostat.",FREE,ECO,NEUTRAL,ECO
IF is one of the specific days of the week at a specific time,", THEN turn off the thermostat.",FREE,ECO,NEUTRAL,ECO
IF is one of the specific days of the week at a specific time,", THEN activates fresh mode on the appliance.",FREE,ECO,NEUTRAL,ECO
IF is one of the specific days of the week at a specific time,", THEN activates fresh mode on the appliance.",FREE,ECO,NEUTRAL,ECO
IF is one of the specific days of the week at a specific time,", THEN activates fresh mode on the appliance.",FREE,ECO,NEUTRAL,ECO
IF is one of the specific days of the week at a specific time,", THEN activates fresh mode on the appliance.",FREE,ECO,NEUTRAL,ECO
IF is one of the specific days of the week at a specific time,", THEN activates fresh mode on the appliance.",FREE,ECO,NEUTRAL,ECO
IF is one of the specific days of the week at a specific time,", THEN updates the thermostat schedule.",FREE,ECO,NEUTRAL,ECO
IF is one of the specific days of the week at a specific time,", THEN updates the thermostat schedule.",FREE,ECO,NEUTRAL,ECO
IF is one of the specific days of the week at a specific time,", THEN updates the thermostat schedule.",FREE,ECO,NEUTRAL,ECO
IF is one of the specific days of the week at a specific time,", THEN updates the thermostat schedule.",FREE,ECO,NEUTRAL,ECO
IF is one of the specific days of the week at a specific time,", THEN updates the thermostat schedule.",FREE,ECO,NEUTRAL,ECO
IF is one of the specific days of the week at a specific time,", THEN turns on the air conditioner.",FREE,ECO,NEUTRAL,ECO
IF is one of the specific days of the week at a specific time,", THEN turns on the air conditioner.",FREE,ECO,NEUTRAL,ECO
IF is one of the specific days of the week at a specific time,", THEN turns on the air conditioner.",FREE,ECO,NEUTRAL,ECO
IF is one of the specific days of the week at a specific time,", THEN turns on the air conditioner.",FREE,ECO,NEUTRAL,ECO
IF is one of the specific days of the week at a specific time,", THEN turns on the air conditioner.",FREE,ECO,NEUTRAL,ECO
IF is one of the specific days of the week at a specific time,", THEN activates standby mode.",FREE,ECO,NEUTRAL,ECO
IF is one of the specific days of the week at a specific time,", THEN activates standby mode.",FREE,ECO,NEUTRAL,ECO
IF is one of the specific days of the week at a specific time,", THEN activates standby mode.",FREE,ECO,NEUTRAL,ECO
IF is one of the specific days of the week at a specific time,", THEN activates standby mode.",FREE,ECO,NEUTRAL,ECO
IF is one of the specific days of the week at a specific time,", THEN activates standby mode.",FREE,ECO,NEUTRAL,ECO
IF is one of the specific days of the week at a specific time,", THEN temporarily boosts refrigerator cooling.",FREE,ECO,NEUTRAL,ECO
IF is one of the specific days of the week at a specific time,", THEN temporarily boosts refrigerator cooling.",FREE,ECO,NEUTRAL,ECO
IF is one of the specific days of the week at a specific time,", THEN temporarily boosts refrigerator cooling.",FREE,ECO,NEUTRAL,ECO
IF is one of the specific days of the week at a specific time,", THEN temporarily boosts refrigerator cooling.",FREE,ECO,NEUTRAL,ECO
IF is one of the specific days of the week at a specific time,", THEN temporarily boosts refrigerator cooling.",FREE,ECO,NEUTRAL,ECO
IF a routine is activated,", THEN sets a timed comfort profile hold.",FREE,NEUTRAL,ECO,ECO
IF a routine is activated,", THEN sets a timed comfort profile hold.",FREE,NEUTRAL,ECO,ECO
IF a routine is activated,", THEN sets a timed comfort profile hold.",FREE,NEUTRAL,ECO,ECO
IF a routine is activated,", THEN sets a timed comfort profile hold.",FREE,NEUTRAL,ECO,ECO
IF a routine is activated,", THEN sets a timed comfort profile hold.",FREE,NEUTRAL,ECO,ECO
IF a routine is activated,", THEN turn ons eco mode on the appliance.",FREE,NEUTRAL,ECO,ECO
IF a routine is activated,", THEN turn ons eco mode on the appliance.",FREE,NEUTRAL,ECO,ECO
IF a routine is activated,", THEN turn ons eco mode on the appliance.",FREE,NEUTRAL,ECO,ECO
IF a routine is activated,", THEN turn ons eco mode on the appliance.",FREE,NEUTRAL,ECO,ECO
IF a routine is activated,", THEN turn ons eco mode on the appliance.",FREE,NEUTRAL,ECO,ECO
IF a routine is activated,", THEN starts eco mode on the appliance.",FREE,NEUTRAL,ECO,ECO
IF a routine is activated,", THEN starts eco mode on the appliance.",FREE,NEUTRAL,ECO,ECO
IF a routine is activated,", THEN starts eco mode on the appliance.",FREE,NEUTRAL,ECO,ECO
IF a routine is activated,", THEN starts eco mode on the appliance.",FREE,NEUTRAL,ECO,ECO
IF a routine is activated,", THEN starts eco mode on the appliance.",FREE,NEUTRAL,ECO,ECO
IF a routine is activated,", THEN enables eco mode on the appliance.",FREE,NEUTRAL,ECO,ECO
IF a routine is activated,", THEN enables eco mode on the appliance.",FREE,NEUTRAL,ECO,ECO
IF a routine is activated,", THEN enables eco mode on the appliance.",FREE,NEUTRAL,ECO,ECO
IF a routine is activated,", THEN enables eco mode on the appliance.",FREE,NEUTRAL,ECO,ECO
IF a routine is activated,", THEN enables eco mode on the appliance.",FREE,NEUTRAL,ECO,ECO
IF a routine is activated,", THEN activates eco mode on the appliance.",FREE,NEUTRAL,ECO,ECO
IF a routine is activated,", THEN activates eco mode on the appliance.",FREE,NEUTRAL,ECO,ECO
IF a routine is activated,", THEN activates eco mode on the appliance.",FREE,NEUTRAL,ECO,ECO
IF a routine is activated,", THEN activates eco mode on the appliance.",FREE,NEUTRAL,ECO,ECO
IF a routine is activated,", THEN activates eco mode on the appliance.",FREE,NEUTRAL,ECO,ECO
IF a routine is activated,", THEN the thermostat to the temperature you specify.",FREE,NEUTRAL,ECO,ECO
IF a routine is activated,", THEN the thermostat to the temperature you specify.",FREE,NEUTRAL,ECO,ECO
IF a routine is activated,", THEN the thermostat to the temperature you specify.",FREE,NEUTRAL,ECO,ECO
IF a routine is activated,", THEN the thermostat to the temperature you specify.",FREE,NEUTRAL,ECO,ECO
IF a routine is activated,", THEN the thermostat to the temperature you specify.",FREE,NEUTRAL,ECO,ECO
IF a routine is activated,", THEN turn ons heating at a preferred temperature.",FREE,NEUTRAL,ECO,ECO
IF a routine is activated,", THEN turn ons heating at a preferred temperature.",FREE,NEUTRAL,ECO,ECO
IF a routine is activated,", THEN turn ons heating at a preferred temperature.",FREE,NEUTRAL,ECO,ECO
IF a routine is activated,", THEN turn ons heating at a preferred temperature.",FREE,NEUTRAL,ECO,ECO
IF a routine is activated,", THEN turn ons heating at a preferred temperature.",FREE,NEUTRAL,ECO,ECO
IF a routine is activated,", THEN starts heating at a preferred temperature.",FREE,NEUTRAL,ECO,ECO
IF a routine is activated,", THEN starts heating at a preferred temperature.",FREE,NEUTRAL,ECO,ECO
IF a routine is activated,", THEN starts heating at a preferred temperature.",FREE,NEUTRAL,ECO,ECO
IF a routine is activated,", THEN starts heating at a preferred temperature.",FREE,NEUTRAL,ECO,ECO
IF a routine is activated,", THEN starts heating at a preferred temperature.",FREE,NEUTRAL,ECO,ECO
IF is one of the specific days of the week at a chosen time,", THEN turn ons a temperature hold.",FREE,ECO,NEUTRAL,ECO
IF is one of the specific days of the week at a chosen time,", THEN turn ons a temperature hold.",FREE,ECO,NEUTRAL,ECO
IF is one of the specific days of the week at a chosen time,", THEN turn ons a temperature hold.",FREE,ECO,NEUTRAL,ECO
IF is one of the specific days of the week at a chosen time,", THEN turn ons a temperature hold.",FREE,ECO,NEUTRAL,ECO
IF is one of the specific days of the week at a chosen time,", THEN turn ons a temperature hold.",FREE,ECO,NEUTRAL,ECO
IF is one of the specific days of the week at a chosen time,", THEN temporarily boosts freezer cooling.",FREE,ECO,NEUTRAL,ECO
IF is one of the specific days of the week at a chosen time,", THEN temporarily boosts freezer cooling.",FREE,ECO,NEUTRAL,ECO
IF is one of the specific days of the week at a chosen time,", THEN temporarily boosts freezer cooling.",FREE,ECO,NEUTRAL,ECO
IF is one of the specific days of the week at a chosen time,", THEN temporarily boosts freezer cooling.",FREE,ECO,NEUTRAL,ECO
IF is one of the specific days of the week at a chosen time,", THEN temporarily boosts freezer cooling.",FREE,ECO,NEUTRAL,ECO
IF is one of the specific days of the week at a chosen time,", THEN sets a comfort profile hold.",FREE,ECO,NEUTRAL,ECO
IF is one of the specific days of the week at a chosen time,", THEN sets a comfort profile hold.",FREE,ECO,NEUTRAL,ECO
IF is one of the specific days of the week at a chosen time,", THEN sets a comfort profile hold.",FREE,ECO,NEUTRAL,ECO
IF is one of the specific days of the week at a chosen time,", THEN sets a comfort profile hold.",FREE,ECO,NEUTRAL,ECO
IF is one of the specific days of the week at a chosen time,", THEN sets a comfort profile hold.",FREE,ECO,NEUTRAL,ECO
IF is one of the specific days of the week at a chosen time,", THEN turn ons fresh mode on the appliance.",FREE,ECO,NEUTRAL,ECO
IF is one of the specific days of the week at a chosen time,", THEN turn ons fresh mode on the appliance.",FREE,ECO,NEUTRAL,ECO
IF is one of the specific days of the week at a chosen time,", THEN turn ons fresh mode on the appliance.",FREE,ECO,NEUTRAL,ECO
IF is one of the specific days of the week at a chosen time,", THEN turn ons fresh mode on the appliance.",FREE,ECO,NEUTRAL,ECO
IF is one of the specific days of the week at a chosen time,", THEN turn ons fresh mode on the appliance.",FREE,ECO,NEUTRAL,ECO
IF is one of the specific days of the week at a chosen time,", THEN creates a vacation temperature schedule.",FREE,ECO,NEUTRAL,ECO
IF is one of the specific days of the week at a chosen time,", THEN creates a vacation temperature schedule.",FREE,ECO,NEUTRAL,ECO
IF is one of the specific days of the week at a chosen time,", THEN creates a vacation temperature schedule.",FREE,ECO,NEUTRAL,ECO
IF is one of the specific days of the week at a chosen time,", THEN creates a vacation temperature schedule.",FREE,ECO,NEUTRAL,ECO
IF is one of the specific days of the week at a chosen time,", THEN creates a vacation temperature schedule.",FREE,ECO,NEUTRAL,ECO
IF is one of the specific days of the week at a chosen time,", THEN decreases room temperature.",FREE,ECO,NEUTRAL,ECO
IF is one of the specific days of the week at a chosen time,", THEN decreases room temperature.",FREE,ECO,NEUTRAL,ECO
IF is one of the specific days of the week at a chosen time,", THEN decreases room temperature.",FREE,ECO,NEUTRAL,ECO
IF is one of the specific days of the week at a chosen time,", THEN decreases room temperature.",FREE,ECO,NEUTRAL,ECO
IF is one of the specific days of the week at a chosen time,", THEN decreases room temperature.",FREE,ECO,NEUTRAL,ECO
IF is one of the specific days of the week at a chosen time,", THEN configures thermostat fan mode.",FREE,ECO,NEUTRAL,ECO
IF is one of the specific days of the week at a chosen time,", THEN configures thermostat fan mode.",FREE,ECO,NEUTRAL,ECO
IF is one of the specific days of the week at a chosen time,", THEN configures thermostat fan mode.",FREE,ECO,NEUTRAL,ECO
IF is one of the specific days of the week at a chosen time,", THEN configures thermostat fan mode.",FREE,ECO,NEUTRAL,ECO
IF is one of the specific days of the week at a chosen time,", THEN configures thermostat fan mode.",FREE,ECO,NEUTRAL,ECO
IF is one of the specific days of the week at a chosen time,", THEN sets heating mode to scheduled.",FREE,ECO,NEUTRAL,ECO
IF is one of the specific days of the week at a chosen time,", THEN sets heating mode to scheduled.",FREE,ECO,NEUTRAL,ECO
IF is one of the specific days of the week at a chosen time,", THEN sets heating mode to scheduled.",FREE,ECO,NEUTRAL,ECO
IF is one of the specific days of the week at a chosen time,", THEN sets heating mode to scheduled.",FREE,ECO,NEUTRAL,ECO
IF is one of the specific days of the week at a chosen time,", THEN sets heating mode to scheduled.",FREE,ECO,NEUTRAL,ECO
IF is one of the specific days of the week at a chosen time,", THEN boosts heating temporarily.",FREE,ECO,NEUTRAL,ECO
IF is one of the specific days of the week at a chosen time,", THEN boosts heating temporarily.",FREE,ECO,NEUTRAL,ECO
IF is one of the specific days of the week at a chosen time,", THEN boosts heating temporarily.",FREE,ECO,NEUTRAL,ECO
IF is one of the specific days of the week at a chosen time,", THEN boosts heating temporarily.",FREE,ECO,NEUTRAL,ECO
IF is one of the specific days of the week at a chosen time,", THEN boosts heating temporarily.",FREE,ECO,NEUTRAL,ECO
IF is one of the specific days of the week at a chosen time,", THEN turn ons heating.",FREE,ECO,NEUTRAL,ECO
IF is one of the specific days of the week at a chosen time,", THEN turn ons heating.",FREE,ECO,NEUTRAL,ECO
IF is one of the specific days of the week at a chosen time,", THEN turn ons heating.",FREE,ECO,NEUTRAL,ECO
IF is one of the specific days of the week at a chosen time,", THEN turn ons heating.",FREE,ECO,NEUTRAL,ECO
IF is one of the specific days of the week at a chosen time,", THEN turn ons heating.",FREE,ECO,NEUTRAL,ECO
IF is one of the specific days of the week at a chosen time,", THEN sets the freezer temperature.",FREE,ECO,NEUTRAL,ECO
IF is one of the specific days of the week at a chosen time,", THEN sets the freezer temperature.",FREE,ECO,NEUTRAL,ECO
IF is one of the specific days of the week at a chosen time,", THEN sets the freezer temperature.",FREE,ECO,NEUTRAL,ECO
IF is one of the specific days of the week at a chosen time,", THEN sets the freezer temperature.",FREE,ECO,NEUTRAL,ECO
IF is one of the specific days of the week at a chosen time,", THEN sets the freezer temperature.",FREE,ECO,NEUTRAL,ECO
IF is one of the specific days of the week at a chosen time,", THEN sets a timed comfort profile hold.",FREE,ECO,ECO,ECO
IF is one of the specific days of the week at a chosen time,", THEN sets a timed comfort profile hold.",FREE,ECO,ECO,ECO
IF is one of the specific days of the week at a chosen time,", THEN sets a timed comfort profile hold.",FREE,ECO,ECO,ECO
IF is one of the specific days of the week at a chosen time,", THEN sets a timed comfort profile hold.",FREE,ECO,ECO,ECO
IF is one of the specific days of the week at a chosen time,", THEN sets a timed comfort profile hold.",FREE,ECO,ECO,ECO
IF is one of the specific days of the week at a chosen time,", THEN sets cooling mode.",FREE,ECO,NEUTRAL,ECO
IF is one of the specific days of the week at a chosen time,", THEN sets cooling mode.",FREE,ECO,NEUTRAL,ECO
IF is one of the specific days of the week at a chosen time,", THEN sets cooling mode.",FREE,ECO,NEUTRAL,ECO
IF is one of the specific days of the week at a chosen time,", THEN sets cooling mode.",FREE,ECO,NEUTRAL,ECO
IF is one of the specific days of the week at a chosen time,", THEN sets cooling mode.",FREE,ECO,NEUTRAL,ECO
IF is one of the specific days of the week at a chosen time,", THEN sets home to away mode.",FREE,ECO,NEUTRAL,ECO
IF is one of the specific days of the week at a chosen time,", THEN sets home to away mode.",FREE,ECO,NEUTRAL,ECO
IF is one of the specific days of the week at a chosen time,", THEN sets home to away mode.",FREE,ECO,NEUTRAL,ECO
IF is one of the specific days of the week at a chosen time,", THEN sets home to away mode.",FREE,ECO,NEUTRAL,ECO
IF is one of the specific days of the week at a chosen time,", THEN sets home to away mode.",FREE,ECO,NEUTRAL,ECO
IF is one of the specific days of the week at a chosen time,", THEN sets the thermostat target temperature.",FREE,ECO,NEUTRAL,ECO
IF is one of the specific days of the week at a chosen time,", THEN sets the thermostat target temperature.",FREE,ECO,NEUTRAL,ECO
IF is one of the specific days of the week at a chosen time,", THEN sets the thermostat target temperature.",FREE,ECO,NEUTRAL,ECO
IF is one of the specific days of the week at a chosen time,", THEN sets the thermostat target temperature.",FREE,ECO,NEUTRAL,ECO
IF is one of the specific days of the week at a chosen time,", THEN sets the thermostat target temperature.",FREE,ECO,NEUTRAL,ECO
IF is one of the specific days of the week at a chosen time,", THEN enables a temperature hold.",FREE,ECO,NEUTRAL,ECO
IF is one of the specific days of the week at a chosen time,", THEN enables a temperature hold.",FREE,ECO,NEUTRAL,ECO
IF is one of the specific days of the week at a chosen time,", THEN enables a temperature hold.",FREE,ECO,NEUTRAL,ECO
IF is one of the specific days of the week at a chosen time,", THEN enables a temperature hold.",FREE,ECO,NEUTRAL,ECO
IF is one of the specific days of the week at a chosen time,", THEN enables a temperature hold.",FREE,ECO,NEUTRAL,ECO
IF is one of the specific days of the week at a chosen time,", THEN switches off the electric switch.",FREE,ECO,NEUTRAL,ECO
IF is one of the specific days of the week at a chosen time,", THEN switches off the electric switch.",FREE,ECO,NEUTRAL,ECO
IF is one of the specific days of the week at a chosen time,", THEN switches off the electric switch.",FREE,ECO,NEUTRAL,ECO
IF is one of the specific days of the week at a chosen time,", THEN switches off the electric switch.",FREE,ECO,NEUTRAL,ECO
IF is one of the specific days of the week at a chosen time,", THEN switches off the electric switch.",FREE,ECO,NEUTRAL,ECO
IF is one of the specific days of the week at a chosen time,", THEN turn ons eco mode on the appliance.",FREE,ECO,ECO,ECO
IF is one of the specific days of the week at a chosen time,", THEN turn ons eco mode on the appliance.",FREE,ECO,ECO,ECO
IF is one of the specific days of the week at a chosen time,", THEN turn ons eco mode on the appliance.",FREE,ECO,ECO,ECO
IF is one of the specific days of the week at a chosen time,", THEN turn ons eco mode on the appliance.",FREE,ECO,ECO,ECO
IF is one of the specific days of the week at a chosen time,", THEN turn ons eco mode on the appliance.",FREE,ECO,ECO,ECO
IF is one of the specific days of the week at a chosen time,", THEN sets heating mode.",FREE,ECO,NEUTRAL,ECO
IF is one of the specific days of the week at a chosen time,", THEN sets heating mode.",FREE,ECO,NEUTRAL,ECO
IF is one of the specific days of the week at a chosen time,", THEN sets heating mode.",FREE,ECO,NEUTRAL,ECO
IF is one of the specific days of the week at a chosen time,", THEN sets heating mode.",FREE,ECO,NEUTRAL,ECO
IF is one of the specific days of the week at a chosen time,", THEN sets heating mode.",FREE,ECO,NEUTRAL,ECO
IF is one of the specific days of the week at a chosen time,", THEN sets thermostat group mode.",FREE,ECO,NEUTRAL,ECO
IF is one of the specific days of the week at a chosen time,", THEN sets thermostat group mode.",FREE,ECO,NEUTRAL,ECO
IF is one of the specific days of the week at a chosen time,", THEN sets thermostat group mode.",FREE,ECO,NEUTRAL,ECO
IF is one of the specific days of the week at a chosen time,", THEN sets thermostat group mode.",FREE,ECO,NEUTRAL,ECO
IF is one of the specific days of the week at a chosen time,", THEN sets thermostat group mode.",FREE,ECO,NEUTRAL,ECO
IF is one of the specific days of the week at a chosen time,", THEN turns on the air conditioner and configures settings.",FREE,ECO,NEUTRAL,ECO
IF is one of the specific days of the week at a chosen time,", THEN turns on the air conditioner and configures settings.",FREE,ECO,NEUTRAL,ECO
IF is one of the specific days of the week at a chosen time,", THEN turns on the air conditioner and configures settings.",FREE,ECO,NEUTRAL,ECO
IF is one of the specific days of the week at a chosen time,", THEN turns on the air conditioner and configures settings.",FREE,ECO,NEUTRAL,ECO
IF is one of the specific days of the week at a chosen time,", THEN turns on the air conditioner and configures settings.",FREE,ECO,NEUTRAL,ECO
IF is one of the specific days of the week at a chosen time,", THEN restores default heating schedule.",FREE,ECO,NEUTRAL,ECO
IF is one of the specific days of the week at a chosen time,", THEN restores default heating schedule.",FREE,ECO,NEUTRAL,ECO
IF is one of the specific days of the week at a chosen time,", THEN restores default heating schedule.",FREE,ECO,NEUTRAL,ECO
IF is one of the specific days of the week at a chosen time,", THEN restores default heating schedule.",FREE,ECO,NEUTRAL,ECO
IF is one of the specific days of the week at a chosen time,", THEN restores default heating schedule.",FREE,ECO,NEUTRAL,ECO
IF is one of the specific days of the week at a chosen time,", THEN turns off heating.",FREE,ECO,NEUTRAL,ECO
IF is one of the specific days of the week at a chosen time,", THEN turns off heating.",FREE,ECO,NEUTRAL,ECO
IF is one of the specific days of the week at a chosen time,", THEN turns off heating.",FREE,ECO,NEUTRAL,ECO
IF is one of the specific days of the week at a chosen time,", THEN turns off heating.",FREE,ECO,NEUTRAL,ECO
IF is one of the specific days of the week at a chosen time,", THEN turns off heating.",FREE,ECO,NEUTRAL,ECO
IF is one of the specific days of the week at a chosen time,", THEN cancels the current thermostat event.",FREE,ECO,NEUTRAL,ECO
IF is one of the specific days of the week at a chosen time,", THEN cancels the current thermostat event.",FREE,ECO,NEUTRAL,ECO
IF is one of the specific days of the week at a chosen time,", THEN cancels the current thermostat event.",FREE,ECO,NEUTRAL,ECO
IF is one of the specific days of the week at a chosen time,", THEN cancels the current thermostat event.",FREE,ECO,NEUTRAL,ECO
IF is one of the specific days of the week at a chosen time,", THEN cancels the current thermostat event.",FREE,ECO,NEUTRAL,ECO
IF is one of the specific days of the week at a chosen time,", THEN resumes the programmed schedule.",FREE,ECO,NEUTRAL,ECO
IF is one of the specific days of the week at a chosen time,", THEN resumes the programmed schedule.",FREE,ECO,NEUTRAL,ECO
IF is one of the specific days of the week at a chosen time,", THEN resumes the programmed schedule.",FREE,ECO,NEUTRAL,ECO
IF is one of the specific days of the week at a chosen time,", THEN resumes the programmed schedule.",FREE,ECO,NEUTRAL,ECO
IF is one of the specific days of the week at a chosen time,", THEN resumes the programmed schedule.",FREE,ECO,NEUTRAL,ECO
IF is one of the specific days of the week at a chosen time,", THEN starts heating.",FREE,ECO,NEUTRAL,ECO
IF is one of the specific days of the week at a chosen time,", THEN starts heating.",FREE,ECO,NEUTRAL,ECO
IF is one of the specific days of the week at a chosen time,", THEN starts heating.",FREE,ECO,NEUTRAL,ECO
IF is one of the specific days of the week at a chosen time,", THEN starts heating.",FREE,ECO,NEUTRAL,ECO
IF is one of the specific days of the week at a chosen time,", THEN starts heating.",FREE,ECO,NEUTRAL,ECO
IF is one of the specific days of the week at a chosen time,", THEN sets the water heater temperature.",FREE,ECO,NEUTRAL,ECO
IF is one of the specific days of the week at a chosen time,", THEN sets the water heater temperature.",FREE,ECO,NEUTRAL,ECO
IF is one of the specific days of the week at a chosen time,", THEN sets the water heater temperature.",FREE,ECO,NEUTRAL,ECO
IF is one of the specific days of the week at a chosen time,", THEN sets the water heater temperature.",FREE,ECO,NEUTRAL,ECO
IF is one of the specific days of the week at a chosen time,", THEN sets the water heater temperature.",FREE,ECO,NEUTRAL,ECO
IF is one of the specific days of the week at a chosen time,", THEN starts frost protection mode.",FREE,ECO,NEUTRAL,ECO
IF is one of the specific days of the week at a chosen time,", THEN starts frost protection mode.",FREE,ECO,NEUTRAL,ECO
IF is one of the specific days of the week at a chosen time,", THEN starts frost protection mode.",FREE,ECO,NEUTRAL,ECO
IF is one of the specific days of the week at a chosen time,", THEN starts frost protection mode.",FREE,ECO,NEUTRAL,ECO
IF is one of the specific days of the week at a chosen time,", THEN starts frost protection mode.",FREE,ECO,NEUTRAL,ECO
IF is one of the specific days of the week at a chosen time,", THEN activates a temperature hold.",FREE,ECO,NEUTRAL,ECO
IF is one of the specific days of the week at a chosen time,", THEN activates a temperature hold.",FREE,ECO,NEUTRAL,ECO
IF is one of the specific days of the week at a chosen time,", THEN activates a temperature hold.",FREE,ECO,NEUTRAL,ECO
IF is one of the specific days of the week at a chosen time,", THEN activates a temperature hold.",FREE,ECO,NEUTRAL,ECO
IF is one of the specific days of the week at a chosen time,", THEN activates a temperature hold.",FREE,ECO,NEUTRAL,ECO
IF is one of the specific days of the week at a chosen time,", THEN activates frost protection mode.",FREE,ECO,NEUTRAL,ECO
IF is one of the specific days of the week at a chosen time,", THEN activates frost protection mode.",FREE,ECO,NEUTRAL,ECO
IF is one of the specific days of the week at a chosen time,", THEN activates frost protection mode.",FREE,ECO,NEUTRAL,ECO
IF is one of the specific days of the week at a chosen time,", THEN activates frost protection mode.",FREE,ECO,NEUTRAL,ECO
IF is one of the specific days of the week at a chosen time,", THEN activates frost protection mode.",FREE,ECO,NEUTRAL,ECO
IF is one of the specific days of the week at a chosen time,", THEN stop the thermostat.",FREE,ECO,NEUTRAL,ECO
IF is one of the specific days of the week at a chosen time,", THEN stop the thermostat.",FREE,ECO,NEUTRAL,ECO
IF is one of the specific days of the week at a chosen time,", THEN stop the thermostat.",FREE,ECO,NEUTRAL,ECO
IF is one of the specific days of the week at a chosen time,", THEN stop the thermostat.",FREE,ECO,NEUTRAL,ECO
IF is one of the specific days of the week at a chosen time,", THEN stop the thermostat.",FREE,ECO,NEUTRAL,ECO
IF is one of the specific days of the week at a chosen time,", THEN sets the room temperature.",FREE,ECO,NEUTRAL,ECO
IF is one of the specific days of the week at a chosen time,", THEN sets the room temperature.",FREE,ECO,NEUTRAL,ECO
IF is one of the specific days of the week at a chosen time,", THEN sets the room temperature.",FREE,ECO,NEUTRAL,ECO
IF is one of the specific days of the week at a chosen time,", THEN sets the room temperature.",FREE,ECO,NEUTRAL,ECO
IF is one of the specific days of the week at a chosen time,", THEN sets the room temperature.",FREE,ECO,NEUTRAL,ECO
IF is one of the specific days of the week at a chosen time,", THEN sets the refrigerator temperature.",FREE,ECO,NEUTRAL,ECO
IF is one of the specific days of the week at a chosen time,", THEN sets the refrigerator temperature.",FREE,ECO,NEUTRAL,ECO
IF is one of the specific days of the week at a chosen time,", THEN sets the refrigerator temperature.",FREE,ECO,NEUTRAL,ECO
IF is one of the specific days of the week at a chosen time,", THEN sets the refrigerator temperature.",FREE,ECO,NEUTRAL,ECO
IF is one of the specific days of the week at a chosen time,", THEN sets the refrigerator temperature.",FREE,ECO,NEUTRAL,ECO
IF is one of the specific days of the week at a chosen time,", THEN cancels standby mode.",FREE,ECO,NEUTRAL,ECO
IF is one of the specific days of the week at a chosen time,", THEN cancels standby mode.",FREE,ECO,NEUTRAL,ECO
IF is one of the specific days of the week at a chosen time,", THEN cancels standby mode.",FREE,ECO,NEUTRAL,ECO
IF is one of the specific days of the week at a chosen time,", THEN cancels standby mode.",FREE,ECO,NEUTRAL,ECO
IF is one of the specific days of the week at a chosen time,", THEN cancels standby mode.",FREE,ECO,NEUTRAL,ECO
IF is one of the specific days of the week at a chosen time,", THEN starts eco mode on the appliance.",FREE,ECO,ECO,ECO
IF is one of the specific days of the week at a chosen time,", THEN starts eco mode on the appliance.",FREE,ECO,ECO,ECO
IF is one of the specific days of the week at a chosen time,", THEN starts eco mode on the appliance.",FREE,ECO,ECO,ECO
IF is one of the specific days of the week at a chosen time,", THEN starts eco mode on the appliance.",FREE,ECO,ECO,ECO
IF is one of the specific days of the week at a chosen time,", THEN starts eco mode on the appliance.",FREE,ECO,ECO,ECO
IF is one of the specific days of the week at a chosen time,", THEN sets the thermostat to manual mode at a fixed temperature.",FREE,ECO,NEUTRAL,ECO
IF is one of the specific days of the week at a chosen time,", THEN sets the thermostat to manual mode at a fixed temperature.",FREE,ECO,NEUTRAL,ECO
IF is one of the specific days of the week at a chosen time,", THEN sets the thermostat to manual mode at a fixed temperature.",FREE,ECO,NEUTRAL,ECO
IF is one of the specific days of the week at a chosen time,", THEN sets the thermostat to manual mode at a fixed temperature.",FREE,ECO,NEUTRAL,ECO
IF is one of the specific days of the week at a chosen time,", THEN sets the thermostat to manual mode at a fixed temperature.",FREE,ECO,NEUTRAL,ECO
IF is one of the specific days of the week at a chosen time,", THEN sets the temperature on the Heatmiser thermostat.",FREE,ECO,NEUTRAL,ECO
IF is one of the specific days of the week at a chosen time,", THEN sets the temperature on the Heatmiser thermostat.",FREE,ECO,NEUTRAL,ECO
IF is one of the specific days of the week at a chosen time,", THEN sets the temperature on the Heatmiser thermostat.",FREE,ECO,NEUTRAL,ECO
IF is one of the specific days of the week at a chosen time,", THEN sets the temperature on the Heatmiser thermostat.",FREE,ECO,NEUTRAL,ECO
IF is one of the specific days of the week at a chosen time,", THEN sets the temperature on the Heatmiser thermostat.",FREE,ECO,NEUTRAL,ECO
IF is one of the specific days of the week at a chosen time,", THEN turns on the Aros air conditioner.",FREE,ECO,NEUTRAL,ECO
IF is one of the specific days of the week at a chosen time,", THEN turns on the Aros air conditioner.",FREE,ECO,NEUTRAL,ECO
IF is one of the specific days of the week at a chosen time,", THEN turns on the Aros air conditioner.",FREE,ECO,NEUTRAL,ECO
IF is one of the specific days of the week at a chosen time,", THEN turns on the Aros air conditioner.",FREE,ECO,NEUTRAL,ECO
IF is one of the specific days of the week at a chosen time,", THEN turns on the Aros air conditioner.",FREE,ECO,NEUTRAL,ECO
IF is one of the specific days of the week at a chosen time,", THEN boosts hot water temporarily.",FREE,ECO,NEUTRAL,ECO
IF is one of the specific days of the week at a chosen time,", THEN boosts hot water temporarily.",FREE,ECO,NEUTRAL,ECO
IF is one of the specific days of the week at a chosen time,", THEN boosts hot water temporarily.",FREE,ECO,NEUTRAL,ECO
IF is one of the specific days of the week at a chosen time,", THEN boosts hot water temporarily.",FREE,ECO,NEUTRAL,ECO
IF is one of the specific days of the week at a chosen time,", THEN boosts hot water temporarily.",FREE,ECO,NEUTRAL,ECO
IF is one of the specific days of the week at a chosen time,", THEN sets the heating mode.",FREE,ECO,NEUTRAL,ECO
IF is one of the specific days of the week at a chosen time,", THEN sets the heating mode.",FREE,ECO,NEUTRAL,ECO
IF is one of the specific days of the week at a chosen time,", THEN sets the heating mode.",FREE,ECO,NEUTRAL,ECO
IF is one of the specific days of the week at a chosen time,", THEN sets the heating mode.",FREE,ECO,NEUTRAL,ECO
IF is one of the specific days of the week at a chosen time,", THEN sets the heating mode.",FREE,ECO,NEUTRAL,ECO
IF is one of the specific days of the week at a chosen time,", THEN enables eco mode on the appliance.",FREE,ECO,ECO,ECO
IF is one of the specific days of the week at a chosen time,", THEN enables eco mode on the appliance.",FREE,ECO,ECO,ECO
IF is one of the specific days of the week at a chosen time,", THEN enables eco mode on the appliance.",FREE,ECO,ECO,ECO
IF is one of the specific days of the week at a chosen time,", THEN enables eco mode on the appliance.",FREE,ECO,ECO,ECO
IF is one of the specific days of the week at a chosen time,", THEN enables eco mode on the appliance.",FREE,ECO,ECO,ECO
IF is one of the specific days of the week at a chosen time,", THEN sets the TRV temperature.",FREE,ECO,NEUTRAL,ECO
IF is one of the specific days of the week at a chosen time,", THEN sets the TRV temperature.",FREE,ECO,NEUTRAL,ECO
IF is one of the specific days of the week at a chosen time,", THEN sets the TRV temperature.",FREE,ECO,NEUTRAL,ECO
IF is one of the specific days of the week at a chosen time,", THEN sets the TRV temperature.",FREE,ECO,NEUTRAL,ECO
IF is one of the specific days of the week at a chosen time,", THEN sets the TRV temperature.",FREE,ECO,NEUTRAL,ECO
IF is one of the specific days of the week at a chosen time,", THEN increases room temperature.",FREE,ECO,NEUTRAL,ECO
IF is one of the specific days of the week at a chosen time,", THEN increases room temperature.",FREE,ECO,NEUTRAL,ECO
IF is one of the specific days of the week at a chosen time,", THEN increases room temperature.",FREE,ECO,NEUTRAL,ECO
IF is one of the specific days of the week at a chosen time,", THEN increases room temperature.",FREE,ECO,NEUTRAL,ECO
IF is one of the specific days of the week at a chosen time,", THEN increases room temperature.",FREE,ECO,NEUTRAL,ECO
IF is one of the specific days of the week at a chosen time,", THEN activates eco mode on the appliance.",FREE,ECO,ECO,ECO
IF is one of the specific days of the week at a chosen time,", THEN activates eco mode on the appliance.",FREE,ECO,ECO,ECO
IF is one of the specific days of the week at a chosen time,", THEN activates eco mode on the appliance.",FREE,ECO,ECO,ECO
IF is one of the specific days of the week at a chosen time,", THEN activates eco mode on the appliance.",FREE,ECO,ECO,ECO
IF is one of the specific days of the week at a chosen time,", THEN activates eco mode on the appliance.",FREE,ECO,ECO,ECO
IF is one of the specific days of the week at a chosen time,", THEN sets the target temperature on the window air conditioner.",FREE,ECO,NEUTRAL,ECO
IF is one of the specific days of the week at a chosen time,", THEN sets the target temperature on the window air conditioner.",FREE,ECO,NEUTRAL,ECO
IF is one of the specific days of the week at a chosen time,", THEN sets the target temperature on the window air conditioner.",FREE,ECO,NEUTRAL,ECO
IF is one of the specific days of the week at a chosen time,", THEN sets the target temperature on the window air conditioner.",FREE,ECO,NEUTRAL,ECO
IF is one of the specific days of the week at a chosen time,", THEN sets the target temperature on the window air conditioner.",FREE,ECO,NEUTRAL,ECO
IF is one of the specific days of the week at a chosen time,", THEN activates vacation mode.",FREE,ECO,NEUTRAL,ECO
IF is one of the specific days of the week at a chosen time,", THEN activates vacation mode.",FREE,ECO,NEUTRAL,ECO
IF is one of the specific days of the week at a chosen time,", THEN activates vacation mode.",FREE,ECO,NEUTRAL,ECO
IF is one of the specific days of the week at a chosen time,", THEN activates vacation mode.",FREE,ECO,NEUTRAL,ECO
IF is one of the specific days of the week at a chosen time,", THEN activates vacation mode.",FREE,ECO,NEUTRAL,ECO
IF is one of the specific days of the week at a chosen time,", THEN disable the thermostat.",FREE,ECO,NEUTRAL,ECO
IF is one of the specific days of the week at a chosen time,", THEN disable the thermostat.",FREE,ECO,NEUTRAL,ECO
IF is one of the specific days of the week at a chosen time,", THEN disable the thermostat.",FREE,ECO,NEUTRAL,ECO
IF is one of the specific days of the week at a chosen time,", THEN disable the thermostat.",FREE,ECO,NEUTRAL,ECO
IF is one of the specific days of the week at a chosen time,", THEN disable the thermostat.",FREE,ECO,NEUTRAL,ECO
IF is one of the specific days of the week at a chosen time,", THEN sets the thermostat temperature.",FREE,ECO,NEUTRAL,ECO
IF is one of the specific days of the week at a chosen time,", THEN sets the thermostat temperature.",FREE,ECO,NEUTRAL,ECO
IF is one of the specific days of the week at a chosen time,", THEN sets the thermostat temperature.",FREE,ECO,NEUTRAL,ECO
IF is one of the specific days of the week at a chosen time,", THEN sets the thermostat temperature.",FREE,ECO,NEUTRAL,ECO
IF is one of the specific days of the week at a chosen time,", THEN sets the thermostat temperature.",FREE,ECO,NEUTRAL,ECO
IF is one of the specific days of the week at a chosen time,", THEN the thermostat to the temperature you specify.",FREE,ECO,ECO,ECO
IF is one of the specific days of the week at a chosen time,", THEN the thermostat to the temperature you specify.",FREE,ECO,ECO,ECO
IF is one of the specific days of the week at a chosen time,", THEN the thermostat to the temperature you specify.",FREE,ECO,ECO,ECO
IF is one of the specific days of the week at a chosen time,", THEN the thermostat to the temperature you specify.",FREE,ECO,ECO,ECO
IF is one of the specific days of the week at a chosen time,", THEN the thermostat to the temperature you specify.",FREE,ECO,ECO,ECO
IF is one of the specific days of the week at a chosen time,", THEN enables frost protection mode.",FREE,ECO,NEUTRAL,ECO
IF is one of the specific days of the week at a chosen time,", THEN enables frost protection mode.",FREE,ECO,NEUTRAL,ECO
IF is one of the specific days of the week at a chosen time,", THEN enables frost protection mode.",FREE,ECO,NEUTRAL,ECO
IF is one of the specific days of the week at a chosen time,", THEN enables frost protection mode.",FREE,ECO,NEUTRAL,ECO
IF is one of the specific days of the week at a chosen time,", THEN enables frost protection mode.",FREE,ECO,NEUTRAL,ECO
IF is one of the specific days of the week at a chosen time,", THEN starts vacation mode.",FREE,ECO,NEUTRAL,ECO
IF is one of the specific days of the week at a chosen time,", THEN starts vacation mode.",FREE,ECO,NEUTRAL,ECO
IF is one of the specific days of the week at a chosen time,", THEN starts vacation mode.",FREE,ECO,NEUTRAL,ECO
IF is one of the specific days of the week at a chosen time,", THEN starts vacation mode.",FREE,ECO,NEUTRAL,ECO
IF is one of the specific days of the week at a chosen time,", THEN starts vacation mode.",FREE,ECO,NEUTRAL,ECO
IF is one of the specific days of the week at a chosen time,", THEN sets the thermostat mode.",FREE,ECO,NEUTRAL,ECO
IF is one of the specific days of the week at a chosen time,", THEN sets the thermostat mode.",FREE,ECO,NEUTRAL,ECO
IF is one of the specific days of the week at a chosen time,", THEN sets the thermostat mode.",FREE,ECO,NEUTRAL,ECO
IF is one of the specific days of the week at a chosen time,", THEN sets the thermostat mode.",FREE,ECO,NEUTRAL,ECO
IF is one of the specific days of the week at a chosen time,", THEN sets the thermostat mode.",FREE,ECO,NEUTRAL,ECO
IF is one of the specific days of the week at a chosen time,", THEN turn ons heating at a preferred temperature.",FREE,ECO,ECO,ECO
IF is one of the specific days of the week at a chosen time,", THEN turn ons heating at a preferred temperature.",FREE,ECO,ECO,ECO
IF is one of the specific days of the week at a chosen time,", THEN turn ons heating at a preferred temperature.",FREE,ECO,ECO,ECO
IF is one of the specific days of the week at a chosen time,", THEN turn ons heating at a preferred temperature.",FREE,ECO,ECO,ECO
IF is one of the specific days of the week at a chosen time,", THEN turn ons heating at a preferred temperature.",FREE,ECO,ECO,ECO
IF is one of the specific days of the week at a chosen time,", THEN turns heating mode off.",FREE,ECO,NEUTRAL,ECO
IF is one of the specific days of the week at a chosen time,", THEN turns heating mode off.",FREE,ECO,NEUTRAL,ECO
IF is one of the specific days of the week at a chosen time,", THEN turns heating mode off.",FREE,ECO,NEUTRAL,ECO
IF is one of the specific days of the week at a chosen time,", THEN turns heating mode off.",FREE,ECO,NEUTRAL,ECO
IF is one of the specific days of the week at a chosen time,", THEN turns heating mode off.",FREE,ECO,NEUTRAL,ECO
IF is one of the specific days of the week at a chosen time,", THEN starts heating at a preferred temperature.",FREE,ECO,ECO,ECO
IF is one of the specific days of the week at a chosen time,", THEN starts heating at a preferred temperature.",FREE,ECO,ECO,ECO
IF is one of the specific days of the week at a chosen time,", THEN starts heating at a preferred temperature.",FREE,ECO,ECO,ECO
IF is one of the specific days of the week at a chosen time,", THEN starts heating at a preferred temperature.",FREE,ECO,ECO,ECO
IF is one of the specific days of the week at a chosen time,", THEN starts heating at a preferred temperature.",FREE,ECO,ECO,ECO
IF is one of the specific days of the week at a chosen time,", THEN turn ons frost protection mode.",FREE,ECO,NEUTRAL,ECO
IF is one of the specific days of the week at a chosen time,", THEN turn ons frost protection mode.",FREE,ECO,NEUTRAL,ECO
IF is one of the specific days of the week at a chosen time,", THEN turn ons frost protection mode.",FREE,ECO,NEUTRAL,ECO
IF is one of the specific days of the week at a chosen time,", THEN turn ons frost protection mode.",FREE,ECO,NEUTRAL,ECO
IF is one of the specific days of the week at a chosen time,", THEN turn ons frost protection mode.",FREE,ECO,NEUTRAL,ECO
IF is one of the specific days of the week at a chosen time,", THEN turn off the thermostat.",FREE,ECO,NEUTRAL,ECO
IF is one of the specific days of the week at a chosen time,", THEN turn off the thermostat.",FREE,ECO,NEUTRAL,ECO
IF is one of the specific days of the week at a chosen time,", THEN turn off the thermostat.",FREE,ECO,NEUTRAL,ECO
IF is one of the specific days of the week at a chosen time,", THEN turn off the thermostat.",FREE,ECO,NEUTRAL,ECO
IF is one of the specific days of the week at a chosen time,", THEN turn off the thermostat.",FREE,ECO,NEUTRAL,ECO
IF is one of the specific days of the week at a chosen time,", THEN activates fresh mode on the appliance.",FREE,ECO,NEUTRAL,ECO
IF is one of the specific days of the week at a chosen time,", THEN activates fresh mode on the appliance.",FREE,ECO,NEUTRAL,ECO
IF is one of the specific days of the week at a chosen time,", THEN activates fresh mode on the appliance.",FREE,ECO,NEUTRAL,ECO
IF is one of the specific days of the week at a chosen time,", THEN activates fresh mode on the appliance.",FREE,ECO,NEUTRAL,ECO
IF is one of the specific days of the week at a chosen time,", THEN activates fresh mode on the appliance.",FREE,ECO,NEUTRAL,ECO
IF is one of the specific days of the week at a chosen time,", THEN updates the thermostat schedule.",FREE,ECO,NEUTRAL,ECO
IF is one of the specific days of the week at a chosen time,", THEN updates the thermostat schedule.",FREE,ECO,NEUTRAL,ECO
IF is one of the specific days of the week at a chosen time,", THEN updates the thermostat schedule.",FREE,ECO,NEUTRAL,ECO
IF is one of the specific days of the week at a chosen time,", THEN updates the thermostat schedule.",FREE,ECO,NEUTRAL,ECO
IF is one of the specific days of the week at a chosen time,", THEN updates the thermostat schedule.",FREE,ECO,NEUTRAL,ECO
IF is one of the specific days of the week at a chosen time,", THEN turns on the air conditioner.",FREE,ECO,NEUTRAL,ECO
IF is one of the specific days of the week at a chosen time,", THEN turns on the air conditioner.",FREE,ECO,NEUTRAL,ECO
IF is one of the specific days of the week at a chosen time,", THEN turns on the air conditioner.",FREE,ECO,NEUTRAL,ECO
IF is one of the specific days of the week at a chosen time,", THEN turns on the air conditioner.",FREE,ECO,NEUTRAL,ECO
IF is one of the specific days of the week at a chosen time,", THEN turns on the air conditioner.",FREE,ECO,NEUTRAL,ECO
IF is one of the specific days of the week at a chosen time,", THEN activates standby mode.",FREE,ECO,NEUTRAL,ECO
IF is one of the specific days of the week at a chosen time,", THEN activates standby mode.",FREE,ECO,NEUTRAL,ECO
IF is one of the specific days of the week at a chosen time,", THEN activates standby mode.",FREE,ECO,NEUTRAL,ECO
IF is one of the specific days of the week at a chosen time,", THEN activates standby mode.",FREE,ECO,NEUTRAL,ECO
IF is one of the specific days of the week at a chosen time,", THEN activates standby mode.",FREE,ECO,NEUTRAL,ECO
IF is one of the specific days of the week at a chosen time,", THEN temporarily boosts refrigerator cooling.",FREE,ECO,NEUTRAL,ECO
IF is one of the specific days of the week at a chosen time,", THEN temporarily boosts refrigerator cooling.",FREE,ECO,NEUTRAL,ECO
IF is one of the specific days of the week at a chosen time,", THEN temporarily boosts refrigerator cooling.",FREE,ECO,NEUTRAL,ECO
IF is one of the specific days of the week at a chosen time,", THEN temporarily boosts refrigerator cooling.",FREE,ECO,NEUTRAL,ECO
IF is one of the specific days of the week at a chosen time,", THEN temporarily boosts refrigerator cooling.",FREE,ECO,NEUTRAL,ECO
IF is one of the specific days of the week at a specified time,", THEN turn ons a temperature hold.",FREE,ECO,NEUTRAL,ECO
IF is one of the specific days of the week at a specified time,", THEN turn ons a temperature hold.",FREE,ECO,NEUTRAL,ECO
IF is one of the specific days of the week at a specified time,", THEN turn ons a temperature hold.",FREE,ECO,NEUTRAL,ECO
IF is one of the specific days of the week at a specified time,", THEN turn ons a temperature hold.",FREE,ECO,NEUTRAL,ECO
IF is one of the specific days of the week at a specified time,", THEN turn ons a temperature hold.",FREE,ECO,NEUTRAL,ECO
IF is one of the specific days of the week at a specified time,", THEN temporarily boosts freezer cooling.",FREE,ECO,NEUTRAL,ECO
IF is one of the specific days of the week at a specified time,", THEN temporarily boosts freezer cooling.",FREE,ECO,NEUTRAL,ECO
IF is one of the specific days of the week at a specified time,", THEN temporarily boosts freezer cooling.",FREE,ECO,NEUTRAL,ECO
IF is one of the specific days of the week at a specified time,", THEN temporarily boosts freezer cooling.",FREE,ECO,NEUTRAL,ECO
IF is one of the specific days of the week at a specified time,", THEN temporarily boosts freezer cooling.",FREE,ECO,NEUTRAL,ECO
IF is one of the specific days of the week at a specified time,", THEN sets a comfort profile hold.",FREE,ECO,NEUTRAL,ECO
IF is one of the specific days of the week at a specified time,", THEN sets a comfort profile hold.",FREE,ECO,NEUTRAL,ECO
IF is one of the specific days of the week at a specified time,", THEN sets a comfort profile hold.",FREE,ECO,NEUTRAL,ECO
IF is one of the specific days of the week at a specified time,", THEN sets a comfort profile hold.",FREE,ECO,NEUTRAL,ECO
IF is one of the specific days of the week at a specified time,", THEN sets a comfort profile hold.",FREE,ECO,NEUTRAL,ECO
IF is one of the specific days of the week at a specified time,", THEN turn ons fresh mode on the appliance.",FREE,ECO,NEUTRAL,ECO
IF is one of the specific days of the week at a specified time,", THEN turn ons fresh mode on the appliance.",FREE,ECO,NEUTRAL,ECO
IF is one of the specific days of the week at a specified time,", THEN turn ons fresh mode on the appliance.",FREE,ECO,NEUTRAL,ECO
IF is one of the specific days of the week at a specified time,", THEN turn ons fresh mode on the appliance.",FREE,ECO,NEUTRAL,ECO
IF is one of the specific days of the week at a specified time,", THEN turn ons fresh mode on the appliance.",FREE,ECO,NEUTRAL,ECO
IF is one of the specific days of the week at a specified time,", THEN creates a vacation temperature schedule.",FREE,ECO,NEUTRAL,ECO
IF is one of the specific days of the week at a specified time,", THEN creates a vacation temperature schedule.",FREE,ECO,NEUTRAL,ECO
IF is one of the specific days of the week at a specified time,", THEN creates a vacation temperature schedule.",FREE,ECO,NEUTRAL,ECO
IF is one of the specific days of the week at a specified time,", THEN creates a vacation temperature schedule.",FREE,ECO,NEUTRAL,ECO
IF is one of the specific days of the week at a specified time,", THEN creates a vacation temperature schedule.",FREE,ECO,NEUTRAL,ECO
IF is one of the specific days of the week at a specified time,", THEN decreases room temperature.",FREE,ECO,NEUTRAL,ECO
IF is one of the specific days of the week at a specified time,", THEN decreases room temperature.",FREE,ECO,NEUTRAL,ECO
IF is one of the specific days of the week at a specified time,", THEN decreases room temperature.",FREE,ECO,NEUTRAL,ECO
IF is one of the specific days of the week at a specified time,", THEN decreases room temperature.",FREE,ECO,NEUTRAL,ECO
IF is one of the specific days of the week at a specified time,", THEN decreases room temperature.",FREE,ECO,NEUTRAL,ECO
IF is one of the specific days of the week at a specified time,", THEN configures thermostat fan mode.",FREE,ECO,NEUTRAL,ECO
IF is one of the specific days of the week at a specified time,", THEN configures thermostat fan mode.",FREE,ECO,NEUTRAL,ECO
IF is one of the specific days of the week at a specified time,", THEN configures thermostat fan mode.",FREE,ECO,NEUTRAL,ECO
IF is one of the specific days of the week at a specified time,", THEN configures thermostat fan mode.",FREE,ECO,NEUTRAL,ECO
IF is one of the specific days of the week at a specified time,", THEN configures thermostat fan mode.",FREE,ECO,NEUTRAL,ECO
IF is one of the specific days of the week at a specified time,", THEN sets heating mode to scheduled.",FREE,ECO,NEUTRAL,ECO
IF is one of the specific days of the week at a specified time,", THEN sets heating mode to scheduled.",FREE,ECO,NEUTRAL,ECO
IF is one of the specific days of the week at a specified time,", THEN sets heating mode to scheduled.",FREE,ECO,NEUTRAL,ECO
IF is one of the specific days of the week at a specified time,", THEN sets heating mode to scheduled.",FREE,ECO,NEUTRAL,ECO
IF is one of the specific days of the week at a specified time,", THEN sets heating mode to scheduled.",FREE,ECO,NEUTRAL,ECO
IF is one of the specific days of the week at a specified time,", THEN boosts heating temporarily.",FREE,ECO,NEUTRAL,ECO
IF is one of the specific days of the week at a specified time,", THEN boosts heating temporarily.",FREE,ECO,NEUTRAL,ECO
IF is one of the specific days of the week at a specified time,", THEN boosts heating temporarily.",FREE,ECO,NEUTRAL,ECO
IF is one of the specific days of the week at a specified time,", THEN boosts heating temporarily.",FREE,ECO,NEUTRAL,ECO
IF is one of the specific days of the week at a specified time,", THEN boosts heating temporarily.",FREE,ECO,NEUTRAL,ECO
IF is one of the specific days of the week at a specified time,", THEN turn ons heating.",FREE,ECO,NEUTRAL,ECO
IF is one of the specific days of the week at a specified time,", THEN turn ons heating.",FREE,ECO,NEUTRAL,ECO
IF is one of the specific days of the week at a specified time,", THEN turn ons heating.",FREE,ECO,NEUTRAL,ECO
IF is one of the specific days of the week at a specified time,", THEN turn ons heating.",FREE,ECO,NEUTRAL,ECO
IF is one of the specific days of the week at a specified time,", THEN turn ons heating.",FREE,ECO,NEUTRAL,ECO
IF is one of the specific days of the week at a specified time,", THEN sets the freezer temperature.",FREE,ECO,NEUTRAL,ECO
IF is one of the specific days of the week at a specified time,", THEN sets the freezer temperature.",FREE,ECO,NEUTRAL,ECO
IF is one of the specific days of the week at a specified time,", THEN sets the freezer temperature.",FREE,ECO,NEUTRAL,ECO
IF is one of the specific days of the week at a specified time,", THEN sets the freezer temperature.",FREE,ECO,NEUTRAL,ECO
IF is one of the specific days of the week at a specified time,", THEN sets the freezer temperature.",FREE,ECO,NEUTRAL,ECO
IF is one of the specific days of the week at a specified time,", THEN sets a timed comfort profile hold.",FREE,ECO,ECO,ECO
IF is one of the specific days of the week at a specified time,", THEN sets a timed comfort profile hold.",FREE,ECO,ECO,ECO
IF is one of the specific days of the week at a specified time,", THEN sets a timed comfort profile hold.",FREE,ECO,ECO,ECO
IF is one of the specific days of the week at a specified time,", THEN sets a timed comfort profile hold.",FREE,ECO,ECO,ECO
IF is one of the specific days of the week at a specified time,", THEN sets a timed comfort profile hold.",FREE,ECO,ECO,ECO
IF is one of the specific days of the week at a specified time,", THEN sets cooling mode.",FREE,ECO,NEUTRAL,ECO
IF is one of the specific days of the week at a specified time,", THEN sets cooling mode.",FREE,ECO,NEUTRAL,ECO
IF is one of the specific days of the week at a specified time,", THEN sets cooling mode.",FREE,ECO,NEUTRAL,ECO
IF is one of the specific days of the week at a specified time,", THEN sets cooling mode.",FREE,ECO,NEUTRAL,ECO
IF is one of the specific days of the week at a specified time,", THEN sets cooling mode.",FREE,ECO,NEUTRAL,ECO
IF is one of the specific days of the week at a specified time,", THEN sets home to away mode.",FREE,ECO,NEUTRAL,ECO
IF is one of the specific days of the week at a specified time,", THEN sets home to away mode.",FREE,ECO,NEUTRAL,ECO
IF is one of the specific days of the week at a specified time,", THEN sets home to away mode.",FREE,ECO,NEUTRAL,ECO
IF is one of the specific days of the week at a specified time,", THEN sets home to away mode.",FREE,ECO,NEUTRAL,ECO
IF is one of the specific days of the week at a specified time,", THEN sets home to away mode.",FREE,ECO,NEUTRAL,ECO
IF is one of the specific days of the week at a specified time,", THEN sets the thermostat target temperature.",FREE,ECO,NEUTRAL,ECO
IF is one of the specific days of the week at a specified time,", THEN sets the thermostat target temperature.",FREE,ECO,NEUTRAL,ECO
IF is one of the specific days of the week at a specified time,", THEN sets the thermostat target temperature.",FREE,ECO,NEUTRAL,ECO
IF is one of the specific days of the week at a specified time,", THEN sets the thermostat target temperature.",FREE,ECO,NEUTRAL,ECO
IF is one of the specific days of the week at a specified time,", THEN sets the thermostat target temperature.",FREE,ECO,NEUTRAL,ECO
IF is one of the specific days of the week at a specified time,", THEN enables a temperature hold.",FREE,ECO,NEUTRAL,ECO
IF is one of the specific days of the week at a specified time,", THEN enables a temperature hold.",FREE,ECO,NEUTRAL,ECO
IF is one of the specific days of the week at a specified time,", THEN enables a temperature hold.",FREE,ECO,NEUTRAL,ECO
IF is one of the specific days of the week at a specified time,", THEN enables a temperature hold.",FREE,ECO,NEUTRAL,ECO
IF is one of the specific days of the week at a specified time,", THEN enables a temperature hold.",FREE,ECO,NEUTRAL,ECO
IF is one of the specific days of the week at a specified time,", THEN switches off the electric switch.",FREE,ECO,NEUTRAL,ECO
IF is one of the specific days of the week at a specified time,", THEN switches off the electric switch.",FREE,ECO,NEUTRAL,ECO
IF is one of the specific days of the week at a specified time,", THEN switches off the electric switch.",FREE,ECO,NEUTRAL,ECO
IF is one of the specific days of the week at a specified time,", THEN switches off the electric switch.",FREE,ECO,NEUTRAL,ECO
IF is one of the specific days of the week at a specified time,", THEN switches off the electric switch.",FREE,ECO,NEUTRAL,ECO
IF is one of the specific days of the week at a specified time,", THEN turn ons eco mode on the appliance.",FREE,ECO,ECO,ECO
IF is one of the specific days of the week at a specified time,", THEN turn ons eco mode on the appliance.",FREE,ECO,ECO,ECO
IF is one of the specific days of the week at a specified time,", THEN turn ons eco mode on the appliance.",FREE,ECO,ECO,ECO
IF is one of the specific days of the week at a specified time,", THEN turn ons eco mode on the appliance.",FREE,ECO,ECO,ECO
IF is one of the specific days of the week at a specified time,", THEN turn ons eco mode on the appliance.",FREE,ECO,ECO,ECO
IF is one of the specific days of the week at a specified time,", THEN sets heating mode.",FREE,ECO,NEUTRAL,ECO
IF is one of the specific days of the week at a specified time,", THEN sets heating mode.",FREE,ECO,NEUTRAL,ECO
IF is one of the specific days of the week at a specified time,", THEN sets heating mode.",FREE,ECO,NEUTRAL,ECO
IF is one of the specific days of the week at a specified time,", THEN sets heating mode.",FREE,ECO,NEUTRAL,ECO
IF is one of the specific days of the week at a specified time,", THEN sets heating mode.",FREE,ECO,NEUTRAL,ECO
IF is one of the specific days of the week at a specified time,", THEN sets thermostat group mode.",FREE,ECO,NEUTRAL,ECO
IF is one of the specific days of the week at a specified time,", THEN sets thermostat group mode.",FREE,ECO,NEUTRAL,ECO
IF is one of the specific days of the week at a specified time,", THEN sets thermostat group mode.",FREE,ECO,NEUTRAL,ECO
IF is one of the specific days of the week at a specified time,", THEN sets thermostat group mode.",FREE,ECO,NEUTRAL,ECO
IF is one of the specific days of the week at a specified time,", THEN sets thermostat group mode.",FREE,ECO,NEUTRAL,ECO
IF is one of the specific days of the week at a specified time,", THEN turns on the air conditioner and configures settings.",FREE,ECO,NEUTRAL,ECO
IF is one of the specific days of the week at a specified time,", THEN turns on the air conditioner and configures settings.",FREE,ECO,NEUTRAL,ECO
IF is one of the specific days of the week at a specified time,", THEN turns on the air conditioner and configures settings.",FREE,ECO,NEUTRAL,ECO
IF is one of the specific days of the week at a specified time,", THEN turns on the air conditioner and configures settings.",FREE,ECO,NEUTRAL,ECO
IF is one of the specific days of the week at a specified time,", THEN turns on the air conditioner and configures settings.",FREE,ECO,NEUTRAL,ECO
IF is one of the specific days of the week at a specified time,", THEN restores default heating schedule.",FREE,ECO,NEUTRAL,ECO
IF is one of the specific days of the week at a specified time,", THEN restores default heating schedule.",FREE,ECO,NEUTRAL,ECO
IF is one of the specific days of the week at a specified time,", THEN restores default heating schedule.",FREE,ECO,NEUTRAL,ECO
IF is one of the specific days of the week at a specified time,", THEN restores default heating schedule.",FREE,ECO,NEUTRAL,ECO
IF is one of the specific days of the week at a specified time,", THEN restores default heating schedule.",FREE,ECO,NEUTRAL,ECO
IF is one of the specific days of the week at a specified time,", THEN turns off heating.",FREE,ECO,NEUTRAL,ECO
IF is one of the specific days of the week at a specified time,", THEN turns off heating.",FREE,ECO,NEUTRAL,ECO
IF is one of the specific days of the week at a specified time,", THEN turns off heating.",FREE,ECO,NEUTRAL,ECO
IF is one of the specific days of the week at a specified time,", THEN turns off heating.",FREE,ECO,NEUTRAL,ECO
IF is one of the specific days of the week at a specified time,", THEN turns off heating.",FREE,ECO,NEUTRAL,ECO
IF is one of the specific days of the week at a specified time,", THEN cancels the current thermostat event.",FREE,ECO,NEUTRAL,ECO
IF is one of the specific days of the week at a specified time,", THEN cancels the current thermostat event.",FREE,ECO,NEUTRAL,ECO
IF is one of the specific days of the week at a specified time,", THEN cancels the current thermostat event.",FREE,ECO,NEUTRAL,ECO
IF is one of the specific days of the week at a specified time,", THEN cancels the current thermostat event.",FREE,ECO,NEUTRAL,ECO
IF is one of the specific days of the week at a specified time,", THEN cancels the current thermostat event.",FREE,ECO,NEUTRAL,ECO
IF is one of the specific days of the week at a specified time,", THEN resumes the programmed schedule.",FREE,ECO,NEUTRAL,ECO
IF is one of the specific days of the week at a specified time,", THEN resumes the programmed schedule.",FREE,ECO,NEUTRAL,ECO
IF is one of the specific days of the week at a specified time,", THEN resumes the programmed schedule.",FREE,ECO,NEUTRAL,ECO
IF is one of the specific days of the week at a specified time,", THEN resumes the programmed schedule.",FREE,ECO,NEUTRAL,ECO
IF is one of the specific days of the week at a specified time,", THEN resumes the programmed schedule.",FREE,ECO,NEUTRAL,ECO
IF is one of the specific days of the week at a specified time,", THEN starts heating.",FREE,ECO,NEUTRAL,ECO
IF is one of the specific days of the week at a specified time,", THEN starts heating.",FREE,ECO,NEUTRAL,ECO
IF is one of the specific days of the week at a specified time,", THEN starts heating.",FREE,ECO,NEUTRAL,ECO
IF is one of the specific days of the week at a specified time,", THEN starts heating.",FREE,ECO,NEUTRAL,ECO
IF is one of the specific days of the week at a specified time,", THEN starts heating.",FREE,ECO,NEUTRAL,ECO
IF is one of the specific days of the week at a specified time,", THEN sets the water heater temperature.",FREE,ECO,NEUTRAL,ECO
IF is one of the specific days of the week at a specified time,", THEN sets the water heater temperature.",FREE,ECO,NEUTRAL,ECO
IF is one of the specific days of the week at a specified time,", THEN sets the water heater temperature.",FREE,ECO,NEUTRAL,ECO
IF is one of the specific days of the week at a specified time,", THEN sets the water heater temperature.",FREE,ECO,NEUTRAL,ECO
IF is one of the specific days of the week at a specified time,", THEN sets the water heater temperature.",FREE,ECO,NEUTRAL,ECO
IF is one of the specific days of the week at a specified time,", THEN starts frost protection mode.",FREE,ECO,NEUTRAL,ECO
IF is one of the specific days of the week at a specified time,", THEN starts frost protection mode.",FREE,ECO,NEUTRAL,ECO
IF is one of the specific days of the week at a specified time,", THEN starts frost protection mode.",FREE,ECO,NEUTRAL,ECO
IF is one of the specific days of the week at a specified time,", THEN starts frost protection mode.",FREE,ECO,NEUTRAL,ECO
IF is one of the specific days of the week at a specified time,", THEN starts frost protection mode.",FREE,ECO,NEUTRAL,ECO
IF is one of the specific days of the week at a specified time,", THEN activates a temperature hold.",FREE,ECO,NEUTRAL,ECO
IF is one of the specific days of the week at a specified time,", THEN activates a temperature hold.",FREE,ECO,NEUTRAL,ECO
IF is one of the specific days of the week at a specified time,", THEN activates a temperature hold.",FREE,ECO,NEUTRAL,ECO
IF is one of the specific days of the week at a specified time,", THEN activates a temperature hold.",FREE,ECO,NEUTRAL,ECO
IF is one of the specific days of the week at a specified time,", THEN activates a temperature hold.",FREE,ECO,NEUTRAL,ECO
IF is one of the specific days of the week at a specified time,", THEN activates frost protection mode.",FREE,ECO,NEUTRAL,ECO
IF is one of the specific days of the week at a specified time,", THEN activates frost protection mode.",FREE,ECO,NEUTRAL,ECO
IF is one of the specific days of the week at a specified time,", THEN activates frost protection mode.",FREE,ECO,NEUTRAL,ECO
IF is one of the specific days of the week at a specified time,", THEN activates frost protection mode.",FREE,ECO,NEUTRAL,ECO
IF is one of the specific days of the week at a specified time,", THEN activates frost protection mode.",FREE,ECO,NEUTRAL,ECO
IF is one of the specific days of the week at a specified time,", THEN stop the thermostat.",FREE,ECO,NEUTRAL,ECO
IF is one of the specific days of the week at a specified time,", THEN stop the thermostat.",FREE,ECO,NEUTRAL,ECO
IF is one of the specific days of the week at a specified time,", THEN stop the thermostat.",FREE,ECO,NEUTRAL,ECO
IF is one of the specific days of the week at a specified time,", THEN stop the thermostat.",FREE,ECO,NEUTRAL,ECO
IF is one of the specific days of the week at a specified time,", THEN stop the thermostat.",FREE,ECO,NEUTRAL,ECO
IF is one of the specific days of the week at a specified time,", THEN sets the room temperature.",FREE,ECO,NEUTRAL,ECO
IF is one of the specific days of the week at a specified time,", THEN sets the room temperature.",FREE,ECO,NEUTRAL,ECO
IF is one of the specific days of the week at a specified time,", THEN sets the room temperature.",FREE,ECO,NEUTRAL,ECO
IF is one of the specific days of the week at a specified time,", THEN sets the room temperature.",FREE,ECO,NEUTRAL,ECO
IF is one of the specific days of the week at a specified time,", THEN sets the room temperature.",FREE,ECO,NEUTRAL,ECO
IF is one of the specific days of the week at a specified time,", THEN sets the refrigerator temperature.",FREE,ECO,NEUTRAL,ECO
IF is one of the specific days of the week at a specified time,", THEN sets the refrigerator temperature.",FREE,ECO,NEUTRAL,ECO
IF is one of the specific days of the week at a specified time,", THEN sets the refrigerator temperature.",FREE,ECO,NEUTRAL,ECO
IF is one of the specific days of the week at a specified time,", THEN sets the refrigerator temperature.",FREE,ECO,NEUTRAL,ECO
IF is one of the specific days of the week at a specified time,", THEN sets the refrigerator temperature.",FREE,ECO,NEUTRAL,ECO
IF is one of the specific days of the week at a specified time,", THEN cancels standby mode.",FREE,ECO,NEUTRAL,ECO
IF is one of the specific days of the week at a specified time,", THEN cancels standby mode.",FREE,ECO,NEUTRAL,ECO
IF is one of the specific days of the week at a specified time,", THEN cancels standby mode.",FREE,ECO,NEUTRAL,ECO
IF is one of the specific days of the week at a specified time,", THEN cancels standby mode.",FREE,ECO,NEUTRAL,ECO
IF is one of the specific days of the week at a specified time,", THEN cancels standby mode.",FREE,ECO,NEUTRAL,ECO
IF is one of the specific days of the week at a specified time,", THEN starts eco mode on the appliance.",FREE,ECO,ECO,ECO
IF is one of the specific days of the week at a specified time,", THEN starts eco mode on the appliance.",FREE,ECO,ECO,ECO
IF is one of the specific days of the week at a specified time,", THEN starts eco mode on the appliance.",FREE,ECO,ECO,ECO
IF is one of the specific days of the week at a specified time,", THEN starts eco mode on the appliance.",FREE,ECO,ECO,ECO
IF is one of the specific days of the week at a specified time,", THEN starts eco mode on the appliance.",FREE,ECO,ECO,ECO
IF is one of the specific days of the week at a specified time,", THEN sets the thermostat to manual mode at a fixed temperature.",FREE,ECO,NEUTRAL,ECO
IF is one of the specific days of the week at a specified time,", THEN sets the thermostat to manual mode at a fixed temperature.",FREE,ECO,NEUTRAL,ECO
IF is one of the specific days of the week at a specified time,", THEN sets the thermostat to manual mode at a fixed temperature.",FREE,ECO,NEUTRAL,ECO
IF is one of the specific days of the week at a specified time,", THEN sets the thermostat to manual mode at a fixed temperature.",FREE,ECO,NEUTRAL,ECO
IF is one of the specific days of the week at a specified time,", THEN sets the thermostat to manual mode at a fixed temperature.",FREE,ECO,NEUTRAL,ECO
IF is one of the specific days of the week at a specified time,", THEN sets the temperature on the Heatmiser thermostat.",FREE,ECO,NEUTRAL,ECO
IF is one of the specific days of the week at a specified time,", THEN sets the temperature on the Heatmiser thermostat.",FREE,ECO,NEUTRAL,ECO
IF is one of the specific days of the week at a specified time,", THEN sets the temperature on the Heatmiser thermostat.",FREE,ECO,NEUTRAL,ECO
IF is one of the specific days of the week at a specified time,", THEN sets the temperature on the Heatmiser thermostat.",FREE,ECO,NEUTRAL,ECO
IF is one of the specific days of the week at a specified time,", THEN sets the temperature on the Heatmiser thermostat.",FREE,ECO,NEUTRAL,ECO
IF is one of the specific days of the week at a specified time,", THEN turns on the Aros air conditioner.",FREE,ECO,NEUTRAL,ECO
IF is one of the specific days of the week at a specified time,", THEN turns on the Aros air conditioner.",FREE,ECO,NEUTRAL,ECO
IF is one of the specific days of the week at a specified time,", THEN turns on the Aros air conditioner.",FREE,ECO,NEUTRAL,ECO
IF is one of the specific days of the week at a specified time,", THEN turns on the Aros air conditioner.",FREE,ECO,NEUTRAL,ECO
IF is one of the specific days of the week at a specified time,", THEN turns on the Aros air conditioner.",FREE,ECO,NEUTRAL,ECO
IF is one of the specific days of the week at a specified time,", THEN boosts hot water temporarily.",FREE,ECO,NEUTRAL,ECO
IF is one of the specific days of the week at a specified time,", THEN boosts hot water temporarily.",FREE,ECO,NEUTRAL,ECO
IF is one of the specific days of the week at a specified time,", THEN boosts hot water temporarily.",FREE,ECO,NEUTRAL,ECO
IF is one of the specific days of the week at a specified time,", THEN boosts hot water temporarily.",FREE,ECO,NEUTRAL,ECO
IF is one of the specific days of the week at a specified time,", THEN boosts hot water temporarily.",FREE,ECO,NEUTRAL,ECO
IF is one of the specific days of the week at a specified time,", THEN sets the heating mode.",FREE,ECO,NEUTRAL,ECO
IF is one of the specific days of the week at a specified time,", THEN sets the heating mode.",FREE,ECO,NEUTRAL,ECO
IF is one of the specific days of the week at a specified time,", THEN sets the heating mode.",FREE,ECO,NEUTRAL,ECO
IF is one of the specific days of the week at a specified time,", THEN sets the heating mode.",FREE,ECO,NEUTRAL,ECO
IF is one of the specific days of the week at a specified time,", THEN sets the heating mode.",FREE,ECO,NEUTRAL,ECO
IF is one of the specific days of the week at a specified time,", THEN enables eco mode on the appliance.",FREE,ECO,ECO,ECO
IF is one of the specific days of the week at a specified time,", THEN enables eco mode on the appliance.",FREE,ECO,ECO,ECO
IF is one of the specific days of the week at a specified time,", THEN enables eco mode on the appliance.",FREE,ECO,ECO,ECO
IF is one of the specific days of the week at a specified time,", THEN enables eco mode on the appliance.",FREE,ECO,ECO,ECO
IF is one of the specific days of the week at a specified time,", THEN enables eco mode on the appliance.",FREE,ECO,ECO,ECO
IF is one of the specific days of the week at a specified time,", THEN sets the TRV temperature.",FREE,ECO,NEUTRAL,ECO
IF is one of the specific days of the week at a specified time,", THEN sets the TRV temperature.",FREE,ECO,NEUTRAL,ECO
IF is one of the specific days of the week at a specified time,", THEN sets the TRV temperature.",FREE,ECO,NEUTRAL,ECO
IF is one of the specific days of the week at a specified time,", THEN sets the TRV temperature.",FREE,ECO,NEUTRAL,ECO
IF is one of the specific days of the week at a specified time,", THEN sets the TRV temperature.",FREE,ECO,NEUTRAL,ECO
IF is one of the specific days of the week at a specified time,", THEN increases room temperature.",FREE,ECO,NEUTRAL,ECO
IF is one of the specific days of the week at a specified time,", THEN increases room temperature.",FREE,ECO,NEUTRAL,ECO
IF is one of the specific days of the week at a specified time,", THEN increases room temperature.",FREE,ECO,NEUTRAL,ECO
IF is one of the specific days of the week at a specified time,", THEN increases room temperature.",FREE,ECO,NEUTRAL,ECO
IF is one of the specific days of the week at a specified time,", THEN increases room temperature.",FREE,ECO,NEUTRAL,ECO
IF is one of the specific days of the week at a specified time,", THEN activates eco mode on the appliance.",FREE,ECO,ECO,ECO
IF is one of the specific days of the week at a specified time,", THEN activates eco mode on the appliance.",FREE,ECO,ECO,ECO
IF is one of the specific days of the week at a specified time,", THEN activates eco mode on the appliance.",FREE,ECO,ECO,ECO
IF is one of the specific days of the week at a specified time,", THEN activates eco mode on the appliance.",FREE,ECO,ECO,ECO
IF is one of the specific days of the week at a specified time,", THEN activates eco mode on the appliance.",FREE,ECO,ECO,ECO
IF is one of the specific days of the week at a specified time,", THEN sets the target temperature on the window air conditioner.",FREE,ECO,NEUTRAL,ECO
IF is one of the specific days of the week at a specified time,", THEN sets the target temperature on the window air conditioner.",FREE,ECO,NEUTRAL,ECO
IF is one of the specific days of the week at a specified time,", THEN sets the target temperature on the window air conditioner.",FREE,ECO,NEUTRAL,ECO
IF is one of the specific days of the week at a specified time,", THEN sets the target temperature on the window air conditioner.",FREE,ECO,NEUTRAL,ECO
IF is one of the specific days of the week at a specified time,", THEN sets the target temperature on the window air conditioner.",FREE,ECO,NEUTRAL,ECO
IF is one of the specific days of the week at a specified time,", THEN activates vacation mode.",FREE,ECO,NEUTRAL,ECO
IF is one of the specific days of the week at a specified time,", THEN activates vacation mode.",FREE,ECO,NEUTRAL,ECO
IF is one of the specific days of the week at a specified time,", THEN activates vacation mode.",FREE,ECO,NEUTRAL,ECO
IF is one of the specific days of the week at a specified time,", THEN activates vacation mode.",FREE,ECO,NEUTRAL,ECO
IF is one of the specific days of the week at a specified time,", THEN activates vacation mode.",FREE,ECO,NEUTRAL,ECO
IF is one of the specific days of the week at a specified time,", THEN disable the thermostat.",FREE,ECO,NEUTRAL,ECO
IF is one of the specific days of the week at a specified time,", THEN disable the thermostat.",FREE,ECO,NEUTRAL,ECO
IF is one of the specific days of the week at a specified time,", THEN disable the thermostat.",FREE,ECO,NEUTRAL,ECO
IF is one of the specific days of the week at a specified time,", THEN disable the thermostat.",FREE,ECO,NEUTRAL,ECO
IF is one of the specific days of the week at a specified time,", THEN disable the thermostat.",FREE,ECO,NEUTRAL,ECO
IF is one of the specific days of the week at a specified time,", THEN sets the thermostat temperature.",FREE,ECO,NEUTRAL,ECO
IF is one of the specific days of the week at a specified time,", THEN sets the thermostat temperature.",FREE,ECO,NEUTRAL,ECO
IF is one of the specific days of the week at a specified time,", THEN sets the thermostat temperature.",FREE,ECO,NEUTRAL,ECO
IF is one of the specific days of the week at a specified time,", THEN sets the thermostat temperature.",FREE,ECO,NEUTRAL,ECO
IF is one of the specific days of the week at a specified time,", THEN sets the thermostat temperature.",FREE,ECO,NEUTRAL,ECO
IF is one of the specific days of the week at a specified time,", THEN the thermostat to the temperature you specify.",FREE,ECO,ECO,ECO
IF is one of the specific days of the week at a specified time,", THEN the thermostat to the temperature you specify.",FREE,ECO,ECO,ECO
IF is one of the specific days of the week at a specified time,", THEN the thermostat to the temperature you specify.",FREE,ECO,ECO,ECO
IF is one of the specific days of the week at a specified time,", THEN the thermostat to the temperature you specify.",FREE,ECO,ECO,ECO
IF is one of the specific days of the week at a specified time,", THEN the thermostat to the temperature you specify.",FREE,ECO,ECO,ECO
IF is one of the specific days of the week at a specified time,", THEN enables frost protection mode.",FREE,ECO,NEUTRAL,ECO
IF is one of the specific days of the week at a specified time,", THEN enables frost protection mode.",FREE,ECO,NEUTRAL,ECO
IF is one of the specific days of the week at a specified time,", THEN enables frost protection mode.",FREE,ECO,NEUTRAL,ECO
IF is one of the specific days of the week at a specified time,", THEN enables frost protection mode.",FREE,ECO,NEUTRAL,ECO
IF is one of the specific days of the week at a specified time,", THEN enables frost protection mode.",FREE,ECO,NEUTRAL,ECO
IF is one of the specific days of the week at a specified time,", THEN starts vacation mode.",FREE,ECO,NEUTRAL,ECO
IF is one of the specific days of the week at a specified time,", THEN starts vacation mode.",FREE,ECO,NEUTRAL,ECO
IF is one of the specific days of the week at a specified time,", THEN starts vacation mode.",FREE,ECO,NEUTRAL,ECO
IF is one of the specific days of the week at a specified time,", THEN starts vacation mode.",FREE,ECO,NEUTRAL,ECO
IF is one of the specific days of the week at a specified time,", THEN starts vacation mode.",FREE,ECO,NEUTRAL,ECO
IF is one of the specific days of the week at a specified time,", THEN sets the thermostat mode.",FREE,ECO,NEUTRAL,ECO
IF is one of the specific days of the week at a specified time,", THEN sets the thermostat mode.",FREE,ECO,NEUTRAL,ECO
IF is one of the specific days of the week at a specified time,", THEN sets the thermostat mode.",FREE,ECO,NEUTRAL,ECO
IF is one of the specific days of the week at a specified time,", THEN sets the thermostat mode.",FREE,ECO,NEUTRAL,ECO
IF is one of the specific days of the week at a specified time,", THEN sets the thermostat mode.",FREE,ECO,NEUTRAL,ECO
IF is one of the specific days of the week at a specified time,", THEN turn ons heating at a preferred temperature.",FREE,ECO,ECO,ECO
IF is one of the specific days of the week at a specified time,", THEN turn ons heating at a preferred temperature.",FREE,ECO,ECO,ECO
IF is one of the specific days of the week at a specified time,", THEN turn ons heating at a preferred temperature.",FREE,ECO,ECO,ECO
IF is one of the specific days of the week at a specified time,", THEN turn ons heating at a preferred temperature.",FREE,ECO,ECO,ECO
IF is one of the specific days of the week at a specified time,", THEN turn ons heating at a preferred temperature.",FREE,ECO,ECO,ECO
IF is one of the specific days of the week at a specified time,", THEN turns heating mode off.",FREE,ECO,NEUTRAL,ECO
IF is one of the specific days of the week at a specified time,", THEN turns heating mode off.",FREE,ECO,NEUTRAL,ECO
IF is one of the specific days of the week at a specified time,", THEN turns heating mode off.",FREE,ECO,NEUTRAL,ECO
IF is one of the specific days of the week at a specified time,", THEN turns heating mode off.",FREE,ECO,NEUTRAL,ECO
IF is one of the specific days of the week at a specified time,", THEN turns heating mode off.",FREE,ECO,NEUTRAL,ECO
IF is one of the specific days of the week at a specified time,", THEN starts heating at a preferred temperature.",FREE,ECO,ECO,ECO
IF is one of the specific days of the week at a specified time,", THEN starts heating at a preferred temperature.",FREE,ECO,ECO,ECO
IF is one of the specific days of the week at a specified time,", THEN starts heating at a preferred temperature.",FREE,ECO,ECO,ECO
IF is one of the specific days of the week at a specified time,", THEN starts heating at a preferred temperature.",FREE,ECO,ECO,ECO
IF is one of the specific days of the week at a specified time,", THEN starts heating at a preferred temperature.",FREE,ECO,ECO,ECO
IF is one of the specific days of the week at a specified time,", THEN turn ons frost protection mode.",FREE,ECO,NEUTRAL,ECO
IF is one of the specific days of the week at a specified time,", THEN turn ons frost protection mode.",FREE,ECO,NEUTRAL,ECO
IF is one of the specific days of the week at a specified time,", THEN turn ons frost protection mode.",FREE,ECO,NEUTRAL,ECO
IF is one of the specific days of the week at a specified time,", THEN turn ons frost protection mode.",FREE,ECO,NEUTRAL,ECO
IF is one of the specific days of the week at a specified time,", THEN turn ons frost protection mode.",FREE,ECO,NEUTRAL,ECO
IF is one of the specific days of the week at a specified time,", THEN turn off the thermostat.",FREE,ECO,NEUTRAL,ECO
IF is one of the specific days of the week at a specified time,", THEN turn off the thermostat.",FREE,ECO,NEUTRAL,ECO
IF is one of the specific days of the week at a specified time,", THEN turn off the thermostat.",FREE,ECO,NEUTRAL,ECO
IF is one of the specific days of the week at a specified time,", THEN turn off the thermostat.",FREE,ECO,NEUTRAL,ECO
IF is one of the specific days of the week at a specified time,", THEN turn off the thermostat.",FREE,ECO,NEUTRAL,ECO
IF is one of the specific days of the week at a specified time,", THEN activates fresh mode on the appliance.",FREE,ECO,NEUTRAL,ECO
IF is one of the specific days of the week at a specified time,", THEN activates fresh mode on the appliance.",FREE,ECO,NEUTRAL,ECO
IF is one of the specific days of the week at a specified time,", THEN activates fresh mode on the appliance.",FREE,ECO,NEUTRAL,ECO
IF is one of the specific days of the week at a specified time,", THEN activates fresh mode on the appliance.",FREE,ECO,NEUTRAL,ECO
IF is one of the specific days of the week at a specified time,", THEN activates fresh mode on the appliance.",FREE,ECO,NEUTRAL,ECO
IF is one of the specific days of the week at a specified time,", THEN updates the thermostat schedule.",FREE,ECO,NEUTRAL,ECO
IF is one of the specific days of the week at a specified time,", THEN updates the thermostat schedule.",FREE,ECO,NEUTRAL,ECO
IF is one of the specific days of the week at a specified time,", THEN updates the thermostat schedule.",FREE,ECO,NEUTRAL,ECO
IF is one of the specific days of the week at a specified time,", THEN updates the thermostat schedule.",FREE,ECO,NEUTRAL,ECO
IF is one of the specific days of the week at a specified time,", THEN updates the thermostat schedule.",FREE,ECO,NEUTRAL,ECO
IF is one of the specific days of the week at a specified time,", THEN turns on the air conditioner.",FREE,ECO,NEUTRAL,ECO
IF is one of the specific days of the week at a specified time,", THEN turns on the air conditioner.",FREE,ECO,NEUTRAL,ECO
IF is one of the specific days of the week at a specified time,", THEN turns on the air conditioner.",FREE,ECO,NEUTRAL,ECO
IF is one of the specific days of the week at a specified time,", THEN turns on the air conditioner.",FREE,ECO,NEUTRAL,ECO
IF is one of the specific days of the week at a specified time,", THEN turns on the air conditioner.",FREE,ECO,NEUTRAL,ECO
IF is one of the specific days of the week at a specified time,", THEN activates standby mode.",FREE,ECO,NEUTRAL,ECO
IF is one of the specific days of the week at a specified time,", THEN activates standby mode.",FREE,ECO,NEUTRAL,ECO
IF is one of the specific days of the week at a specified time,", THEN activates standby mode.",FREE,ECO,NEUTRAL,ECO
IF is one of the specific days of the week at a specified time,", THEN activates standby mode.",FREE,ECO,NEUTRAL,ECO
IF is one of the specific days of the week at a specified time,", THEN activates standby mode.",FREE,ECO,NEUTRAL,ECO
IF is one of the specific days of the week at a specified time,", THEN temporarily boosts refrigerator cooling.",FREE,ECO,NEUTRAL,ECO
IF is one of the specific days of the week at a specified time,", THEN temporarily boosts refrigerator cooling.",FREE,ECO,NEUTRAL,ECO
IF is one of the specific days of the week at a specified time,", THEN temporarily boosts refrigerator cooling.",FREE,ECO,NEUTRAL,ECO
IF is one of the specific days of the week at a specified time,", THEN temporarily boosts refrigerator cooling.",FREE,ECO,NEUTRAL,ECO
IF is one of the specific days of the week at a specified time,", THEN temporarily boosts refrigerator cooling.",FREE,ECO,NEUTRAL,ECO
IF a calendar event with a specific keyword occurs,", THEN sets a timed comfort profile hold.",FREE,NEUTRAL,ECO,ECO
IF a calendar event with a specific keyword occurs,", THEN sets a timed comfort profile hold.",FREE,NEUTRAL,ECO,ECO
IF a calendar event with a specific keyword occurs,", THEN sets a timed comfort profile hold.",FREE,NEUTRAL,ECO,ECO
IF a calendar event with a specific keyword occurs,", THEN sets a timed comfort profile hold.",FREE,NEUTRAL,ECO,ECO
IF a calendar event with a specific keyword occurs,", THEN sets a timed comfort profile hold.",FREE,NEUTRAL,ECO,ECO
IF a calendar event with a specific keyword occurs,", THEN turn ons eco mode on the appliance.",FREE,NEUTRAL,ECO,ECO
IF a calendar event with a specific keyword occurs,", THEN turn ons eco mode on the appliance.",FREE,NEUTRAL,ECO,ECO
IF a calendar event with a specific keyword occurs,", THEN turn ons eco mode on the appliance.",FREE,NEUTRAL,ECO,ECO
IF a calendar event with a specific keyword occurs,", THEN turn ons eco mode on the appliance.",FREE,NEUTRAL,ECO,ECO
IF a calendar event with a specific keyword occurs,", THEN turn ons eco mode on the appliance.",FREE,NEUTRAL,ECO,ECO
IF a calendar event with a specific keyword occurs,", THEN starts eco mode on the appliance.",FREE,NEUTRAL,ECO,ECO
IF a calendar event with a specific keyword occurs,", THEN starts eco mode on the appliance.",FREE,NEUTRAL,ECO,ECO
IF a calendar event with a specific keyword occurs,", THEN starts eco mode on the appliance.",FREE,NEUTRAL,ECO,ECO
IF a calendar event with a specific keyword occurs,", THEN starts eco mode on the appliance.",FREE,NEUTRAL,ECO,ECO
IF a calendar event with a specific keyword occurs,", THEN starts eco mode on the appliance.",FREE,NEUTRAL,ECO,ECO
IF a calendar event with a specific keyword occurs,", THEN enables eco mode on the appliance.",FREE,NEUTRAL,ECO,ECO
IF a calendar event with a specific keyword occurs,", THEN enables eco mode on the appliance.",FREE,NEUTRAL,ECO,ECO
IF a calendar event with a specific keyword occurs,", THEN enables eco mode on the appliance.",FREE,NEUTRAL,ECO,ECO
IF a calendar event with a specific keyword occurs,", THEN enables eco mode on the appliance.",FREE,NEUTRAL,ECO,ECO
IF a calendar event with a specific keyword occurs,", THEN enables eco mode on the appliance.",FREE,NEUTRAL,ECO,ECO
IF a calendar event with a specific keyword occurs,", THEN activates eco mode on the appliance.",FREE,NEUTRAL,ECO,ECO
IF a calendar event with a specific keyword occurs,", THEN activates eco mode on the appliance.",FREE,NEUTRAL,ECO,ECO
IF a calendar event with a specific keyword occurs,", THEN activates eco mode on the appliance.",FREE,NEUTRAL,ECO,ECO
IF a calendar event with a specific keyword occurs,", THEN activates eco mode on the appliance.",FREE,NEUTRAL,ECO,ECO
IF a calendar event with a specific keyword occurs,", THEN activates eco mode on the appliance.",FREE,NEUTRAL,ECO,ECO
IF a calendar event with a specific keyword occurs,", THEN the thermostat to the temperature you specify.",FREE,NEUTRAL,ECO,ECO
IF a calendar event with a specific keyword occurs,", THEN the thermostat to the temperature you specify.",FREE,NEUTRAL,ECO,ECO
IF a calendar event with a specific keyword occurs,", THEN the thermostat to the temperature you specify.",FREE,NEUTRAL,ECO,ECO
IF a calendar event with a specific keyword occurs,", THEN the thermostat to the temperature you specify.",FREE,NEUTRAL,ECO,ECO
IF a calendar event with a specific keyword occurs,", THEN the thermostat to the temperature you specify.",FREE,NEUTRAL,ECO,ECO
IF a calendar event with a specific keyword occurs,", THEN turn ons heating at a preferred temperature.",FREE,NEUTRAL,ECO,ECO
IF a calendar event with a specific keyword occurs,", THEN turn ons heating at a preferred temperature.",FREE,NEUTRAL,ECO,ECO
IF a calendar event with a specific keyword occurs,", THEN turn ons heating at a preferred temperature.",FREE,NEUTRAL,ECO,ECO
IF a calendar event with a specific keyword occurs,", THEN turn ons heating at a preferred temperature.",FREE,NEUTRAL,ECO,ECO
IF a calendar event with a specific keyword occurs,", THEN turn ons heating at a preferred temperature.",FREE,NEUTRAL,ECO,ECO
IF a calendar event with a specific keyword occurs,", THEN starts heating at a preferred temperature.",FREE,NEUTRAL,ECO,ECO
IF a calendar event with a specific keyword occurs,", THEN starts heating at a preferred temperature.",FREE,NEUTRAL,ECO,ECO
IF a calendar event with a specific keyword occurs,", THEN starts heating at a preferred temperature.",FREE,NEUTRAL,ECO,ECO
IF a calendar event with a specific keyword occurs,", THEN starts heating at a preferred temperature.",FREE,NEUTRAL,ECO,ECO
IF a calendar event with a specific keyword occurs,", THEN starts heating at a preferred temperature.",FREE,NEUTRAL,ECO,ECO
IF a smart device is switched on,", THEN sets a timed comfort profile hold.",FREE,NEUTRAL,ECO,ECO
IF a smart device is switched on,", THEN sets a timed comfort profile hold.",FREE,NEUTRAL,ECO,ECO
IF a smart device is switched on,", THEN sets a timed comfort profile hold.",FREE,NEUTRAL,ECO,ECO
IF a smart device is switched on,", THEN sets a timed comfort profile hold.",FREE,NEUTRAL,ECO,ECO
IF a smart device is switched on,", THEN sets a timed comfort profile hold.",FREE,NEUTRAL,ECO,ECO
IF a smart device is switched on,", THEN turn ons eco mode on the appliance.",FREE,NEUTRAL,ECO,ECO
IF a smart device is switched on,", THEN turn ons eco mode on the appliance.",FREE,NEUTRAL,ECO,ECO
IF a smart device is switched on,", THEN turn ons eco mode on the appliance.",FREE,NEUTRAL,ECO,ECO
IF a smart device is switched on,", THEN turn ons eco mode on the appliance.",FREE,NEUTRAL,ECO,ECO
IF a smart device is switched on,", THEN turn ons eco mode on the appliance.",FREE,NEUTRAL,ECO,ECO
IF a smart device is switched on,", THEN starts eco mode on the appliance.",FREE,NEUTRAL,ECO,ECO
IF a smart device is switched on,", THEN starts eco mode on the appliance.",FREE,NEUTRAL,ECO,ECO
IF a smart device is switched on,", THEN starts eco mode on the appliance.",FREE,NEUTRAL,ECO,ECO
IF a smart device is switched on,", THEN starts eco mode on the appliance.",FREE,NEUTRAL,ECO,ECO
IF a smart device is switched on,", THEN starts eco mode on the appliance.",FREE,NEUTRAL,ECO,ECO
IF a smart device is switched on,", THEN enables eco mode on the appliance.",FREE,NEUTRAL,ECO,ECO
IF a smart device is switched on,", THEN enables eco mode on the appliance.",FREE,NEUTRAL,ECO,ECO
IF a smart device is switched on,", THEN enables eco mode on the appliance.",FREE,NEUTRAL,ECO,ECO
IF a smart device is switched on,", THEN enables eco mode on the appliance.",FREE,NEUTRAL,ECO,ECO
IF a smart device is switched on,", THEN enables eco mode on the appliance.",FREE,NEUTRAL,ECO,ECO
IF a smart device is switched on,", THEN activates eco mode on the appliance.",FREE,NEUTRAL,ECO,ECO
IF a smart device is switched on,", THEN activates eco mode on the appliance.",FREE,NEUTRAL,ECO,ECO
IF a smart device is switched on,", THEN activates eco mode on the appliance.",FREE,NEUTRAL,ECO,ECO
IF a smart device is switched on,", THEN activates eco mode on the appliance.",FREE,NEUTRAL,ECO,ECO
IF a smart device is switched on,", THEN activates eco mode on the appliance.",FREE,NEUTRAL,ECO,ECO
IF a smart device is switched on,", THEN the thermostat to the temperature you specify.",FREE,NEUTRAL,ECO,ECO
IF a smart device is switched on,", THEN the thermostat to the temperature you specify.",FREE,NEUTRAL,ECO,ECO
IF a smart device is switched on,", THEN the thermostat to the temperature you specify.",FREE,NEUTRAL,ECO,ECO
IF a smart device is switched on,", THEN the thermostat to the temperature you specify.",FREE,NEUTRAL,ECO,ECO
IF a smart device is switched on,", THEN the thermostat to the temperature you specify.",FREE,NEUTRAL,ECO,ECO
IF a smart device is switched on,", THEN turn ons heating at a preferred temperature.",FREE,NEUTRAL,ECO,ECO
IF a smart device is switched on,", THEN turn ons heating at a preferred temperature.",FREE,NEUTRAL,ECO,ECO
IF a smart device is switched on,", THEN turn ons heating at a preferred temperature.",FREE,NEUTRAL,ECO,ECO
IF a smart device is switched on,", THEN turn ons heating at a preferred temperature.",FREE,NEUTRAL,ECO,ECO
IF a smart device is switched on,", THEN turn ons heating at a preferred temperature.",FREE,NEUTRAL,ECO,ECO
IF a smart device is switched on,", THEN starts heating at a preferred temperature.",FREE,NEUTRAL,ECO,ECO
IF a smart device is switched on,", THEN starts heating at a preferred temperature.",FREE,NEUTRAL,ECO,ECO
IF a smart device is switched on,", THEN starts heating at a preferred temperature.",FREE,NEUTRAL,ECO,ECO
IF a smart device is switched on,", THEN starts heating at a preferred temperature.",FREE,NEUTRAL,ECO,ECO
IF a smart device is switched on,", THEN starts heating at a preferred temperature.",FREE,NEUTRAL,ECO,ECO
IF a voice assistant is activated with a specific phrase,", THEN sets a timed comfort profile hold.",FREE,NEUTRAL,ECO,ECO
IF a voice assistant is activated with a specific phrase,", THEN sets a timed comfort profile hold.",FREE,NEUTRAL,ECO,ECO
IF a voice assistant is activated with a specific phrase,", THEN sets a timed comfort profile hold.",FREE,NEUTRAL,ECO,ECO
IF a voice assistant is activated with a specific phrase,", THEN sets a timed comfort profile hold.",FREE,NEUTRAL,ECO,ECO
IF a voice assistant is activated with a specific phrase,", THEN sets a timed comfort profile hold.",FREE,NEUTRAL,ECO,ECO
IF a voice assistant is activated with a specific phrase,", THEN turn ons eco mode on the appliance.",FREE,NEUTRAL,ECO,ECO
IF a voice assistant is activated with a specific phrase,", THEN turn ons eco mode on the appliance.",FREE,NEUTRAL,ECO,ECO
IF a voice assistant is activated with a specific phrase,", THEN turn ons eco mode on the appliance.",FREE,NEUTRAL,ECO,ECO
IF a voice assistant is activated with a specific phrase,", THEN turn ons eco mode on the appliance.",FREE,NEUTRAL,ECO,ECO
IF a voice assistant is activated with a specific phrase,", THEN turn ons eco mode on the appliance.",FREE,NEUTRAL,ECO,ECO
IF a voice assistant is activated with a specific phrase,", THEN starts eco mode on the appliance.",FREE,NEUTRAL,ECO,ECO
IF a voice assistant is activated with a specific phrase,", THEN starts eco mode on the appliance.",FREE,NEUTRAL,ECO,ECO
IF a voice assistant is activated with a specific phrase,", THEN starts eco mode on the appliance.",FREE,NEUTRAL,ECO,ECO
IF a voice assistant is activated with a specific phrase,", THEN starts eco mode on the appliance.",FREE,NEUTRAL,ECO,ECO
IF a voice assistant is activated with a specific phrase,", THEN starts eco mode on the appliance.",FREE,NEUTRAL,ECO,ECO
IF a voice assistant is activated with a specific phrase,", THEN enables eco mode on the appliance.",FREE,NEUTRAL,ECO,ECO
IF a voice assistant is activated with a specific phrase,", THEN enables eco mode on the appliance.",FREE,NEUTRAL,ECO,ECO
IF a voice assistant is activated with a specific phrase,", THEN enables eco mode on the appliance.",FREE,NEUTRAL,ECO,ECO
IF a voice assistant is activated with a specific phrase,", THEN enables eco mode on the appliance.",FREE,NEUTRAL,ECO,ECO
IF a voice assistant is activated with a specific phrase,", THEN enables eco mode on the appliance.",FREE,NEUTRAL,ECO,ECO
IF a voice assistant is activated with a specific phrase,", THEN activates eco mode on the appliance.",FREE,NEUTRAL,ECO,ECO
IF a voice assistant is activated with a specific phrase,", THEN activates eco mode on the appliance.",FREE,NEUTRAL,ECO,ECO
IF a voice assistant is activated with a specific phrase,", THEN activates eco mode on the appliance.",FREE,NEUTRAL,ECO,ECO
IF a voice assistant is activated with a specific phrase,", THEN activates eco mode on the appliance.",FREE,NEUTRAL,ECO,ECO
IF a voice assistant is activated with a specific phrase,", THEN activates eco mode on the appliance.",FREE,NEUTRAL,ECO,ECO
IF a voice assistant is activated with a specific phrase,", THEN the thermostat to the temperature you specify.",FREE,NEUTRAL,ECO,ECO
IF a voice assistant is activated with a specific phrase,", THEN the thermostat to the temperature you specify.",FREE,NEUTRAL,ECO,ECO
IF a voice assistant is activated with a specific phrase,", THEN the thermostat to the temperature you specify.",FREE,NEUTRAL,ECO,ECO
IF a voice assistant is activated with a specific phrase,", THEN the thermostat to the temperature you specify.",FREE,NEUTRAL,ECO,ECO
IF a voice assistant is activated with a specific phrase,", THEN the thermostat to the temperature you specify.",FREE,NEUTRAL,ECO,ECO
IF a voice assistant is activated with a specific phrase,", THEN turn ons heating at a preferred temperature.",FREE,NEUTRAL,ECO,ECO
IF a voice assistant is activated with a specific phrase,", THEN turn ons heating at a preferred temperature.",FREE,NEUTRAL,ECO,ECO
IF a voice assistant is activated with a specific phrase,", THEN turn ons heating at a preferred temperature.",FREE,NEUTRAL,ECO,ECO
IF a voice assistant is activated with a specific phrase,", THEN turn ons heating at a preferred temperature.",FREE,NEUTRAL,ECO,ECO
IF a voice assistant is activated with a specific phrase,", THEN turn ons heating at a preferred temperature.",FREE,NEUTRAL,ECO,ECO
IF a voice assistant is activated with a specific phrase,", THEN starts heating at a preferred temperature.",FREE,NEUTRAL,ECO,ECO
IF a voice assistant is activated with a specific phrase,", THEN starts heating at a preferred temperature.",FREE,NEUTRAL,ECO,ECO
IF a voice assistant is activated with a specific phrase,", THEN starts heating at a preferred temperature.",FREE,NEUTRAL,ECO,ECO
IF a voice assistant is activated with a specific phrase,", THEN starts heating at a preferred temperature.",FREE,NEUTRAL,ECO,ECO
IF a voice assistant is activated with a specific phrase,", THEN starts heating at a preferred temperature.",FREE,NEUTRAL,ECO,ECO
IF shortly before a calendar event with a specific keyword occurs,", THEN sets a timed comfort profile hold.",FREE,NEUTRAL,ECO,ECO
IF shortly before a calendar event with a specific keyword occurs,", THEN sets a timed comfort profile hold.",FREE,NEUTRAL,ECO,ECO
IF shortly before a calendar event with a specific keyword occurs,", THEN sets a timed comfort profile hold.",FREE,NEUTRAL,ECO,ECO
IF shortly before a calendar event with a specific keyword occurs,", THEN sets a timed comfort profile hold.",FREE,NEUTRAL,ECO,ECO
IF shortly before a calendar event with a specific keyword occurs,", THEN sets a timed comfort profile hold.",FREE,NEUTRAL,ECO,ECO
IF shortly before a calendar event with a specific keyword occurs,", THEN turn ons eco mode on the appliance.",FREE,NEUTRAL,ECO,ECO
IF shortly before a calendar event with a specific keyword occurs,", THEN turn ons eco mode on the appliance.",FREE,NEUTRAL,ECO,ECO
IF shortly before a calendar event with a specific keyword occurs,", THEN turn ons eco mode on the appliance.",FREE,NEUTRAL,ECO,ECO
IF shortly before a calendar event with a specific keyword occurs,", THEN turn ons eco mode on the appliance.",FREE,NEUTRAL,ECO,ECO
IF shortly before a calendar event with a specific keyword occurs,", THEN turn ons eco mode on the appliance.",FREE,NEUTRAL,ECO,ECO
IF shortly before a calendar event with a specific keyword occurs,", THEN starts eco mode on the appliance.",FREE,NEUTRAL,ECO,ECO
IF shortly before a calendar event with a specific keyword occurs,", THEN starts eco mode on the appliance.",FREE,NEUTRAL,ECO,ECO
IF shortly before a calendar event with a specific keyword occurs,", THEN starts eco mode on the appliance.",FREE,NEUTRAL,ECO,ECO
IF shortly before a calendar event with a specific keyword occurs,", THEN starts eco mode on the appliance.",FREE,NEUTRAL,ECO,ECO
IF shortly before a calendar event with a specific keyword occurs,", THEN starts eco mode on the appliance.",FREE,NEUTRAL,ECO,ECO
IF shortly before a calendar event with a specific keyword occurs,", THEN enables eco mode on the appliance.",FREE,NEUTRAL,ECO,ECO
IF shortly before a calendar event with a specific keyword occurs,", THEN enables eco mode on the appliance.",FREE,NEUTRAL,ECO,ECO
IF shortly before a calendar event with a specific keyword occurs,", THEN enables eco mode on the appliance.",FREE,NEUTRAL,ECO,ECO
IF shortly before a calendar event with a specific keyword occurs,", THEN enables eco mode on the appliance.",FREE,NEUTRAL,ECO,ECO
IF shortly before a calendar event with a specific keyword occurs,", THEN enables eco mode on the appliance.",FREE,NEUTRAL,ECO,ECO
IF shortly before a calendar event with a specific keyword occurs,", THEN activates eco mode on the appliance.",FREE,NEUTRAL,ECO,ECO
IF shortly before a calendar event with a specific keyword occurs,", THEN activates eco mode on the appliance.",FREE,NEUTRAL,ECO,ECO
IF shortly before a calendar event with a specific keyword occurs,", THEN activates eco mode on the appliance.",FREE,NEUTRAL,ECO,ECO
IF shortly before a calendar event with a specific keyword occurs,", THEN activates eco mode on the appliance.",FREE,NEUTRAL,ECO,ECO
IF shortly before a calendar event with a specific keyword occurs,", THEN activates eco mode on the appliance.",FREE,NEUTRAL,ECO,ECO
IF shortly before a calendar event with a specific keyword occurs,", THEN the thermostat to the temperature you specify.",FREE,NEUTRAL,ECO,ECO
IF shortly before a calendar event with a specific keyword occurs,", THEN the thermostat to the temperature you specify.",FREE,NEUTRAL,ECO,ECO
IF shortly before a calendar event with a specific keyword occurs,", THEN the thermostat to the temperature you specify.",FREE,NEUTRAL,ECO,ECO
IF shortly before a calendar event with a specific keyword occurs,", THEN the thermostat to the temperature you specify.",FREE,NEUTRAL,ECO,ECO
IF shortly before a calendar event with a specific keyword occurs,", THEN the thermostat to the temperature you specify.",FREE,NEUTRAL,ECO,ECO
IF shortly before a calendar event with a specific keyword occurs,", THEN turn ons heating at a preferred temperature.",FREE,NEUTRAL,ECO,ECO
IF shortly before a calendar event with a specific keyword occurs,", THEN turn ons heating at a preferred temperature.",FREE,NEUTRAL,ECO,ECO
IF shortly before a calendar event with a specific keyword occurs,", THEN turn ons heating at a preferred temperature.",FREE,NEUTRAL,ECO,ECO
IF shortly before a calendar event with a specific keyword occurs,", THEN turn ons heating at a preferred temperature.",FREE,NEUTRAL,ECO,ECO
IF shortly before a calendar event with a specific keyword occurs,", THEN turn ons heating at a preferred temperature.",FREE,NEUTRAL,ECO,ECO
IF shortly before a calendar event with a specific keyword occurs,", THEN starts heating at a preferred temperature.",FREE,NEUTRAL,ECO,ECO
IF shortly before a calendar event with a specific keyword occurs,", THEN starts heating at a preferred temperature.",FREE,NEUTRAL,ECO,ECO
IF shortly before a calendar event with a specific keyword occurs,", THEN starts heating at a preferred temperature.",FREE,NEUTRAL,ECO,ECO
IF shortly before a calendar event with a specific keyword occurs,", THEN starts heating at a preferred temperature.",FREE,NEUTRAL,ECO,ECO
IF shortly before a calendar event with a specific keyword occurs,", THEN starts heating at a preferred temperature.",FREE,NEUTRAL,ECO,ECO
IF a button is pressed,", THEN sets a timed comfort profile hold.",FREE,NEUTRAL,ECO,ECO
IF a button is pressed,", THEN sets a timed comfort profile hold.",FREE,NEUTRAL,ECO,ECO
IF a button is pressed,", THEN sets a timed comfort profile hold.",FREE,NEUTRAL,ECO,ECO
IF a button is pressed,", THEN sets a timed comfort profile hold.",FREE,NEUTRAL,ECO,ECO
IF a button is pressed,", THEN sets a timed comfort profile hold.",FREE,NEUTRAL,ECO,ECO
IF a button is pressed,", THEN turn ons eco mode on the appliance.",FREE,NEUTRAL,ECO,ECO
IF a button is pressed,", THEN turn ons eco mode on the appliance.",FREE,NEUTRAL,ECO,ECO
IF a button is pressed,", THEN turn ons eco mode on the appliance.",FREE,NEUTRAL,ECO,ECO
IF a button is pressed,", THEN turn ons eco mode on the appliance.",FREE,NEUTRAL,ECO,ECO
IF a button is pressed,", THEN turn ons eco mode on the appliance.",FREE,NEUTRAL,ECO,ECO
IF a button is pressed,", THEN starts eco mode on the appliance.",FREE,NEUTRAL,ECO,ECO
IF a button is pressed,", THEN starts eco mode on the appliance.",FREE,NEUTRAL,ECO,ECO
IF a button is pressed,", THEN starts eco mode on the appliance.",FREE,NEUTRAL,ECO,ECO
IF a button is pressed,", THEN starts eco mode on the appliance.",FREE,NEUTRAL,ECO,ECO
IF a button is pressed,", THEN starts eco mode on the appliance.",FREE,NEUTRAL,ECO,ECO
IF a button is pressed,", THEN enables eco mode on the appliance.",FREE,NEUTRAL,ECO,ECO
IF a button is pressed,", THEN enables eco mode on the appliance.",FREE,NEUTRAL,ECO,ECO
IF a button is pressed,", THEN enables eco mode on the appliance.",FREE,NEUTRAL,ECO,ECO
IF a button is pressed,", THEN enables eco mode on the appliance.",FREE,NEUTRAL,ECO,ECO
IF a button is pressed,", THEN enables eco mode on the appliance.",FREE,NEUTRAL,ECO,ECO
IF a button is pressed,", THEN activates eco mode on the appliance.",FREE,NEUTRAL,ECO,ECO
IF a button is pressed,", THEN activates eco mode on the appliance.",FREE,NEUTRAL,ECO,ECO
IF a button is pressed,", THEN activates eco mode on the appliance.",FREE,NEUTRAL,ECO,ECO
IF a button is pressed,", THEN activates eco mode on the appliance.",FREE,NEUTRAL,ECO,ECO
IF a button is pressed,", THEN activates eco mode on the appliance.",FREE,NEUTRAL,ECO,ECO
IF a button is pressed,", THEN the thermostat to the temperature you specify.",FREE,NEUTRAL,ECO,ECO
IF a button is pressed,", THEN the thermostat to the temperature you specify.",FREE,NEUTRAL,ECO,ECO
IF a button is pressed,", THEN the thermostat to the temperature you specify.",FREE,NEUTRAL,ECO,ECO
IF a button is pressed,", THEN the thermostat to the temperature you specify.",FREE,NEUTRAL,ECO,ECO
IF a button is pressed,", THEN the thermostat to the temperature you specify.",FREE,NEUTRAL,ECO,ECO
IF a button is pressed,", THEN turn ons heating at a preferred temperature.",FREE,NEUTRAL,ECO,ECO
IF a button is pressed,", THEN turn ons heating at a preferred temperature.",FREE,NEUTRAL,ECO,ECO
IF a button is pressed,", THEN turn ons heating at a preferred temperature.",FREE,NEUTRAL,ECO,ECO
IF a button is pressed,", THEN turn ons heating at a preferred temperature.",FREE,NEUTRAL,ECO,ECO
IF a button is pressed,", THEN turn ons heating at a preferred temperature.",FREE,NEUTRAL,ECO,ECO
IF a button is pressed,", THEN starts heating at a preferred temperature.",FREE,NEUTRAL,ECO,ECO
IF a button is pressed,", THEN starts heating at a preferred temperature.",FREE,NEUTRAL,ECO,ECO
IF a button is pressed,", THEN starts heating at a preferred temperature.",FREE,NEUTRAL,ECO,ECO
IF a button is pressed,", THEN starts heating at a preferred temperature.",FREE,NEUTRAL,ECO,ECO
IF a button is pressed,", THEN starts heating at a preferred temperature.",FREE,NEUTRAL,ECO,ECO
IF the user enters a specified area,", THEN sets the thermostat temperature.",LOCKED,ECO,NEUTRAL,ECO
IF the user enters a specified area,", THEN sets the thermostat temperature.",LOCKED,ECO,NEUTRAL,ECO
IF the user enters a specified area,", THEN sets the thermostat temperature.",LOCKED,ECO,NEUTRAL,ECO
IF the user enters a specified area,", THEN sets the thermostat temperature.",LOCKED,ECO,NEUTRAL,ECO
IF the user enters a specified area,", THEN sets the thermostat temperature.",LOCKED,ECO,NEUTRAL,ECO
IF the user enters a specified area,", THEN turns on the air conditioner.",LOCKED,ECO,NEUTRAL,ECO
IF the user enters a specified area,", THEN turns on the air conditioner.",LOCKED,ECO,NEUTRAL,ECO
IF the user enters a specified area,", THEN turns on the air conditioner.",LOCKED,ECO,NEUTRAL,ECO
IF the user enters a specified area,", THEN turns on the air conditioner.",LOCKED,ECO,NEUTRAL,ECO
IF the user enters a specified area,", THEN turns on the air conditioner.",LOCKED,ECO,NEUTRAL,ECO
IF the user enters a specified area,", THEN restores default heating schedule.",LOCKED,ECO,NEUTRAL,ECO
IF the user enters a specified area,", THEN restores default heating schedule.",LOCKED,ECO,NEUTRAL,ECO
IF the user enters a specified area,", THEN restores default heating schedule.",LOCKED,ECO,NEUTRAL,ECO
IF the user enters a specified area,", THEN restores default heating schedule.",LOCKED,ECO,NEUTRAL,ECO
IF the user enters a specified area,", THEN restores default heating schedule.",LOCKED,ECO,NEUTRAL,ECO
IF the user enters a specified area,", THEN boosts heating temporarily.",LOCKED,ECO,NEUTRAL,ECO
IF the user enters a specified area,", THEN boosts heating temporarily.",LOCKED,ECO,NEUTRAL,ECO
IF the user enters a specified area,", THEN boosts heating temporarily.",LOCKED,ECO,NEUTRAL,ECO
IF the user enters a specified area,", THEN boosts heating temporarily.",LOCKED,ECO,NEUTRAL,ECO
IF the user enters a specified area,", THEN boosts heating temporarily.",LOCKED,ECO,NEUTRAL,ECO
IF the user enters a specified area,", THEN configures thermostat fan mode.",LOCKED,ECO,NEUTRAL,ECO
IF the user enters a specified area,", THEN configures thermostat fan mode.",LOCKED,ECO,NEUTRAL,ECO
IF the user enters a specified area,", THEN configures thermostat fan mode.",LOCKED,ECO,NEUTRAL,ECO
IF the user enters a specified area,", THEN configures thermostat fan mode.",LOCKED,ECO,NEUTRAL,ECO
IF the user enters a specified area,", THEN configures thermostat fan mode.",LOCKED,ECO,NEUTRAL,ECO
IF the user enters a specified area,", THEN sets the temperature on the Heatmiser thermostat.",LOCKED,ECO,NEUTRAL,ECO
IF the user enters a specified area,", THEN sets the temperature on the Heatmiser thermostat.",LOCKED,ECO,NEUTRAL,ECO
IF the user enters a specified area,", THEN sets the temperature on the Heatmiser thermostat.",LOCKED,ECO,NEUTRAL,ECO
IF the user enters a specified area,", THEN sets the temperature on the Heatmiser thermostat.",LOCKED,ECO,NEUTRAL,ECO
IF the user enters a specified area,", THEN sets the temperature on the Heatmiser thermostat.",LOCKED,ECO,NEUTRAL,ECO
IF the user enters a specified area,", THEN resumes the programmed schedule.",LOCKED,ECO,NEUTRAL,ECO
IF the user enters a specified area,", THEN resumes the programmed schedule.",LOCKED,ECO,NEUTRAL,ECO
IF the user enters a specified area,", THEN resumes the programmed schedule.",LOCKED,ECO,NEUTRAL,ECO
IF the user enters a specified area,", THEN resumes the programmed schedule.",LOCKED,ECO,NEUTRAL,ECO
IF the user enters a specified area,", THEN resumes the programmed schedule.",LOCKED,ECO,NEUTRAL,ECO
IF the user enters a specified area,", THEN sets the heating mode.",LOCKED,ECO,NEUTRAL,ECO
IF the user enters a specified area,", THEN sets the heating mode.",LOCKED,ECO,NEUTRAL,ECO
IF the user enters a specified area,", THEN sets the heating mode.",LOCKED,ECO,NEUTRAL,ECO
IF the user enters a specified area,", THEN sets the heating mode.",LOCKED,ECO,NEUTRAL,ECO
IF the user enters a specified area,", THEN sets the heating mode.",LOCKED,ECO,NEUTRAL,ECO
IF the user enters a specified area,", THEN cancels the current thermostat event.",LOCKED,ECO,NEUTRAL,ECO
IF the user enters a specified area,", THEN cancels the current thermostat event.",LOCKED,ECO,NEUTRAL,ECO
IF the user enters a specified area,", THEN cancels the current thermostat event.",LOCKED,ECO,NEUTRAL,ECO
IF the user enters a specified area,", THEN cancels the current thermostat event.",LOCKED,ECO,NEUTRAL,ECO
IF the user enters a specified area,", THEN cancels the current thermostat event.",LOCKED,ECO,NEUTRAL,ECO
IF the user enters a specified area,", THEN sets a comfort profile hold.",LOCKED,ECO,NEUTRAL,ECO
IF the user enters a specified area,", THEN sets a comfort profile hold.",LOCKED,ECO,NEUTRAL,ECO
IF the user enters a specified area,", THEN sets a comfort profile hold.",LOCKED,ECO,NEUTRAL,ECO
IF the user enters a specified area,", THEN sets a comfort profile hold.",LOCKED,ECO,NEUTRAL,ECO
IF the user enters a specified area,", THEN sets a comfort profile hold.",LOCKED,ECO,NEUTRAL,ECO
IF the user enters a specified area,", THEN sets the thermostat mode.",LOCKED,ECO,NEUTRAL,ECO
IF the user enters a specified area,", THEN sets the thermostat mode.",LOCKED,ECO,NEUTRAL,ECO
IF the user enters a specified area,", THEN sets the thermostat mode.",LOCKED,ECO,NEUTRAL,ECO
IF the user enters a specified area,", THEN sets the thermostat mode.",LOCKED,ECO,NEUTRAL,ECO
IF the user enters a specified area,", THEN sets the thermostat mode.",LOCKED,ECO,NEUTRAL,ECO
IF the user enters a specified area,", THEN turns on the air conditioner and configures settings.",LOCKED,ECO,NEUTRAL,ECO
IF the user enters a specified area,", THEN turns on the air conditioner and configures settings.",LOCKED,ECO,NEUTRAL,ECO
IF the user enters a specified area,", THEN turns on the air conditioner and configures settings.",LOCKED,ECO,NEUTRAL,ECO
IF the user enters a specified area,", THEN turns on the air conditioner and configures settings.",LOCKED,ECO,NEUTRAL,ECO
IF the user enters a specified area,", THEN turns on the air conditioner and configures settings.",LOCKED,ECO,NEUTRAL,ECO
IF the user enters a specified area,", THEN sets thermostat group mode.",LOCKED,ECO,NEUTRAL,ECO
IF the user enters a specified area,", THEN sets thermostat group mode.",LOCKED,ECO,NEUTRAL,ECO
IF the user enters a specified area,", THEN sets thermostat group mode.",LOCKED,ECO,NEUTRAL,ECO
IF the user enters a specified area,", THEN sets thermostat group mode.",LOCKED,ECO,NEUTRAL,ECO
IF the user enters a specified area,", THEN sets thermostat group mode.",LOCKED,ECO,NEUTRAL,ECO
IF the user enters a specified area,", THEN sets the TRV temperature.",LOCKED,ECO,NEUTRAL,ECO
IF the user enters a specified area,", THEN sets the TRV temperature.",LOCKED,ECO,NEUTRAL,ECO
IF the user enters a specified area,", THEN sets the TRV temperature.",LOCKED,ECO,NEUTRAL,ECO
IF the user enters a specified area,", THEN sets the TRV temperature.",LOCKED,ECO,NEUTRAL,ECO
IF the user enters a specified area,", THEN sets the TRV temperature.",LOCKED,ECO,NEUTRAL,ECO
IF the user enters a specified area,", THEN sets heating mode to scheduled.",LOCKED,ECO,NEUTRAL,ECO
IF the user enters a specified area,", THEN sets heating mode to scheduled.",LOCKED,ECO,NEUTRAL,ECO
IF the user enters a specified area,", THEN sets heating mode to scheduled.",LOCKED,ECO,NEUTRAL,ECO
IF the user enters a specified area,", THEN sets heating mode to scheduled.",LOCKED,ECO,NEUTRAL,ECO
IF the user enters a specified area,", THEN sets heating mode to scheduled.",LOCKED,ECO,NEUTRAL,ECO
IF the user enters a specified area,", THEN turns on the Aros air conditioner.",LOCKED,ECO,NEUTRAL,ECO
IF the user enters a specified area,", THEN turns on the Aros air conditioner.",LOCKED,ECO,NEUTRAL,ECO
IF the user enters a specified area,", THEN turns on the Aros air conditioner.",LOCKED,ECO,NEUTRAL,ECO
IF the user enters a specified area,", THEN turns on the Aros air conditioner.",LOCKED,ECO,NEUTRAL,ECO
IF the user enters a specified area,", THEN turns on the Aros air conditioner.",LOCKED,ECO,NEUTRAL,ECO
IF the user enters a specified area,", THEN sets the thermostat to manual mode at a fixed temperature.",LOCKED,ECO,NEUTRAL,ECO
IF the user enters a specified area,", THEN sets the thermostat to manual mode at a fixed temperature.",LOCKED,ECO,NEUTRAL,ECO
IF the user enters a specified area,", THEN sets the thermostat to manual mode at a fixed temperature.",LOCKED,ECO,NEUTRAL,ECO
IF the user enters a specified area,", THEN sets the thermostat to manual mode at a fixed temperature.",LOCKED,ECO,NEUTRAL,ECO
IF the user enters a specified area,", THEN sets the thermostat to manual mode at a fixed temperature.",LOCKED,ECO,NEUTRAL,ECO
IF the user enters a specified area,", THEN the thermostat to the temperature you specify.",LOCKED,ECO,ECO,ECO
IF the user enters a specified area,", THEN the thermostat to the temperature you specify.",LOCKED,ECO,ECO,ECO
IF the user enters a specified area,", THEN the thermostat to the temperature you specify.",LOCKED,ECO,ECO,ECO
IF the user enters a specified area,", THEN the thermostat to the temperature you specify.",LOCKED,ECO,ECO,ECO
IF the user enters a specified area,", THEN the thermostat to the temperature you specify.",LOCKED,ECO,ECO,ECO
IF the user enters a specified area,", THEN sets the thermostat target temperature.",LOCKED,ECO,NEUTRAL,ECO
IF the user enters a specified area,", THEN sets the thermostat target temperature.",LOCKED,ECO,NEUTRAL,ECO
IF the user enters a specified area,", THEN sets the thermostat target temperature.",LOCKED,ECO,NEUTRAL,ECO
IF the user enters a specified area,", THEN sets the thermostat target temperature.",LOCKED,ECO,NEUTRAL,ECO
IF the user enters a specified area,", THEN sets the thermostat target temperature.",LOCKED,ECO,NEUTRAL,ECO
IF local temperature is below a specified value,", THEN sets the target temperature on the window air conditioner.",LOCKED,ECO,NEUTRAL,ECO
IF local temperature is below a specified value,", THEN sets the target temperature on the window air conditioner.",LOCKED,ECO,NEUTRAL,ECO
IF local temperature is below a specified value,", THEN sets the target temperature on the window air conditioner.",LOCKED,ECO,NEUTRAL,ECO
IF local temperature is below a specified value,", THEN sets the target temperature on the window air conditioner.",LOCKED,ECO,NEUTRAL,ECO
IF local temperature is below a specified value,", THEN sets the target temperature on the window air conditioner.",LOCKED,ECO,NEUTRAL,ECO
IF local temperature is below a specified value,", THEN boosts heating temporarily.",LOCKED,ECO,NEUTRAL,ECO
IF local temperature is below a specified value,", THEN boosts heating temporarily.",LOCKED,ECO,NEUTRAL,ECO
IF local temperature is below a specified value,", THEN boosts heating temporarily.",LOCKED,ECO,NEUTRAL,ECO
IF local temperature is below a specified value,", THEN boosts heating temporarily.",LOCKED,ECO,NEUTRAL,ECO
IF local temperature is below a specified value,", THEN boosts heating temporarily.",LOCKED,ECO,NEUTRAL,ECO
IF local temperature is below a specified value,", THEN sets the room temperature.",LOCKED,ECO,NEUTRAL,ECO
IF local temperature is below a specified value,", THEN sets the room temperature.",LOCKED,ECO,NEUTRAL,ECO
IF local temperature is below a specified value,", THEN sets the room temperature.",LOCKED,ECO,NEUTRAL,ECO
IF local temperature is below a specified value,", THEN sets the room temperature.",LOCKED,ECO,NEUTRAL,ECO
IF local temperature is below a specified value,", THEN sets the room temperature.",LOCKED,ECO,NEUTRAL,ECO
IF local temperature is below a specified value,", THEN sets the thermostat temperature.",LOCKED,ECO,NEUTRAL,ECO
IF local temperature is below a specified value,", THEN sets the thermostat temperature.",LOCKED,ECO,NEUTRAL,ECO
IF local temperature is below a specified value,", THEN sets the thermostat temperature.",LOCKED,ECO,NEUTRAL,ECO
IF local temperature is below a specified value,", THEN sets the thermostat temperature.",LOCKED,ECO,NEUTRAL,ECO
IF local temperature is below a specified value,", THEN sets the thermostat temperature.",LOCKED,ECO,NEUTRAL,ECO
IF local temperature is below a specified value,", THEN restores default heating schedule.",LOCKED,ECO,NEUTRAL,ECO
IF local temperature is below a specified value,", THEN restores default heating schedule.",LOCKED,ECO,NEUTRAL,ECO
IF local temperature is below a specified value,", THEN restores default heating schedule.",LOCKED,ECO,NEUTRAL,ECO
IF local temperature is below a specified value,", THEN restores default heating schedule.",LOCKED,ECO,NEUTRAL,ECO
IF local temperature is below a specified value,", THEN restores default heating schedule.",LOCKED,ECO,NEUTRAL,ECO
IF local temperature is below a specified value,", THEN enables a temperature hold.",LOCKED,ECO,NEUTRAL,ECO
IF local temperature is below a specified value,", THEN enables a temperature hold.",LOCKED,ECO,NEUTRAL,ECO
IF local temperature is below a specified value,", THEN enables a temperature hold.",LOCKED,ECO,NEUTRAL,ECO
IF local temperature is below a specified value,", THEN enables a temperature hold.",LOCKED,ECO,NEUTRAL,ECO
IF local temperature is below a specified value,", THEN enables a temperature hold.",LOCKED,ECO,NEUTRAL,ECO
IF local temperature is below a specified value,", THEN the thermostat to the temperature you specify.",LOCKED,ECO,ECO,ECO
IF local temperature is below a specified value,", THEN the thermostat to the temperature you specify.",LOCKED,ECO,ECO,ECO
IF local temperature is below a specified value,", THEN the thermostat to the temperature you specify.",LOCKED,ECO,ECO,ECO
IF local temperature is below a specified value,", THEN the thermostat to the temperature you specify.",LOCKED,ECO,ECO,ECO
IF local temperature is below a specified value,", THEN the thermostat to the temperature you specify.",LOCKED,ECO,ECO,ECO
IF local temperature is below a specified value,", THEN sets heating mode.",LOCKED,ECO,NEUTRAL,ECO
IF local temperature is below a specified value,", THEN sets heating mode.",LOCKED,ECO,NEUTRAL,ECO
IF local temperature is below a specified value,", THEN sets heating mode.",LOCKED,ECO,NEUTRAL,ECO
IF local temperature is below a specified value,", THEN sets heating mode.",LOCKED,ECO,NEUTRAL,ECO
IF local temperature is below a specified value,", THEN sets heating mode.",LOCKED,ECO,NEUTRAL,ECO
IF local temperature is below a specified value,", THEN sets the thermostat to manual mode at a fixed temperature.",LOCKED,ECO,NEUTRAL,ECO
IF local temperature is below a specified value,", THEN sets the thermostat to manual mode at a fixed temperature.",LOCKED,ECO,NEUTRAL,ECO
IF local temperature is below a specified value,", THEN sets the thermostat to manual mode at a fixed temperature.",LOCKED,ECO,NEUTRAL,ECO
IF local temperature is below a specified value,", THEN sets the thermostat to manual mode at a fixed temperature.",LOCKED,ECO,NEUTRAL,ECO
IF local temperature is below a specified value,", THEN sets the thermostat to manual mode at a fixed temperature.",LOCKED,ECO,NEUTRAL,ECO
IF local temperature is below a specified value,", THEN configures thermostat fan mode.",LOCKED,ECO,NEUTRAL,ECO
IF local temperature is below a specified value,", THEN configures thermostat fan mode.",LOCKED,ECO,NEUTRAL,ECO
IF local temperature is below a specified value,", THEN configures thermostat fan mode.",LOCKED,ECO,NEUTRAL,ECO
IF local temperature is below a specified value,", THEN configures thermostat fan mode.",LOCKED,ECO,NEUTRAL,ECO
IF local temperature is below a specified value,", THEN configures thermostat fan mode.",LOCKED,ECO,NEUTRAL,ECO
IF local temperature is below a specified value,", THEN sets heating mode to scheduled.",LOCKED,ECO,NEUTRAL,ECO
IF local temperature is below a specified value,", THEN sets heating mode to scheduled.",LOCKED,ECO,NEUTRAL,ECO
IF local temperature is below a specified value,", THEN sets heating mode to scheduled.",LOCKED,ECO,NEUTRAL,ECO
IF local temperature is below a specified value,", THEN sets heating mode to scheduled.",LOCKED,ECO,NEUTRAL,ECO
IF local temperature is below a specified value,", THEN sets heating mode to scheduled.",LOCKED,ECO,NEUTRAL,ECO
IF local temperature is below a specified value,", THEN starts heating.",LOCKED,ECO,NEUTRAL,ECO
IF local temperature is below a specified value,", THEN starts heating.",LOCKED,ECO,NEUTRAL,ECO
IF local temperature is below a specified value,", THEN starts heating.",LOCKED,ECO,NEUTRAL,ECO
IF local temperature is below a specified value,", THEN starts heating.",LOCKED,ECO,NEUTRAL,ECO
IF local temperature is below a specified value,", THEN starts heating.",LOCKED,ECO,NEUTRAL,ECO
IF local temperature is below a specified value,", THEN sets the heating mode.",LOCKED,ECO,NEUTRAL,ECO
IF local temperature is below a specified value,", THEN sets the heating mode.",LOCKED,ECO,NEUTRAL,ECO
IF local temperature is below a specified value,", THEN sets the heating mode.",LOCKED,ECO,NEUTRAL,ECO
IF local temperature is below a specified value,", THEN sets the heating mode.",LOCKED,ECO,NEUTRAL,ECO
IF local temperature is below a specified value,", THEN sets the heating mode.",LOCKED,ECO,NEUTRAL,ECO
IF local temperature is below a specified value,", THEN sets a comfort profile hold.",LOCKED,ECO,NEUTRAL,ECO
IF local temperature is below a specified value,", THEN sets a comfort profile hold.",LOCKED,ECO,NEUTRAL,ECO
IF local temperature is below a specified value,", THEN sets a comfort profile hold.",LOCKED,ECO,NEUTRAL,ECO
IF local temperature is below a specified value,", THEN sets a comfort profile hold.",LOCKED,ECO,NEUTRAL,ECO
IF local temperature is below a specified value,", THEN sets a comfort profile hold.",LOCKED,ECO,NEUTRAL,ECO
IF the user exits a specified area,", THEN sets the thermostat temperature.",LOCKED,ECO,NEUTRAL,ECO
IF the user exits a specified area,", THEN sets the thermostat temperature.",LOCKED,ECO,NEUTRAL,ECO
IF the user exits a specified area,", THEN sets the thermostat temperature.",LOCKED,ECO,NEUTRAL,ECO
IF the user exits a specified area,", THEN sets the thermostat temperature.",LOCKED,ECO,NEUTRAL,ECO
IF the user exits a specified area,", THEN sets the thermostat temperature.",LOCKED,ECO,NEUTRAL,ECO
IF the user exits a specified area,", THEN sets the thermostat mode.",LOCKED,ECO,NEUTRAL,ECO
IF the user exits a specified area,", THEN sets the thermostat mode.",LOCKED,ECO,NEUTRAL,ECO
IF the user exits a specified area,", THEN sets the thermostat mode.",LOCKED,ECO,NEUTRAL,ECO
IF the user exits a specified area,", THEN sets the thermostat mode.",LOCKED,ECO,NEUTRAL,ECO
IF the user exits a specified area,", THEN sets the thermostat mode.",LOCKED,ECO,NEUTRAL,ECO
IF the user exits a specified area,", THEN the thermostat to the temperature you specify.",LOCKED,ECO,ECO,ECO
IF the user exits a specified area,", THEN the thermostat to the temperature you specify.",LOCKED,ECO,ECO,ECO
IF the user exits a specified area,", THEN the thermostat to the temperature you specify.",LOCKED,ECO,ECO,ECO
IF the user exits a specified area,", THEN the thermostat to the temperature you specify.",LOCKED,ECO,ECO,ECO
IF the user exits a specified area,", THEN the thermostat to the temperature you specify.",LOCKED,ECO,ECO,ECO
IF the user exits a specified area,", THEN turns heating mode off.",LOCKED,ECO,NEUTRAL,ECO
IF the user exits a specified area,", THEN turns heating mode off.",LOCKED,ECO,NEUTRAL,ECO
IF the user exits a specified area,", THEN turns heating mode off.",LOCKED,ECO,NEUTRAL,ECO
IF the user exits a specified area,", THEN turns heating mode off.",LOCKED,ECO,NEUTRAL,ECO
IF the user exits a specified area,", THEN turns heating mode off.",LOCKED,ECO,NEUTRAL,ECO
IF the user exits a specified area,", THEN sets the heating mode.",LOCKED,ECO,NEUTRAL,ECO
IF the user exits a specified area,", THEN sets the heating mode.",LOCKED,ECO,NEUTRAL,ECO
IF the user exits a specified area,", THEN sets the heating mode.",LOCKED,ECO,NEUTRAL,ECO
IF the user exits a specified area,", THEN sets the heating mode.",LOCKED,ECO,NEUTRAL,ECO
IF the user exits a specified area,", THEN sets the heating mode.",LOCKED,ECO,NEUTRAL,ECO
IF the user exits a specified area,", THEN sets a comfort profile hold.",LOCKED,ECO,NEUTRAL,ECO
IF the user exits a specified area,", THEN sets a comfort profile hold.",LOCKED,ECO,NEUTRAL,ECO
IF the user exits a specified area,", THEN sets a comfort profile hold.",LOCKED,ECO,NEUTRAL,ECO
IF the user exits a specified area,", THEN sets a comfort profile hold.",LOCKED,ECO,NEUTRAL,ECO
IF the user exits a specified area,", THEN sets a comfort profile hold.",LOCKED,ECO,NEUTRAL,ECO
IF the user exits a specified area,", THEN sets the thermostat target temperature.",LOCKED,ECO,NEUTRAL,ECO
IF the user exits a specified area,", THEN sets the thermostat target temperature.",LOCKED,ECO,NEUTRAL,ECO
IF the user exits a specified area,", THEN sets the thermostat target temperature.",LOCKED,ECO,NEUTRAL,ECO
IF the user exits a specified area,", THEN sets the thermostat target temperature.",LOCKED,ECO,NEUTRAL,ECO
IF the user exits a specified area,", THEN sets the thermostat target temperature.",LOCKED,ECO,NEUTRAL,ECO
IF the user exits a specified area,", THEN resumes the programmed schedule.",LOCKED,ECO,NEUTRAL,ECO
IF the user exits a specified area,", THEN resumes the programmed schedule.",LOCKED,ECO,NEUTRAL,ECO
IF the user exits a specified area,", THEN resumes the programmed schedule.",LOCKED,ECO,NEUTRAL,ECO
IF the user exits a specified area,", THEN resumes the programmed schedule.",LOCKED,ECO,NEUTRAL,ECO
IF the user exits a specified area,", THEN resumes the programmed schedule.",LOCKED,ECO,NEUTRAL,ECO
IF the user exits a specified area,", THEN configures thermostat fan mode.",LOCKED,ECO,NEUTRAL,ECO
IF the user exits a specified area,", THEN configures thermostat fan mode.",LOCKED,ECO,NEUTRAL,ECO
IF the user exits a specified area,", THEN configures thermostat fan mode.",LOCKED,ECO,NEUTRAL,ECO
IF the user exits a specified area,", THEN configures thermostat fan mode.",LOCKED,ECO,NEUTRAL,ECO
IF the user exits a specified area,", THEN configures thermostat fan mode.",LOCKED,ECO,NEUTRAL,ECO
IF the user exits a specified area,", THEN sets home to away mode.",LOCKED,ECO,NEUTRAL,ECO
IF the user exits a specified area,", THEN sets home to away mode.",LOCKED,ECO,NEUTRAL,ECO
IF the user exits a specified area,", THEN sets home to away mode.",LOCKED,ECO,NEUTRAL,ECO
IF the user exits a specified area,", THEN sets home to away mode.",LOCKED,ECO,NEUTRAL,ECO
IF the user exits a specified area,", THEN sets home to away mode.",LOCKED,ECO,NEUTRAL,ECO
IF the user exits a specified area,", THEN sets cooling mode.",LOCKED,ECO,NEUTRAL,ECO
IF the user exits a specified area,", THEN sets cooling mode.",LOCKED,ECO,NEUTRAL,ECO
IF the user exits a specified area,", THEN sets cooling mode.",LOCKED,ECO,NEUTRAL,ECO
IF the user exits a specified area,", THEN sets cooling mode.",LOCKED,ECO,NEUTRAL,ECO
IF the user exits a specified area,", THEN sets cooling mode.",LOCKED,ECO,NEUTRAL,ECO
IF the user exits a specified area,", THEN sets the thermostat to manual mode at a fixed temperature.",LOCKED,ECO,NEUTRAL,ECO
IF the user exits a specified area,", THEN sets the thermostat to manual mode at a fixed temperature.",LOCKED,ECO,NEUTRAL,ECO
IF the user exits a specified area,", THEN sets the thermostat to manual mode at a fixed temperature.",LOCKED,ECO,NEUTRAL,ECO
IF the user exits a specified area,", THEN sets the thermostat to manual mode at a fixed temperature.",LOCKED,ECO,NEUTRAL,ECO
IF the user exits a specified area,", THEN sets the thermostat to manual mode at a fixed temperature.",LOCKED,ECO,NEUTRAL,ECO
IF the user exits a specified area,", THEN sets thermostat group mode.",LOCKED,ECO,NEUTRAL,ECO
IF the user exits a specified area,", THEN sets thermostat group mode.",LOCKED,ECO,NEUTRAL,ECO
IF the user exits a specified area,", THEN sets thermostat group mode.",LOCKED,ECO,NEUTRAL,ECO
IF the user exits a specified area,", THEN sets thermostat group mode.",LOCKED,ECO,NEUTRAL,ECO
IF the user exits a specified area,", THEN sets thermostat group mode.",LOCKED,ECO,NEUTRAL,ECO
IF the user exits a specified area,", THEN cancels the current thermostat event.",LOCKED,ECO,NEUTRAL,ECO
IF the user exits a specified area,", THEN cancels the current thermostat event.",LOCKED,ECO,NEUTRAL,ECO
IF the user exits a specified area,", THEN cancels the current thermostat event.",LOCKED,ECO,NEUTRAL,ECO
IF the user exits a specified area,", THEN cancels the current thermostat event.",LOCKED,ECO,NEUTRAL,ECO
IF the user exits a specified area,", THEN cancels the current thermostat event.",LOCKED,ECO,NEUTRAL,ECO
IF the user exits a specified area,", THEN sets the room temperature.",LOCKED,ECO,NEUTRAL,ECO
IF the user exits a specified area,", THEN sets the room temperature.",LOCKED,ECO,NEUTRAL,ECO
IF the user exits a specified area,", THEN sets the room temperature.",LOCKED,ECO,NEUTRAL,ECO
IF the user exits a specified area,", THEN sets the room temperature.",LOCKED,ECO,NEUTRAL,ECO
IF the user exits a specified area,", THEN sets the room temperature.",LOCKED,ECO,NEUTRAL,ECO
IF the user exits a specified area,", THEN sets a timed comfort profile hold.",LOCKED,ECO,ECO,ECO
IF the user exits a specified area,", THEN sets a timed comfort profile hold.",LOCKED,ECO,ECO,ECO
IF the user exits a specified area,", THEN sets a timed comfort profile hold.",LOCKED,ECO,ECO,ECO
IF the user exits a specified area,", THEN sets a timed comfort profile hold.",LOCKED,ECO,ECO,ECO
IF the user exits a specified area,", THEN sets a timed comfort profile hold.",LOCKED,ECO,ECO,ECO
IF the user exits a specified area,", THEN sets the temperature on the Heatmiser thermostat.",LOCKED,ECO,NEUTRAL,ECO
IF the user exits a specified area,", THEN sets the temperature on the Heatmiser thermostat.",LOCKED,ECO,NEUTRAL,ECO
IF the user exits a specified area,", THEN sets the temperature on the Heatmiser thermostat.",LOCKED,ECO,NEUTRAL,ECO
IF the user exits a specified area,", THEN sets the temperature on the Heatmiser thermostat.",LOCKED,ECO,NEUTRAL,ECO
IF the user exits a specified area,", THEN sets the temperature on the Heatmiser thermostat.",LOCKED,ECO,NEUTRAL,ECO
IF the user exits a specified area,", THEN sets heating mode to scheduled.",LOCKED,ECO,NEUTRAL,ECO
IF the user exits a specified area,", THEN sets heating mode to scheduled.",LOCKED,ECO,NEUTRAL,ECO
IF the user exits a specified area,", THEN sets heating mode to scheduled.",LOCKED,ECO,NEUTRAL,ECO
IF the user exits a specified area,", THEN sets heating mode to scheduled.",LOCKED,ECO,NEUTRAL,ECO
IF the user exits a specified area,", THEN sets heating mode to scheduled.",LOCKED,ECO,NEUTRAL,ECO
IF the user exits a specified area,", THEN switches off the electric switch.",LOCKED,ECO,NEUTRAL,ECO
IF the user exits a specified area,", THEN switches off the electric switch.",LOCKED,ECO,NEUTRAL,ECO
IF the user exits a specified area,", THEN switches off the electric switch.",LOCKED,ECO,NEUTRAL,ECO
IF the user exits a specified area,", THEN switches off the electric switch.",LOCKED,ECO,NEUTRAL,ECO
IF the user exits a specified area,", THEN switches off the electric switch.",LOCKED,ECO,NEUTRAL,ECO
IF temperature drops below a threshold,", THEN sets the thermostat temperature.",LOCKED,ECO,NEUTRAL,ECO
IF temperature drops below a threshold,", THEN sets the thermostat temperature.",LOCKED,ECO,NEUTRAL,ECO
IF temperature drops below a threshold,", THEN sets the thermostat temperature.",LOCKED,ECO,NEUTRAL,ECO
IF temperature drops below a threshold,", THEN sets the thermostat temperature.",LOCKED,ECO,NEUTRAL,ECO
IF temperature drops below a threshold,", THEN sets the thermostat temperature.",LOCKED,ECO,NEUTRAL,ECO
IF temperature drops below a threshold,", THEN sets a comfort profile hold.",LOCKED,ECO,NEUTRAL,ECO
IF temperature drops below a threshold,", THEN sets a comfort profile hold.",LOCKED,ECO,NEUTRAL,ECO
IF temperature drops below a threshold,", THEN sets a comfort profile hold.",LOCKED,ECO,NEUTRAL,ECO
IF temperature drops below a threshold,", THEN sets a comfort profile hold.",LOCKED,ECO,NEUTRAL,ECO
IF temperature drops below a threshold,", THEN sets a comfort profile hold.",LOCKED,ECO,NEUTRAL,ECO
IF temperature drops below a threshold,", THEN starts heating.",LOCKED,ECO,NEUTRAL,ECO
IF temperature drops below a threshold,", THEN starts heating.",LOCKED,ECO,NEUTRAL,ECO
IF temperature drops below a threshold,", THEN starts heating.",LOCKED,ECO,NEUTRAL,ECO
IF temperature drops below a threshold,", THEN starts heating.",LOCKED,ECO,NEUTRAL,ECO
IF temperature drops below a threshold,", THEN starts heating.",LOCKED,ECO,NEUTRAL,ECO
IF temperature drops below a threshold,", THEN sets heating mode to scheduled.",LOCKED,ECO,NEUTRAL,ECO
IF temperature drops below a threshold,", THEN sets heating mode to scheduled.",LOCKED,ECO,NEUTRAL,ECO
IF temperature drops below a threshold,", THEN sets heating mode to scheduled.",LOCKED,ECO,NEUTRAL,ECO
IF temperature drops below a threshold,", THEN sets heating mode to scheduled.",LOCKED,ECO,NEUTRAL,ECO
IF temperature drops below a threshold,", THEN sets heating mode to scheduled.",LOCKED,ECO,NEUTRAL,ECO
IF temperature drops below a threshold,", THEN sets the thermostat to manual mode at a fixed temperature.",LOCKED,ECO,NEUTRAL,ECO
IF temperature drops below a threshold,", THEN sets the thermostat to manual mode at a fixed temperature.",LOCKED,ECO,NEUTRAL,ECO
IF temperature drops below a threshold,", THEN sets the thermostat to manual mode at a fixed temperature.",LOCKED,ECO,NEUTRAL,ECO
IF temperature drops below a threshold,", THEN sets the thermostat to manual mode at a fixed temperature.",LOCKED,ECO,NEUTRAL,ECO
IF temperature drops below a threshold,", THEN sets the thermostat to manual mode at a fixed temperature.",LOCKED,ECO,NEUTRAL,ECO
IF temperature drops below a threshold,", THEN turn off the thermostat.",LOCKED,ECO,NEUTRAL,ECO
IF temperature drops below a threshold,", THEN turn off the thermostat.",LOCKED,ECO,NEUTRAL,ECO
IF temperature drops below a threshold,", THEN turn off the thermostat.",LOCKED,ECO,NEUTRAL,ECO
IF temperature drops below a threshold,", THEN turn off the thermostat.",LOCKED,ECO,NEUTRAL,ECO
IF temperature drops below a threshold,", THEN turn off the thermostat.",LOCKED,ECO,NEUTRAL,ECO
IF temperature drops below a threshold,", THEN restores default heating schedule.",LOCKED,ECO,NEUTRAL,ECO
IF temperature drops below a threshold,", THEN restores default heating schedule.",LOCKED,ECO,NEUTRAL,ECO
IF temperature drops below a threshold,", THEN restores default heating schedule.",LOCKED,ECO,NEUTRAL,ECO
IF temperature drops below a threshold,", THEN restores default heating schedule.",LOCKED,ECO,NEUTRAL,ECO
IF temperature drops below a threshold,", THEN restores default heating schedule.",LOCKED,ECO,NEUTRAL,ECO
IF temperature drops below a threshold,", THEN enables frost protection mode.",LOCKED,ECO,NEUTRAL,ECO
IF temperature drops below a threshold,", THEN enables frost protection mode.",LOCKED,ECO,NEUTRAL,ECO
IF temperature drops below a threshold,", THEN enables frost protection mode.",LOCKED,ECO,NEUTRAL,ECO
IF temperature drops below a threshold,", THEN enables frost protection mode.",LOCKED,ECO,NEUTRAL,ECO
IF temperature drops below a threshold,", THEN enables frost protection mode.",LOCKED,ECO,NEUTRAL,ECO
IF temperature drops below a threshold,", THEN configures thermostat fan mode.",LOCKED,ECO,NEUTRAL,ECO
IF temperature drops below a threshold,", THEN configures thermostat fan mode.",LOCKED,ECO,NEUTRAL,ECO
IF temperature drops below a threshold,", THEN configures thermostat fan mode.",LOCKED,ECO,NEUTRAL,ECO
IF temperature drops below a threshold,", THEN configures thermostat fan mode.",LOCKED,ECO,NEUTRAL,ECO
IF temperature drops below a threshold,", THEN configures thermostat fan mode.",LOCKED,ECO,NEUTRAL,ECO
IF temperature drops below a threshold,", THEN the thermostat to the temperature you specify.",LOCKED,ECO,ECO,ECO
IF temperature drops below a threshold,", THEN the thermostat to the temperature you specify.",LOCKED,ECO,ECO,ECO
IF temperature drops below a threshold,", THEN the thermostat to the temperature you specify.",LOCKED,ECO,ECO,ECO
IF temperature drops below a threshold,", THEN the thermostat to the temperature you specify.",LOCKED,ECO,ECO,ECO
IF temperature drops below a threshold,", THEN the thermostat to the temperature you specify.",LOCKED,ECO,ECO,ECO
IF every day at a specified time,", THEN the thermostat to the temperature you specify.",LOCKED,ECO,ECO,ECO
IF every day at a specified time,", THEN the thermostat to the temperature you specify.",LOCKED,ECO,ECO,ECO
IF every day at a specified time,", THEN the thermostat to the temperature you specify.",LOCKED,ECO,ECO,ECO
IF every day at a specified time,", THEN the thermostat to the temperature you specify.",LOCKED,ECO,ECO,ECO
IF every day at a specified time,", THEN the thermostat to the temperature you specify.",LOCKED,ECO,ECO,ECO
IF every day at a specified time,", THEN sets the water heater temperature.",LOCKED,ECO,NEUTRAL,ECO
IF every day at a specified time,", THEN sets the water heater temperature.",LOCKED,ECO,NEUTRAL,ECO
IF every day at a specified time,", THEN sets the water heater temperature.",LOCKED,ECO,NEUTRAL,ECO
IF every day at a specified time,", THEN sets the water heater temperature.",LOCKED,ECO,NEUTRAL,ECO
IF every day at a specified time,", THEN sets the water heater temperature.",LOCKED,ECO,NEUTRAL,ECO
IF every day at a specified time,", THEN sets the room temperature.",LOCKED,ECO,NEUTRAL,ECO
IF every day at a specified time,", THEN sets the room temperature.",LOCKED,ECO,NEUTRAL,ECO
IF every day at a specified time,", THEN sets the room temperature.",LOCKED,ECO,NEUTRAL,ECO
IF every day at a specified time,", THEN sets the room temperature.",LOCKED,ECO,NEUTRAL,ECO
IF every day at a specified time,", THEN sets the room temperature.",LOCKED,ECO,NEUTRAL,ECO
IF every day at a specified time,", THEN sets the thermostat temperature.",LOCKED,ECO,NEUTRAL,ECO
IF every day at a specified time,", THEN sets the thermostat temperature.",LOCKED,ECO,NEUTRAL,ECO
IF every day at a specified time,", THEN sets the thermostat temperature.",LOCKED,ECO,NEUTRAL,ECO
IF every day at a specified time,", THEN sets the thermostat temperature.",LOCKED,ECO,NEUTRAL,ECO
IF every day at a specified time,", THEN sets the thermostat temperature.",LOCKED,ECO,NEUTRAL,ECO
IF every day at a specified time,", THEN sets heating mode to scheduled.",LOCKED,ECO,NEUTRAL,ECO
IF every day at a specified time,", THEN sets heating mode to scheduled.",LOCKED,ECO,NEUTRAL,ECO
IF every day at a specified time,", THEN sets heating mode to scheduled.",LOCKED,ECO,NEUTRAL,ECO
IF every day at a specified time,", THEN sets heating mode to scheduled.",LOCKED,ECO,NEUTRAL,ECO
IF every day at a specified time,", THEN sets heating mode to scheduled.",LOCKED,ECO,NEUTRAL,ECO
IF every day at a specified time,", THEN cancels the current thermostat event.",LOCKED,ECO,NEUTRAL,ECO
IF every day at a specified time,", THEN cancels the current thermostat event.",LOCKED,ECO,NEUTRAL,ECO
IF every day at a specified time,", THEN cancels the current thermostat event.",LOCKED,ECO,NEUTRAL,ECO
IF every day at a specified time,", THEN cancels the current thermostat event.",LOCKED,ECO,NEUTRAL,ECO
IF every day at a specified time,", THEN cancels the current thermostat event.",LOCKED,ECO,NEUTRAL,ECO
IF every day at a specified time,", THEN resumes the programmed schedule.",LOCKED,ECO,NEUTRAL,ECO
IF every day at a specified time,", THEN resumes the programmed schedule.",LOCKED,ECO,NEUTRAL,ECO
IF every day at a specified time,", THEN resumes the programmed schedule.",LOCKED,ECO,NEUTRAL,ECO
IF every day at a specified time,", THEN resumes the programmed schedule.",LOCKED,ECO,NEUTRAL,ECO
IF every day at a specified time,", THEN resumes the programmed schedule.",LOCKED,ECO,NEUTRAL,ECO
IF every day at a specified time,", THEN sets the heating mode.",LOCKED,ECO,NEUTRAL,ECO
IF every day at a specified time,", THEN sets the heating mode.",LOCKED,ECO,NEUTRAL,ECO
IF every day at a specified time,", THEN sets the heating mode.",LOCKED,ECO,NEUTRAL,ECO
IF every day at a specified time,", THEN sets the heating mode.",LOCKED,ECO,NEUTRAL,ECO
IF every day at a specified time,", THEN sets the heating mode.",LOCKED,ECO,NEUTRAL,ECO
IF every day at a specified time,", THEN turns on the Aros air conditioner.",LOCKED,ECO,NEUTRAL,ECO
IF every day at a specified time,", THEN turns on the Aros air conditioner.",LOCKED,ECO,NEUTRAL,ECO
IF every day at a specified time,", THEN turns on the Aros air conditioner.",LOCKED,ECO,NEUTRAL,ECO
IF every day at a specified time,", THEN turns on the Aros air conditioner.",LOCKED,ECO,NEUTRAL,ECO
IF every day at a specified time,", THEN turns on the Aros air conditioner.",LOCKED,ECO,NEUTRAL,ECO
IF every day at a specified time,", THEN configures thermostat fan mode.",LOCKED,ECO,NEUTRAL,ECO
IF every day at a specified time,", THEN configures thermostat fan mode.",LOCKED,ECO,NEUTRAL,ECO
IF every day at a specified time,", THEN configures thermostat fan mode.",LOCKED,ECO,NEUTRAL,ECO
IF every day at a specified time,", THEN configures thermostat fan mode.",LOCKED,ECO,NEUTRAL,ECO
IF every day at a specified time,", THEN configures thermostat fan mode.",LOCKED,ECO,NEUTRAL,ECO
IF every day at a specified time,", THEN activates eco mode on the appliance.",LOCKED,ECO,ECO,ECO
IF every day at a specified time,", THEN activates eco mode on the appliance.",LOCKED,ECO,ECO,ECO
IF every day at a specified time,", THEN activates eco mode on the appliance.",LOCKED,ECO,ECO,ECO
IF every day at a specified time,", THEN activates eco mode on the appliance.",LOCKED,ECO,ECO,ECO
IF every day at a specified time,", THEN activates eco mode on the appliance.",LOCKED,ECO,ECO,ECO
IF Nest Protect detects carbon monoxide,", THEN sets a timed comfort profile hold.",LOCKED,ECO,ECO,ECO
IF Nest Protect detects carbon monoxide,", THEN sets a timed comfort profile hold.",LOCKED,ECO,ECO,ECO
IF Nest Protect detects carbon monoxide,", THEN sets a timed comfort profile hold.",LOCKED,ECO,ECO,ECO
IF Nest Protect detects carbon monoxide,", THEN sets a timed comfort profile hold.",LOCKED,ECO,ECO,ECO
IF Nest Protect detects carbon monoxide,", THEN sets a timed comfort profile hold.",LOCKED,ECO,ECO,ECO
IF Nest Protect detects carbon monoxide,", THEN sets a comfort profile hold.",LOCKED,ECO,NEUTRAL,ECO
IF Nest Protect detects carbon monoxide,", THEN sets a comfort profile hold.",LOCKED,ECO,NEUTRAL,ECO
IF Nest Protect detects carbon monoxide,", THEN sets a comfort profile hold.",LOCKED,ECO,NEUTRAL,ECO
IF Nest Protect detects carbon monoxide,", THEN sets a comfort profile hold.",LOCKED,ECO,NEUTRAL,ECO
IF Nest Protect detects carbon monoxide,", THEN sets a comfort profile hold.",LOCKED,ECO,NEUTRAL,ECO
IF Nest Protect detects carbon monoxide,", THEN turns heating mode off.",LOCKED,ECO,NEUTRAL,ECO
IF Nest Protect detects carbon monoxide,", THEN turns heating mode off.",LOCKED,ECO,NEUTRAL,ECO
IF Nest Protect detects carbon monoxide,", THEN turns heating mode off.",LOCKED,ECO,NEUTRAL,ECO
IF Nest Protect detects carbon monoxide,", THEN turns heating mode off.",LOCKED,ECO,NEUTRAL,ECO
IF Nest Protect detects carbon monoxide,", THEN turns heating mode off.",LOCKED,ECO,NEUTRAL,ECO
IF Nest Protect detects carbon monoxide,", THEN configures thermostat fan mode.",LOCKED,ECO,NEUTRAL,ECO
IF Nest Protect detects carbon monoxide,", THEN configures thermostat fan mode.",LOCKED,ECO,NEUTRAL,ECO
IF Nest Protect detects carbon monoxide,", THEN configures thermostat fan mode.",LOCKED,ECO,NEUTRAL,ECO
IF Nest Protect detects carbon monoxide,", THEN configures thermostat fan mode.",LOCKED,ECO,NEUTRAL,ECO
IF Nest Protect detects carbon monoxide,", THEN configures thermostat fan mode.",LOCKED,ECO,NEUTRAL,ECO
IF indoor temperature drops below a specified threshold,", THEN sets the thermostat temperature.",LOCKED,ECO,NEUTRAL,ECO
IF indoor temperature drops below a specified threshold,", THEN sets the thermostat temperature.",LOCKED,ECO,NEUTRAL,ECO
IF indoor temperature drops below a specified threshold,", THEN sets the thermostat temperature.",LOCKED,ECO,NEUTRAL,ECO
IF indoor temperature drops below a specified threshold,", THEN sets the thermostat temperature.",LOCKED,ECO,NEUTRAL,ECO
IF indoor temperature drops below a specified threshold,", THEN sets the thermostat temperature.",LOCKED,ECO,NEUTRAL,ECO
IF a set number of minutes before sunset,", THEN the thermostat to the temperature you specify.",LOCKED,NEUTRAL,ECO,ECO
IF a set number of minutes before sunset,", THEN the thermostat to the temperature you specify.",LOCKED,NEUTRAL,ECO,ECO
IF a set number of minutes before sunset,", THEN the thermostat to the temperature you specify.",LOCKED,NEUTRAL,ECO,ECO
IF a set number of minutes before sunset,", THEN the thermostat to the temperature you specify.",LOCKED,NEUTRAL,ECO,ECO
IF a set number of minutes before sunset,", THEN the thermostat to the temperature you specify.",LOCKED,NEUTRAL,ECO,ECO
IF local temperature is above a specified value,", THEN the thermostat to the temperature you specify.",LOCKED,NEUTRAL,ECO,ECO
IF local temperature is above a specified value,", THEN the thermostat to the temperature you specify.",LOCKED,NEUTRAL,ECO,ECO
IF local temperature is above a specified value,", THEN the thermostat to the temperature you specify.",LOCKED,NEUTRAL,ECO,ECO
IF local temperature is above a specified value,", THEN the thermostat to the temperature you specify.",LOCKED,NEUTRAL,ECO,ECO
IF local temperature is above a specified value,", THEN the thermostat to the temperature you specify.",LOCKED,NEUTRAL,ECO,ECO
IF a Focus Time session starts or ends,", THEN sets the thermostat temperature.",LOCKED,ECO,NEUTRAL,ECO
IF a Focus Time session starts or ends,", THEN sets the thermostat temperature.",LOCKED,ECO,NEUTRAL,ECO
IF a Focus Time session starts or ends,", THEN sets the thermostat temperature.",LOCKED,ECO,NEUTRAL,ECO
IF a Focus Time session starts or ends,", THEN sets the thermostat temperature.",LOCKED,ECO,NEUTRAL,ECO
IF a Focus Time session starts or ends,", THEN sets the thermostat temperature.",LOCKED,ECO,NEUTRAL,ECO
IF it is sunrise,", THEN the thermostat to the temperature you specify.",LOCKED,NEUTRAL,ECO,ECO
IF it is sunrise,", THEN the thermostat to the temperature you specify.",LOCKED,NEUTRAL,ECO,ECO
IF it is sunrise,", THEN the thermostat to the temperature you specify.",LOCKED,NEUTRAL,ECO,ECO
IF it is sunrise,", THEN the thermostat to the temperature you specify.",LOCKED,NEUTRAL,ECO,ECO
IF it is sunrise,", THEN the thermostat to the temperature you specify.",LOCKED,NEUTRAL,ECO,ECO
IF Nest Protect detects smoke,", THEN configures thermostat fan mode.",LOCKED,ECO,NEUTRAL,ECO
IF Nest Protect detects smoke,", THEN configures thermostat fan mode.",LOCKED,ECO,NEUTRAL,ECO
IF Nest Protect detects smoke,", THEN configures thermostat fan mode.",LOCKED,ECO,NEUTRAL,ECO
IF Nest Protect detects smoke,", THEN configures thermostat fan mode.",LOCKED,ECO,NEUTRAL,ECO
IF Nest Protect detects smoke,", THEN configures thermostat fan mode.",LOCKED,ECO,NEUTRAL,ECO
IF peak energy savings hours are announced,", THEN sets a timed comfort profile hold.",LOCKED,NEUTRAL,ECO,ECO
IF peak energy savings hours are announced,", THEN sets a timed comfort profile hold.",LOCKED,NEUTRAL,ECO,ECO
IF peak energy savings hours are announced,", THEN sets a timed comfort profile hold.",LOCKED,NEUTRAL,ECO,ECO
IF peak energy savings hours are announced,", THEN sets a timed comfort profile hold.",LOCKED,NEUTRAL,ECO,ECO
IF peak energy savings hours are announced,", THEN sets a timed comfort profile hold.",LOCKED,NEUTRAL,ECO,ECO
IF electricity prices change,", THEN sets a timed comfort profile hold.",LOCKED,NEUTRAL,ECO,ECO
IF electricity prices change,", THEN sets a timed comfort profile hold.",LOCKED,NEUTRAL,ECO,ECO
IF electricity prices change,", THEN sets a timed comfort profile hold.",LOCKED,NEUTRAL,ECO,ECO
IF electricity prices change,", THEN sets a timed comfort profile hold.",LOCKED,NEUTRAL,ECO,ECO
IF electricity prices change,", THEN sets a timed comfort profile hold.",LOCKED,NEUTRAL,ECO,ECO
IF your Android device connects to a specified wifi network,", THEN the thermostat to the temperature you specify.",LOCKED,NEUTRAL,ECO,ECO
IF your Android device connects to a specified wifi network,", THEN the thermostat to the temperature you specify.",LOCKED,NEUTRAL,ECO,ECO
IF your Android device connects to a specified wifi network,", THEN the thermostat to the temperature you specify.",LOCKED,NEUTRAL,ECO,ECO
IF your Android device connects to a specified wifi network,", THEN the thermostat to the temperature you specify.",LOCKED,NEUTRAL,ECO,ECO
IF your Android device connects to a specified wifi network,", THEN the thermostat to the temperature you specify.",LOCKED,NEUTRAL,ECO,ECO
IF a sleep tracking device detects the user leaving the bed,", THEN sets heating mode.",LOCKED,ECO,NEUTRAL,ECO
IF a sleep tracking device detects the user leaving the bed,", THEN sets heating mode.",LOCKED,ECO,NEUTRAL,ECO
IF a sleep tracking device detects the user leaving the bed,", THEN sets heating mode.",LOCKED,ECO,NEUTRAL,ECO
IF a sleep tracking device detects the user leaving the bed,", THEN sets heating mode.",LOCKED,ECO,NEUTRAL,ECO
IF a sleep tracking device detects the user leaving the bed,", THEN sets heating mode.",LOCKED,ECO,NEUTRAL,ECO
IF every time no one is at home,", THEN sets the thermostat temperature.",LOCKED,ECO,NEUTRAL,ECO
IF every time no one is at home,", THEN sets the thermostat temperature.",LOCKED,ECO,NEUTRAL,ECO
IF every time no one is at home,", THEN sets the thermostat temperature.",LOCKED,ECO,NEUTRAL,ECO
IF every time no one is at home,", THEN sets the thermostat temperature.",LOCKED,ECO,NEUTRAL,ECO
IF every time no one is at home,", THEN sets the thermostat temperature.",LOCKED,ECO,NEUTRAL,ECO
IF every time no one is at home,", THEN sets a comfort profile hold.",LOCKED,ECO,NEUTRAL,ECO
IF every time no one is at home,", THEN sets a comfort profile hold.",LOCKED,ECO,NEUTRAL,ECO
IF every time no one is at home,", THEN sets a comfort profile hold.",LOCKED,ECO,NEUTRAL,ECO
IF every time no one is at home,", THEN sets a comfort profile hold.",LOCKED,ECO,NEUTRAL,ECO
IF every time no one is at home,", THEN sets a comfort profile hold.",LOCKED,ECO,NEUTRAL,ECO
IF every time a room enters manual mode,", THEN restores default heating schedule.",LOCKED,ECO,NEUTRAL,ECO
IF every time a room enters manual mode,", THEN restores default heating schedule.",LOCKED,ECO,NEUTRAL,ECO
IF every time a room enters manual mode,", THEN restores default heating schedule.",LOCKED,ECO,NEUTRAL,ECO
IF every time a room enters manual mode,", THEN restores default heating schedule.",LOCKED,ECO,NEUTRAL,ECO
IF every time a room enters manual mode,", THEN restores default heating schedule.",LOCKED,ECO,NEUTRAL,ECO
IF the air quality is below a specified value,", THEN configures thermostat fan mode.",LOCKED,ECO,NEUTRAL,ECO
IF the air quality is below a specified value,", THEN configures thermostat fan mode.",LOCKED,ECO,NEUTRAL,ECO
IF the air quality is below a specified value,", THEN configures thermostat fan mode.",LOCKED,ECO,NEUTRAL,ECO
IF the air quality is below a specified value,", THEN configures thermostat fan mode.",LOCKED,ECO,NEUTRAL,ECO
IF the air quality is below a specified value,", THEN configures thermostat fan mode.",LOCKED,ECO,NEUTRAL,ECO
IF air pollution exceeds a threshold,", THEN sets a timed comfort profile hold.",LOCKED,NEUTRAL,ECO,ECO
IF air pollution exceeds a threshold,", THEN sets a timed comfort profile hold.",LOCKED,NEUTRAL,ECO,ECO
IF air pollution exceeds a threshold,", THEN sets a timed comfort profile hold.",LOCKED,NEUTRAL,ECO,ECO
IF air pollution exceeds a threshold,", THEN sets a timed comfort profile hold.",LOCKED,NEUTRAL,ECO,ECO
IF air pollution exceeds a threshold,", THEN sets a timed comfort profile hold.",LOCKED,NEUTRAL,ECO,ECO
IF every time someone is at home,", THEN sets the thermostat temperature.",LOCKED,ECO,NEUTRAL,ECO
IF every time someone is at home,", THEN sets the thermostat temperature.",LOCKED,ECO,NEUTRAL,ECO
IF every time someone is at home,", THEN sets the thermostat temperature.",LOCKED,ECO,NEUTRAL,ECO
IF every time someone is at home,", THEN sets the thermostat temperature.",LOCKED,ECO,NEUTRAL,ECO
IF every time someone is at home,", THEN sets the thermostat temperature.",LOCKED,ECO,NEUTRAL,ECO
IF Withings detects user getting into bed,", THEN sets the thermostat temperature.",LOCKED,ECO,NEUTRAL,ECO
IF Withings detects user getting into bed,", THEN sets the thermostat temperature.",LOCKED,ECO,NEUTRAL,ECO
IF Withings detects user getting into bed,", THEN sets the thermostat temperature.",LOCKED,ECO,NEUTRAL,ECO
IF Withings detects user getting into bed,", THEN sets the thermostat temperature.",LOCKED,ECO,NEUTRAL,ECO
IF Withings detects user getting into bed,", THEN sets the thermostat temperature.",LOCKED,ECO,NEUTRAL,ECO
IF Withings detects user getting into bed,", THEN sets cooling mode.",LOCKED,ECO,NEUTRAL,ECO
IF Withings detects user getting into bed,", THEN sets cooling mode.",LOCKED,ECO,NEUTRAL,ECO
IF Withings detects user getting into bed,", THEN sets cooling mode.",LOCKED,ECO,NEUTRAL,ECO
IF Withings detects user getting into bed,", THEN sets cooling mode.",LOCKED,ECO,NEUTRAL,ECO
IF Withings detects user getting into bed,", THEN sets cooling mode.",LOCKED,ECO,NEUTRAL,ECO
IF electricity prices are low,", THEN sets the freezer temperature.",LOCKED,ECO,NEUTRAL,ECO
IF electricity prices are low,", THEN sets the freezer temperature.",LOCKED,ECO,NEUTRAL,ECO
IF electricity prices are low,", THEN sets the freezer temperature.",LOCKED,ECO,NEUTRAL,ECO
IF electricity prices are low,", THEN sets the freezer temperature.",LOCKED,ECO,NEUTRAL,ECO
IF electricity prices are low,", THEN sets the freezer temperature.",LOCKED,ECO,NEUTRAL,ECO
IF electricity prices are low,", THEN sets the refrigerator temperature.",LOCKED,ECO,NEUTRAL,ECO
IF electricity prices are low,", THEN sets the refrigerator temperature.",LOCKED,ECO,NEUTRAL,ECO
IF electricity prices are low,", THEN sets the refrigerator temperature.",LOCKED,ECO,NEUTRAL,ECO
IF electricity prices are low,", THEN sets the refrigerator temperature.",LOCKED,ECO,NEUTRAL,ECO
IF electricity prices are low,", THEN sets the refrigerator temperature.",LOCKED,ECO,NEUTRAL,ECO
IF Phyn detects an alert,", THEN sets the thermostat temperature.",LOCKED,ECO,NEUTRAL,ECO
IF Phyn detects an alert,", THEN sets the thermostat temperature.",LOCKED,ECO,NEUTRAL,ECO
IF Phyn detects an alert,", THEN sets the thermostat temperature.",LOCKED,ECO,NEUTRAL,ECO
IF Phyn detects an alert,", THEN sets the thermostat temperature.",LOCKED,ECO,NEUTRAL,ECO
IF Phyn detects an alert,", THEN sets the thermostat temperature.",LOCKED,ECO,NEUTRAL,ECO
IF SmartThings detects motion,", THEN cancels the current thermostat event.",LOCKED,ECO,NEUTRAL,ECO
IF SmartThings detects motion,", THEN cancels the current thermostat event.",LOCKED,ECO,NEUTRAL,ECO
IF SmartThings detects motion,", THEN cancels the current thermostat event.",LOCKED,ECO,NEUTRAL,ECO
IF SmartThings detects motion,", THEN cancels the current thermostat event.",LOCKED,ECO,NEUTRAL,ECO
IF SmartThings detects motion,", THEN cancels the current thermostat event.",LOCKED,ECO,NEUTRAL,ECO
IF Ecobee detects high humidity,", THEN sets a timed comfort profile hold.",LOCKED,ECO,ECO,ECO
IF Ecobee detects high humidity,", THEN sets a timed comfort profile hold.",LOCKED,ECO,ECO,ECO
IF Ecobee detects high humidity,", THEN sets a timed comfort profile hold.",LOCKED,ECO,ECO,ECO
IF Ecobee detects high humidity,", THEN sets a timed comfort profile hold.",LOCKED,ECO,ECO,ECO
IF Ecobee detects high humidity,", THEN sets a timed comfort profile hold.",LOCKED,ECO,ECO,ECO
IF Ecobee detects high humidity,", THEN sets the thermostat temperature.",LOCKED,ECO,NEUTRAL,ECO
IF Ecobee detects high humidity,", THEN sets the thermostat temperature.",LOCKED,ECO,NEUTRAL,ECO
IF Ecobee detects high humidity,", THEN sets the thermostat temperature.",LOCKED,ECO,NEUTRAL,ECO
IF Ecobee detects high humidity,", THEN sets the thermostat temperature.",LOCKED,ECO,NEUTRAL,ECO
IF Ecobee detects high humidity,", THEN sets the thermostat temperature.",LOCKED,ECO,NEUTRAL,ECO
IF user presence is detected,", THEN the thermostat to the temperature you specify.",LOCKED,NEUTRAL,ECO,ECO
IF user presence is detected,", THEN the thermostat to the temperature you specify.",LOCKED,NEUTRAL,ECO,ECO
IF user presence is detected,", THEN the thermostat to the temperature you specify.",LOCKED,NEUTRAL,ECO,ECO
IF user presence is detected,", THEN the thermostat to the temperature you specify.",LOCKED,NEUTRAL,ECO,ECO
IF user presence is detected,", THEN the thermostat to the temperature you specify.",LOCKED,NEUTRAL,ECO,ECO
IF everyone leaves home,", THEN sets home to away mode.",LOCKED,ECO,NEUTRAL,ECO
IF everyone leaves home,", THEN sets home to away mode.",LOCKED,ECO,NEUTRAL,ECO
IF everyone leaves home,", THEN sets home to away mode.",LOCKED,ECO,NEUTRAL,ECO
IF everyone leaves home,", THEN sets home to away mode.",LOCKED,ECO,NEUTRAL,ECO
IF everyone leaves home,", THEN sets home to away mode.",LOCKED,ECO,NEUTRAL,ECO
IF before time-of-day peak rates start,", THEN sets the thermostat temperature.",LOCKED,ECO,NEUTRAL,ECO
IF before time-of-day peak rates start,", THEN sets the thermostat temperature.",LOCKED,ECO,NEUTRAL,ECO
IF before time-of-day peak rates start,", THEN sets the thermostat temperature.",LOCKED,ECO,NEUTRAL,ECO
IF before time-of-day peak rates start,", THEN sets the thermostat temperature.",LOCKED,ECO,NEUTRAL,ECO
IF before time-of-day peak rates start,", THEN sets the thermostat temperature.",LOCKED,ECO,NEUTRAL,ECO
IF SmartThings detects high temperature,", THEN configures thermostat fan mode.",LOCKED,ECO,NEUTRAL,ECO
IF SmartThings detects high temperature,", THEN configures thermostat fan mode.",LOCKED,ECO,NEUTRAL,ECO
IF SmartThings detects high temperature,", THEN configures thermostat fan mode.",LOCKED,ECO,NEUTRAL,ECO
IF SmartThings detects high temperature,", THEN configures thermostat fan mode.",LOCKED,ECO,NEUTRAL,ECO
IF SmartThings detects high temperature,", THEN configures thermostat fan mode.",LOCKED,ECO,NEUTRAL,ECO
IF a camera detects motion,", THEN sets the thermostat temperature.",LOCKED,ECO,NEUTRAL,ECO
IF a camera detects motion,", THEN sets the thermostat temperature.",LOCKED,ECO,NEUTRAL,ECO
IF a camera detects motion,", THEN sets the thermostat temperature.",LOCKED,ECO,NEUTRAL,ECO
IF a camera detects motion,", THEN sets the thermostat temperature.",LOCKED,ECO,NEUTRAL,ECO
IF a camera detects motion,", THEN sets the thermostat temperature.",LOCKED,ECO,NEUTRAL,ECO
IF a smoke detector detects smoke,", THEN sets a timed comfort profile hold.",LOCKED,ECO,ECO,ECO
IF a smoke detector detects smoke,", THEN sets a timed comfort profile hold.",LOCKED,ECO,ECO,ECO
IF a smoke detector detects smoke,", THEN sets a timed comfort profile hold.",LOCKED,ECO,ECO,ECO
IF a smoke detector detects smoke,", THEN sets a timed comfort profile hold.",LOCKED,ECO,ECO,ECO
IF a smoke detector detects smoke,", THEN sets a timed comfort profile hold.",LOCKED,ECO,ECO,ECO
