id,triggerDesc,actionDesc,deviceCategory,original_content_after_dot
1DW5W8I_,WHEN global air pollution is higher than 50,", THEN turn a wemo switch on",Generic/Other,"If the WeMo Switch is already on, it will remain on."
A4ubWDkp,WHEN every time your SmartThings device detects temperatures above a value you specify,", THEN turn on the selected light(s)",Light,"Optionally, a light mode or pre-defined color can be applied, as well as a level of dimming."
A6cDE4bF,WHEN every time you say 'Alexa trigger' + the phrase that you have defined,", THEN close the garage door you specify",Generic/Other,"If the garage door is already closed, the door will remain closed. This Action will only work with 'garage mode'. Remote access must be enabled."
AAc7g5Cw,WHEN every time a motion is detected at the given doorbell,", THEN turn a wemo light switch on",Light,"If the WeMo Switch is already on, it will remain on."
ANGyY6bh,WHEN every time you say 'Alexa trigger' + the phrase that you have defined,", THEN turn a wemo insight switch on",Generic/Other,"If the WeMo Insight Switch is already on, it will remain on."
APLuctgD,WHEN you say “Ok Google” to the Google Assistant followed by a phrase you choose,", THEN open the garage door you specify",Generic/Other,"If the garage door is already opened, the door will remain opened. This Action will only work with 'garage mode'. Remote access must be enabled."
APNVrCA4,WHEN every single day at a specific time set by you,", THEN turn a wemo switch off",Generic/Other,"If the WeMo Switch is already off, it will remain off."
ASgXEVUY,WHEN you say “Ok Google” to the Google Assistant followed by a phrase you choose,", THEN close the garage door you specify",Generic/Other,"If the garage door is already closed, the door will remain closed. This Action will only work with 'garage mode'. Remote access must be enabled."
AbUDurqt,WHEN motion is detected,", THEN turn on the selected light(s)",Light,"Optionally, a light mode or pre-defined color can be applied, as well as a level of dimming."
AcXZv6NU,WHEN at least one family member has come home,", THEN turn on the selected light(s)",Light,"Optionally, a light mode or pre-defined color can be applied, as well as a level of dimming."
Ads7kvLD,WHEN for an account that is on a dynamic pricing plan such as the Residential Hourly Pricing program or other real time market rates whenever the average price changes,", THEN turn a wemo switch on",Generic/Other,"If the WeMo Switch is already on, it will remain on."
AgwL9r8D,WHEN within 15 minutes of the sunset in your location,", THEN turn a wemo switch on",Generic/Other,"If the WeMo Switch is already on, it will remain on."
AhcB9ikF,WHEN every time your WeMo Motion sensor detects new motion,", THEN turn a wemo light switch on",Light,"If the WeMo Switch is already on, it will remain on."
At4uRQ7r,WHEN every time you enter an area you specify,", THEN change the color of the nanoleaf light panels or canvas that you select from the device dropdown on this screen",Light,You can enter either a hex value or a keyword for the color. Need help choosing a color? Bookmark nanoleaf.me/ifttt for easy access to a list and color picker.
Av7kMX46,WHEN every time your WeMo Insight Switch is turned off,", THEN turn a wemo insight switch on",Generic/Other,"If the WeMo Insight Switch is already on, it will remain on."
AwiThzHd,WHEN only on specific days of the week at the time you provide,", THEN turn a wemo switch on",Generic/Other,"If the WeMo Switch is already on, it will remain on."
B2TMR6FE,WHEN every single day at a specific time set by you,", THEN turn a wemo switch off",Generic/Other,"If the WeMo Switch is already off, it will remain off."
B46X5vTh,WHEN every time you say 'Alexa trigger' + the phrase that you have defined,", THEN changes the brightness level of the selected wemo light",Light,If the light is off it will turn on with selected brightness level.
B4mfBX9x,WHEN every time the temperature drops below a value you specify,", THEN turn a wemo switch on",Generic/Other,"If the WeMo Switch is already on, it will remain on."
BEhFUXSq,WHEN your Arlo device detects motion,", THEN turn a wemo switch on",Generic/Other,"If the WeMo Switch is already on, it will remain on."
BGRqrAfs,WHEN every time the wind speed rises above a value you specify,", THEN turn on the selected light(s)",Light,"Optionally, a light mode or pre-defined color can be applied, as well as a level of dimming."
BGZc2AQk,"WHEN a window opens, closes, or moves",", THEN set the thermostat into a hold using the settings from the specified comfort profile",Thermostat/Heating,This comfort profile hold will remain in effect until the next next comfort profile transition in the program.
BGqn2kNz,WHEN every time your WeMo Light Switch is turned on or off with a long press over two seconds,", THEN turn a wemo switch off",Generic/Other,"If the WeMo Switch is already off, it will remain off."
BHZ6GCuD,WHEN every time you say 'Alexa trigger' + the phrase that you have defined,", THEN turns off the selected wemo light",Light,If it is already off it stays off.
BSaTfwiX,WHEN every time the camera detects a motion event,", THEN turn a wemo insight switch on",Generic/Other,"If the WeMo Insight Switch is already on, it will remain on."
BUiWh9ZH,WHEN every time you enter an area you specify,", THEN turn a wemo switch on",Generic/Other,"If the WeMo Switch is already on, it will remain on."
BVhH8UwR,WHEN every single day at a specific time set by you,", THEN turn a wemo light switch on",Light,"If the WeMo Switch is already on, it will remain on."
BWTf6uBz,WHEN every time you say 'Alexa trigger' + the phrase that you have defined,", THEN turn off your daikin ac unit",Air/Climate,It will be executed within 1 minute.
BXJirAtz,WHEN every time your WeMo Light Switch is turned off,", THEN turn a wemo light switch off",Light,"If the WeMo Switch is already off, it will remain off."
BYMsZmDh,WHEN every time you say 'Alexa trigger' + the phrase that you have defined,", THEN set your honeywell thermostat to hold a temperature for a specified period of time",Thermostat/Heating,The schedule will resume when the time expires.
BchwJDe6,WHEN you say “Ok Google” to the Google Assistant followed by a phrase you choose,", THEN turn a wemo switch off",Generic/Other,"If the WeMo Switch is already off, it will remain off."
BfBMG5T3,WHEN every time you say 'Alexa trigger' + the phrase that you have defined,", THEN turn a wemo switch off",Generic/Other,"If the WeMo Switch is already off, it will remain off."
BgMxrZ89,WHEN every single day at a specific time set by you,", THEN turn a wemo switch on",Generic/Other,"If the WeMo Switch is already on, it will remain on."
BnhEXbcZ,"WHEN every time your air purifier registers an air quality you specify (poor, moderate, good)",", THEN turn on the selected light(s)",Light,"Optionally, a light mode or pre-defined color can be applied, as well as a level of dimming."
Bpex7Ck3,WHEN the concentration of Carbon Dioxide (CO₂) measured from your Awair device rises above the threshold you specified for more than 30 seconds,", THEN turn on the selected light(s)",Light,"Optionally, a light mode or pre-defined color can be applied, as well as a level of dimming."
BsUZc4LC,WHEN every time you press the button,", THEN turn a wemo light switch off",Light,"If the WeMo Switch is already off, it will remain off."
BvSmHMF6,WHEN every single day at a specific time set by you,", THEN turn on the selected light(s)",Light,"Optionally, a light mode or pre-defined color can be applied, as well as a level of dimming."
BxeTHNUZ,WHEN every time you say 'Alexa trigger' + the phrase that you have defined,", THEN set your honeywell thermostat to hold a temperature for a specified period of time",Thermostat/Heating,The schedule will resume when the time expires.
C4rqU6v8,WHEN every time you enter an area you specify,", THEN turn a wemo switch on",Generic/Other,"If the WeMo Switch is already on, it will remain on."
C4ueGtgf,WHEN every time your Netatmo Rain Gauge detects that it is raining,", THEN turn on the selected light(s)",Light,"Optionally, a light mode or pre-defined color can be applied, as well as a level of dimming."
C7vQYxdJ,WHEN every time your WeMo Maker relay is turned on in toggle mode,", THEN turn a wemo maker off",Generic/Other,"If the WeMo Maker is already off, it will remain off."
C95xKmUk,WHEN every time you say 'Alexa trigger' + the phrase that you have defined,", THEN turn a wemo switch on",Generic/Other,"If the WeMo Switch is already on, it will remain on."
CB8vqNjX,WHEN within 15 minutes of the sunrise in your location,", THEN turn off the pivot power genius outlet you specify",Generic/Other,"If the outlet is already off, it will remain off."
CGK3ui4b,WHEN every time you say 'Alexa trigger' + the phrase that you have defined,", THEN set your honeywell thermostat to hold a temperature for a specified period of time",Thermostat/Heating,The schedule will resume when the time expires.
CHP4vM8F,WHEN every time the Nest Protect you specify detects dangerous carbon monoxide levels,", THEN set the thermostat into a hold using the settings from the specified comfort profile",Thermostat/Heating,This comfort profile hold will remain in effect for the specified number of hours.
CJgj6thN,WHEN within 15 minutes of the sunset in your location,", THEN turn a wemo light switch on",Light,"If the WeMo Switch is already on, it will remain on."
CM97SHr2,WHEN within 15 minutes of the sunset in your location,", THEN turn a wemo switch on",Generic/Other,"If the WeMo Switch is already on, it will remain on."
CMKWbeCk,WHEN every time a motion is detected at the given doorbell,", THEN turn a wemo light switch on",Light,"If the WeMo Switch is already on, it will remain on."
CYPzZGHF,WHEN a set number of minutes before the starting time of an event on your Google Calendar that contains a specific keyword or phrase,", THEN turn a wemo insight switch on",Generic/Other,"If the WeMo Insight Switch is already on, it will remain on."
CZAvFh2R,WHEN every single day at a specific time set by you,", THEN return control of your heating to tado⁠°, using your user-defined settings (e",Thermostat/Heating,g. location and Smart Schedule) to automatically determine the right room temperature.
CZDTUaxb,WHEN within 15 minutes of the sunset in your location,", THEN turn a wemo switch on",Generic/Other,"If the WeMo Switch is already on, it will remain on."
CcRuwDEf,WHEN within 15 minutes of the sunrise in your location,", THEN turn a wemo light switch off",Light,"If the WeMo Switch is already off, it will remain off."
ChB4m5v3,WHEN every time you exit an area you specify,", THEN turn a wemo switch off",Generic/Other,"If the WeMo Switch is already off, it will remain off."
ChSBs2rX,WHEN every time you exit an area you specify,", THEN turn a wemo light switch off",Light,"If the WeMo Switch is already off, it will remain off."
CkevCKNP,WHEN every single day at a specific time set by you,", THEN turn a wemo switch on",Generic/Other,"If the WeMo Switch is already on, it will remain on."
CnjCKG6s,WHEN every single day at a specific time set by you,", THEN turn a wemo switch off",Generic/Other,"If the WeMo Switch is already off, it will remain off."
Cr6ncWxA,WHEN every family member has left,", THEN turn a wemo switch off",Generic/Other,"If the WeMo Switch is already off, it will remain off."
D4iYuBNS,WHEN within 15 minutes of the sunset in your location,", THEN turn a wemo switch on",Generic/Other,"If the WeMo Switch is already on, it will remain on."
D75tZpNH,WHEN your device detects the temperature is below the threshold you specified,", THEN turn on the selected light(s)",Light,"Optionally, a light mode or pre-defined color can be applied, as well as a level of dimming."
D7F5Z4rA,WHEN every single day at a specific time set by you,", THEN set your honeywell thermostat to hold a temperature for a specified period of time",Thermostat/Heating,The schedule will resume when the time expires.
D7mnUZi3,WHEN within 15 minutes of the sunset in your location,", THEN turn a wemo switch on",Generic/Other,"If the WeMo Switch is already on, it will remain on."
D8pq7j3k,WHEN every time you say 'Alexa trigger' + the phrase that you have defined,", THEN open the garage door you specify",Generic/Other,"If the garage door is already opened, the door will remain opened. This Action will only work with 'garage mode'. Remote access must be enabled."
D8qP5LiA,WHEN every time you press the button,", THEN turn a wemo switch off",Generic/Other,"If the WeMo Switch is already off, it will remain off."
DB6KNLyb,"WHEN a set number of minutes before the starting time of an event on your Calendar that contains a specific keyword or phrase in the event’s Title, Description, or Location",", THEN turn a wemo switch off",Generic/Other,"If the WeMo Switch is already off, it will remain off."
DBwAP4y6,WHEN within 15 minutes of the sunrise in your location,", THEN turns off the selected wemo light",Light,If it is already off it stays off.
DCvwKhbY,WHEN an event is triggered from your litter robot,", THEN clean a specific room in your home",Generic/Other,For robots with Imprint™ Smart Mapping technology.
DDPG5heU,WHEN every time you press the button,", THEN set the thermostat into a hold using the settings from the specified comfort profile",Thermostat/Heating,This comfort profile hold will remain in effect until the next next comfort profile transition in the program.
DDVuQJvG,"WHEN once an hour at :00, :15, :30, or :45 minutes past the hour",", THEN turn a wemo insight switch on",Generic/Other,"If the WeMo Insight Switch is already on, it will remain on."
DGbRmNpc,WHEN every time the humidity rises above a percentage you specify,", THEN turn a wemo insight switch on",Generic/Other,"If the WeMo Insight Switch is already on, it will remain on."
DJCyH7wz,WHEN only on specific days of the week at the time you provide,", THEN turn a wemo switch off",Generic/Other,"If the WeMo Switch is already off, it will remain off."
DRFxz8dk,WHEN every time the temperature drops below a threshold you specify,", THEN turn a wemo switch on",Generic/Other,"If the WeMo Switch is already on, it will remain on."
DTw3GDk7,WHEN an OhmHour starts,", THEN turn a wemo switch off",Generic/Other,"If the WeMo Switch is already off, it will remain off."
DV8BN4nb,WHEN every time your ecobee thermostat senses that the outdoor temperature is less than a specific value you supply,", THEN set the thermostat into a hold using the settings from the specified comfort profile",Thermostat/Heating,This comfort profile hold will remain in effect until the next next comfort profile transition in the program.
DXQu3tsw,WHEN within 15 minutes of the sunset in your location,", THEN activate the scene that you choose",Light,You can choose from any Scene that is listed in your Nanoleaf Smarter Series App.
DZw9S4xC,WHEN every time you enter an area you specify,", THEN unpause your thermosmart, i",Generic/Other,e. set it to either a scheduled program or an exception if there is one for the current time.
DbXkyZ8H,WHEN you say “Ok Google” to the Google Assistant followed by a phrase like “Set Nest thermostat to 68,", THEN set your honeywell thermostat to hold a temperature for a specified period of time",Thermostat/Heating,The schedule will resume when the time expires.
Dnwv4KDU,WHEN within 15 minutes of the sunset in your location,", THEN turn a wemo switch on",Generic/Other,"If the WeMo Switch is already on, it will remain on."
DqidhGzN,WHEN every time your WeMo Switch is turned on,", THEN turn a wemo switch on",Generic/Other,"If the WeMo Switch is already on, it will remain on."
Dy62HwaL,WHEN your Arlo device detects motion,", THEN turn a wemo switch on",Generic/Other,"If the WeMo Switch is already on, it will remain on."
DyfEKJgd,WHEN you say “Ok Google” to the Google Assistant followed by a phrase you choose,", THEN open the garage door you specify",Generic/Other,"If the garage door is already opened, the door will remain opened. This Action will only work with 'garage mode'. Remote access must be enabled."
E2MJLHQs,WHEN within 15 minutes of the sunrise in your location,", THEN turn a wemo switch off",Generic/Other,"If the WeMo Switch is already off, it will remain off."
E4JMgr7k,WHEN every time you press the button,", THEN turn on the pivot power genius outlet you specify",Generic/Other,"If the outlet is already on, it will remain on."
E5HXpjPB,WHEN every time the camera detects a motion event,", THEN turn on the selected light(s)",Light,"Optionally, a light mode or pre-defined color can be applied, as well as a level of dimming."
EBgh8XYb,WHEN every single day at a specific time set by you,", THEN turn a wemo switch off",Generic/Other,"If the WeMo Switch is already off, it will remain off."
EFwAJtL5,WHEN within 15 minutes of the sunset in your location,", THEN turn a wemo insight switch on",Generic/Other,"If the WeMo Insight Switch is already on, it will remain on."
EGWSsTLh,WHEN every time you say 'Alexa trigger' + the phrase that you have defined,", THEN set your honeywell thermostat to hold a temperature for a specified period of time",Thermostat/Heating,The schedule will resume when the time expires.
EQEVWMLC,"WHEN every time your Withings Sleep detects that you get out of bed, within the start and end time parameters that you specify",", THEN turn on the selected light(s)",Light,"Optionally, a light mode or pre-defined color can be applied, as well as a level of dimming."
EQnzvUFK,WHEN within 15 minutes of the sunrise in your location,", THEN turn a wemo switch off",Generic/Other,"If the WeMo Switch is already off, it will remain off."
ESJk4B2E,WHEN only on specific days of the week at the time you provide,", THEN turn a wemo switch on",Generic/Other,"If the WeMo Switch is already on, it will remain on."
EWFwSxsK,WHEN every time you say 'Alexa trigger' + the phrase that you have defined,", THEN turn a wemo switch on",Generic/Other,"If the WeMo Switch is already on, it will remain on."
EWRSkJ7Y,WHEN you say “Ok Google” to the Google Assistant followed by a phrase you choose,", THEN turn a wemo switch off",Generic/Other,"If the WeMo Switch is already off, it will remain off."
EXcZB98S,WHEN specified PIR KumoSensor detects movement,", THEN turn a wemo insight switch on",Generic/Other,"If the WeMo Insight Switch is already on, it will remain on."
EZ8mh7bX,WHEN every time the Nest Protect you specify detects dangerous smoke levels,", THEN turn a wemo light switch on",Light,"If the WeMo Switch is already on, it will remain on."
Ef7qUz4E,WHEN every time the home you specify is set to Home,", THEN turn a wemo switch on",Generic/Other,"If the WeMo Switch is already on, it will remain on."
Eh2dRs5p,"WHEN your abode system mode is changed (Away, Home, Standby)",", THEN set the thermostat into a hold using the settings from the specified comfort profile",Thermostat/Heating,This comfort profile hold will remain in effect until the next next comfort profile transition in the program.
EkvDdghC,WHEN every time you enter an area you specify,", THEN turn a wemo switch on",Generic/Other,"If the WeMo Switch is already on, it will remain on."
EmGUYdJC,WHEN within 15 minutes of the sunset in your location,", THEN turns on the selected group of wemo lights",Light,If the group is already on it will remain on.
EqRcT42X,WHEN within 15 minutes of the sunset in your location,", THEN turn a wemo switch on",Generic/Other,"If the WeMo Switch is already on, it will remain on."
EsTFdMti,WHEN every time you say 'Alexa trigger' + the phrase that you have defined,", THEN set your nefit easy to auto mode",Generic/Other,"The auto mode (e.g. clock mode, holiday mode) sets the temperatures accordingly."
EtMmcyAC,WHEN your Arlo device detects motion,", THEN turn a wemo switch on",Generic/Other,"If the WeMo Switch is already on, it will remain on."
EvLeaZSB,WHEN every single day at a specific time set by you,", THEN turn a wemo switch off",Generic/Other,"If the WeMo Switch is already off, it will remain off."
EvrUQqp3,WHEN every time you enter an area you specify,", THEN turn a wemo insight switch on",Generic/Other,"If the WeMo Insight Switch is already on, it will remain on."
F4iMuFHg,WHEN every time you say 'Alexa trigger' + the phrase that you have defined,", THEN turn a wemo switch on",Generic/Other,"If the WeMo Switch is already on, it will remain on."
F6aLXwhF,WHEN a set number of minutes before the starting time of any event on your Google Calendar,", THEN change the color of the nanoleaf light panels or canvas that you select from the device dropdown on this screen",Light,You can enter either a hex value or a keyword for the color. Need help choosing a color? Bookmark nanoleaf.me/ifttt for easy access to a list and color picker.
FBDVFX93,WHEN every time your WeMo Insight Switch is turned off,", THEN turn a wemo insight switch on",Generic/Other,"If the WeMo Insight Switch is already on, it will remain on."
FDqBQG5p,WHEN every time your WeMo light switches off,", THEN turn a wemo switch off",Generic/Other,"If the WeMo Switch is already off, it will remain off."
FDtkBHsg,WHEN every single day at a specific time set by you,", THEN turn a wemo switch off",Generic/Other,"If the WeMo Switch is already off, it will remain off."
FKkZgMda,WHEN you say “Ok Google” to the Google Assistant followed by a phrase you choose,", THEN set your honeywell thermostat to hold a temperature for a specified period of time",Thermostat/Heating,The schedule will resume when the time expires.
FMN4qynm,WHEN whenever you press the selected button on your Wink Relay,", THEN turn a wemo switch on",Generic/Other,"If the WeMo Switch is already on, it will remain on."
FN6wm73D,WHEN every time you say 'Alexa trigger' + the phrase that you have defined,", THEN turn a wemo switch off",Generic/Other,"If the WeMo Switch is already off, it will remain off."
FWCLQGhP,WHEN every time you exit an area you specify,", THEN close the garage door you specify",Generic/Other,"If the garage door is already closed, the door will remain closed. This Action will only work with 'garage mode'. Remote access must be enabled."
FXQLwVt5,WHEN a Motion Sensor detects motion,", THEN turn a wemo light switch on",Light,"If the WeMo Switch is already on, it will remain on."
FhNvEFux,WHEN you say “Ok Google” to the Google Assistant followed by a phrase you choose,", THEN turn a wemo switch off",Generic/Other,"If the WeMo Switch is already off, it will remain off."
FhzMEf9V,WHEN only on specific days of the week at the time you provide,", THEN turn a wemo switch off",Generic/Other,"If the WeMo Switch is already off, it will remain off."
FnhfX8kG,WHEN every time your WeMo Light Switch is turned on,", THEN turn a wemo switch on",Generic/Other,"If the WeMo Switch is already on, it will remain on."
FujBXPRm,WHEN every time your WeMo Switch is turned on,", THEN turn a wemo switch off",Generic/Other,"If the WeMo Switch is already off, it will remain off."
FxLGXLsC,WHEN every time an audio event is detected,", THEN turn a wemo switch off",Generic/Other,"If the WeMo Switch is already off, it will remain off."
FzHxGh9R,"WHEN once an hour at :00, :15, :30, or :45 minutes past the hour",", THEN return control of your heating to tado⁠°, using your user-defined settings (e",Thermostat/Heating,g. location and Smart Schedule) to automatically determine the right room temperature.
G3QgfwcL,WHEN every time the temperature rises above a value you specify,", THEN turn a wemo switch off",Generic/Other,"If the WeMo Switch is already off, it will remain off."
G4dg7bsT,WHEN a set number of minutes before the starting time of an event on your Google Calendar that contains a specific keyword or phrase,", THEN set the thermostat into a hold using the settings from the specified comfort profile",Thermostat/Heating,This comfort profile hold will remain in effect until the next next comfort profile transition in the program.
G5zFfcgL,WHEN within 15 minutes of the sunrise in your location,", THEN turn a wemo switch off",Generic/Other,"If the WeMo Switch is already off, it will remain off."
GACukMTq,WHEN every time you press the button,", THEN clean a specific room in your home",Generic/Other,For robots with Imprint™ Smart Mapping technology.
GAFhDb2W,WHEN every time your SmartThings device's presence is no longer detected,", THEN change the color of the nanoleaf light panels or canvas that you select from the device dropdown on this screen",Light,You can enter either a hex value or a keyword for the color. Need help choosing a color? Bookmark nanoleaf.me/ifttt for easy access to a list and color picker.
GDgJ4ve5,WHEN only on specific days of the week at the time you provide,", THEN turn a wemo switch on",Generic/Other,"If the WeMo Switch is already on, it will remain on."
GEmij8hX,WHEN sound is detected on the selected microphone,", THEN turns on the selected group of wemo lights",Light,If the group is already on it will remain on.
GFagQtyf,WHEN every single day at a specific time set by you,", THEN turns off the selected wemo light",Light,If it is already off it stays off.
GJd3kr6j,WHEN every time your WeMo Switch is turned on,", THEN turn a wemo switch off",Generic/Other,"If the WeMo Switch is already off, it will remain off."
GLBynHNh,WHEN every time you exit an area you specify,", THEN turns off the selected wemo light",Light,If it is already off it stays off.
GLawYkEP,WHEN every time you enter an area you specify,", THEN turn a wemo switch on",Generic/Other,"If the WeMo Switch is already on, it will remain on."
GS7WJ5HG,WHEN every time you click the selected Flic,", THEN turn a wemo switch off",Generic/Other,"If the WeMo Switch is already off, it will remain off."
GVj28X9S,WHEN every single day at a specific time set by you,", THEN turn a wemo switch on",Generic/Other,"If the WeMo Switch is already on, it will remain on."
GXUAqnzx,WHEN every time your WeMo Light Switch is turned on,", THEN turn a wemo insight switch on",Generic/Other,"If the WeMo Insight Switch is already on, it will remain on."
GfujXDZN,WHEN every time your alarm goes off,", THEN turn a wemo switch on",Generic/Other,"If the WeMo Switch is already on, it will remain on."
GmdSNKDR,WHEN every time the Twitter user you specify tweets,", THEN activate the scene that you choose",Light,You can choose from any Scene that is listed in your Nanoleaf Smarter Series App.
GsFeYCSy,WHEN every time your WeMo Switch is turned on,", THEN turn a wemo switch off",Generic/Other,"If the WeMo Switch is already off, it will remain off."
GtYNVJB7,"WHEN a set number of minutes before the starting time of an event on your Calendar that contains a specific keyword or phrase in the event’s Title, Description, or Location",", THEN turn a wemo switch on",Generic/Other,"If the WeMo Switch is already on, it will remain on."
GuaeTmNn,WHEN every time you press the button,", THEN open the garage door you specify",Generic/Other,"If the garage door is already opened, the door will remain opened. This Action will only work with 'garage mode'. Remote access must be enabled."
Gv6fxNte,WHEN every single day at a specific time set by you,", THEN turn a wemo switch off",Generic/Other,"If the WeMo Switch is already off, it will remain off."
Gz4EpiN2,WHEN every time your alarm goes off,", THEN turn a wemo switch on",Generic/Other,"If the WeMo Switch is already on, it will remain on."
HBNmxtgG,WHEN tado⁠° switches to Away Mode,", THEN turn a wemo switch off",Generic/Other,"If the WeMo Switch is already off, it will remain off."
HBqeZFJz,WHEN every time your ecobee thermostat senses that the outdoor temperature is less than a specific value you supply,", THEN set the thermostat into a hold using the settings from the specified comfort profile",Thermostat/Heating,This comfort profile hold will remain in effect until the next next comfort profile transition in the program.
HET6iLtf,WHEN tado⁠° switches to Home Mode,", THEN turn a wemo switch on",Generic/Other,"If the WeMo Switch is already on, it will remain on."
HFTQH96f,WHEN every time the temperature drops below a threshold you specify,", THEN turn a wemo insight switch on",Generic/Other,"If the WeMo Insight Switch is already on, it will remain on."
HMJcbZak,WHEN a set number of minutes before the starting time of an event on your Google Calendar that contains a specific keyword or phrase,", THEN turn a wemo light switch on",Light,"If the WeMo Switch is already on, it will remain on."
HNg9Yyfm,WHEN every time you say 'Alexa trigger' + the phrase that you have defined,", THEN turn a wemo light switch off",Light,"If the WeMo Switch is already off, it will remain off."
HP6JdKU2,WHEN whenever the Blue By ADT system arm state changes,", THEN set the thermostat into a hold using the settings from the specified comfort profile",Thermostat/Heating,This comfort profile hold will remain in effect until the next next comfort profile transition in the program.
HQXD6qWM,WHEN every time you exit an area you specify,", THEN turn off your daikin ac unit",Air/Climate,It will be executed within 1 minute.
HYCicfTz,WHEN within 15 minutes of the sunset in your location,", THEN turn a wemo switch on",Generic/Other,"If the WeMo Switch is already on, it will remain on."
HaLNeP7k,WHEN every single day at a specific time set by you,", THEN turn a wemo switch off",Generic/Other,"If the WeMo Switch is already off, it will remain off."
HcbwVQ2W,WHEN it's time for prayer,", THEN turn a wemo switch on",Generic/Other,"If the WeMo Switch is already on, it will remain on."
Hd6AsfE2,WHEN every single day at a specific time set by you,", THEN turn a wemo switch on",Generic/Other,"If the WeMo Switch is already on, it will remain on."
HqSPyXbC,WHEN every time an audio event is detected,", THEN turn a wemo switch off",Generic/Other,"If the WeMo Switch is already off, it will remain off."
Hu8nryaU,WHEN every time your WeMo Switch is turned on,", THEN turn a wemo switch off",Generic/Other,"If the WeMo Switch is already off, it will remain off."
Hx7N9i5F,WHEN every single day at a specific time set by you,", THEN turns on the selected wemo light",Light,If it is already on it stays on.
Hx8WC37w,WHEN every single day at a specific time set by you,", THEN turn a wemo switch off",Generic/Other,"If the WeMo Switch is already off, it will remain off."
HykZqQa5,WHEN only on specific days of the week at the time you provide,", THEN turn a wemo switch on",Generic/Other,"If the WeMo Switch is already on, it will remain on."
HzhjCs9Q,WHEN every time you enter an area you specify,", THEN turn a wemo switch on",Generic/Other,"If the WeMo Switch is already on, it will remain on."
J2XDwPBj,WHEN an OhmHour starts,", THEN set the thermostat into a hold using the settings from the specified comfort profile",Thermostat/Heating,This comfort profile hold will remain in effect until the next next comfort profile transition in the program.
J4zspG7P,WHEN within 15 minutes of the sunrise in your location,", THEN turn a wemo light switch off",Light,"If the WeMo Switch is already off, it will remain off."
J5muZvw2,WHEN every time your WeMo Light Switch is turned off,", THEN turn a wemo light switch off",Light,"If the WeMo Switch is already off, it will remain off."
J7U5cM9K,WHEN every time the Nest Protect you specify detects dangerous smoke levels,", THEN turn a wemo light switch on",Light,"If the WeMo Switch is already on, it will remain on."
J8Xk3eJc,WHEN every single day at a specific time set by you,", THEN turn a wemo switch off",Generic/Other,"If the WeMo Switch is already off, it will remain off."
J8d6GJwr,WHEN every single day at a specific time set by you,", THEN turn off the pivot power genius outlet you specify",Generic/Other,"If the outlet is already off, it will remain off."
J8m4SkyF,WHEN within 15 minutes of the sunset in your location,", THEN turn a wemo insight switch on",Generic/Other,"If the WeMo Insight Switch is already on, it will remain on."
JAuLwTaj,WHEN every time you click the selected Flic,", THEN turn a wemo switch on",Generic/Other,"If the WeMo Switch is already on, it will remain on."
JCXtYK3F,WHEN every time you say 'Alexa trigger' + the phrase that you have defined,", THEN return control of your heating to tado⁠°, using your user-defined settings (e",Thermostat/Heating,g. location and Smart Schedule) to automatically determine the right room temperature.
JHPQ9LGi,WHEN a Wyze Cam detects motion,", THEN turn a wemo switch on",Generic/Other,"If the WeMo Switch is already on, it will remain on."
JHtE7fRX,WHEN every time you say 'Alexa trigger' + the phrase that you have defined,", THEN changes the brightness level of the selected wemo light",Light,If the light is off it will turn on with selected brightness level.
JJWhynKa,WHEN every time you enter an area you specify,", THEN turns on the selected wemo light",Light,If it is already on it stays on.
JK4XVSrd,WHEN every time you send an SMS on your Android device that matches a search you specify,", THEN unpause your thermosmart, i",Generic/Other,e. set it to either a scheduled program or an exception if there is one for the current time.
JLnBQSZu,WHEN every time you press the button,", THEN turn off your daikin ac unit",Air/Climate,It will be executed within 1 minute.
JM95FGuW,WHEN every time your WeMo Motion sensor detects new motion,", THEN turn a wemo switch on",Generic/Other,"If the WeMo Switch is already on, it will remain on."
JX2iWYLN,WHEN an event is triggered from your litter robot,", THEN turns on the selected wemo light",Light,If it is already on it stays on.
JY3nVyKz,WHEN every time you say 'Alexa trigger' + the phrase that you have defined,", THEN set your honeywell thermostat to hold a temperature for a specified period of time",Thermostat/Heating,The schedule will resume when the time expires.
JZ97jx6Q,WHEN every time your alarm goes off,", THEN turn a wemo light switch on",Light,"If the WeMo Switch is already on, it will remain on."
JZqKnCrk,WHEN every time you exit an area you specify,", THEN turn a wemo switch off",Generic/Other,"If the WeMo Switch is already off, it will remain off."
JdVLjPQk,WHEN every single day at a specific time set by you,", THEN turn a wemo light switch off",Light,"If the WeMo Switch is already off, it will remain off."
JfTqU2Mg,WHEN you say “Ok Google” to the Google Assistant followed by a phrase you choose,", THEN set the thermostat into a hold using the settings from the specified comfort profile",Thermostat/Heating,This comfort profile hold will remain in effect until the next next comfort profile transition in the program.
Jm5fXebj,WHEN every time the temperature drops below a value you specify,", THEN turn a wemo switch on",Generic/Other,"If the WeMo Switch is already on, it will remain on."
Ju6ZGEcq,WHEN within 15 minutes of the sunrise in your location,", THEN turn a wemo dimmer on",Generic/Other,"If the WeMo Dimmer is already on, it will remain on."
JvYCVifg,WHEN every time your SmartThings device senses motion,", THEN turn a wemo switch on",Generic/Other,"If the WeMo Switch is already on, it will remain on."
JwQSGzKV,WHEN the temperature satisfies a condition with a threshold,", THEN turn off your daikin ac unit",Air/Climate,It will be executed within 1 minute.
K2nG97Qg,WHEN you tap a gesture with a custom IFTTT task matching the ID of this trigger,", THEN turn a wemo switch off",Generic/Other,"If the WeMo Switch is already off, it will remain off."
K38CGem7,WHEN every time you say 'Alexa trigger' + the phrase that you have defined,", THEN turn a wemo switch on",Generic/Other,"If the WeMo Switch is already on, it will remain on."
K5YUSB2i,WHEN a human is detected by Beseye camera,", THEN turn on the selected light(s)",Light,"Optionally, a light mode or pre-defined color can be applied, as well as a level of dimming."
K7B6KrVm,WHEN every single day at a specific time set by you,", THEN turn a wemo insight switch on",Generic/Other,"If the WeMo Insight Switch is already on, it will remain on."
KCBr4hnQ,WHEN time-of-day peak rates start or end,", THEN set your honeywell thermostat to hold a temperature for a specified period of time",Thermostat/Heating,The schedule will resume when the time expires.
KCFuK5y2,WHEN a door is opened,", THEN turn a wemo switch on",Generic/Other,"If the WeMo Switch is already on, it will remain on."
KDRQKUsq,WHEN every time your ecobee thermostat senses that the indoor humidity is less than a specific value you supply,", THEN turn a wemo switch on",Generic/Other,"If the WeMo Switch is already on, it will remain on."
KFaPBjpw,WHEN a set number of minutes before the starting time of an event on your Google Calendar that contains a specific keyword or phrase,", THEN set the thermostat into a hold using the settings from the specified comfort profile",Thermostat/Heating,This comfort profile hold will remain in effect until the next next comfort profile transition in the program.
KGd8U9ar,WHEN every single day at a specific time set by you,", THEN turn a wemo switch off",Generic/Other,"If the WeMo Switch is already off, it will remain off."
KLFTZDiH,WHEN every time the specified lock is unlocked,", THEN turn a wemo switch on",Generic/Other,"If the WeMo Switch is already on, it will remain on."
KNz7MgrK,WHEN every time you say 'Alexa trigger' + the phrase that you have defined,", THEN set your honeywell thermostat to hold a temperature for a specified period of time",Thermostat/Heating,The schedule will resume when the time expires.
KPGfX4H9,WHEN every time you press the button,", THEN enable/disable holiday mode on all your daikin ac units",Air/Climate,It will be executed within 1 minute.
KRhbZavS,WHEN you say “Ok Google” to the Google Assistant followed by a phrase you choose,", THEN turn a wemo switch off",Generic/Other,"If the WeMo Switch is already off, it will remain off."
KRqfnxFU,"WHEN a set number of minutes before the starting time of an event on your Calendar that contains a specific keyword or phrase in the event’s Title, Description, or Location",", THEN turn a wemo switch on",Generic/Other,"If the WeMo Switch is already on, it will remain on."
KSQedEsH,WHEN only on specific days of the week at the time you provide,", THEN turn a wemo switch on",Generic/Other,"If the WeMo Switch is already on, it will remain on."
KTKvaXUJ,WHEN every time you press the button,", THEN turn a wemo switch off",Generic/Other,"If the WeMo Switch is already off, it will remain off."
KTXdzmcv,WHEN every single day at a specific time set by you,", THEN turn a wemo switch off",Generic/Other,"If the WeMo Switch is already off, it will remain off."
KUEbxRCB,WHEN every time a motion is detected at the given doorbell,", THEN turn a wemo light switch on",Light,"If the WeMo Switch is already on, it will remain on."
KW9w4dfk,WHEN every time you enter an area you specify,", THEN turn on the pivot power genius outlet you specify",Generic/Other,"If the outlet is already on, it will remain on."
KcuxeEhK,"WHEN a set number of minutes before the starting time of an event on your Calendar that contains a specific keyword or phrase in the event’s Title, Description, or Location",", THEN turn a wemo switch on",Generic/Other,"If the WeMo Switch is already on, it will remain on."
KdHVvW5J,WHEN a specified tag senses that its ambient temperature exceeds an upper threshold configured at temperature options screen inside the WirelessTag app,", THEN turn a wemo switch on",Generic/Other,"If the WeMo Switch is already on, it will remain on."
KgtBGkZ5,WHEN whenever you press the selected button on your Wink Relay,", THEN turn a wemo light switch on",Light,"If the WeMo Switch is already on, it will remain on."
KrkcQnxs,WHEN every time you say 'Alexa trigger' + the phrase that you have defined,", THEN set your honeywell thermostat to hold a temperature for a specified period of time",Thermostat/Heating,The schedule will resume when the time expires.
KwSGcmrg,WHEN a set number of minutes before the starting time of an event on your Google Calendar that contains a specific keyword or phrase,", THEN set the thermostat into a hold using the settings from the specified comfort profile",Thermostat/Heating,This comfort profile hold will remain in effect until the next next comfort profile transition in the program.
KzZdhjWs,WHEN every single day at a specific time set by you,", THEN turn a wemo switch off",Generic/Other,"If the WeMo Switch is already off, it will remain off."
KzeWxQt7,WHEN every time a tag detects vibrations,", THEN turn on the selected light(s)",Light,"Optionally, a light mode or pre-defined color can be applied, as well as a level of dimming."
L4qnsMkY,WHEN within 15 minutes of the sunset in your location,", THEN turn a wemo insight switch on",Generic/Other,"If the WeMo Insight Switch is already on, it will remain on."
L6cwmvyE,WHEN within 15 minutes of the sunset in your location,", THEN turn a wemo light switch on",Light,"If the WeMo Switch is already on, it will remain on."
LAZEKrSB,WHEN within 15 minutes of the sunrise in your location,", THEN turn a wemo switch off",Generic/Other,"If the WeMo Switch is already off, it will remain off."
LB6KtVLH,WHEN only on specific days of the week at the time you provide,", THEN turn a wemo switch off",Generic/Other,"If the WeMo Switch is already off, it will remain off."
LCFXa8nT,WHEN you say “Ok Google” to the Google Assistant followed by a phrase you choose,", THEN activate the scene that you choose",Light,You can choose from any Scene that is listed in your Nanoleaf Smarter Series App.
LCrxBYG7,WHEN every time you exit an area you specify,", THEN close the garage door you specify",Generic/Other,"If the garage door is already closed, the door will remain closed. This Action will only work with 'garage mode'. Remote access must be enabled."
LDjF3w2c,WHEN your device detects the humidity is above the threshold you specified,", THEN turn on the selected light(s)",Light,"Optionally, a light mode or pre-defined color can be applied, as well as a level of dimming."
LE92cTyC,WHEN every time you say 'Alexa trigger' + the phrase that you have defined,", THEN turn a wemo switch on",Generic/Other,"If the WeMo Switch is already on, it will remain on."
LLKstha2,WHEN the humidity measured from your Awair device dropped below the threshold you specified for more than 30 seconds,", THEN turn a wemo switch off",Generic/Other,"If the WeMo Switch is already off, it will remain off."
LLuVGzsd,WHEN every time your SkyBell HD detects motions,", THEN turn a wemo light switch on",Light,"If the WeMo Switch is already on, it will remain on."
LM2mYqxt,WHEN you say “Ok Google” to the Google Assistant followed by a phrase you choose,", THEN turn a wemo switch on",Generic/Other,"If the WeMo Switch is already on, it will remain on."
LMrRBnuA,WHEN every time a new reminder is completed in a list you specify,", THEN turn a wemo switch off",Generic/Other,"If the WeMo Switch is already off, it will remain off."
LRfd58ZY,WHEN you say “Ok Google” to the Google Assistant followed by a phrase you choose,", THEN turns off the selected group of wemo lights",Light,If the group is already off it will remain off.
LRgvtXe6,WHEN every time the home you specify is set to Away,", THEN turn a wemo light switch off",Light,"If the WeMo Switch is already off, it will remain off."
LTLj5cSR,WHEN only on specific days of the week at the time you provide,", THEN turn a wemo switch on",Generic/Other,"If the WeMo Switch is already on, it will remain on."
LagNFGDC,WHEN within 15 minutes of the sunset in your location,", THEN turn a wemo switch on",Generic/Other,"If the WeMo Switch is already on, it will remain on."
LbQi6D2W,WHEN every time somebody rings your Ring Doorbell,", THEN turns on the selected group of wemo lights",Light,If the group is already on it will remain on.
LcPL3Bfm,WHEN every time you say 'Alexa trigger' + the phrase that you have defined,", THEN turn a wemo switch off",Generic/Other,"If the WeMo Switch is already off, it will remain off."
LdiWgezG,WHEN every time your WeMo Switch is turned on,", THEN turn a wemo switch off",Generic/Other,"If the WeMo Switch is already off, it will remain off."
LeFUNhy8,WHEN the temperature satisfies a condition with a threshold,", THEN turn on your daikin ac unit, or change its settings",Air/Climate,It will be executed within 1 minute.
Lq4BuinY,WHEN within 15 minutes of the sunset in your location,", THEN turn on the selected light(s)",Light,"Optionally, a light mode or pre-defined color can be applied, as well as a level of dimming."
LvGmiZ4z,WHEN within 15 minutes of the sunset in your location,", THEN turn a wemo switch on",Generic/Other,"If the WeMo Switch is already on, it will remain on."
LvVjEpFr,WHEN Aura detects motion,", THEN turn on the selected light(s)",Light,"Optionally, a light mode or pre-defined color can be applied, as well as a level of dimming."
Lx6nmyMr,WHEN every time you enter an area you specify,", THEN turn a wemo light switch on",Light,"If the WeMo Switch is already on, it will remain on."
Lydvme28,WHEN every time a device disconnects from Google Wifi,", THEN turn a wemo switch off",Generic/Other,"If the WeMo Switch is already off, it will remain off."
M2gdPS6n,WHEN every time your WeMo Light Switch is turned on or off with a long press over two seconds,", THEN turn a wemo light switch off",Light,"If the WeMo Switch is already off, it will remain off."
M34kPvAh,WHEN within 15 minutes of the sunset in your location,", THEN turn a wemo switch on",Generic/Other,"If the WeMo Switch is already on, it will remain on."
M4qPCRVn,WHEN every time you say 'Alexa trigger' + the phrase that you have defined,", THEN turns on the selected wemo light",Light,If it is already on it stays on.
M62PWTEk,WHEN every time you say 'Alexa trigger' + the phrase that you have defined,", THEN change the color of the nanoleaf light panels or canvas that you select from the device dropdown on this screen",Light,You can enter either a hex value or a keyword for the color. Need help choosing a color? Bookmark nanoleaf.me/ifttt for easy access to a list and color picker.
MAvD5CSB,WHEN specified PIR KumoSensor detects movement,", THEN turn a wemo switch on",Generic/Other,"If the WeMo Switch is already on, it will remain on."
MG6EWqYV,WHEN every time a motion is detected at the given doorbell,", THEN turn a wemo dimmer on",Generic/Other,"If the WeMo Dimmer is already on, it will remain on."
MHvJ9D8g,WHEN every single day at a specific time set by you,", THEN turn a wemo switch on",Generic/Other,"If the WeMo Switch is already on, it will remain on."
MNZEQ6va,WHEN within 15 minutes of the sunset in your location,", THEN turn a wemo switch on",Generic/Other,"If the WeMo Switch is already on, it will remain on."
MPM4K3wz,WHEN every single day at a specific time set by you,", THEN return control of your heating to tado⁠°, using your user-defined settings (e",Thermostat/Heating,g. location and Smart Schedule) to automatically determine the right room temperature.
MPdcv3YA,WHEN an alarm event occurs,", THEN turn a wemo switch on",Generic/Other,"If the WeMo Switch is already on, it will remain on."
MWhRutgs,WHEN only on specific days of the week at the time you provide,", THEN turn a wemo insight switch on",Generic/Other,"If the WeMo Insight Switch is already on, it will remain on."
MYQqh5Tj,WHEN every time you say 'Alexa trigger' + the phrase that you have defined,", THEN turn a wemo switch on",Generic/Other,"If the WeMo Switch is already on, it will remain on."
MdgCzJnt,WHEN within 15 minutes of the sunset in your location,", THEN turn a wemo switch on",Generic/Other,"If the WeMo Switch is already on, it will remain on."
MgDEZiRF,WHEN every single day at a specific time set by you,", THEN turn a wemo switch on",Generic/Other,"If the WeMo Switch is already on, it will remain on."
MiDbqmjw,WHEN within 15 minutes of the sunset in your location,", THEN turn a wemo switch off",Generic/Other,"If the WeMo Switch is already off, it will remain off."
MjFd4iYg,WHEN within 15 minutes of the sunset in your location,", THEN turn a wemo light switch on",Light,"If the WeMo Switch is already on, it will remain on."
Mpct74jn,WHEN every time you say 'Alexa trigger' + the phrase that you have defined,", THEN turn on your daikin ac unit, or change its settings",Air/Climate,It will be executed within 1 minute.
MqBhYGsu,WHEN within 15 minutes of the sunset in your location,", THEN turn a wemo light switch on",Light,"If the WeMo Switch is already on, it will remain on."
MzXFWc2R,WHEN within 15 minutes of the sunset in your location,", THEN turn a wemo switch on",Generic/Other,"If the WeMo Switch is already on, it will remain on."
N296S3Rn,WHEN every time your WeMo Switch is turned on,", THEN turn a wemo switch off",Generic/Other,"If the WeMo Switch is already off, it will remain off."
N9RB6TqN,WHEN every time you are tagged you in a new photo,", THEN turn on the selected light(s)",Light,"Optionally, a light mode or pre-defined color can be applied, as well as a level of dimming."
NAGNaUXi,WHEN every time a motion event is detected,", THEN turn a wemo insight switch on",Generic/Other,"If the WeMo Insight Switch is already on, it will remain on."
NLAatQWq,WHEN a set number of minutes before the starting time of an event on your Google Calendar that contains a specific keyword or phrase,", THEN set the thermostat into a hold using the settings from the specified comfort profile",Thermostat/Heating,This comfort profile hold will remain in effect until the next next comfort profile transition in the program.
NSDwEtNa,WHEN every time a new post becomes one of the ten hottest posts in the subreddit you specify,", THEN activate the scene that you choose",Light,You can choose from any Scene that is listed in your Nanoleaf Smarter Series App.
NSHF8TVK,"WHEN a specified tag with humidity or moisture monitoring enabled, detects 'too dry' state",", THEN turn a wemo switch on",Generic/Other,"If the WeMo Switch is already on, it will remain on."
NVwY3DyW,WHEN every time you exit an area you specify,", THEN set the thermostat into a hold using the settings from the specified comfort profile",Thermostat/Heating,This comfort profile hold will remain in effect until the next next comfort profile transition in the program.
NWSRBHGi,WHEN every time the home you specify is set to Away,", THEN turn a wemo light switch off",Light,"If the WeMo Switch is already off, it will remain off."
NcLuPDRa,WHEN every time you say 'Alexa trigger' + the phrase that you have defined,", THEN turn a wemo light switch off",Light,"If the WeMo Switch is already off, it will remain off."
Ndug5Tcr,"WHEN a set number of minutes before the starting time of an event on your Calendar that contains a specific keyword or phrase in the event’s Title, Description, or Location",", THEN enable/disable holiday mode on all your daikin ac units",Air/Climate,It will be executed within 1 minute.
NfneQrJ3,WHEN every time your WeMo Light Switch is turned on,", THEN turn a wemo switch on",Generic/Other,"If the WeMo Switch is already on, it will remain on."
NhbAnLmV,WHEN every single day at a specific time set by you,", THEN turn a wemo switch on",Generic/Other,"If the WeMo Switch is already on, it will remain on."
NiwTBn4K,WHEN an alarm event occurs,", THEN turn a wemo switch on",Generic/Other,"If the WeMo Switch is already on, it will remain on."
NjsUvNHa,WHEN every time you say 'Alexa trigger' + the phrase that you have defined,", THEN turn on your daikin ac unit, or change its settings",Air/Climate,It will be executed within 1 minute.
NmBwLeqk,WHEN every time you press the button,", THEN turn off the pivot power genius outlet you specify",Generic/Other,"If the outlet is already off, it will remain off."
Nn6aTCKc,WHEN every time you say 'Alexa trigger' + the phrase that you have defined,", THEN turn a wemo light switch on",Light,"If the WeMo Switch is already on, it will remain on."
NrqsCJE6,WHEN within 15 minutes of the sunrise in your location,", THEN turn a wemo switch on",Generic/Other,"If the WeMo Switch is already on, it will remain on."
Nv5LThbU,WHEN every time your SmartThings device senses motion,", THEN turn a wemo insight switch on",Generic/Other,"If the WeMo Insight Switch is already on, it will remain on."
P8RXa53d,WHEN within 15 minutes of the sunrise in your location,", THEN turn a wemo switch off",Generic/Other,"If the WeMo Switch is already off, it will remain off."
P8xt3kaf,WHEN you say “Ok Google” to the Google Assistant followed by a phrase you choose,", THEN turn a wemo switch off",Generic/Other,"If the WeMo Switch is already off, it will remain off."
P9hpwLNf,WHEN within 15 minutes of the sunrise in your location,", THEN activate the scene that you choose",Light,You can choose from any Scene that is listed in your Nanoleaf Smarter Series App.
PMahi6uX,WHEN you say “Ok Google” to the Google Assistant followed by a phrase you choose,", THEN turn a wemo switch on",Generic/Other,"If the WeMo Switch is already on, it will remain on."
PMcLkRNK,WHEN every time you exit an area you specify,", THEN set the thermostat into a hold using the settings from the specified comfort profile",Thermostat/Heating,This comfort profile hold will remain in effect until the next next comfort profile transition in the program.
PQwtC52H,WHEN every single day at a specific time set by you,", THEN open the garage door you specify",Generic/Other,"If the garage door is already opened, the door will remain opened. This Action will only work with 'garage mode'. Remote access must be enabled."
PZJMrmAe,WHEN every time your WeMo Dimmer is turned on or off with a long press over two seconds,", THEN turn a wemo dimmer off",Generic/Other,"If the WeMo Dimmer is already off, it will remain off."
PdnM5pbq,WHEN every time you say 'Alexa trigger' + the phrase that you have defined,", THEN set the thermostat into a hold using the settings from the specified comfort profile",Thermostat/Heating,This comfort profile hold will remain in effect until the next next comfort profile transition in the program.
PmCPDYSM,WHEN every time you answer a phone call on your Android device,", THEN turn a wemo switch on",Generic/Other,"If the WeMo Switch is already on, it will remain on."
PrPftsu4,WHEN every time you enter an area you specify,", THEN turn a wemo light switch on",Light,"If the WeMo Switch is already on, it will remain on."
Pub9QDSE,WHEN every time your SmartThings device detects temperatures below a value you specify,", THEN turn on the selected light(s)",Light,"Optionally, a light mode or pre-defined color can be applied, as well as a level of dimming."
PwqXfSEr,WHEN every time you say 'Alexa trigger' + the phrase that you have defined,", THEN turn a wemo switch on",Generic/Other,"If the WeMo Switch is already on, it will remain on."
PxAFim6c,WHEN every time the Nest Protect you specify detects warning carbon monoxide levels,", THEN set the thermostat into a hold using the settings from the specified comfort profile",Thermostat/Heating,This comfort profile hold will remain in effect until the next next comfort profile transition in the program.
PyLu37sn,WHEN every time you add a new reminder,", THEN turn a wemo light switch on",Light,"If the WeMo Switch is already on, it will remain on."
Pz6pirtw,WHEN you say “Ok Google” to the Google Assistant followed by a phrase you choose,", THEN turn a wemo switch on",Generic/Other,"If the WeMo Switch is already on, it will remain on."
PzwQuNDm,WHEN every time you exit an area you specify,", THEN set the thermostat into a hold using the settings from the specified comfort profile",Thermostat/Heating,This comfort profile hold will remain in effect until the next next comfort profile transition in the program.
Q2Mbwn3E,"WHEN once an hour at :00, :15, :30, or :45 minutes past the hour",", THEN close the garage door you specify",Generic/Other,"If the garage door is already closed, the door will remain closed. This Action will only work with 'garage mode'. Remote access must be enabled."
Q4rnkGtA,WHEN every time an air quality alert is raised by your Withings Home,", THEN turn on the selected light(s)",Light,"Optionally, a light mode or pre-defined color can be applied, as well as a level of dimming."
QHyN9BJW,WHEN ever time the gust speed rises above a value you specify,", THEN turn on the selected light(s)",Light,"Optionally, a light mode or pre-defined color can be applied, as well as a level of dimming."
QRAU4qvM,WHEN every single day at a specific time set by you,", THEN change the color of the nanoleaf light panels or canvas that you select from the device dropdown on this screen",Light,You can enter either a hex value or a keyword for the color. Need help choosing a color? Bookmark nanoleaf.me/ifttt for easy access to a list and color picker.
QRCufVGW,WHEN every time you enter an area you specify,", THEN set the thermostat into a hold using the settings from the specified comfort profile",Thermostat/Heating,This comfort profile hold will remain in effect until the next next comfort profile transition in the program.
QTUFc4yz,WHEN every single day at a specific time set by you,", THEN turn a wemo switch on",Generic/Other,"If the WeMo Switch is already on, it will remain on."
QXPSdL3A,WHEN you say “Ok Google” to the Google Assistant followed by a phrase you choose,", THEN turns on the selected wemo light",Light,If it is already on it stays on.
QeD9wjJz,WHEN every time you say 'Alexa trigger' + the phrase that you have defined,", THEN turn a wemo switch off",Generic/Other,"If the WeMo Switch is already off, it will remain off."
QfzNXMPg,WHEN every time the Nest Protect you specify detects warning smoke levels,", THEN turn a wemo switch on",Generic/Other,"If the WeMo Switch is already on, it will remain on."
QvxpdPcu,WHEN within 15 minutes of the sunset in your location,", THEN turn a wemo light switch on",Light,"If the WeMo Switch is already on, it will remain on."
QwfZaRnF,WHEN only on specific days of the week at the time you provide,", THEN turn a wemo switch off",Generic/Other,"If the WeMo Switch is already off, it will remain off."
QxT4Ggsr,WHEN every time your IFTTT Tag on MESH app receives an input signal from the other Tag,", THEN turn a wemo light switch on",Light,"If the WeMo Switch is already on, it will remain on."
R5USvHcz,WHEN every single day at a specific time set by you,", THEN close the garage door you specify",Generic/Other,"If the garage door is already closed, the door will remain closed. This Action will only work with 'garage mode'. Remote access must be enabled."
R6NXxtBG,WHEN within 15 minutes of the sunrise in your location,", THEN turn a wemo switch off",Generic/Other,"If the WeMo Switch is already off, it will remain off."
R6cadfj3,WHEN within 15 minutes of the sunrise in your location,", THEN turn on the pivot power genius outlet you specify",Generic/Other,"If the outlet is already on, it will remain on."
R7MRQzqi,WHEN every time your ecobee thermostat senses that the indoor temperature is greater than a specific value you supply,", THEN turn a wemo switch on",Generic/Other,"If the WeMo Switch is already on, it will remain on."
R8eqUisC,WHEN only on specific days of the week at the time you provide,", THEN turn a wemo switch off",Generic/Other,"If the WeMo Switch is already off, it will remain off."
REBHPzkt,WHEN once a year on the date and time you specify,", THEN activate the scene that you choose",Light,You can choose from any Scene that is listed in your Nanoleaf Smarter Series App.
REytBF8i,WHEN every time you exit an area you specify,", THEN turn a wemo switch off",Generic/Other,"If the WeMo Switch is already off, it will remain off."
RGnx6ZKW,WHEN every time the temperature rises above a value you specify,", THEN turn on the selected light(s)",Light,"Optionally, a light mode or pre-defined color can be applied, as well as a level of dimming."
RJbKEpj6,WHEN every time the Nest Protect you specify detects warning carbon monoxide levels,", THEN turn on the selected light(s)",Light,"Optionally, a light mode or pre-defined color can be applied, as well as a level of dimming."
RLYEdAvJ,WHEN every time you exit an area you specify,", THEN turn a wemo switch off",Generic/Other,"If the WeMo Switch is already off, it will remain off."
RQRnT5qH,WHEN every time the temperature drops below a threshold you specify,", THEN turn a wemo switch off",Generic/Other,"If the WeMo Switch is already off, it will remain off."
RQW3gtJG,WHEN every time your ecobee thermostat senses that the indoor temperature is greater than a specific value you supply,", THEN turn a wemo switch on",Generic/Other,"If the WeMo Switch is already on, it will remain on."
RRdCij9N,WHEN every time you say 'Alexa trigger' + the phrase that you have defined,", THEN set the thermostat into a hold using the settings from the specified comfort profile",Thermostat/Heating,This comfort profile hold will remain in effect until the next next comfort profile transition in the program.
RV28HijT,WHEN you say “Ok Google” to the Google Assistant followed by a phrase like “Post a tweet saying ‘New high score,", THEN turn a wemo maker off THEN on",Generic/Other,"If the WeMo Maker is already off, it will remain off."
RVyfT42s,WHEN a set number of minutes before the starting time of an event on your Google Calendar that contains a specific keyword or phrase,", THEN set the thermostat into a hold using the settings from the specified comfort profile",Thermostat/Heating,This comfort profile hold will remain in effect until the next next comfort profile transition in the program.
RaAcZ5xw,WHEN every single day at a specific time set by you,", THEN turn a wemo switch on",Generic/Other,"If the WeMo Switch is already on, it will remain on."
RazgCeSY,WHEN every time your alarm goes off,", THEN turn a wemo insight switch on",Generic/Other,"If the WeMo Insight Switch is already on, it will remain on."
Rbd45ufq,"WHEN whenever the carbon intensity changes for the ComEd service territory, use this trigger to help lower your carbon footprint by reducing your energy during high carbon times",", THEN turn a wemo switch off",Generic/Other,"If the WeMo Switch is already off, it will remain off."
RbshBUZm,"WHEN whenever the carbon intensity changes for the ComEd service territory, use this trigger to help lower your carbon footprint by reducing your energy during high carbon times",", THEN turn a wemo switch on",Generic/Other,"If the WeMo Switch is already on, it will remain on."
Re9EcDXm,WHEN every time you say 'Alexa trigger' + the phrase that you have defined,", THEN turns off the selected wemo light",Light,If it is already off it stays off.
RiatGYQy,WHEN every time a motion event is detected,", THEN turn a wemo insight switch on",Generic/Other,"If the WeMo Insight Switch is already on, it will remain on."
Rjp4qU2s,WHEN every time you exit an area you specify,", THEN turn a wemo switch off",Generic/Other,"If the WeMo Switch is already off, it will remain off."
RqAhnXkp,WHEN every time the carbon dioxide rises above a value you specify,", THEN turn a wemo insight switch on",Generic/Other,"If the WeMo Insight Switch is already on, it will remain on."
RvujgkNL,WHEN every time you press the button,", THEN turn a wemo insight switch on",Generic/Other,"If the WeMo Insight Switch is already on, it will remain on."
RwD3sm6M,WHEN every time you say 'Alexa trigger' + the phrase that you have defined,", THEN turns on the selected wemo light",Light,If it is already on it stays on.
Rwhx8EaF,WHEN every time a motion event is detected,", THEN turn on the selected light(s)",Light,"Optionally, a light mode or pre-defined color can be applied, as well as a level of dimming."
RyMA9fQh,WHEN you tap a gesture with a custom IFTTT task matching the ID of this trigger,", THEN turns on the selected wemo light",Light,If it is already on it stays on.
RzsrPMBt,WHEN the AQI of your device exceeds a selected threshold,", THEN change the color of the nanoleaf light panels or canvas that you select from the device dropdown on this screen",Light,You can enter either a hex value or a keyword for the color. Need help choosing a color? Bookmark nanoleaf.me/ifttt for easy access to a list and color picker.
S29wLzf6,WHEN every single day at a specific time set by you,", THEN turn a wemo light switch off",Light,"If the WeMo Switch is already off, it will remain off."
SA9nZ3XL,WHEN within 15 minutes of the sunset in your location,", THEN turn on the pivot power genius outlet you specify",Generic/Other,"If the outlet is already on, it will remain on."
SCXszwUV,WHEN you say “Ok Google” to the Google Assistant followed by a phrase you choose,", THEN turn a wemo switch on",Generic/Other,"If the WeMo Switch is already on, it will remain on."
SE4qQNmu,WHEN you say “Ok Google” to the Google Assistant followed by a phrase you choose,", THEN set the thermostat into a hold using the settings from the specified comfort profile",Thermostat/Heating,This comfort profile hold will remain in effect until the next next comfort profile transition in the program.
SHEL7FR2,WHEN every single day at a specific time set by you,", THEN turn a wemo switch off",Generic/Other,"If the WeMo Switch is already off, it will remain off."
SKQhDr7t,WHEN every time the temperature rises above a threshold you specify,", THEN turn on the pivot power genius outlet you specify",Generic/Other,"If the outlet is already on, it will remain on."
SKVNCr37,WHEN every time the home you specify is set to Away,", THEN turn off the pivot power genius outlet you specify",Generic/Other,"If the outlet is already off, it will remain off."
SNEvWXf6,WHEN every time IFTTT receives a specific event from Apilio,", THEN turn a wemo switch off",Generic/Other,"If the WeMo Switch is already off, it will remain off."
SNU6BfdL,WHEN you say “Ok Google” to the Google Assistant followed by a phrase you choose,", THEN turn a wemo switch on",Generic/Other,"If the WeMo Switch is already on, it will remain on."
SWCFUNvc,WHEN within 15 minutes of the sunset in your location,", THEN turn a wemo light switch on",Light,"If the WeMo Switch is already on, it will remain on."
SWPXA64D,WHEN every time you enter an area you specify,", THEN turn a wemo switch on",Generic/Other,"If the WeMo Switch is already on, it will remain on."
SYqyuvtc,WHEN your robot completes a job,", THEN clean a specific room in your home",Generic/Other,For robots with Imprint™ Smart Mapping technology.
SYwb4SeJ,WHEN every time your WeMo light switches off,", THEN changes the brightness level of the selected wemo light",Light,If the light is off it will turn on with selected brightness level.
ScpWuLmD,WHEN every time you say 'Alexa trigger' + the phrase that you have defined,", THEN open the garage door you specify",Generic/Other,"If the garage door is already opened, the door will remain opened. This Action will only work with 'garage mode'. Remote access must be enabled."
SfnGePik,WHEN you say “Ok Google” to the Google Assistant followed by a phrase you choose,", THEN close the garage door you specify",Generic/Other,"If the garage door is already closed, the door will remain closed. This Action will only work with 'garage mode'. Remote access must be enabled."
SpAFHgf8,WHEN every time somebody rings your Ring Doorbell,", THEN turn a wemo switch on",Generic/Other,"If the WeMo Switch is already on, it will remain on."
SruUaxDv,WHEN within 15 minutes of the sunrise in your location,", THEN turn a wemo switch off",Generic/Other,"If the WeMo Switch is already off, it will remain off."
Stv7iLzu,WHEN every time your WeMo Switch is turned off,", THEN turn a wemo switch on",Generic/Other,"If the WeMo Switch is already on, it will remain on."
Sv76UFdA,WHEN every time your WeMo Motion sensor detects new motion,", THEN turn a wemo switch on",Generic/Other,"If the WeMo Switch is already on, it will remain on."
SvWAsweH,WHEN within 15 minutes of the sunset in your location,", THEN turns on the selected group of wemo lights",Light,If the group is already on it will remain on.
SwEr5zxi,WHEN your order is out for delivery,", THEN turn on the selected light(s)",Light,"Optionally, a light mode or pre-defined color can be applied, as well as a level of dimming."
T29fAkVK,WHEN every time the door is unlocked,", THEN turn on the selected light(s)",Light,"Optionally, a light mode or pre-defined color can be applied, as well as a level of dimming."
T43LMzBr,WHEN every time you enter an area you specify,", THEN turn a wemo switch on",Generic/Other,"If the WeMo Switch is already on, it will remain on."
T4yVrXSa,WHEN only on specific days of the week at the time you provide,", THEN turns on the selected wemo light",Light,If it is already on it stays on.
T6Ycghqe,WHEN every time your alarm goes off,", THEN turn a wemo switch on",Generic/Other,"If the WeMo Switch is already on, it will remain on."
TBLSrjMH,WHEN within 15 minutes of the sunset in your location,", THEN turn a wemo light switch on",Light,"If the WeMo Switch is already on, it will remain on."
TJKUctuw,"WHEN once an hour at :00, :15, :30, or :45 minutes past the hour",", THEN turn a wemo switch on",Generic/Other,"If the WeMo Switch is already on, it will remain on."
TKA7WcMS,WHEN every time your WeMo Motion sensor detects new motion,", THEN turn a wemo switch off",Generic/Other,"If the WeMo Switch is already off, it will remain off."
TLGe4uR2,WHEN every single day at a specific time set by you,", THEN turn a wemo light switch off",Light,"If the WeMo Switch is already off, it will remain off."
TNu48z7f,WHEN within 15 minutes of the sunset in your location,", THEN turn a wemo light switch on",Light,"If the WeMo Switch is already on, it will remain on."
TQNfpurZ,WHEN every time the you ask Alexa what's on your To Do List,", THEN turns off the selected wemo light",Light,If it is already off it stays off.
TREN7suT,WHEN every time you achieve your daily step goal,", THEN turn a wemo switch on",Generic/Other,"If the WeMo Switch is already on, it will remain on."
TRF46bQp,WHEN every time you say 'Alexa trigger' + the phrase that you have defined,", THEN turns on the selected group of wemo lights",Light,If the group is already on it will remain on.
TSvYGPFQ,WHEN a Noonlight alarm is triggered,", THEN turn on the selected light(s)",Light,"Optionally, a light mode or pre-defined color can be applied, as well as a level of dimming."
TTADKtkL,WHEN within 15 minutes of the sunset in your location,", THEN turn a wemo light switch on",Light,"If the WeMo Switch is already on, it will remain on."
TUfF5BPa,WHEN every time the home you specify is set to Home,", THEN turn on the selected light(s)",Light,"Optionally, a light mode or pre-defined color can be applied, as well as a level of dimming."
TUrCYyWG,WHEN within 15 minutes of the sunset in your location,", THEN turn a wemo switch on",Generic/Other,"If the WeMo Switch is already on, it will remain on."
TWeB67jq,WHEN every time the specified lock is unlocked,", THEN set the thermostat into a hold using the settings from the specified comfort profile",Thermostat/Heating,This comfort profile hold will remain in effect until the next next comfort profile transition in the program.
TZvy8MBz,WHEN within 15 minutes of the sunset in your location,", THEN turn a wemo switch on",Generic/Other,"If the WeMo Switch is already on, it will remain on."
TcMjeVn5,WHEN every time a stream is going live for the specified Channel that you follow,", THEN turn on the selected light(s)",Light,"Optionally, a light mode or pre-defined color can be applied, as well as a level of dimming."
Tg3HC4JP,WHEN every time you are @mentioned in a tweet,", THEN turns on the selected wemo light",Light,If it is already on it stays on.
ThBTM2JY,WHEN within 15 minutes of the sunset in your location,", THEN turn a wemo switch on",Generic/Other,"If the WeMo Switch is already on, it will remain on."
Tn7wRrDZ,WHEN within 15 minutes of the sunset in your location,", THEN turn a wemo switch on",Generic/Other,"If the WeMo Switch is already on, it will remain on."
TnjaNvi6,WHEN within 15 minutes of the sunset in your location,", THEN turn a wemo switch on",Generic/Other,"If the WeMo Switch is already on, it will remain on."
Tr2M6uyc,WHEN every time IFTTT receives a specific event from Apilio,", THEN turn a wemo switch on",Generic/Other,"If the WeMo Switch is already on, it will remain on."
TvcSHGU8,WHEN an OhmHour ends,", THEN set your honeywell thermostat to hold a temperature for a specified period of time",Thermostat/Heating,The schedule will resume when the time expires.
Tx3kQAJW,WHEN every time your WeMo Light Switch is turned off,", THEN turn a wemo switch off",Generic/Other,"If the WeMo Switch is already off, it will remain off."
Tx9mdBiE,WHEN within 15 minutes of the sunset in your location,", THEN turn a wemo switch on",Generic/Other,"If the WeMo Switch is already on, it will remain on."
Txwyn5iN,"WHEN a set number of minutes before the starting time of an event on your Calendar that contains a specific keyword or phrase in the event’s Title, Description, or Location",", THEN create a vacation event on the selected thermostat with the specified setpoint",Thermostat/Heating,The vacation event will begin immediately and last the number of specified days.
U4RekapQ,WHEN every time the temperature rises above a threshold you specify,", THEN turn off the pivot power genius outlet you specify",Generic/Other,"If the outlet is already off, it will remain off."
U6rju9yJ,WHEN every time you say 'Alexa trigger' + the phrase that you have defined,", THEN turn on your daikin ac unit, or change its settings",Air/Climate,It will be executed within 1 minute.
U85XQmqZ,WHEN every single day at a specific time set by you,", THEN turn a wemo light switch off",Light,"If the WeMo Switch is already off, it will remain off."
UB8HFcgu,WHEN you say “Ok Google” to the Google Assistant followed by a phrase like “Post a tweet saying ‘New high score,", THEN turn on your daikin ac unit, or change its settings",Air/Climate,It will be executed within 1 minute.
UC9pSWgM,WHEN every time you send an SMS on your Android device,", THEN turn a wemo light switch on",Light,"If the WeMo Switch is already on, it will remain on."
UJWqtaSA,WHEN within 15 minutes of the sunset in your location,", THEN turn a wemo switch on",Generic/Other,"If the WeMo Switch is already on, it will remain on."
UKGCELxb,WHEN every single day at a specific time set by you,", THEN open the garage door you specify",Generic/Other,"If the garage door is already opened, the door will remain opened. This Action will only work with 'garage mode'. Remote access must be enabled."
UKbX9ZAj,WHEN every time the home you specify is set to Home,", THEN turn off the pivot power genius outlet you specify",Generic/Other,"If the outlet is already off, it will remain off."
UMX2qD6C,WHEN every single day at a specific time set by you,", THEN turn a wemo switch off",Generic/Other,"If the WeMo Switch is already off, it will remain off."
UNwhHYaA,WHEN every time your Android device disconnects from a WiFi network you specify,", THEN set the thermostat into a hold using the settings from the specified comfort profile",Thermostat/Heating,This comfort profile hold will remain in effect until the next next comfort profile transition in the program.
UPrF9qXM,WHEN every single day at a specific time set by you,", THEN turn a wemo switch off",Generic/Other,"If the WeMo Switch is already off, it will remain off."
URg5NeYf,WHEN every single day at a specific time set by you,", THEN turn a wemo switch off",Generic/Other,"If the WeMo Switch is already off, it will remain off."
URznpkXm,WHEN an OhmHour starts,", THEN set your honeywell thermostat to hold a temperature for a specified period of time",Thermostat/Heating,The schedule will resume when the time expires.
USMxdTZB,WHEN every time the Nest Protect you specify detects dangerous smoke levels,", THEN turn on the selected light(s)",Light,"Optionally, a light mode or pre-defined color can be applied, as well as a level of dimming."
USW63Lkm,WHEN global air pollution is higher than 50,", THEN set the thermostat into a hold using the settings from the specified comfort profile",Thermostat/Heating,This comfort profile hold will remain in effect for the specified number of hours.
UXEJUGCN,WHEN every time the temperature rises above a value you specify,", THEN turn a wemo switch on",Generic/Other,"If the WeMo Switch is already on, it will remain on."
UYAedJMN,WHEN every time your Android device disconnects from a WiFi network you specify,", THEN set the thermostat into a hold using the settings from the specified comfort profile",Thermostat/Heating,This comfort profile hold will remain in effect until the next next comfort profile transition in the program.
UYkVTJf4,WHEN every time you enter an area you specify,", THEN set the thermostat into a hold using the settings from the specified comfort profile",Thermostat/Heating,This comfort profile hold will remain in effect until the next next comfort profile transition in the program.
Ua8gBviJ,WHEN every time you check in on Foursquare or Swarm,", THEN turn a wemo switch off",Generic/Other,"If the WeMo Switch is already off, it will remain off."
UbpRDXyd,WHEN within 15 minutes of the sunset in your location,", THEN turn a wemo switch on",Generic/Other,"If the WeMo Switch is already on, it will remain on."
UdygtUkb,WHEN every time you exit an area you specify,", THEN set the thermostat into a hold using the settings from the specified comfort profile",Thermostat/Heating,This comfort profile hold will remain in effect until the next next comfort profile transition in the program.
Udynh2iv,WHEN every time you say 'Alexa trigger' + the phrase that you have defined,", THEN turn a wemo switch on",Generic/Other,"If the WeMo Switch is already on, it will remain on."
Ug2YWati,WHEN every single day at a specific time set by you,", THEN turn a wemo switch off",Generic/Other,"If the WeMo Switch is already off, it will remain off."
Ut7rjKHy,WHEN every time the home you specify is set to Away,", THEN turn a wemo switch off",Generic/Other,"If the WeMo Switch is already off, it will remain off."
UubCdpBP,WHEN within 15 minutes of the sunrise in your location,", THEN turn a wemo light switch off",Light,"If the WeMo Switch is already off, it will remain off."
UvJZKCmE,WHEN every time your Dimmer is turned off,", THEN turn a wemo dimmer on",Generic/Other,"If the WeMo Dimmer is already on, it will remain on."
UvzNAZnR,WHEN you tap a gesture with a custom IFTTT task matching the ID of this trigger,", THEN turns off the selected wemo light",Light,If it is already off it stays off.
V3APqy75,WHEN every time you say 'Alexa trigger' + the phrase that you have defined,", THEN set your honeywell thermostat to hold a temperature for a specified period of time",Thermostat/Heating,The schedule will resume when the time expires.
V6Kk9gYW,WHEN within 15 minutes of the sunset in your location,", THEN turn a wemo switch on",Generic/Other,"If the WeMo Switch is already on, it will remain on."
V7mewEFN,WHEN every time you say 'Alexa trigger' + the phrase that you have defined,", THEN turn a wemo light switch off",Light,"If the WeMo Switch is already off, it will remain off."
V7n9HdJG,WHEN every time you press the button,", THEN return control of your heating to tado⁠°, using your user-defined settings (e",Thermostat/Heating,g. location and Smart Schedule) to automatically determine the right room temperature.
VDyfYkxW,WHEN every time your WeMo light switches on,", THEN changes the brightness level of the selected wemo light",Light,If the light is off it will turn on with selected brightness level.
VKxNdjLJ,WHEN every time you enter an area you specify,", THEN turn a wemo insight switch on",Generic/Other,"If the WeMo Insight Switch is already on, it will remain on."
VLwXv4uU,WHEN every day after the markets close and a stock's price drops from the previous closing price by at least the percentage you specify,", THEN turn on the selected light(s)",Light,"Optionally, a light mode or pre-defined color can be applied, as well as a level of dimming."
VMVhnrBZ,WHEN every time you say 'Alexa trigger' + the phrase that you have defined,", THEN set your honeywell thermostat to hold a temperature for a specified period of time",Thermostat/Heating,The schedule will resume when the time expires.
VRWG29Ud,WHEN you say “Ok Google” to the Google Assistant followed by a phrase you choose,", THEN set the thermostat into a hold using the settings from the specified comfort profile",Thermostat/Heating,This comfort profile hold will remain in effect until the next next comfort profile transition in the program.
VUb6ZR8D,WHEN every time the Nest Protect you specify detects dangerous carbon monoxide levels,", THEN turn on the selected light(s)",Light,"Optionally, a light mode or pre-defined color can be applied, as well as a level of dimming."
VVBNW7at,WHEN every time your WeMo Switch is turned off,", THEN turn a wemo switch off",Generic/Other,"If the WeMo Switch is already off, it will remain off."
VVNXzeDa,WHEN every time a motion event is detected,", THEN turn a wemo switch off",Generic/Other,"If the WeMo Switch is already off, it will remain off."
VXmDAaQR,WHEN every time a specific person arrives home,", THEN turn on the selected light(s)",Light,"Optionally, a light mode or pre-defined color can be applied, as well as a level of dimming."
VbEjXwy4,WHEN you tap a gesture with a custom IFTTT task matching the ID of this trigger,", THEN turn a wemo light switch on",Light,"If the WeMo Switch is already on, it will remain on."
VbJkvSHf,WHEN every time your IFTTT Tag on MESH app receives an input signal from the other Tag,", THEN turn a wemo switch on",Generic/Other,"If the WeMo Switch is already on, it will remain on."
VcXZK6U2,WHEN within 15 minutes of the sunset in your location,", THEN turn a wemo switch on",Generic/Other,"If the WeMo Switch is already on, it will remain on."
VeL4WBk6,WHEN every time your Fitbit logs new sleep,", THEN set the thermostat into a hold using the settings from the specified comfort profile",Thermostat/Heating,This comfort profile hold will remain in effect until the next next comfort profile transition in the program.
VedqYPLG,WHEN every time you say 'Alexa trigger' + the phrase that you have defined,", THEN open the garage door you specify",Generic/Other,"If the garage door is already opened, the door will remain opened. This Action will only work with 'garage mode'. Remote access must be enabled."
VinGJqMp,WHEN every time you say 'Alexa trigger' + the phrase that you have defined,", THEN set the thermostat into a hold using the settings from the specified comfort profile",Thermostat/Heating,This comfort profile hold will remain in effect until the next next comfort profile transition in the program.
VkDjHar9,WHEN every time you are @mentioned in a tweet,", THEN turn on the selected light(s)",Light,"Optionally, a light mode or pre-defined color can be applied, as well as a level of dimming."
VktYrD5L,WHEN every time a motion is detected at the given doorbell,", THEN turn a wemo light switch on",Light,"If the WeMo Switch is already on, it will remain on."
VkuJHPYQ,WHEN the alarm for a specific mode is triggered,", THEN turn a wemo switch on",Generic/Other,"If the WeMo Switch is already on, it will remain on."
VmWvzf2q,WHEN every time you say 'Alexa trigger' + the phrase that you have defined,", THEN changes the brightness level of the selected group of wemo lights",Light,If the group is off it will turn on with selected brightness level.
VmuNHEpf,WHEN every time a specified camera detects motion,", THEN turns on the selected wemo light",Light,If it is already on it stays on.
VnYKhzxN,WHEN every time the home you specify is set to Home,", THEN turn a wemo switch off",Generic/Other,"If the WeMo Switch is already off, it will remain off."
VrYguqbj,WHEN every single day at a specific time set by you,", THEN turn a wemo switch off",Generic/Other,"If the WeMo Switch is already off, it will remain off."
Vx8cqWAR,WHEN every time the Nest Protect you specify detects dangerous carbon monoxide levels,", THEN turns on the selected wemo light",Light,If it is already on it stays on.
W3QxM4GU,WHEN every time you say 'Alexa trigger' + the phrase that you have defined,", THEN turn a wemo switch on",Generic/Other,"If the WeMo Switch is already on, it will remain on."
W3tf6QnJ,WHEN you say “Ok Google” to the Google Assistant followed by a phrase you choose,", THEN close the garage door you specify",Generic/Other,"If the garage door is already closed, the door will remain closed. This Action will only work with 'garage mode'. Remote access must be enabled."
W6mZFPh2,WHEN every time you say 'Alexa trigger' + the phrase that you have defined,", THEN changes the brightness level of the selected wemo light",Light,If the light is off it will turn on with selected brightness level.
W7Gymbjn,WHEN every time your ecobee thermostat senses that the indoor temperature is less than a specific value you supply,", THEN turn a wemo switch off",Generic/Other,"If the WeMo Switch is already off, it will remain off."
W9sCuR2Y,WHEN a specified tag senses that its ambient temperature falls below an lower threshold configured at temperature options screen inside the WirelessTag app,", THEN turn a wemo insight switch on",Generic/Other,"If the WeMo Insight Switch is already on, it will remain on."
WBAicDp2,"WHEN a set number of minutes before the starting time of an event on your Calendar that contains a specific keyword or phrase in the event’s Title, Description, or Location",", THEN turn a wemo switch on",Generic/Other,"If the WeMo Switch is already on, it will remain on."
WBusGnxM,WHEN every single day at a specific time set by you,", THEN turn a wemo insight switch on",Generic/Other,"If the WeMo Insight Switch is already on, it will remain on."
WJHBber9,WHEN your Arlo device detects motion,", THEN turn a wemo light switch on",Light,"If the WeMo Switch is already on, it will remain on."
WJNP8kru,WHEN time-of-day peak rates start or end,", THEN turn a wemo switch off",Generic/Other,"If the WeMo Switch is already off, it will remain off."
WTUE5PNY,WHEN within 15 minutes of detection of the indoor temperature rising above the specified temperature threshold,", THEN turn off your daikin ac unit",Air/Climate,It will be executed within 1 minute.
WfaFJmM6,WHEN every time you say 'Alexa trigger' + the phrase that you have defined,", THEN turns on the selected wemo light",Light,If it is already on it stays on.
Wfg7eGpM,WHEN every single day at a specific time set by you,", THEN turn a wemo switch on",Generic/Other,"If the WeMo Switch is already on, it will remain on."
WqXijxz5,WHEN every time you press the button,", THEN dim / brighten the selected light(s) by the step of your choice",Light,"Ideal for your smart remotes, connected buttons, widgets and much more!"
WqzUheS3,WHEN every time you enter an area you specify,", THEN turn a wemo switch on",Generic/Other,"If the WeMo Switch is already on, it will remain on."
Wu5PaqVR,WHEN within 15 minutes of detection of the indoor temperature dropping below the specified temperature threshold,", THEN turn on your daikin ac unit, or change its settings",Air/Climate,It will be executed within 1 minute.
WvPmthMy,WHEN every time the home you specify is set to Home,", THEN turn on the pivot power genius outlet you specify",Generic/Other,"If the outlet is already on, it will remain on."
Wx5ZsTji,WHEN only on specific days of the week at the time you provide,", THEN turn a wemo switch off",Generic/Other,"If the WeMo Switch is already off, it will remain off."
X3repwiJ,WHEN every time your WeMo Switch is turned off,", THEN turn a wemo switch on",Generic/Other,"If the WeMo Switch is already on, it will remain on."
X7ZYNBcq,WHEN every time you press the button,", THEN turn on the selected light(s)",Light,"Optionally, a light mode or pre-defined color can be applied, as well as a level of dimming."
X8N43Xw2,WHEN within 15 minutes of the sunset in your location,", THEN turn a wemo switch off",Generic/Other,"If the WeMo Switch is already off, it will remain off."
X8RtndDT,WHEN every time you enter an area you specify,", THEN turn a wemo light switch on",Light,"If the WeMo Switch is already on, it will remain on."
XLm6HkXE,WHEN every time the home you specify is set to Away,", THEN turn a wemo light switch off",Light,"If the WeMo Switch is already off, it will remain off."
XMsgdLBS,WHEN every single day at a specific time set by you,", THEN turn a wemo switch off",Generic/Other,"If the WeMo Switch is already off, it will remain off."
XRnsVXYL,WHEN every time your WeMo Light Switch is turned on or off with a long press over two seconds,", THEN turn a wemo light switch on",Light,"If the WeMo Switch is already on, it will remain on."
XTPRQb2N,WHEN every time a motion event is detected,", THEN turn on the selected light(s)",Light,"Optionally, a light mode or pre-defined color can be applied, as well as a level of dimming."
XULgsXKT,WHEN within 15 minutes of the sunrise in your location,", THEN turn a wemo insight switch on",Generic/Other,"If the WeMo Insight Switch is already on, it will remain on."
XW5ecnKh,WHEN every single day at a specific time set by you,", THEN turn a wemo light switch on",Light,"If the WeMo Switch is already on, it will remain on."
XXY4kF9i,WHEN every time your WeMo Light Switch is turned off,", THEN turn a wemo switch off",Generic/Other,"If the WeMo Switch is already off, it will remain off."
XbNLwyDs,WHEN within 15 minutes of the sunrise in your location,", THEN turn a wemo switch off",Generic/Other,"If the WeMo Switch is already off, it will remain off."
Xbz9vn7Y,WHEN within 15 minutes of the sunrise in your location,", THEN turn a wemo light switch off",Light,"If the WeMo Switch is already off, it will remain off."
XdeMxHPb,WHEN within 15 minutes of the sunset in your location,", THEN turn a wemo switch on",Generic/Other,"If the WeMo Switch is already on, it will remain on."
XdvrFsS2,WHEN every time your WeMo Light Switch is turned off,", THEN turn a wemo switch off",Generic/Other,"If the WeMo Switch is already off, it will remain off."
XgG9VN8C,WHEN every time the Nest Protect you specify detects dangerous smoke levels,", THEN turn a wemo light switch on",Light,"If the WeMo Switch is already on, it will remain on."
XjUqP9JZ,WHEN every time you press the button,", THEN turn on the selected light(s)",Light,"Optionally, a light mode or pre-defined color can be applied, as well as a level of dimming."
XmJMxPk5,WHEN within 15 minutes of the sunrise in your location,", THEN turn a wemo switch off",Generic/Other,"If the WeMo Switch is already off, it will remain off."
Xnu9zCSj,WHEN every single day at a specific time set by you,", THEN turn a wemo light switch off",Light,"If the WeMo Switch is already off, it will remain off."
XqmEdtej,WHEN every time you receive an SMS on your Android device that matches a search you specify,", THEN set the thermostat into a hold using the settings from the specified comfort profile",Thermostat/Heating,This comfort profile hold will remain in effect until the next next comfort profile transition in the program.
Xu2Sn7bM,"WHEN a specified tag with humidity or moisture monitoring enabled, returns within normal humidity range",", THEN turn a wemo switch off",Generic/Other,"If the WeMo Switch is already off, it will remain off."
XuMqzg3t,WHEN for an account that is on a dynamic pricing plan such as the Residential Hourly Pricing program or other real time market rates whenever the average price changes,", THEN set the thermostat into a hold using the settings from the specified comfort profile",Thermostat/Heating,This comfort profile hold will remain in effect for the specified number of hours.
XubsXA2P,WHEN every time you press the button,", THEN set the thermostat into a hold using the settings from the specified comfort profile",Thermostat/Heating,This comfort profile hold will remain in effect until the next next comfort profile transition in the program.
XwK3ksgu,WHEN every time an audio event is detected,", THEN turn a wemo switch on",Generic/Other,"If the WeMo Switch is already on, it will remain on."
Y2iTLN5R,WHEN you say “Ok Google” to the Google Assistant followed by a phrase you choose,", THEN set the thermostat into a hold using the settings from the specified comfort profile",Thermostat/Heating,This comfort profile hold will remain in effect until the next next comfort profile transition in the program.
Y3seQEYj,WHEN within 15 minutes of the sunset in your location,", THEN turn a wemo insight switch on",Generic/Other,"If the WeMo Insight Switch is already on, it will remain on."
Y4zQK29i,WHEN you say “Ok Google” to the Google Assistant followed by a phrase you choose,", THEN turn a wemo switch on",Generic/Other,"If the WeMo Switch is already on, it will remain on."
Y56mTzKA,WHEN every time a rule on a Sighthound Video camera you specify sends an event,", THEN turn a wemo light switch on",Light,"If the WeMo Switch is already on, it will remain on."
Y5FYNPWC,WHEN every single day at a specific time set by you,", THEN turn a wemo switch on",Generic/Other,"If the WeMo Switch is already on, it will remain on."
YAeGE634,WHEN every time you say 'Alexa trigger' + the phrase that you have defined,", THEN turns off the selected wemo light",Light,If it is already off it stays off.
YHPpDcKf,WHEN every time somebody rings your Ring Doorbell,", THEN turn a wemo light switch on",Light,"If the WeMo Switch is already on, it will remain on."
YJ3XFZ86,WHEN every time your ecobee thermostat senses that the indoor humidity is greater than a specific value you supply,", THEN set the thermostat into a hold using the settings from the specified comfort profile",Thermostat/Heating,This comfort profile hold will remain in effect for the specified number of hours.
YKLAPeqX,WHEN every time your ecobee thermostat and Room Sensors change to Smart Home or Smart Away comfort profiles,", THEN turn a wemo switch on",Generic/Other,"If the WeMo Switch is already on, it will remain on."
YMAK4LQW,WHEN every time your WeMo light switches on,", THEN turns off the selected wemo light",Light,If it is already off it stays off.
YMsGzWHd,WHEN every single day at a specific time set by you,", THEN turn a wemo switch on",Generic/Other,"If the WeMo Switch is already on, it will remain on."
YS5vAnpd,WHEN the radon level for a device rises above the provided threshold,", THEN turn a wemo switch on",Generic/Other,"If the WeMo Switch is already on, it will remain on."
YVTCYmht,WHEN every time the carbon dioxide rises above a value you specify,", THEN turn a wemo switch on",Generic/Other,"If the WeMo Switch is already on, it will remain on."
YYmA8T3p,WHEN only on specific days of the week at the time you provide,", THEN turn a wemo switch off",Generic/Other,"If the WeMo Switch is already off, it will remain off."
YdN2UcJj,WHEN every time you say 'Alexa trigger' + the phrase that you have defined,", THEN set your honeywell thermostat to hold a temperature for a specified period of time",Thermostat/Heating,The schedule will resume when the time expires.
YiAdxkzC,WHEN every time you enter an area you specify,", THEN turn a wemo switch on",Generic/Other,"If the WeMo Switch is already on, it will remain on."
YkEvYfna,WHEN global air pollution is higher than 50,", THEN turn a wemo switch on",Generic/Other,"If the WeMo Switch is already on, it will remain on."
YqUFZkCy,WHEN within 15 minutes of the sunset in your location,", THEN turn a wemo switch on",Generic/Other,"If the WeMo Switch is already on, it will remain on."
YrXy79qQ,WHEN every time you press the button,", THEN unpause your thermosmart, i",Generic/Other,e. set it to either a scheduled program or an exception if there is one for the current time.
Yx5Pgwpu,WHEN you say “Ok Google” to the Google Assistant followed by a phrase you choose,", THEN turns off the selected wemo light",Light,If it is already off it stays off.
Z27kBbnq,WHEN within 15 minutes of the sunset in your location,", THEN turn a wemo switch on",Generic/Other,"If the WeMo Switch is already on, it will remain on."
Z2VrMXcD,WHEN every single day at a specific time set by you,", THEN turn a wemo switch on",Generic/Other,"If the WeMo Switch is already on, it will remain on."
Z7dUeMtZ,WHEN your device detects the temperature is above the threshold you specified,", THEN turn on the selected light(s)",Light,"Optionally, a light mode or pre-defined color can be applied, as well as a level of dimming."
Z9DiJbZB,WHEN every time a motion is detected at the given doorbell,", THEN turn a wemo light switch on",Light,"If the WeMo Switch is already on, it will remain on."
ZEQxpgjw,WHEN you say “Ok Google” to the Google Assistant followed by a phrase you choose,", THEN turns off the selected wemo light",Light,If it is already off it stays off.
ZGv4eRFS,WHEN within 15 minutes of the sunset in your location,", THEN turn a wemo insight switch on",Generic/Other,"If the WeMo Insight Switch is already on, it will remain on."
ZKSAmxeD,WHEN you tap a gesture with a custom IFTTT task matching the ID of this trigger,", THEN turn a wemo switch on",Generic/Other,"If the WeMo Switch is already on, it will remain on."
ZLm38sWY,WHEN every time you enter an area you specify,", THEN turn a wemo switch on",Generic/Other,"If the WeMo Switch is already on, it will remain on."
ZQTFcBLZ,WHEN every time your WeMo Light Switch is turned on or off with a long press over two seconds,", THEN turns on the selected wemo light",Light,If it is already on it stays on.
ZRtHSW9V,WHEN only on specific days of the week at the time you provide,", THEN set the thermostat into a hold using the settings from the specified comfort profile",Thermostat/Heating,This comfort profile hold will remain in effect until the next next comfort profile transition in the program.
ZcdU2jKN,WHEN the room temperature satisfies a condition with a threshold,", THEN turn on your daikin ac unit, or change its settings",Air/Climate,It will be executed within 1 minute.
ZfhiTt9r,WHEN you say “Ok Google” to the Google Assistant followed by a phrase you choose,", THEN turn a wemo switch on",Generic/Other,"If the WeMo Switch is already on, it will remain on."
ZgNUcKEz,WHEN there is a new Super Chat message in a live chat during a live stream on your channel,", THEN turn a wemo insight switch on",Generic/Other,"If the WeMo Insight Switch is already on, it will remain on."
Zr6ARwJ5,WHEN every time you say 'Alexa trigger' + the phrase that you have defined,", THEN turn a wemo dimmer off",Generic/Other,"If the WeMo Dimmer is already off, it will remain off."
ZrPB8YWy,WHEN every time your Withings Home detects motion,", THEN turn on the selected light(s)",Light,"Optionally, a light mode or pre-defined color can be applied, as well as a level of dimming."
Zt8MPw9Q,WHEN every time you press the button,", THEN unpause your thermosmart, i",Generic/Other,e. set it to either a scheduled program or an exception if there is one for the current time.
ZvfYcn5d,WHEN every time you say 'Alexa trigger' + the phrase that you have defined,", THEN set your honeywell thermostat to hold a temperature for a specified period of time",Thermostat/Heating,The schedule will resume when the time expires.
ZxhzWgsS,WHEN every time the power rises above the specified value in watts,", THEN turn a wemo switch off",Generic/Other,"If the WeMo Switch is already off, it will remain off."
ZyHa8swf,WHEN every time you enter an area you specify,", THEN turn on the selected light(s)",Light,"Optionally, a light mode or pre-defined color can be applied, as well as a level of dimming."
ZzxksNBT,"WHEN every time your Myfox security system receives an alarm (detection, intrusion, silent alert, ",", THEN turn a wemo switch on",Generic/Other,"If the WeMo Switch is already on, it will remain on."
a2rNfHR6,WHEN every single day at a specific time set by you,", THEN turn a wemo light switch off",Light,"If the WeMo Switch is already off, it will remain off."
a3VHfe7w,WHEN within 15 minutes of the sunset in your location,", THEN turn a wemo light switch on",Light,"If the WeMo Switch is already on, it will remain on."
a53EMpdF,WHEN every time you enter an area you specify,", THEN activate the scene that you choose",Light,You can choose from any Scene that is listed in your Nanoleaf Smarter Series App.
a58sJ6qc,WHEN every time you press the button,", THEN set the thermostat into a hold using the settings from the specified comfort profile",Thermostat/Heating,This comfort profile hold will remain in effect for the specified number of hours.
a5qYyjTL,WHEN the device attached to your WeMo Insight Switch is turned on longer than the minutes you specify,", THEN turn a wemo switch off",Generic/Other,"If the WeMo Switch is already off, it will remain off."
a6Au4zkK,WHEN every time you enter an area you specify,", THEN unpause your thermosmart, i",Generic/Other,e. set it to either a scheduled program or an exception if there is one for the current time.
a7k8phAy,WHEN every time you say 'Alexa trigger' + the phrase that you have defined,", THEN set your honeywell thermostat to hold a temperature for a specified period of time",Thermostat/Heating,The schedule will resume when the time expires.
aEczr2PF,WHEN once a year on the date and time you specify,", THEN turn on the selected light(s)",Light,"Optionally, a light mode or pre-defined color can be applied, as well as a level of dimming."
aHE3xBNb,WHEN every time the temperature measured by your Spotter drops below the value you specify,", THEN turn off the pivot power genius outlet you specify",Generic/Other,"If the outlet is already off, it will remain off."
aHZupb4N,WHEN every time you say 'Alexa trigger' + the phrase that you have defined,", THEN set your honeywell thermostat to hold a temperature for a specified period of time",Thermostat/Heating,The schedule will resume when the time expires.
aJ46cZe3,WHEN the device attached to your WeMo Insight Switch is turned on longer than the minutes you specify,", THEN turn a wemo switch off",Generic/Other,"If the WeMo Switch is already off, it will remain off."
aMhC3T5x,WHEN every time you enter an area you specify,", THEN set the thermostat into a hold using the settings from the specified comfort profile",Thermostat/Heating,This comfort profile hold will remain in effect until the next next comfort profile transition in the program.
aNtxmvT9,WHEN within 15 minutes of the sunset in your location,", THEN turn a wemo switch on",Generic/Other,"If the WeMo Switch is already on, it will remain on."
aQSE2X6M,WHEN the solar power drops below the specified value in watts,", THEN turn off your daikin ac unit",Air/Climate,It will be executed within 1 minute.
aSQazjRb,WHEN every time your WeMo Light Switch is turned on or off with a long press over two seconds,", THEN turns off the selected wemo light",Light,If it is already off it stays off.
aSsmf8iv,WHEN every time the Nest Protect you specify detects warning smoke levels,", THEN turn on the selected light(s)",Light,"Optionally, a light mode or pre-defined color can be applied, as well as a level of dimming."
aT74wFXR,WHEN every time your WeMo Light Switch is turned on,", THEN turn a wemo insight switch on",Generic/Other,"If the WeMo Insight Switch is already on, it will remain on."
amtjRqC5,WHEN every time an audio event is detected,", THEN turn a wemo insight switch on",Generic/Other,"If the WeMo Insight Switch is already on, it will remain on."
arEAVjKw,WHEN every time you say 'Alexa trigger' + the phrase that you have defined,", THEN set your honeywell thermostat to hold a temperature for a specified period of time",Thermostat/Heating,The schedule will resume when the time expires.
auMpzD6J,WHEN every time you exit an area you specify,", THEN turn a wemo switch off",Generic/Other,"If the WeMo Switch is already off, it will remain off."
awfGv6aH,WHEN every time your ecobee thermostat senses that the outdoor temperature is less than a specific value you supply,", THEN set the thermostat into a hold using the settings from the specified comfort profile",Thermostat/Heating,This comfort profile hold will remain in effect until the next next comfort profile transition in the program.
bAJKsLZu,WHEN every time your SmartThings device is switched on,", THEN set the thermostat into a hold using the settings from the specified comfort profile",Thermostat/Heating,This comfort profile hold will remain in effect for the specified number of hours.
bBEQpiux,WHEN within 15 minutes of the sunset in your location,", THEN turn a wemo light switch on",Light,"If the WeMo Switch is already on, it will remain on."
bERe9PZU,WHEN every single day at a specific time set by you,", THEN turn a wemo switch off",Generic/Other,"If the WeMo Switch is already off, it will remain off."
bETu3Nbi,WHEN every time you say 'Alexa trigger' + the phrase that you have defined,", THEN changes the brightness level of the selected wemo light",Light,If the light is off it will turn on with selected brightness level.
bEUh9Nwc,WHEN within 15 minutes of the sunset in your location,", THEN turn a wemo light switch on",Light,"If the WeMo Switch is already on, it will remain on."
bL8fpVCt,WHEN you say “Ok Google” to the Google Assistant followed by a phrase you choose,", THEN change the color of the nanoleaf light panels or canvas that you select from the device dropdown on this screen",Light,You can enter either a hex value or a keyword for the color. Need help choosing a color? Bookmark nanoleaf.me/ifttt for easy access to a list and color picker.
bMqwJngK,WHEN the temperature for a specific device exceeds the specified threshold,", THEN turn on your daikin ac unit, or change its settings",Air/Climate,It will be executed within 1 minute.
bNDhCu5X,WHEN every time you say 'Alexa trigger' + the phrase that you have defined,", THEN set the current room temperature to a level of your choice",Thermostat/Heating,This temperature level can be adjusted manually or if Clock Mode is activated.
bPRmsQbc,WHEN every time your Fitbit logs new sleep,", THEN turn a wemo insight switch on",Generic/Other,"If the WeMo Insight Switch is already on, it will remain on."
bSmLXuhT,WHEN every time the temperature rises above a threshold you specify,", THEN turn on the selected light(s)",Light,"Optionally, a light mode or pre-defined color can be applied, as well as a level of dimming."
bVQDJYR7,WHEN within 15 minutes of the sunset in your location,", THEN turn a wemo switch on",Generic/Other,"If the WeMo Switch is already on, it will remain on."
bWJia6h3,WHEN every time you say 'Alexa trigger' + the phrase that you have defined,", THEN turns off the selected wemo light",Light,If it is already off it stays off.
bXwU8VG6,WHEN within 15 minutes of the sunset in your location,", THEN turn a wemo switch on",Generic/Other,"If the WeMo Switch is already on, it will remain on."
bYM4wtyu,WHEN every time the Nest Protect you specify detects dangerous smoke levels,", THEN turn a wemo light switch on",Light,"If the WeMo Switch is already on, it will remain on."
bZ2jNEhw,WHEN you say “Ok Google” to the Google Assistant followed by a phrase you choose,", THEN set the thermostat into a hold using the settings from the specified comfort profile",Thermostat/Heating,This comfort profile hold will remain in effect until the next next comfort profile transition in the program.
bZGcSTJu,WHEN every time you say 'Alexa trigger' + the phrase that you have defined,", THEN open the garage door you specify",Generic/Other,"If the garage door is already opened, the door will remain opened. This Action will only work with 'garage mode'. Remote access must be enabled."
bbLzidKj,WHEN every time your ecobee thermostat senses that the indoor temperature is less than a specific value you supply,", THEN set the thermostat into a hold using the settings from the specified comfort profile",Thermostat/Heating,This comfort profile hold will remain in effect until the next next comfort profile transition in the program.
bdTRQWem,WHEN every time you exit an area you specify,", THEN close the garage door you specify",Generic/Other,"If the garage door is already closed, the door will remain closed. This Action will only work with 'garage mode'. Remote access must be enabled."
bgZdvTi7,WHEN every time you exit an area you specify,", THEN turn off the pivot power genius outlet you specify",Generic/Other,"If the outlet is already off, it will remain off."
bhG2KJzM,WHEN every time your ecobee thermostat senses that the indoor temperature is greater than a specific value you supply,", THEN turn a wemo switch on",Generic/Other,"If the WeMo Switch is already on, it will remain on."
bmCbuyjP,WHEN every time you exit an area you specify,", THEN turn a wemo switch off",Generic/Other,"If the WeMo Switch is already off, it will remain off."
bmvSQJsw,WHEN within 15 minutes of the sunset in your location,", THEN turn a wemo switch on",Generic/Other,"If the WeMo Switch is already on, it will remain on."
burEMfKV,WHEN every single day at a specific time set by you,", THEN turn a wemo switch off",Generic/Other,"If the WeMo Switch is already off, it will remain off."
byYhpcAU,WHEN radon level of a device falls below the provided threshold,", THEN turn a wemo switch off",Generic/Other,"If the WeMo Switch is already off, it will remain off."
bzFfS3xZ,WHEN every time you exit an area you specify,", THEN turn a wemo switch off",Generic/Other,"If the WeMo Switch is already off, it will remain off."
c5P4dirX,WHEN every single day at a specific time set by you,", THEN close the garage door you specify",Generic/Other,"If the garage door is already closed, the door will remain closed. This Action will only work with 'garage mode'. Remote access must be enabled."
c8D4nA6X,WHEN every single day at a specific time set by you,", THEN set your honeywell thermostat to hold a temperature for a specified period of time",Thermostat/Heating,The schedule will resume when the time expires.
c9P5Xj3z,WHEN every time you enter an area you specify,", THEN turn a wemo insight switch on",Generic/Other,"If the WeMo Insight Switch is already on, it will remain on."
c9YAXnhi,WHEN every time you say 'Alexa trigger' + the phrase that you have defined,", THEN close the garage door you specify",Generic/Other,"If the garage door is already closed, the door will remain closed. This Action will only work with 'garage mode'. Remote access must be enabled."
cCH5iadT,WHEN every time your alarm goes off,", THEN turn a wemo light switch on",Light,"If the WeMo Switch is already on, it will remain on."
cD5VsXJY,WHEN within 15 minutes of the sunset in your location,", THEN turn a wemo switch on",Generic/Other,"If the WeMo Switch is already on, it will remain on."
cDhU4NRw,WHEN within 15 minutes of the sunrise in your location,", THEN turns off the selected wemo light",Light,If it is already off it stays off.
cFnYGrjx,WHEN every time you press the button,", THEN turn a wemo switch off",Generic/Other,"If the WeMo Switch is already off, it will remain off."
cGJiZ3h5,WHEN every time you exit an area you specify,", THEN turn a wemo switch off",Generic/Other,"If the WeMo Switch is already off, it will remain off."
cHkmKuL4,WHEN every time you exit an area you specify,", THEN set the thermostat into a hold using the settings from the specified comfort profile",Thermostat/Heating,This comfort profile hold will remain in effect until the next next comfort profile transition in the program.
cJN9yjre,WHEN a leak is detected by the specified device,", THEN turn on the selected light(s)",Light,"Optionally, a light mode or pre-defined color can be applied, as well as a level of dimming."
cJpdv7sA,WHEN specified PIR KumoSensor or regular motion sensor tag detects no movement for a time-out period,", THEN turn a wemo switch off",Generic/Other,"If the WeMo Switch is already off, it will remain off."
cPqjNG43,WHEN every time the Nest Protect you specify detects dangerous carbon monoxide levels,", THEN turn a wemo light switch on",Light,"If the WeMo Switch is already on, it will remain on."
cRhmVndU,WHEN every single day at a specific time set by you,", THEN turn a wemo light switch on",Light,"If the WeMo Switch is already on, it will remain on."
cTzBVuUh,WHEN every time the you ask Alexa what's on your Shopping List,", THEN changes the brightness level of the selected group of wemo lights",Light,If the group is off it will turn on with selected brightness level.
cXFZtGYQ,WHEN a set number of minutes before the starting time of an event on your Google Calendar that contains a specific keyword or phrase,", THEN set the thermostat into a hold using the settings from the specified comfort profile",Thermostat/Heating,This comfort profile hold will remain in effect for the specified number of hours.
cYkfTg5d,WHEN every time your WeMo Switch is turned off,", THEN turn a wemo switch on",Generic/Other,"If the WeMo Switch is already on, it will remain on."
cYr3Nhye,WHEN every time you post a new tweet with a specific hashtag,", THEN turn a wemo switch on",Generic/Other,"If the WeMo Switch is already on, it will remain on."
cb2Brg7R,WHEN every time the Nest Protect you specify detects warning smoke levels,", THEN turn a wemo switch on",Generic/Other,"If the WeMo Switch is already on, it will remain on."
cb47hqVP,WHEN once a year on the date and time you specify,", THEN turn a wemo switch on",Generic/Other,"If the WeMo Switch is already on, it will remain on."
ce3FgY68,WHEN every time your WeMo Motion sensor detects new motion,", THEN turn a wemo switch on",Generic/Other,"If the WeMo Switch is already on, it will remain on."
cfedBZh9,WHEN you say “Ok Google” to the Google Assistant followed by a phrase you choose,", THEN turn a wemo switch off",Generic/Other,"If the WeMo Switch is already off, it will remain off."
cibK9NM2,WHEN within 15 minutes of the sunset in your location,", THEN turn off the pivot power genius outlet you specify",Generic/Other,"If the outlet is already off, it will remain off."
cr7u4PMR,WHEN a Nexia automation runs,", THEN turns on the selected wemo light",Light,If it is already on it stays on.
cuJQMpCG,WHEN the humidity measured from your Awair device rises above the threshold you specified for more than 30 seconds,", THEN turn a wemo insight switch on",Generic/Other,"If the WeMo Insight Switch is already on, it will remain on."
cuv6Wtmq,WHEN every time the temperature drops below a value you specify,", THEN turn on the selected light(s)",Light,"Optionally, a light mode or pre-defined color can be applied, as well as a level of dimming."
cvWb6mgN,WHEN your Arlo device detects motion,", THEN turn a wemo light switch on",Light,"If the WeMo Switch is already on, it will remain on."
d23VGfnw,WHEN every time a motion is detected at the given doorbell,", THEN turn a wemo switch on",Generic/Other,"If the WeMo Switch is already on, it will remain on."
d4GqQ9gY,WHEN your order is ready for pickup,", THEN turn on the selected light(s)",Light,"Optionally, a light mode or pre-defined color can be applied, as well as a level of dimming."
d4rwsUmR,WHEN every time you click the selected Flic,", THEN turns off the selected group of wemo lights",Light,If the group is already off it will remain off.
d5JgRM9r,WHEN every time the Nest Protect you specify detects dangerous smoke levels,", THEN turn a wemo switch on",Generic/Other,"If the WeMo Switch is already on, it will remain on."
d5kTHm7R,WHEN a Wyze Cam detects a smoke alarm,", THEN turn on the selected light(s)",Light,"Optionally, a light mode or pre-defined color can be applied, as well as a level of dimming."
d8j79xsL,WHEN every time your WeMo Motion sensor detects new motion,", THEN turn a wemo switch on",Generic/Other,"If the WeMo Switch is already on, it will remain on."
dFEXBQ5d,WHEN every single day at a specific time set by you,", THEN turn a wemo switch off",Generic/Other,"If the WeMo Switch is already off, it will remain off."
dJRqYXNW,WHEN every time your Fitbit logs new sleep,", THEN turn a wemo light switch on",Light,"If the WeMo Switch is already on, it will remain on."
dJTd2HbB,WHEN every time you say 'Alexa trigger' + the phrase that you have defined,", THEN changes the brightness level of the selected wemo light",Light,If the light is off it will turn on with selected brightness level.
dKg8Hf54,WHEN every time the camera detects a sound or motion event,", THEN turn a wemo switch on",Generic/Other,"If the WeMo Switch is already on, it will remain on."
dLrzuCsk,WHEN every time an event matches the specified criteria,", THEN change the color of the nanoleaf light panels or canvas that you select from the device dropdown on this screen",Light,You can enter either a hex value or a keyword for the color. Need help choosing a color? Bookmark nanoleaf.me/ifttt for easy access to a list and color picker.
dQZCJqWY,WHEN every time you enter an area you specify,", THEN open the garage door you specify",Generic/Other,"If the garage door is already opened, the door will remain opened. This Action will only work with 'garage mode'. Remote access must be enabled."
dT2NAaHP,WHEN every single day at a specific time set by you,", THEN turn a wemo switch on",Generic/Other,"If the WeMo Switch is already on, it will remain on."
dTA6DRwN,WHEN every time a motion is detected at the given doorbell,", THEN turn a wemo switch on",Generic/Other,"If the WeMo Switch is already on, it will remain on."
dV8EaY3B,WHEN every time your WeMo Switch is turned off,", THEN turns off the selected wemo light",Light,If it is already off it stays off.
dVTrEWMZ,WHEN every time your IFTTT Tag on MESH app receives an input signal from the other Tag,", THEN turn a wemo switch on",Generic/Other,"If the WeMo Switch is already on, it will remain on."
dVwrF4si,WHEN every time the temperature rises above a threshold you specify,", THEN turn a wemo switch off",Generic/Other,"If the WeMo Switch is already off, it will remain off."
dWDF2V8E,WHEN every time you receive an SMS on your Android device that matches a search you specify,", THEN set the thermostat into a hold using the settings from the specified comfort profile",Thermostat/Heating,This comfort profile hold will remain in effect until the next next comfort profile transition in the program.
dnza4GLp,WHEN within 15 minutes of the sunset in your location,", THEN turn a wemo switch on",Generic/Other,"If the WeMo Switch is already on, it will remain on."
dpNaTznU,WHEN every time you say 'Alexa trigger' + the phrase that you have defined,", THEN turns on the selected wemo light",Light,If it is already on it stays on.
drshpKzT,WHEN every time your alarm goes off,", THEN turns on the selected wemo light",Light,If it is already on it stays on.
dv5x73AK,WHEN every time your WeMo Light Switch is turned off,", THEN turn a wemo light switch on",Light,"If the WeMo Switch is already on, it will remain on."
dyu7CwB5,WHEN every time your WeMo Switch is turned off,", THEN turn a wemo switch on",Generic/Other,"If the WeMo Switch is already on, it will remain on."
e2QeJSK9,"WHEN once an hour at :00, :15, :30, or :45 minutes past the hour",", THEN turn a wemo switch off",Generic/Other,"If the WeMo Switch is already off, it will remain off."
e2ZNGvXs,WHEN every time your ecobee thermostat senses that the indoor temperature is less than a specific value you supply,", THEN turn a wemo switch off",Generic/Other,"If the WeMo Switch is already off, it will remain off."
e45mG7bY,WHEN every time you send an SMS on your Android device that matches a search you specify,", THEN turn a wemo switch on",Generic/Other,"If the WeMo Switch is already on, it will remain on."
e7da8ueB,WHEN every time the home you specify is set to Away,", THEN turn a wemo switch off",Generic/Other,"If the WeMo Switch is already off, it will remain off."
eAegUbYM,WHEN every time you press the button,", THEN close the garage door you specify",Generic/Other,"If the garage door is already closed, the door will remain closed. This Action will only work with 'garage mode'. Remote access must be enabled."
eCKStMVE,WHEN every time your alarm goes off,", THEN turn a wemo switch on",Generic/Other,"If the WeMo Switch is already on, it will remain on."
eKaMVQtW,WHEN every single day at a specific time set by you,", THEN turn a wemo insight switch on",Generic/Other,"If the WeMo Insight Switch is already on, it will remain on."
eMAq7BEs,WHEN you tap a gesture with a custom IFTTT task matching the ID of this trigger,", THEN changes the brightness level of the selected wemo light",Light,If the light is off it will turn on with selected brightness level.
ePCSZgiN,WHEN every time you say 'Alexa trigger' + the phrase that you have defined,", THEN turn on your daikin ac unit, or change its settings",Air/Climate,It will be executed within 1 minute.
eRbY2jzD,WHEN every time your SkyBell HD detects motions,", THEN turn a wemo light switch on",Light,"If the WeMo Switch is already on, it will remain on."
eSByquLr,WHEN an OhmHour ends,", THEN turn a wemo switch on",Generic/Other,"If the WeMo Switch is already on, it will remain on."
eSL5sk4b,WHEN every time you enter an area you specify,", THEN set your honeywell thermostat to hold a temperature for a specified period of time",Thermostat/Heating,The schedule will resume when the time expires.
eTUSNd9A,WHEN a Blue By ADT sensor notices activity in the home,", THEN turns on the selected wemo light",Light,If it is already on it stays on.
eTkyu72A,WHEN every time the temperature rises above a threshold you specify,", THEN turn a wemo switch on",Generic/Other,"If the WeMo Switch is already on, it will remain on."
eWbX3crP,WHEN every time your Netatmo Presence detects a vehicle outside,", THEN turn on the selected light(s)",Light,"Optionally, a light mode or pre-defined color can be applied, as well as a level of dimming."
eX6pejKv,WHEN every time you exit an area you specify,", THEN turn a wemo dimmer off",Generic/Other,"If the WeMo Dimmer is already off, it will remain off."
eeUbaX9B,WHEN every time you miss a phone call on your Android device,", THEN change the color of the nanoleaf light panels or canvas that you select from the device dropdown on this screen",Light,You can enter either a hex value or a keyword for the color. Need help choosing a color? Bookmark nanoleaf.me/ifttt for easy access to a list and color picker.
ehgkbyi5,WHEN every time you say 'Alexa trigger' + the phrase that you have defined,", THEN set your honeywell thermostat to hold a temperature for a specified period of time",Thermostat/Heating,The schedule will resume when the time expires.
enpMx8Pw,WHEN every time the home you specify is set to Away,", THEN turn a wemo switch on",Generic/Other,"If the WeMo Switch is already on, it will remain on."
esaR5uQg,WHEN every time the temperature drops below a threshold you specify,", THEN turn a wemo light switch off",Light,"If the WeMo Switch is already off, it will remain off."
etrM483v,WHEN a KNX device or binary switch is turned off,", THEN return control of your heating to tado⁠°, using your user-defined settings (e",Thermostat/Heating,g. location and Smart Schedule) to automatically determine the right room temperature.
evNut5kx,WHEN a specified tag senses that its ambient temperature returns between the upper and lower thresholds configured at temperature options screen inside the WirelessTag app,", THEN turn a wemo switch off",Generic/Other,"If the WeMo Switch is already off, it will remain off."
exNdAYsE,WHEN every time the home you specify is set to Away,", THEN set the thermostat into a hold using the settings from the specified comfort profile",Thermostat/Heating,This comfort profile hold will remain in effect until the next next comfort profile transition in the program.
eySjKDsr,WHEN every time your Myfox security system detects a household risk,", THEN turn a wemo switch off",Generic/Other,"If the WeMo Switch is already off, it will remain off."
ezBDypXY,WHEN every time you enter an area you specify,", THEN set your honeywell thermostat to hold a temperature for a specified period of time",Thermostat/Heating,The schedule will resume when the time expires.
f9yztAiT,WHEN every time you enter an area you specify,", THEN open the garage door you specify",Generic/Other,"If the garage door is already opened, the door will remain opened. This Action will only work with 'garage mode'. Remote access must be enabled."
fBgXMKbj,WHEN every time you exit an area you specify,", THEN turn a wemo switch off",Generic/Other,"If the WeMo Switch is already off, it will remain off."
fCafMVbF,WHEN every time your WeMo Light Switch is turned off,", THEN turn a wemo switch on",Generic/Other,"If the WeMo Switch is already on, it will remain on."
fJ7KpPSC,WHEN every time your Android device disconnects from any WiFi network,", THEN turn a wemo insight switch on",Generic/Other,"If the WeMo Insight Switch is already on, it will remain on."
fJaG8qkQ,WHEN every time you click the selected Flic,", THEN activate the scene that you choose",Light,You can choose from any Scene that is listed in your Nanoleaf Smarter Series App.
fKMeLC9h,WHEN within 15 minutes of the sunset in your location,", THEN turn a wemo switch on",Generic/Other,"If the WeMo Switch is already on, it will remain on."
fKpcWFua,WHEN every time you say 'Alexa trigger' + the phrase that you have defined,", THEN turns off the selected wemo light",Light,If it is already off it stays off.
fMcpiX4T,WHEN tado⁠° switches to Away Mode,", THEN return control of your heating to tado⁠°, using your user-defined settings (e",Thermostat/Heating,g. location and Smart Schedule) to automatically determine the right room temperature.
fSDstMvL,WHEN within 15 minutes of the sunset in your location,", THEN turns on the selected wemo light",Light,If it is already on it stays on.
fUvucwTk,WHEN every time your Myfox security system detects an intrusion,", THEN turn on the selected light(s)",Light,"Optionally, a light mode or pre-defined color can be applied, as well as a level of dimming."
fYViwt4F,WHEN every time your Android device connects to a WiFi network you specify,", THEN set the current room temperature to a level of your choice",Thermostat/Heating,This temperature level can be adjusted manually or if Clock Mode is activated.
fYh6ykj9,WHEN every time your WeMo Switch is turned off,", THEN turn a wemo switch on",Generic/Other,"If the WeMo Switch is already on, it will remain on."
fbNDFU5p,WHEN every time the temperature drops below the chosen value,", THEN turn on the selected light(s)",Light,"Optionally, a light mode or pre-defined color can be applied, as well as a level of dimming."
feGCN6Tc,WHEN only on specific days of the week at the time you provide,", THEN activate the scene that you choose",Light,You can choose from any Scene that is listed in your Nanoleaf Smarter Series App.
fj4JVKke,WHEN every time the camera detects motion,", THEN turn on the selected light(s)",Light,"Optionally, a light mode or pre-defined color can be applied, as well as a level of dimming."
frwEmGJY,"WHEN once an hour at :00, :15, :30, or :45 minutes past the hour",", THEN turn a wemo light switch off",Light,"If the WeMo Switch is already off, it will remain off."
ftc6N5TQ,WHEN every single day at a specific time set by you,", THEN turn on the pivot power genius outlet you specify",Generic/Other,"If the outlet is already on, it will remain on."
fvYDckhj,WHEN every time your WeMo Light Switch is turned on,", THEN turn a wemo light switch on",Light,"If the WeMo Switch is already on, it will remain on."
fx5cWtRH,WHEN every time you enter an area you specify,", THEN set the thermostat into a hold using the settings from the specified comfort profile",Thermostat/Heating,This comfort profile hold will remain in effect until the next next comfort profile transition in the program.
g2LCsHgD,WHEN every time you enter an area you specify,", THEN turn a wemo switch on",Generic/Other,"If the WeMo Switch is already on, it will remain on."
g5kZqC76,WHEN every time your home exits away mode,", THEN turn on the selected light(s)",Light,"Optionally, a light mode or pre-defined color can be applied, as well as a level of dimming."
g9EyiXVK,"WHEN an issue occurs, such as Low Battery, Device Offline, etc",", THEN turns on the selected group of wemo lights",Light,If the group is already on it will remain on.
gBWdnzhY,WHEN every time your WeMo Switch is turned on,", THEN turn a wemo switch on",Generic/Other,"If the WeMo Switch is already on, it will remain on."
gC4m6JMH,WHEN every time your Android device connects to a WiFi network you specify,", THEN unpause your thermosmart, i",Generic/Other,e. set it to either a scheduled program or an exception if there is one for the current time.
gFjMVDwL,WHEN you say “Ok Google” to the Google Assistant followed by a phrase you choose,", THEN turn a wemo switch off",Generic/Other,"If the WeMo Switch is already off, it will remain off."
gJKge7qH,WHEN within 15 minutes of the sunrise in your location,", THEN turns off the selected group of wemo lights",Light,If the group is already off it will remain off.
gKNyMACQ,WHEN your Blink camera detects motion,", THEN turn a wemo switch on",Generic/Other,"If the WeMo Switch is already on, it will remain on."
gQT8egta,WHEN every time you say 'Alexa trigger' + the phrase that you have defined,", THEN set your honeywell thermostat to hold a temperature for a specified period of time",Thermostat/Heating,The schedule will resume when the time expires.
gRMwxbW4,WHEN every time your Myfox security system is partially armed,", THEN turn off your daikin ac unit",Air/Climate,It will be executed within 1 minute.
gRv6pqwP,WHEN every time a motion event is detected,", THEN turn a wemo switch on",Generic/Other,"If the WeMo Switch is already on, it will remain on."
gXHhMCB3,WHEN every single day at a specific time set by you,", THEN turn a wemo switch on",Generic/Other,"If the WeMo Switch is already on, it will remain on."
gb6DiTBv,WHEN every time you enter an area you specify,", THEN set the thermostat into a hold using the settings from the specified comfort profile",Thermostat/Heating,This comfort profile hold will remain in effect until the next next comfort profile transition in the program.
gdDNmZs8,WHEN you say “Ok Google” to the Google Assistant followed by a phrase you choose,", THEN turn a wemo switch off",Generic/Other,"If the WeMo Switch is already off, it will remain off."
gh7eVAjq,WHEN every time a new reminder is added to the list you specify,", THEN turn a wemo switch on",Generic/Other,"If the WeMo Switch is already on, it will remain on."
gmjt3KPQ,WHEN within 15 minutes of the sunset in your location,", THEN turn a wemo switch on",Generic/Other,"If the WeMo Switch is already on, it will remain on."
gpsbgFRj,WHEN every time you press the button,", THEN turn on your daikin ac unit, or change its settings",Air/Climate,It will be executed within 1 minute.
gs4kPK7y,WHEN every time your WeMo Motion sensor detects new motion after a specific period of inactivity,", THEN turn on the selected light(s)",Light,"Optionally, a light mode or pre-defined color can be applied, as well as a level of dimming."
gtaVndkP,WHEN every time you enter an area you specify,", THEN turn a wemo light switch on",Light,"If the WeMo Switch is already on, it will remain on."
gyYSpH64,WHEN you tap a gesture with a custom IFTTT task matching the ID of this trigger,", THEN turn a wemo switch off",Generic/Other,"If the WeMo Switch is already off, it will remain off."
h2qMFZY7,WHEN every time somebody rings your Ring Doorbell,", THEN turn a wemo light switch on",Light,"If the WeMo Switch is already on, it will remain on."
h5pzGVDb,WHEN every time your WeMo Switch is turned on,", THEN turn a wemo light switch on",Light,"If the WeMo Switch is already on, it will remain on."
h7EFjTD4,WHEN within 15 minutes of the sunset in your location,", THEN turn a wemo switch on",Generic/Other,"If the WeMo Switch is already on, it will remain on."
h7c5ZfdT,WHEN every time your alarm goes off,", THEN turn a wemo insight switch on",Generic/Other,"If the WeMo Insight Switch is already on, it will remain on."
hCqmy5hG,WHEN every time the camera detects a motion event,", THEN turn a wemo switch on",Generic/Other,"If the WeMo Switch is already on, it will remain on."
hDa8FXUB,WHEN you say “Ok Google” to the Google Assistant followed by a phrase you choose,", THEN activate the scene that you choose",Light,You can choose from any Scene that is listed in your Nanoleaf Smarter Series App.
hHhcCeLz,WHEN within 15 minutes of your unit having been turned on,", THEN turn off your daikin ac unit",Air/Climate,It will be executed within 1 minute.
hJZbAc7X,WHEN every time you exit an area you specify,", THEN set the current room temperature to a level of your choice",Thermostat/Heating,This temperature level can be adjusted manually or if Clock Mode is activated.
hRFn7NCH,WHEN every time your WeMo Light Switch is turned on or off with a long press over two seconds,", THEN turn a wemo light switch off",Light,"If the WeMo Switch is already off, it will remain off."
hUcnFjtM,WHEN only on specific days of the week at the time you provide,", THEN turn a wemo switch on",Generic/Other,"If the WeMo Switch is already on, it will remain on."
hXCpEUyW,WHEN the cost of the device attached to your WeMo Insight Switch rises above the daily value you specify,", THEN turn a wemo switch off",Generic/Other,"If the WeMo Switch is already off, it will remain off."
hXsNjQ4D,WHEN every time you enter an area you specify,", THEN turn a wemo light switch on",Light,"If the WeMo Switch is already on, it will remain on."
hdxtCFhn,WHEN every time a specific channel publishes a video,", THEN activate the scene that you choose",Light,You can choose from any Scene that is listed in your Nanoleaf Smarter Series App.
heh7MvKU,WHEN only on specific days of the week at the time you provide,", THEN turn a wemo light switch on",Light,"If the WeMo Switch is already on, it will remain on."
hgVnG3Y8,WHEN within 15 minutes of the sunset in your location,", THEN turn a wemo switch on",Generic/Other,"If the WeMo Switch is already on, it will remain on."
hhiZk46D,WHEN every single day at a specific time set by you,", THEN turn a wemo switch on",Generic/Other,"If the WeMo Switch is already on, it will remain on."
hjDTK5bY,WHEN every time you exit an area you specify,", THEN set the thermostat into a hold using the settings from the specified comfort profile",Thermostat/Heating,This comfort profile hold will remain in effect until the next next comfort profile transition in the program.
hjbfhJ78,WHEN within 15 minutes of the sunset in your location,", THEN turn a wemo switch on",Generic/Other,"If the WeMo Switch is already on, it will remain on."
htzF4qV3,WHEN you say “Ok Google” to the Google Assistant followed by a phrase you choose,", THEN turn a wemo light switch off",Light,"If the WeMo Switch is already off, it will remain off."
hvNJcCQx,WHEN every time your WeMo Insight Switch is turned off,", THEN turn a wemo insight switch on",Generic/Other,"If the WeMo Insight Switch is already on, it will remain on."
hwq7xRJ6,WHEN every time your WeMo Motion sensor detects new motion after a specific period of inactivity,", THEN turn a wemo switch on",Generic/Other,"If the WeMo Switch is already on, it will remain on."
i4RJxHre,WHEN every time your SmartThings device's presence is no longer detected,", THEN set the thermostat into a hold using the settings from the specified comfort profile",Thermostat/Heating,This comfort profile hold will remain in effect until the next next comfort profile transition in the program.
i5cMsHFR,WHEN you tap a gesture with a custom IFTTT task matching the ID of this trigger,", THEN turn a wemo insight switch on",Generic/Other,"If the WeMo Insight Switch is already on, it will remain on."
i6qF8sAQ,WHEN the room temperature rises above a user-defined value,", THEN return control of your heating to tado⁠°, using your user-defined settings (e",Thermostat/Heating,g. location and Smart Schedule) to automatically determine the right room temperature.
i7EFVUzP,WHEN every time you press the button,", THEN turn a wemo switch on",Generic/Other,"If the WeMo Switch is already on, it will remain on."
i8k7c3ta,WHEN every time you say 'Alexa trigger' + the phrase that you have defined,", THEN turn a wemo light switch on",Light,"If the WeMo Switch is already on, it will remain on."
iJXDGk7e,WHEN every time a device connects to Google Wifi,", THEN turn a wemo switch on",Generic/Other,"If the WeMo Switch is already on, it will remain on."
iS476QgZ,WHEN a leak is detected by the specified device,", THEN turn a wemo switch on",Generic/Other,"If the WeMo Switch is already on, it will remain on."
iZJsbCVR,WHEN every time your GE Dryer finishes a cycle,", THEN turn on the selected light(s)",Light,"Optionally, a light mode or pre-defined color can be applied, as well as a level of dimming."
icV7MUzN,WHEN every time somebody rings your Ring Doorbell,", THEN turn on the selected light(s)",Light,"Optionally, a light mode or pre-defined color can be applied, as well as a level of dimming."
idkUamqR,WHEN every time you say 'Alexa trigger' + the phrase that you have defined,", THEN set your honeywell thermostat to hold a temperature for a specified period of time",Thermostat/Heating,The schedule will resume when the time expires.
imrd9P6i,WHEN every time you exit an area you specify,", THEN turn a wemo light switch off",Light,"If the WeMo Switch is already off, it will remain off."
indX3geJ,WHEN every time the Nest Protect you specify detects dangerous smoke levels,", THEN turn a wemo insight switch on",Generic/Other,"If the WeMo Insight Switch is already on, it will remain on."
insC9wuz,WHEN every time your WeMo Motion sensor detects new motion,", THEN turn a wemo dimmer on",Generic/Other,"If the WeMo Dimmer is already on, it will remain on."
ipFhkaXc,WHEN a specified tag senses that its ambient temperature falls below an lower threshold configured at temperature options screen inside the WirelessTag app,", THEN turn a wemo switch on",Generic/Other,"If the WeMo Switch is already on, it will remain on."
iqGaTrCR,WHEN within 15 minutes of the sunset in your location,", THEN turn a wemo insight switch on",Generic/Other,"If the WeMo Insight Switch is already on, it will remain on."
iuLASMsF,WHEN every time it is Christmas in the time zone you specify,", THEN activate the scene that you choose",Light,You can choose from any Scene that is listed in your Nanoleaf Smarter Series App.
j3ixwBVU,WHEN every single day at a specific time set by you,", THEN turn a wemo switch on",Generic/Other,"If the WeMo Switch is already on, it will remain on."
j5tBaF82,WHEN every time your alarm goes off,", THEN turn a wemo switch on",Generic/Other,"If the WeMo Switch is already on, it will remain on."
j7ZebpUq,WHEN every time you say 'Alexa trigger' + the phrase that you have defined,", THEN turn a wemo switch on",Generic/Other,"If the WeMo Switch is already on, it will remain on."
j7ygjZuV,WHEN every time you send an SMS on your Android device that matches a search you specify,", THEN turn a wemo switch off",Generic/Other,"If the WeMo Switch is already off, it will remain off."
jE4ACRqz,WHEN every time you enter an area you specify,", THEN turn a wemo switch on",Generic/Other,"If the WeMo Switch is already on, it will remain on."
jFMGHP5A,WHEN every time the temperature measured by your Spotter drops below the value you specify,", THEN turn on the pivot power genius outlet you specify",Generic/Other,"If the outlet is already on, it will remain on."
jGaxdFkC,WHEN the room temperature satisfies a condition with a threshold,", THEN turn off your daikin ac unit",Air/Climate,It will be executed within 1 minute.
jHPbyVxC,WHEN every single day at a specific time set by you,", THEN turn on your daikin ac unit, or change its settings",Air/Climate,It will be executed within 1 minute.
jKup7FMW,WHEN every single day at a specific time set by you,", THEN open the garage door you specify",Generic/Other,"If the garage door is already opened, the door will remain opened. This Action will only work with 'garage mode'. Remote access must be enabled."
jLA9TuEH,WHEN only on specific days of the week at the time you provide,", THEN set the thermostat into a hold using the settings from the specified comfort profile",Thermostat/Heating,This comfort profile hold will remain in effect until the next next comfort profile transition in the program.
jSHMstQC,WHEN within 15 minutes of the sunset in your location,", THEN turn a wemo switch on",Generic/Other,"If the WeMo Switch is already on, it will remain on."
jUDmAYQz,WHEN you say “Ok Google” to the Google Assistant followed by a phrase you choose,", THEN turn a wemo switch off",Generic/Other,"If the WeMo Switch is already off, it will remain off."
jWZ9Y4VB,WHEN every time your WeMo Maker relay is turned on in toggle mode,", THEN turn a wemo switch off",Generic/Other,"If the WeMo Switch is already off, it will remain off."
jWrctCY2,WHEN every single day at a specific time set by you,", THEN turn a wemo switch on",Generic/Other,"If the WeMo Switch is already on, it will remain on."
jXUTAavE,WHEN every time your WeMo Light Switch is turned on,", THEN turn a wemo insight switch on",Generic/Other,"If the WeMo Insight Switch is already on, it will remain on."
jaFzwp7s,WHEN the AQI of your device is updated,", THEN change the color of the nanoleaf light panels or canvas that you select from the device dropdown on this screen",Light,You can enter either a hex value or a keyword for the color. Need help choosing a color? Bookmark nanoleaf.me/ifttt for easy access to a list and color picker.
jczViTsH,WHEN every time the button is pressed on your SkyBell HD,", THEN turn a wemo light switch on",Light,"If the WeMo Switch is already on, it will remain on."
jeF8Gyu7,WHEN every time you enter an area you specify,", THEN turn a wemo light switch on",Light,"If the WeMo Switch is already on, it will remain on."
jfT5iEhN,WHEN every time your timer goes off,", THEN turn a wemo light switch on",Light,"If the WeMo Switch is already on, it will remain on."
jfuN8Zsz,WHEN every time you exit an area you specify,", THEN turn off your daikin ac unit",Air/Climate,It will be executed within 1 minute.
jgWtZFAm,WHEN every time you miss a phone call on your Android device from a number you specify,", THEN turns on the selected wemo light",Light,If it is already on it stays on.
jiEk3Tbd,WHEN within 15 minutes of the sunset in your location,", THEN turn a wemo light switch on",Light,"If the WeMo Switch is already on, it will remain on."
jibAGmNK,WHEN every time your WeMo Light Switch is turned on or off with a long press over two seconds,", THEN turns off the selected wemo light",Light,If it is already off it stays off.
jqyRPWdk,WHEN every time you say 'Alexa trigger' + the phrase that you have defined,", THEN turns off the selected wemo light",Light,If it is already off it stays off.
juN3tcSH,WHEN every time you press the button,", THEN turn a wemo light switch on",Light,"If the WeMo Switch is already on, it will remain on."
juc9dXmE,WHEN every time your Android device connects to a WiFi network you specify,", THEN set the thermostat into a hold using the settings from the specified comfort profile",Thermostat/Heating,This comfort profile hold will remain in effect until the next next comfort profile transition in the program.
jvCX4bJc,WHEN within 15 minutes of the sunset in your location,", THEN turn on the pivot power genius outlet you specify",Generic/Other,"If the outlet is already on, it will remain on."
jvpDue5s,WHEN a Routine is activated,", THEN turn off your daikin ac unit",Air/Climate,It will be executed within 1 minute.
k3dMhKzQ,WHEN only on specific days of the week at the time you provide,", THEN open the garage door you specify",Generic/Other,"If the garage door is already opened, the door will remain opened. This Action will only work with 'garage mode'. Remote access must be enabled."
k4U658fe,WHEN only on specific days of the week at the time you provide,", THEN turn a wemo light switch on",Light,"If the WeMo Switch is already on, it will remain on."
k4kV7L9m,WHEN every time your ecobee thermostat and Room Sensors change to Smart Home or Smart Away comfort profiles,", THEN set the thermostat into a hold using the settings from the specified comfort profile",Thermostat/Heating,This comfort profile hold will remain in effect until the next next comfort profile transition in the program.
k59iVJdA,WHEN you say “Ok Google” to the Google Assistant followed by a phrase you choose,", THEN turn on the selected light(s)",Light,"Optionally, a light mode or pre-defined color can be applied, as well as a level of dimming."
k9d6iZHJ,WHEN every time your GE Dishwasher finishes a cycle,", THEN turn on the selected light(s)",Light,"Optionally, a light mode or pre-defined color can be applied, as well as a level of dimming."
kChEdSBz,WHEN every time a specified camera detects motion,", THEN turn on the selected light(s)",Light,"Optionally, a light mode or pre-defined color can be applied, as well as a level of dimming."
kKb4GjHu,WHEN every time your Android device's battery drops below 15%,", THEN change the color of the nanoleaf light panels or canvas that you select from the device dropdown on this screen",Light,You can enter either a hex value or a keyword for the color. Need help choosing a color? Bookmark nanoleaf.me/ifttt for easy access to a list and color picker.
kKmCYZGe,WHEN every time your WeMo Light Switch is turned on,", THEN turn a wemo light switch on",Light,"If the WeMo Switch is already on, it will remain on."
kLJSakXu,WHEN every time the Nest Protect you specify detects warning smoke levels,", THEN turn a wemo light switch off",Light,"If the WeMo Switch is already off, it will remain off."
kQhb3z4e,WHEN every time the home you specify is set to Away,", THEN turn a wemo light switch off",Light,"If the WeMo Switch is already off, it will remain off."
kaVZs2X8,WHEN every single day at a specific time set by you,", THEN close the garage door you specify",Generic/Other,"If the garage door is already closed, the door will remain closed. This Action will only work with 'garage mode'. Remote access must be enabled."
keS4ztTk,WHEN every time your WeMo Light Switch is turned on,", THEN turn a wemo light switch on",Light,"If the WeMo Switch is already on, it will remain on."
kjbdKx5S,WHEN every time you enter an area you specify,", THEN turn a wemo insight switch on",Generic/Other,"If the WeMo Insight Switch is already on, it will remain on."
kmFYDbBw,WHEN before time-of-day peak rates start,", THEN set your honeywell thermostat to hold a temperature for a specified period of time",Thermostat/Heating,The schedule will resume when the time expires.
kqLMczyu,WHEN every time the Netatmo Welcome detects an unknown person,", THEN turn on the selected light(s)",Light,"Optionally, a light mode or pre-defined color can be applied, as well as a level of dimming."
ksvuTFnK,WHEN every time a motion is detected at the given doorbell,", THEN turn a wemo switch on",Generic/Other,"If the WeMo Switch is already on, it will remain on."
kyctVMLQ,WHEN the alarm for a specific mode is triggered,", THEN turn a wemo light switch on",Light,"If the WeMo Switch is already on, it will remain on."
m7ajyeRZ,WHEN you say “Ok Google” to the Google Assistant followed by a phrase you choose,", THEN turn a wemo switch off",Generic/Other,"If the WeMo Switch is already off, it will remain off."
m7wkcfN6,WHEN within 15 minutes of the sunset in your location,", THEN turn a wemo switch on",Generic/Other,"If the WeMo Switch is already on, it will remain on."
m9jBWKgi,WHEN you say “Ok Google” to the Google Assistant followed by a phrase you choose,", THEN turns off the selected wemo light",Light,If it is already off it stays off.
mAbPWDtB,WHEN every time your WeMo light switches off,", THEN turns on the selected wemo light",Light,If it is already on it stays on.
mGrvsPdW,WHEN within 15 minutes of the sunset in your location,", THEN turn on the pivot power genius outlet you specify",Generic/Other,"If the outlet is already on, it will remain on."
mQRYGE5k,WHEN every time the home you specify is set to Away,", THEN turn a wemo switch off",Generic/Other,"If the WeMo Switch is already off, it will remain off."
mVzfb5FX,WHEN the device attached to your WeMo Insight Switch is turned on longer than the minutes you specify,", THEN turn a wemo switch off",Generic/Other,"If the WeMo Switch is already off, it will remain off."
mepdCmN8,WHEN every single day at a specific time set by you,", THEN turn a wemo light switch off",Light,"If the WeMo Switch is already off, it will remain off."
meq2kbPh,WHEN every time the temperature rises above a threshold you specify,", THEN turn a wemo light switch on",Light,"If the WeMo Switch is already on, it will remain on."
mhyrLSH7,WHEN you say “Ok Google” to the Google Assistant followed by a phrase you choose,", THEN turn a wemo light switch off",Light,"If the WeMo Switch is already off, it will remain off."
mirKDuEL,WHEN every time you exit an area you specify,", THEN set the thermostat into a hold using the settings from the specified comfort profile",Thermostat/Heating,This comfort profile hold will remain in effect for the specified number of hours.
mpSauH3Y,WHEN every time you say 'Alexa trigger' + the phrase that you have defined,", THEN changes the brightness level of the selected group of wemo lights",Light,If the group is off it will turn on with selected brightness level.
mqdJXsxG,"WHEN every time your Myfox security system receives an alarm (detection, intrusion, silent alert, ",", THEN turn on the selected light(s)",Light,"Optionally, a light mode or pre-defined color can be applied, as well as a level of dimming."
mtdKzGZa,WHEN every single day at a specific time set by you,", THEN turn a wemo switch on",Generic/Other,"If the WeMo Switch is already on, it will remain on."
mzH3FEks,WHEN every single day at a specific time set by you,", THEN turn a wemo switch on",Generic/Other,"If the WeMo Switch is already on, it will remain on."
n2kJDFeY,WHEN every time you say 'Alexa trigger' + the phrase that you have defined,", THEN turn on the selected light(s)",Light,"Optionally, a light mode or pre-defined color can be applied, as well as a level of dimming."
n4CDpFKY,WHEN every single day at a specific time set by you,", THEN turn a wemo light switch off",Light,"If the WeMo Switch is already off, it will remain off."
nAcp4V2n,WHEN every time a device disconnects from Google Wifi,", THEN turn a wemo switch off",Generic/Other,"If the WeMo Switch is already off, it will remain off."
nApDqHVf,WHEN every time you say 'Alexa trigger' + the phrase that you have defined,", THEN turn a wemo switch on",Generic/Other,"If the WeMo Switch is already on, it will remain on."
nJW9RSBe,WHEN every single day at a specific time set by you,", THEN turns off the selected wemo light",Light,If it is already off it stays off.
nLfigBxe,WHEN every time you say 'Alexa trigger' + the phrase that you have defined,", THEN turns on the selected wemo light",Light,If it is already on it stays on.
nMmjVGnB,WHEN every time you exit an area you specify,", THEN turn a wemo switch off",Generic/Other,"If the WeMo Switch is already off, it will remain off."
nSDTb9xt,WHEN every time the Nest Protect you specify detects warning carbon monoxide levels,", THEN turn a wemo switch on",Generic/Other,"If the WeMo Switch is already on, it will remain on."
nV2XbAS7,WHEN within 15 minutes of the sunset in your location,", THEN turn a wemo switch on",Generic/Other,"If the WeMo Switch is already on, it will remain on."
nVqz5fGw,WHEN every single day at a specific time set by you,", THEN turn a wemo switch off",Generic/Other,"If the WeMo Switch is already off, it will remain off."
nYK7Lra4,WHEN every time you say 'Alexa trigger' + the phrase that you have defined,", THEN turn a wemo switch off",Generic/Other,"If the WeMo Switch is already off, it will remain off."
nZurn9GP,WHEN every time you press the button,", THEN change operation settings for heat mode in your device",Thermostat/Heating,This action is for devices not set to work with compensation curve setting.
naJDhusP,WHEN your air quality goes above or below the target level,", THEN turn a wemo switch on",Generic/Other,"If the WeMo Switch is already on, it will remain on."
ncKzdLHA,WHEN every time a device connects to Google Wifi,", THEN turn a wemo switch on",Generic/Other,"If the WeMo Switch is already on, it will remain on."
neuMWjtr,WHEN every time you post a new tweet,", THEN turn a wemo switch on",Generic/Other,"If the WeMo Switch is already on, it will remain on."
ni3TNkRu,WHEN within 15 minutes of the sunset in your location,", THEN turn a wemo light switch on",Light,"If the WeMo Switch is already on, it will remain on."
njNXr9Cg,WHEN within 15 minutes of the sunrise in your location,", THEN turn a wemo light switch off",Light,"If the WeMo Switch is already off, it will remain off."
njvVufti,WHEN every time you say 'Alexa trigger' + the phrase that you have defined,", THEN close the garage door you specify",Generic/Other,"If the garage door is already closed, the door will remain closed. This Action will only work with 'garage mode'. Remote access must be enabled."
npJ7FBAY,WHEN every time you say 'Alexa trigger' + the phrase that you have defined,", THEN turns off the selected wemo light",Light,If it is already off it stays off.
nt5rgsjP,WHEN every single day at a specific time set by you,", THEN turn a wemo switch off",Generic/Other,"If the WeMo Switch is already off, it will remain off."
nvdQa4yB,WHEN every time you enter an area you specify,", THEN set the thermostat into a hold using the settings from the specified comfort profile",Thermostat/Heating,This comfort profile hold will remain in effect until the next next comfort profile transition in the program.
nvyqbAau,WHEN every time you press the button,", THEN turns off the selected wemo light",Light,If it is already off it stays off.
nwu4Czkj,WHEN only on specific days of the week at the time you provide,", THEN turn a wemo switch off",Generic/Other,"If the WeMo Switch is already off, it will remain off."
nwxv8Bb3,WHEN every single day at a specific time set by you,", THEN turn a wemo switch off",Generic/Other,"If the WeMo Switch is already off, it will remain off."
nxn648h2,WHEN your Arlo device detects motion,", THEN turn on the selected light(s)",Light,"Optionally, a light mode or pre-defined color can be applied, as well as a level of dimming."
p6YABpfa,WHEN every single day at a specific time set by you,", THEN changes the brightness level of the selected wemo light",Light,If the light is off it will turn on with selected brightness level.
p7mHSX9T,WHEN within 15 minutes of the sunrise in your location,", THEN turn a wemo light switch off",Light,"If the WeMo Switch is already off, it will remain off."
pEQ74HU5,WHEN every single day at a specific time set by you,", THEN turn a wemo switch on",Generic/Other,"If the WeMo Switch is already on, it will remain on."
pKWJCLwq,WHEN every time the camera detects a sound or motion event,", THEN turn a wemo switch on",Generic/Other,"If the WeMo Switch is already on, it will remain on."
pRvXJ5Ya,WHEN you say “Ok Google” to the Google Assistant followed by a phrase you choose,", THEN set the thermostat into a hold using the settings from the specified comfort profile",Thermostat/Heating,This comfort profile hold will remain in effect until the next next comfort profile transition in the program.
pYPwac8V,WHEN every time your IFTTT Tag on MESH app receives an input signal from the other Tag,", THEN turn a wemo switch off",Generic/Other,"If the WeMo Switch is already off, it will remain off."
pa8N7Mzx,WHEN within 15 minutes of the sunrise in your location,", THEN turn a wemo light switch off",Light,"If the WeMo Switch is already off, it will remain off."
paCfHpc9,WHEN tado⁠° switches to Away Mode,", THEN return control of your heating to tado⁠°, using your user-defined settings (e",Thermostat/Heating,g. location and Smart Schedule) to automatically determine the right room temperature.
pbFsTKpD,WHEN a set number of minutes before the starting time of any event on your Google Calendar,", THEN turn a wemo light switch on",Light,"If the WeMo Switch is already on, it will remain on."
pc862zWM,WHEN within 15 minutes of the sunset in your location,", THEN turn a wemo light switch on",Light,"If the WeMo Switch is already on, it will remain on."
pjw34AuV,WHEN every time you press the button,", THEN enable/disable holiday mode on all your daikin ac units",Air/Climate,It will be executed within 1 minute.
pnWe5qKi,WHEN within 15 minutes of the sunset in your location,", THEN turns on the selected wemo light",Light,If it is already on it stays on.
pngfYBDt,WHEN every time you say 'Alexa trigger' + the phrase that you have defined,", THEN turns on the selected wemo light",Light,If it is already on it stays on.
pqKNV8js,WHEN every time you enter an area you specify,", THEN turn a wemo insight switch on",Generic/Other,"If the WeMo Insight Switch is already on, it will remain on."
psRYWJHn,WHEN every time your WeMo Switch is turned on,", THEN turn a wemo switch on",Generic/Other,"If the WeMo Switch is already on, it will remain on."
pweUsATX,WHEN every family member has left,", THEN turn a wemo switch off",Generic/Other,"If the WeMo Switch is already off, it will remain off."
pzw3kP2E,WHEN within 15 minutes of the sunrise in your location,", THEN turn a wemo switch on",Generic/Other,"If the WeMo Switch is already on, it will remain on."
q2jwaAWy,WHEN you say “Ok Google” to the Google Assistant followed by a phrase like “Set Nest thermostat to 68,", THEN set the current room temperature to a level of your choice",Thermostat/Heating,This temperature level can be adjusted manually or if Clock Mode is activated.
q3aQGZX2,WHEN every time you enter an area you specify,", THEN turn a wemo dimmer on",Generic/Other,"If the WeMo Dimmer is already on, it will remain on."
q4Ud2ne9,WHEN motion is detected,", THEN turn a wemo switch on",Generic/Other,"If the WeMo Switch is already on, it will remain on."
q6ixGPpC,WHEN every time you exit an area you specify,", THEN set the thermostat into a hold using the settings from the specified comfort profile",Thermostat/Heating,This comfort profile hold will remain in effect until the next next comfort profile transition in the program.
q9HRfjDP,WHEN you say “Ok Google” to the Google Assistant followed by a phrase you choose,", THEN turn a wemo switch on",Generic/Other,"If the WeMo Switch is already on, it will remain on."
qBCtbcr7,WHEN an event is triggered from your litter robot,", THEN clean a specific room in your home",Generic/Other,For robots with Imprint™ Smart Mapping technology.
qJH4XtEY,WHEN for an account that is on a dynamic pricing plan such as the Residential Hourly Pricing program or other real time market rates whenever the average price changes,", THEN turn a wemo switch off",Generic/Other,"If the WeMo Switch is already off, it will remain off."
qNYc82Dt,WHEN every time an alarm is detected,", THEN turn on the selected light(s)",Light,"Optionally, a light mode or pre-defined color can be applied, as well as a level of dimming."
qU3LrEqb,WHEN every time the home you specify is set to Home,", THEN turn a wemo switch on",Generic/Other,"If the WeMo Switch is already on, it will remain on."
qYaAWSLr,WHEN a mode is armed,", THEN set the thermostat into a hold using the settings from the specified comfort profile",Thermostat/Heating,This comfort profile hold will remain in effect until the next next comfort profile transition in the program.
qd7zwvCn,WHEN every time your IFTTT Tag on MESH app receives an input signal from the other Tag,", THEN turn a wemo light switch off",Light,"If the WeMo Switch is already off, it will remain off."
qdcuKxvn,WHEN only on specific days of the week at the time you provide,", THEN turn a wemo switch on",Generic/Other,"If the WeMo Switch is already on, it will remain on."
qeHsP8cV,WHEN only on specific days of the week at the time you provide,", THEN turn a wemo switch off",Generic/Other,"If the WeMo Switch is already off, it will remain off."
qekRDGUX,WHEN a specified motion sensor tag(s) or reed sensor(s) detect that a door or window is open,", THEN turn a wemo insight switch on",Generic/Other,"If the WeMo Insight Switch is already on, it will remain on."
qgeNdvaw,WHEN every time you enter an area you specify,", THEN turn a wemo light switch on",Light,"If the WeMo Switch is already on, it will remain on."
qhTBWsg9,"WHEN every time you check in on Foursquare or Swarm
with a single hashtag in the shout (e",", THEN turn a wemo switch on",Generic/Other,"If the WeMo Switch is already on, it will remain on."
qiARtyhZ,WHEN you say “Ok Google” to the Google Assistant followed by a phrase you choose,", THEN turns off the selected wemo light",Light,If it is already off it stays off.
qnHDsmYp,WHEN within 15 minutes of the sunset in your location,", THEN turn a wemo switch on",Generic/Other,"If the WeMo Switch is already on, it will remain on."
qqy6kQmJ,WHEN every time the carbon dioxide rises above a value you specify,", THEN turn on the selected light(s)",Light,"Optionally, a light mode or pre-defined color can be applied, as well as a level of dimming."
qrixKVLP,WHEN every time the home you specify is set to Away,", THEN turn a wemo switch on",Generic/Other,"If the WeMo Switch is already on, it will remain on."
qsCMBKSm,WHEN every time a motion event is detected,", THEN turn a wemo switch off",Generic/Other,"If the WeMo Switch is already off, it will remain off."
qtvG7M9b,WHEN every single day at a specific time set by you,", THEN turn a wemo light switch off",Light,"If the WeMo Switch is already off, it will remain off."
qvGjSXVE,WHEN every time your Android device connects to a WiFi network you specify,", THEN set the thermostat into a hold using the settings from the specified comfort profile",Thermostat/Heating,This comfort profile hold will remain in effect until the next next comfort profile transition in the program.
qvYjWtiM,WHEN every time you say 'Alexa trigger' + the phrase that you have defined,", THEN turn a wemo light switch off",Light,"If the WeMo Switch is already off, it will remain off."
qzCAk3St,WHEN every time you say 'Alexa trigger' + the phrase that you have defined,", THEN turn a wemo dimmer off",Generic/Other,"If the WeMo Dimmer is already off, it will remain off."
qzdgYDLc,WHEN only on specific days of the week at the time you provide,", THEN turn a wemo light switch on",Light,"If the WeMo Switch is already on, it will remain on."
r9GzEXwS,WHEN every time the Nest Protect you specify detects dangerous smoke levels,", THEN turns on the selected wemo light",Light,If it is already on it stays on.
rCHje9z3,WHEN every time you enter an area you specify,", THEN set your honeywell thermostat to hold a temperature for a specified period of time",Thermostat/Heating,The schedule will resume when the time expires.
rDMwc3nk,WHEN every time your SmartThings device's presence is detected,", THEN turn on the selected light(s)",Light,"Optionally, a light mode or pre-defined color can be applied, as well as a level of dimming."
rJAmu5Lh,WHEN every time the temperature drops below a threshold you specify,", THEN turn off the pivot power genius outlet you specify",Generic/Other,"If the outlet is already off, it will remain off."
rTJMcLtf,WHEN every time a motion is detected at the given doorbell,", THEN turn a wemo light switch on",Light,"If the WeMo Switch is already on, it will remain on."
rWfLFGCN,WHEN every time you exit an area you specify,", THEN turns off the selected wemo light",Light,If it is already off it stays off.
rYBGptHX,WHEN every time you say 'Alexa trigger' + the phrase that you have defined,", THEN turn on the selected light(s)",Light,"Optionally, a light mode or pre-defined color can be applied, as well as a level of dimming."
rYKcUxNT,WHEN every time your WeMo Insight Switch is turned on,", THEN turn a wemo insight switch on",Generic/Other,"If the WeMo Insight Switch is already on, it will remain on."
rYhWwbF7,WHEN every single day at a specific time set by you,", THEN turn a wemo switch off",Generic/Other,"If the WeMo Switch is already off, it will remain off."
rZhHbc8y,WHEN you say “Ok Google” to the Google Assistant followed by a phrase you choose,", THEN turn a wemo switch off",Generic/Other,"If the WeMo Switch is already off, it will remain off."
rb2LBNFg,WHEN every time a motion is detected at the given doorbell,", THEN turn a wemo switch on",Generic/Other,"If the WeMo Switch is already on, it will remain on."
reYryR6X,WHEN every single day at a specific time set by you,", THEN turn a wemo switch off",Generic/Other,"If the WeMo Switch is already off, it will remain off."
rfsy4XtG,WHEN within 15 minutes of the sunset in your location,", THEN turn a wemo insight switch on",Generic/Other,"If the WeMo Insight Switch is already on, it will remain on."
rh5B68tV,WHEN within 15 minutes of the sunset in your location,", THEN turn a wemo switch on",Generic/Other,"If the WeMo Switch is already on, it will remain on."
rhj7iat4,WHEN every time the home you specify is set to Away,", THEN turn a wemo switch off",Generic/Other,"If the WeMo Switch is already off, it will remain off."
rhreCNQS,WHEN you say “Ok Google” to the Google Assistant followed by a phrase you choose,", THEN set the thermostat into a hold using the settings from the specified comfort profile",Thermostat/Heating,This comfort profile hold will remain in effect until the next next comfort profile transition in the program.
rrb2aMUP,"WHEN actions when the selected Tecan Instrument's state changes to Idle, Running, Paused, Error, User Interaction Required, Software Not Running, Not Connected and Stopped",", THEN change the color of the nanoleaf light panels or canvas that you select from the device dropdown on this screen",Light,You can enter either a hex value or a keyword for the color. Need help choosing a color? Bookmark nanoleaf.me/ifttt for easy access to a list and color picker.
rtiapfnz,WHEN every time your WeMo Switch is turned on,", THEN turn a wemo switch off",Generic/Other,"If the WeMo Switch is already off, it will remain off."
rzuAqhCE,WHEN every time you say 'Alexa trigger' + the phrase that you have defined,", THEN turns off the selected wemo light",Light,If it is already off it stays off.
s98s2XwC,WHEN only on specific days of the week at the time you provide,", THEN turn a wemo switch off",Generic/Other,"If the WeMo Switch is already off, it will remain off."
s9zrWLXf,WHEN whenever a motion sensor detects movement nearby,", THEN turn on the selected light(s)",Light,"Optionally, a light mode or pre-defined color can be applied, as well as a level of dimming."
sG2Br54t,WHEN every time your SmartThings device's presence is no longer detected,", THEN turn a wemo switch off",Generic/Other,"If the WeMo Switch is already off, it will remain off."
sRfZrbJP,WHEN every time the Nest Protect you specify detects dangerous carbon monoxide levels,", THEN turn a wemo switch on",Generic/Other,"If the WeMo Switch is already on, it will remain on."
sSerBLRc,WHEN an event is triggered from your litter robot,", THEN clean a specific room in your home",Generic/Other,For robots with Imprint™ Smart Mapping technology.
sWfr6MBK,WHEN every time your WeMo Insight Switch is turned off,", THEN turn a wemo insight switch on",Generic/Other,"If the WeMo Insight Switch is already on, it will remain on."
sYnNKRVS,WHEN every time you say 'Alexa trigger' + the phrase that you have defined,", THEN turn off your daikin ac unit",Air/Climate,It will be executed within 1 minute.
sZVfdPqW,WHEN every time the temperature rises above the chosen value,", THEN turn on the selected light(s)",Light,"Optionally, a light mode or pre-defined color can be applied, as well as a level of dimming."
scAgGRd7,WHEN every time the Nest Protect you specify detects dangerous carbon monoxide levels,", THEN turn a wemo switch on",Generic/Other,"If the WeMo Switch is already on, it will remain on."
sfLxR94C,WHEN every single day at a specific time set by you,", THEN turn a wemo switch on",Generic/Other,"If the WeMo Switch is already on, it will remain on."
skf8aFBA,WHEN every time you check in to a venue in a specific category on Foursquare or Swarm,", THEN turn a wemo switch on",Generic/Other,"If the WeMo Switch is already on, it will remain on."
spu2m4PQ,WHEN every time you exit an area you specify,", THEN turn a wemo light switch off",Light,"If the WeMo Switch is already off, it will remain off."
ssK4XrfA,WHEN for an account that is on a dynamic pricing plan such as the Residential Hourly Pricing program or other real time market rates whenever the average price changes,", THEN turn a wemo switch off",Generic/Other,"If the WeMo Switch is already off, it will remain off."
sxfyuncW,WHEN every time you press the button,", THEN set your honeywell thermostat to hold a temperature for a specified period of time",Thermostat/Heating,The schedule will resume when the time expires.
t3Ze7hrx,WHEN your water heater exceeds its energy use threshold,", THEN turn on the selected light(s)",Light,"Optionally, a light mode or pre-defined color can be applied, as well as a level of dimming."
t52SXCDV,"WHEN once an hour at :00, :15, :30, or :45 minutes past the hour",", THEN close the garage door you specify",Generic/Other,"If the garage door is already closed, the door will remain closed. This Action will only work with 'garage mode'. Remote access must be enabled."
tDBVTCzN,WHEN within 15 minutes of the sunset in your location,", THEN turn a wemo switch on",Generic/Other,"If the WeMo Switch is already on, it will remain on."
tFiW46B8,WHEN every single day at a specific time set by you,", THEN turn a wemo switch off",Generic/Other,"If the WeMo Switch is already off, it will remain off."
tJWLQg5e,WHEN a device attached to your HomeSeer system is turned off,", THEN turn a wemo switch off",Generic/Other,"If the WeMo Switch is already off, it will remain off."
tLENyeAi,WHEN within 15 minutes of the sunset in your location,", THEN turn a wemo switch on",Generic/Other,"If the WeMo Switch is already on, it will remain on."
tTWe2mHC,WHEN every time your IFTTT Tag on MESH app receives an input signal from the other Tag,", THEN turn a wemo insight switch on",Generic/Other,"If the WeMo Insight Switch is already on, it will remain on."
tWNBuzmy,WHEN only on specific days of the week at the time you provide,", THEN turn a wemo switch on",Generic/Other,"If the WeMo Switch is already on, it will remain on."
tZLaQVh9,WHEN your Blink camera detects motion,", THEN turn a wemo light switch on",Light,"If the WeMo Switch is already on, it will remain on."
tbE8rTjS,WHEN within 15 minutes of the sunrise in your location,", THEN turn on the selected light(s)",Light,"Optionally, a light mode or pre-defined color can be applied, as well as a level of dimming."
tdvyGswE,WHEN every time you say 'Alexa trigger' + the phrase that you have defined,", THEN turns off the selected wemo light",Light,If it is already off it stays off.
thsqQEbP,WHEN every time the home you specify is set to Away,", THEN turn a wemo switch off",Generic/Other,"If the WeMo Switch is already off, it will remain off."
tkWsMtx5,WHEN every time you enter an area you specify,", THEN turn a wemo switch on",Generic/Other,"If the WeMo Switch is already on, it will remain on."
tnRsLavJ,WHEN every time you exit an area you specify,", THEN turn a wemo switch off",Generic/Other,"If the WeMo Switch is already off, it will remain off."
tqXahU4Q,WHEN every time the temperature drops below a threshold you specify,", THEN turn on the selected light(s)",Light,"Optionally, a light mode or pre-defined color can be applied, as well as a level of dimming."
tqxQf4UY,WHEN every time you receive an SMS on your Android device that matches a search you specify,", THEN turn a wemo switch on",Generic/Other,"If the WeMo Switch is already on, it will remain on."
trXqZJSU,WHEN within 15 minutes of the sunset in your location,", THEN turns on the selected group of wemo lights",Light,If the group is already on it will remain on.
tteCW4cv,WHEN within 15 minutes of the sunset in your location,", THEN turn a wemo switch on",Generic/Other,"If the WeMo Switch is already on, it will remain on."
ttjYZ9sr,WHEN every time your D-Link camera detects a sound event,", THEN activate the scene that you choose",Light,You can choose from any Scene that is listed in your Nanoleaf Smarter Series App.
twr29YQ7,WHEN the device attached to your WeMo Insight Switch is turned on longer than the minutes you specify,", THEN turn a wemo switch off",Generic/Other,"If the WeMo Switch is already off, it will remain off."
tztSBapb,WHEN every time your WeMo light switches on,", THEN turns on the selected group of wemo lights",Light,If the group is already on it will remain on.
u2XcB3aG,WHEN every time you enter an area you specify,", THEN turn a wemo light switch on",Light,"If the WeMo Switch is already on, it will remain on."
u8xn5BzM,WHEN only on specific days of the week at the time you provide,", THEN turn a wemo switch off",Generic/Other,"If the WeMo Switch is already off, it will remain off."
uFRWgaM3,WHEN every time your WeMo Insight Switch is turned on,", THEN turn a wemo switch off",Generic/Other,"If the WeMo Switch is already off, it will remain off."
uHWZNiLb,WHEN every time your WeMo Light Switch is turned on or off with a long press over two seconds,", THEN turn a wemo light switch off",Light,"If the WeMo Switch is already off, it will remain off."
uJhXsnKf,WHEN every time your Fitbit logs new sleep,", THEN turn a wemo switch on",Generic/Other,"If the WeMo Switch is already on, it will remain on."
uJjfgXQP,WHEN only on specific days of the week at the time you provide,", THEN turn a wemo switch on",Generic/Other,"If the WeMo Switch is already on, it will remain on."
uJwpnekP,WHEN every time your Android device disconnects from a WiFi network you specify,", THEN set the current room temperature to a level of your choice",Thermostat/Heating,This temperature level can be adjusted manually or if Clock Mode is activated.
uKFzkhcV,WHEN within 15 minutes of the sunset in your location,", THEN turn a wemo switch on",Generic/Other,"If the WeMo Switch is already on, it will remain on."
uNbwSZJ8,WHEN every time you enter an area you specify,", THEN turn a wemo switch on",Generic/Other,"If the WeMo Switch is already on, it will remain on."
uP4wJkYg,WHEN every time you press the button,", THEN change operation settings for heat mode in your device",Thermostat/Heating,This action is for devices not set to work with compensation curve setting.
uRAbB5vU,WHEN only on specific days of the week at the time you provide,", THEN turn a wemo switch off",Generic/Other,"If the WeMo Switch is already off, it will remain off."
uUf5J9bz,WHEN a specified tag senses that its ambient temperature falls below an lower threshold configured at temperature options screen inside the WirelessTag app,", THEN set your honeywell thermostat to hold a temperature for a specified period of time",Thermostat/Heating,The schedule will resume when the time expires.
uW5he3Sj,WHEN every day after the markets close and a stock's price rises from the previous closing price by at least the percentage you specify,", THEN turn on the selected light(s)",Light,"Optionally, a light mode or pre-defined color can be applied, as well as a level of dimming."
uXpkN9gq,WHEN within 15 minutes of the sunset in your location,", THEN turn a wemo switch on",Generic/Other,"If the WeMo Switch is already on, it will remain on."
uYSifhPy,WHEN every time you click the selected Flic,", THEN turns off the selected group of wemo lights",Light,If the group is already off it will remain off.
uhkqupmw,WHEN within 15 minutes of the sunrise in your location,", THEN turns off the selected wemo light",Light,If it is already off it stays off.
ukvszbNV,WHEN within 15 minutes of the sunrise in your location,", THEN turn a wemo switch on",Generic/Other,"If the WeMo Switch is already on, it will remain on."
uqgmGP4F,WHEN every time you enter an area you specify,", THEN turn a wemo light switch on",Light,"If the WeMo Switch is already on, it will remain on."
usv8iXrc,WHEN every time your alarm goes off,", THEN turn on the selected light(s)",Light,"Optionally, a light mode or pre-defined color can be applied, as well as a level of dimming."
uu9ExgeV,WHEN a specified tag senses that its ambient temperature exceeds an upper threshold configured at temperature options screen inside the WirelessTag app,", THEN set your honeywell thermostat to hold a temperature for a specified period of time",Thermostat/Heating,The schedule will resume when the time expires.
uuLKZAvB,WHEN every single day at a specific time set by you,", THEN turn a wemo switch off",Generic/Other,"If the WeMo Switch is already off, it will remain off."
uyL28bna,WHEN every time a stream is going live for the specified Channel that you follow,", THEN activate the scene that you choose",Light,You can choose from any Scene that is listed in your Nanoleaf Smarter Series App.
uyUCahRG,WHEN within 15 minutes of the sunrise in your location,", THEN turn a wemo light switch off",Light,"If the WeMo Switch is already off, it will remain off."
v7FDYHqe,WHEN every time your WeMo Maker relay is turned on in toggle mode,", THEN turn your wemo maker on",Generic/Other,"If the WeMo Maker is already on, it will remain on."
v92ZNFcs,WHEN every single day at a specific time set by you,", THEN turn a wemo switch on",Generic/Other,"If the WeMo Switch is already on, it will remain on."
vAjFnspN,WHEN every time the specified lock is unlocked,", THEN turn a wemo switch on",Generic/Other,"If the WeMo Switch is already on, it will remain on."
vE9VHagh,WHEN every month on the day and time you specify,", THEN turn a wemo switch on",Generic/Other,"If the WeMo Switch is already on, it will remain on."
vG7thLSp,WHEN every time the temperature drops below a threshold you specify,", THEN turn on the pivot power genius outlet you specify",Generic/Other,"If the outlet is already on, it will remain on."
vLN5SHTe,WHEN within 15 minutes of the sunrise in your location,", THEN turns off the selected wemo light",Light,If it is already off it stays off.
vMrRbvZT,WHEN every time the temperature drops below a threshold you specify,", THEN turn a wemo switch off",Generic/Other,"If the WeMo Switch is already off, it will remain off."
vQ7EbLGw,WHEN every single day at a specific time set by you,", THEN turn a wemo switch on",Generic/Other,"If the WeMo Switch is already on, it will remain on."
vQkYegp6,WHEN you say “Ok Google” to the Google Assistant followed by a phrase you choose,", THEN turn a wemo light switch off",Light,"If the WeMo Switch is already off, it will remain off."
vS6ZRPpw,WHEN every time you exit an area you specify,", THEN turn a wemo switch off",Generic/Other,"If the WeMo Switch is already off, it will remain off."
vSJHUFRr,WHEN every time you exit an area you specify,", THEN turn a wemo light switch off",Light,"If the WeMo Switch is already off, it will remain off."
vUX9i8YJ,WHEN it's time for prayer,", THEN turn on the selected light(s)",Light,"Optionally, a light mode or pre-defined color can be applied, as well as a level of dimming."
vZ93bBN2,WHEN time-of-day peak rates start or end,", THEN turn a wemo switch on",Generic/Other,"If the WeMo Switch is already on, it will remain on."
vZK2Wmci,"WHEN a set number of minutes before the starting time of an event on your Calendar that contains a specific keyword or phrase in the event’s Title, Description, or Location",", THEN turn a wemo switch off",Generic/Other,"If the WeMo Switch is already off, it will remain off."
vcXve2zY,WHEN every time you say 'Alexa trigger' + the phrase that you have defined,", THEN close the garage door you specify",Generic/Other,"If the garage door is already closed, the door will remain closed. This Action will only work with 'garage mode'. Remote access must be enabled."
vcx3rjDM,WHEN every time the temperature drops below a value you specify,", THEN turn a wemo insight switch on",Generic/Other,"If the WeMo Insight Switch is already on, it will remain on."
vhYSw4Mj,WHEN you say “Ok Google” to the Google Assistant followed by a phrase you choose,", THEN activate the scene that you choose",Light,You can choose from any Scene that is listed in your Nanoleaf Smarter Series App.
vnwBTfD3,"WHEN a door opens, closes, or moves",", THEN turn a wemo switch on",Generic/Other,"If the WeMo Switch is already on, it will remain on."
vqTnWUrf,WHEN your Arlo device detects motion,", THEN turn a wemo switch on",Generic/Other,"If the WeMo Switch is already on, it will remain on."
vtNpMWqK,WHEN every time you receive an SMS on your Android device that matches a search you specify,", THEN set the thermostat into a hold using the settings from the specified comfort profile",Thermostat/Heating,This comfort profile hold will remain in effect until the next next comfort profile transition in the program.
w38WZVTp,WHEN every time a new item in the feed you specify contains a particular keyword or simple phrase,", THEN set the thermostat into a hold using the settings from the specified comfort profile",Thermostat/Heating,This comfort profile hold will remain in effect until the next next comfort profile transition in the program.
w85QrvDx,WHEN every time your timer goes off,", THEN turn a wemo maker off",Generic/Other,"If the WeMo Maker is already off, it will remain off."
w8GzFKtU,WHEN every single day at a specific time set by you,", THEN turn a wemo switch off",Generic/Other,"If the WeMo Switch is already off, it will remain off."
wAJ9BSLv,WHEN every time you say 'Alexa trigger' + the phrase that you have defined,", THEN open the garage door you specify",Generic/Other,"If the garage door is already opened, the door will remain opened. This Action will only work with 'garage mode'. Remote access must be enabled."
wBM9UW5Z,WHEN every time the temperature measured by your Spotter rises above the value you specify,", THEN turn on the pivot power genius outlet you specify",Generic/Other,"If the outlet is already on, it will remain on."
wG5zH2if,WHEN every time you enter an area you specify,", THEN set the thermostat into a hold using the settings from the specified comfort profile",Thermostat/Heating,This comfort profile hold will remain in effect until the next next comfort profile transition in the program.
wJ5sCkwV,WHEN within 15 minutes of the sunset in your location,", THEN turn a wemo light switch on",Light,"If the WeMo Switch is already on, it will remain on."
wJG7xztw,WHEN within 15 minutes of the sunset in your location,", THEN turn a wemo switch on",Generic/Other,"If the WeMo Switch is already on, it will remain on."
wK6BAF3s,WHEN every time your WeMo Light Switch is turned on,", THEN turn a wemo light switch off",Light,"If the WeMo Switch is already off, it will remain off."
wLT3pNqw,WHEN every time you press the button,", THEN activate the scene that you choose",Light,You can choose from any Scene that is listed in your Nanoleaf Smarter Series App.
wLzqNP2i,WHEN every single day at a specific time set by you,", THEN turn a wemo insight switch on",Generic/Other,"If the WeMo Insight Switch is already on, it will remain on."
wMyJnFdt,WHEN every single day at a specific time set by you,", THEN return control of your heating to tado⁠°, using your user-defined settings (e",Thermostat/Heating,g. location and Smart Schedule) to automatically determine the right room temperature.
wQu5Jvmd,WHEN every time you exit an area you specify,", THEN turn a wemo switch off",Generic/Other,"If the WeMo Switch is already off, it will remain off."
wS3UDLqG,WHEN within 15 minutes of the sunrise in your location,", THEN turn a wemo dimmer on",Generic/Other,"If the WeMo Dimmer is already on, it will remain on."
wSHkVuLM,WHEN a Wyze Cam detects motion,", THEN turn on the selected light(s)",Light,"Optionally, a light mode or pre-defined color can be applied, as well as a level of dimming."
wTZcYd3D,WHEN every time your WeMo Motion sensor detects new motion,", THEN turn a wemo switch on",Generic/Other,"If the WeMo Switch is already on, it will remain on."
wVp3jR6n,WHEN every time the Nest Protect you specify detects dangerous smoke levels,", THEN turns on the selected wemo light",Light,If it is already on it stays on.
wWvmUTVG,WHEN your Blink camera detects motion,", THEN turn a wemo switch on",Generic/Other,"If the WeMo Switch is already on, it will remain on."
wXqPjg8w,WHEN every single day at a specific time set by you,", THEN turn a wemo insight switch on",Generic/Other,"If the WeMo Insight Switch is already on, it will remain on."
wYig85ca,WHEN every time your Android device connects to a WiFi network you specify,", THEN turn on the selected light(s)",Light,"Optionally, a light mode or pre-defined color can be applied, as well as a level of dimming."
wa7LUnVt,WHEN every time a device connects to Google Wifi,", THEN turn a wemo insight switch on",Generic/Other,"If the WeMo Insight Switch is already on, it will remain on."
wbikvKdf,WHEN every single day at a specific time set by you,", THEN turn a wemo switch on",Generic/Other,"If the WeMo Switch is already on, it will remain on."
wjXurn7x,WHEN every time your WeMo Motion sensor detects new motion,", THEN turn a wemo switch off",Generic/Other,"If the WeMo Switch is already off, it will remain off."
wpQ3DbYe,WHEN every time your WeMo Switch is turned on,", THEN turn a wemo switch off",Generic/Other,"If the WeMo Switch is already off, it will remain off."
wsxHBRFA,WHEN every single day at a specific time set by you,", THEN close the garage door you specify",Generic/Other,"If the garage door is already closed, the door will remain closed. This Action will only work with 'garage mode'. Remote access must be enabled."
wuFHDqdy,WHEN every time your Android device is plugged in,", THEN turn a wemo switch off",Generic/Other,"If the WeMo Switch is already off, it will remain off."
wzLGDXwT,WHEN every time your WeMo Light Switch is turned off,", THEN turns off the selected wemo light",Light,If it is already off it stays off.
x2B4b7nC,WHEN within 15 minutes of the sunset in your location,", THEN turn a wemo switch on",Generic/Other,"If the WeMo Switch is already on, it will remain on."
x6QuC8pK,WHEN every time a new notification is received on your Android device from an app that you specify,", THEN turn a wemo switch off",Generic/Other,"If the WeMo Switch is already off, it will remain off."
x7LfEvN5,WHEN every time you click the selected Flic,", THEN turn on the selected light(s)",Light,"Optionally, a light mode or pre-defined color can be applied, as well as a level of dimming."
x8AGNKXF,WHEN every time your alarm goes off,", THEN turn a wemo insight switch on",Generic/Other,"If the WeMo Insight Switch is already on, it will remain on."
xDimAGBd,WHEN the alarm for a specific mode is triggered,", THEN turn a wemo switch on",Generic/Other,"If the WeMo Switch is already on, it will remain on."
xHjwE4xQ,WHEN every time the you ask Alexa what's on your Shopping List,", THEN turn a wemo switch off",Generic/Other,"If the WeMo Switch is already off, it will remain off."
xLqS3Ccz,WHEN you say “Ok Google” to the Google Assistant followed by a phrase you choose,", THEN turns on the selected wemo light",Light,If it is already on it stays on.
xNAXzUr4,WHEN every single day at a specific time set by you,", THEN turn a wemo switch off",Generic/Other,"If the WeMo Switch is already off, it will remain off."
xSW4ZN5f,WHEN every time you say 'Alexa trigger' + the phrase that you have defined,", THEN set your honeywell thermostat to hold a temperature for a specified period of time",Thermostat/Heating,The schedule will resume when the time expires.
xTXnpzwe,WHEN every single day at a specific time set by you,", THEN turn a wemo switch off",Generic/Other,"If the WeMo Switch is already off, it will remain off."
xUBb2J5h,WHEN every single day at a specific time set by you,", THEN return control of your heating to tado⁠°, using your user-defined settings (e",Thermostat/Heating,g. location and Smart Schedule) to automatically determine the right room temperature.
xWYvai67,WHEN a Motion Sensor detects motion,", THEN turn on the selected light(s)",Light,"Optionally, a light mode or pre-defined color can be applied, as well as a level of dimming."
xYAm9fxC,WHEN every single day at a specific time set by you,", THEN turn a wemo switch off",Generic/Other,"If the WeMo Switch is already off, it will remain off."
xZJ6pb34,WHEN you say “Ok Google” to the Google Assistant followed by a phrase you choose,", THEN turns off the selected wemo light",Light,If it is already off it stays off.
xZKT8tAc,WHEN every time your WeMo Light Switch is turned on or off with a long press over two seconds,", THEN turn a wemo light switch off",Light,"If the WeMo Switch is already off, it will remain off."
xhw2f5yi,WHEN within 15 minutes of the sunset in your location,", THEN turn a wemo switch on",Generic/Other,"If the WeMo Switch is already on, it will remain on."
xkUxT2u7,WHEN every single day at a specific time set by you,", THEN close the garage door you specify",Generic/Other,"If the garage door is already closed, the door will remain closed. This Action will only work with 'garage mode'. Remote access must be enabled."
xm83WEbN,WHEN you say “Ok Google” to the Google Assistant followed by a phrase like “Post a tweet saying ‘New high score,", THEN turn a wemo switch on",Generic/Other,"If the WeMo Switch is already on, it will remain on."
xnyStbu3,WHEN you say “Ok Google” to the Google Assistant followed by a phrase you choose,", THEN open the garage door you specify",Generic/Other,"If the garage door is already opened, the door will remain opened. This Action will only work with 'garage mode'. Remote access must be enabled."
xr5D7Bu3,WHEN the remaining life of any of your Filtrete Smart Air Filter drops below your chosen percentage,", THEN turn a wemo switch on",Generic/Other,"If the WeMo Switch is already on, it will remain on."
xrBJ8QhL,WHEN every time your IFTTT Tag on MESH app receives an input signal from the other Tag,", THEN turn a wemo switch off",Generic/Other,"If the WeMo Switch is already off, it will remain off."
xzYu3v6X,WHEN every time the home you specify is set to Home,", THEN turn a wemo switch on",Generic/Other,"If the WeMo Switch is already on, it will remain on."
y3JMDFuf,WHEN motion is detected on the selected camera,", THEN turns on the selected group of wemo lights",Light,If the group is already on it will remain on.
y3YQNUzC,WHEN every time you enter an area you specify,", THEN turn a wemo light switch on",Light,"If the WeMo Switch is already on, it will remain on."
y59Q2gvT,WHEN every time the home you specify is set to Home,", THEN turn a wemo insight switch on",Generic/Other,"If the WeMo Insight Switch is already on, it will remain on."
yC4g6UaL,WHEN every time you enter an area you specify,", THEN set the thermostat into a hold using the settings from the specified comfort profile",Thermostat/Heating,This comfort profile hold will remain in effect until the next next comfort profile transition in the program.
yJYXu3xq,"WHEN every time you check in on Foursquare or Swarm
with a single hashtag in the shout (e",", THEN turn a wemo light switch on",Light,"If the WeMo Switch is already on, it will remain on."
yLMV6Ahg,WHEN every time you press the button,", THEN set the current room temperature to a level of your choice",Thermostat/Heating,This temperature level can be adjusted manually or if Clock Mode is activated.
yMgtE7Nb,WHEN every time your ecobee thermostat senses that the indoor humidity is greater than a specific value you supply,", THEN turn a wemo switch off",Generic/Other,"If the WeMo Switch is already off, it will remain off."
yNnwaqtQ,WHEN a set number of minutes before the starting time of an event on your Google Calendar that contains a specific keyword or phrase,", THEN turn a wemo switch on",Generic/Other,"If the WeMo Switch is already on, it will remain on."
yVy6QNPj,WHEN your Arlo device detects motion,", THEN turn a wemo insight switch on",Generic/Other,"If the WeMo Insight Switch is already on, it will remain on."
yWeuYJ9k,WHEN every time you enter an area you specify,", THEN open the garage door you specify",Generic/Other,"If the garage door is already opened, the door will remain opened. This Action will only work with 'garage mode'. Remote access must be enabled."
yYkVxeUL,WHEN every time you exit an area you specify,", THEN turn a wemo switch off",Generic/Other,"If the WeMo Switch is already off, it will remain off."
yZXptYMQ,WHEN every time you enter an area you specify,", THEN turn on the selected light(s)",Light,"Optionally, a light mode or pre-defined color can be applied, as well as a level of dimming."
ycVHb28K,WHEN every single day at a specific time set by you,", THEN open the garage door you specify",Generic/Other,"If the garage door is already opened, the door will remain opened. This Action will only work with 'garage mode'. Remote access must be enabled."
ypQVqfaz,WHEN every time you say 'Alexa trigger' + the phrase that you have defined,", THEN turns off the selected wemo light",Light,If it is already off it stays off.
yrStJMR3,WHEN every time you say 'Alexa trigger' + the phrase that you have defined,", THEN turn a wemo switch off",Generic/Other,"If the WeMo Switch is already off, it will remain off."
yv5GHYa9,WHEN every time you press the button,", THEN enable/disable holiday mode on all your daikin ac units",Air/Climate,It will be executed within 1 minute.
ywRGjhBF,WHEN only on specific days of the week at the time you provide,", THEN turn a wemo switch off",Generic/Other,"If the WeMo Switch is already off, it will remain off."
yyHtEuAU,WHEN every time the Nest Protect you specify detects warning carbon monoxide levels,", THEN turn a wemo switch off",Generic/Other,"If the WeMo Switch is already off, it will remain off."
yzJ4Sune,WHEN every time you exit an area you specify,", THEN turn a wemo switch off",Generic/Other,"If the WeMo Switch is already off, it will remain off."
yzeJ6Sxi,WHEN every time the temperature drops below a threshold you specify,", THEN turn a wemo switch off",Generic/Other,"If the WeMo Switch is already off, it will remain off."
z34YPBdx,WHEN every time the Nest Protect you specify detects warning carbon monoxide levels,", THEN turn a wemo light switch on",Light,"If the WeMo Switch is already on, it will remain on."
z3gm4vDj,WHEN every single day at a specific time set by you,", THEN turn a wemo light switch on",Light,"If the WeMo Switch is already on, it will remain on."
z6RLwvPX,WHEN within 15 minutes of the sunset in your location,", THEN turn a wemo switch on",Generic/Other,"If the WeMo Switch is already on, it will remain on."
zHXuAkyg,WHEN every time the you ask Alexa what's on your To Do List,", THEN turns on the selected wemo light",Light,If it is already on it stays on.
zHkFE6pB,WHEN every time you press the button,", THEN enable/disable econo mode on your daikin ac unit",Air/Climate,"It will be executed within 1 minute and will only work in combination with the new R32 outdoor (RXM or MXM) units. If your unit does not support this function, then it will not show up in the device dropdown list."
zJbLntEq,WHEN every time your WeMo Switch is turned on,", THEN turn a wemo switch off",Generic/Other,"If the WeMo Switch is already off, it will remain off."
zLc8qBZC,WHEN within 15 minutes of the sunset in your location,", THEN turn a wemo switch on",Generic/Other,"If the WeMo Switch is already on, it will remain on."
zNZ4hdxg,WHEN within 15 minutes of the sunset in your location,", THEN turns on the selected wemo light",Light,If it is already on it stays on.
zNhaecH9,WHEN every time the Nest Protect you specify detects dangerous smoke levels,", THEN set the thermostat into a hold using the settings from the specified comfort profile",Thermostat/Heating,This comfort profile hold will remain in effect for the specified number of hours.
zPSEw6zV,WHEN within 15 minutes of the sunset in your location,", THEN turn a wemo switch on",Generic/Other,"If the WeMo Switch is already on, it will remain on."
zQUezgHX,WHEN you tap a gesture with a custom IFTTT task matching the ID of this trigger,", THEN turn a wemo light switch off",Light,"If the WeMo Switch is already off, it will remain off."
zQfRsG5r,WHEN ever time the gust speed rises above a value you specify,", THEN turn a wemo switch off",Generic/Other,"If the WeMo Switch is already off, it will remain off."
zSecRBa3,WHEN every time you delete an item on your To Do List,", THEN unpause your thermosmart, i",Generic/Other,e. set it to either a scheduled program or an exception if there is one for the current time.
zTGJewKz,WHEN every time your WeMo Light Switch is turned on,", THEN turns on the selected wemo light",Light,If it is already on it stays on.
zUY7Sqwd,WHEN a sensor has been activated,", THEN turn a wemo insight switch on",Generic/Other,"If the WeMo Insight Switch is already on, it will remain on."
zX8dhGVU,WHEN every single day at a specific time set by you,", THEN turn a wemo switch on",Generic/Other,"If the WeMo Switch is already on, it will remain on."
zZeTrjF6,WHEN every time you exit an area you specify,", THEN turn a wemo switch off",Generic/Other,"If the WeMo Switch is already off, it will remain off."
zbFTaVsK,WHEN every time your WeMo Insight Switch enters standby mode,", THEN turn a wemo switch off",Generic/Other,"If the WeMo Switch is already off, it will remain off."
zbPeUTrX,WHEN every time you enter an area you specify,", THEN set the thermostat into a hold using the settings from the specified comfort profile",Thermostat/Heating,This comfort profile hold will remain in effect until the next next comfort profile transition in the program.
zckZKh2X,WHEN every time a motion is detected at the given doorbell,", THEN turn a wemo light switch on",Light,"If the WeMo Switch is already on, it will remain on."
zf2pQhJB,WHEN every time you say 'Alexa trigger' + the phrase that you have defined,", THEN set the current room temperature to a level of your choice",Thermostat/Heating,This temperature level can be adjusted manually or if Clock Mode is activated.
zgkqTJX8,WHEN within 15 minutes of the sunset in your location,", THEN turn a wemo switch on",Generic/Other,"If the WeMo Switch is already on, it will remain on."
zipxzUY6,WHEN every time your Fitbit logs new sleep,", THEN set the thermostat into a hold using the settings from the specified comfort profile",Thermostat/Heating,This comfort profile hold will remain in effect until the next next comfort profile transition in the program.
zjrkCen8,WHEN every time your WeMo Light Switch is turned on,", THEN turn a wemo light switch off",Light,"If the WeMo Switch is already off, it will remain off."
zjzaYsqA,WHEN a set number of minutes before the starting time of an event on your Google Calendar that contains a specific keyword or phrase,", THEN turn a wemo switch off",Generic/Other,"If the WeMo Switch is already off, it will remain off."
zkcgtbrJ,WHEN every single day at a specific time set by you,", THEN turn a wemo switch on",Generic/Other,"If the WeMo Switch is already on, it will remain on."
zkqxeUvr,WHEN a set number of minutes before the starting time of an event on your Google Calendar that contains a specific keyword or phrase,", THEN set the thermostat into a hold using the settings from the specified comfort profile",Thermostat/Heating,This comfort profile hold will remain in effect until the next next comfort profile transition in the program.
zn4i97hD,WHEN every time you enter an area you specify,", THEN set the thermostat into a hold using the settings from the specified comfort profile",Thermostat/Heating,This comfort profile hold will remain in effect until the next next comfort profile transition in the program.
zsuxPCaK,WHEN every time the home you specify is set to Away,", THEN turn on the pivot power genius outlet you specify",Generic/Other,"If the outlet is already on, it will remain on."
zv9FLjun,WHEN your Arlo device detects motion,", THEN turn a wemo light switch on",Light,"If the WeMo Switch is already on, it will remain on."
zvn7Q2XF,WHEN only on specific days of the week at the time you provide,", THEN turn a wemo switch off",Generic/Other,"If the WeMo Switch is already off, it will remain off."
zwXpZSWj,WHEN within 15 minutes of the sunset in your location,", THEN turn a wemo light switch on",Light,"If the WeMo Switch is already on, it will remain on."
zwkY8ADP,WHEN every time your WeMo Switch is turned off,", THEN turn a wemo switch off",Generic/Other,"If the WeMo Switch is already off, it will remain off."
zxYKGEaH,WHEN a device attached to your HomeSeer system is turned on,", THEN turn a wemo switch on",Generic/Other,"If the WeMo Switch is already on, it will remain on."
zzaLiJDH,WHEN every time your WeMo Switch is turned on,", THEN turn a wemo switch off",Generic/Other,"If the WeMo Switch is already off, it will remain off."
